statement,canonical_line,basis,verbatim_caption,period_label,source_doc
balance_sheet,Accounts payable and accrued liabilities,company,Accounts payable and accrued liabilities,"As at Jul 28, 2025 (inception)",4064731
balance_sheet,Accounts payable and accrued liabilities,company,Accounts payable and accrued liabilities,"As at Sep 30, 2025",4064731
balance_sheet,Accounts payable and accrued liabilities,company,Accounts payable and accrued liabilities,FY2026,3409150
balance_sheet,Accounts payable and accrued liabilities,company,Accounts payable and accrued liabilities,FY2026,3693793
balance_sheet,Accounts payable and accrued liabilities,company,Accounts payable and accrued liabilities,"July 28, 2025",2794952
balance_sheet,Accounts payable and accrued liabilities,company,Accounts payable and accrued liabilities,"July 28, 2025",3409150
balance_sheet,Accounts payable and accrued liabilities,company,Accounts payable and accrued liabilities,Q1 FY2027,3693793
balance_sheet,Accounts payable and accrued liabilities,company,Accounts payable and accrued liabilities,Q3 FY2026,2794952
balance_sheet,Cash and cash equivalents,business_100,Cash and cash equivalents,"As at Dec 31, 2025",4064733
balance_sheet,Cash and cash equivalents,business_100,Cash and cash equivalents,"As at Jun 30, 2026",3693795
balance_sheet,Cash and cash equivalents,business_100,Cash and cash equivalents,"As at Mar 31, 2025",4064731
balance_sheet,Cash and cash equivalents,business_100,Cash and cash equivalents,"As at Mar 31, 2025",4064733
balance_sheet,Cash and cash equivalents,business_100,Cash and cash equivalents,"As at Mar 31, 2026",3693795
balance_sheet,Cash and cash equivalents,business_100,Cash and cash equivalents,"As at Sep 30, 2025",4064731
balance_sheet,Cash and cash equivalents,business_100,Cash and cash equivalents,FY2025,4064735
balance_sheet,Cash and cash equivalents,business_100,Cash and cash equivalents,FY2026,4064735
balance_sheet,Cash and cash equivalents,company,Cash and cash equivalents,"As at Jul 28, 2025 (inception)",4064731
balance_sheet,Cash and cash equivalents,company,Cash and cash equivalents,"As at Sep 30, 2025",4064731
balance_sheet,Cash and cash equivalents,company,Cash and cash equivalents,FY2026,3693793
balance_sheet,Cash and cash equivalents,company,Cash and cash equivalents,Q1 FY2027,3693793
balance_sheet,Current income taxes payable,company,Current income taxes payable,"July 28, 2025",2794952
balance_sheet,Current income taxes payable,company,Current income taxes payable,Q3 FY2026,2794952
balance_sheet,Current income taxes receivable,company,Current income taxes receivable,FY2026,3409150
balance_sheet,Current income taxes receivable,company,Current income taxes receivable,FY2026,3693793
balance_sheet,Current income taxes receivable,company,Current income taxes receivable,"July 28, 2025",3409150
balance_sheet,Current income taxes receivable,company,Current income taxes receivable,Q1 FY2027,3693793
balance_sheet,Decommissioning obligations,business_100,Decommissioning obligations,"As at Dec 31, 2025",4064733
balance_sheet,Decommissioning obligations,business_100,Decommissioning obligations,"As at Jun 30, 2026",3693795
balance_sheet,Decommissioning obligations,business_100,Decommissioning obligations,"As at Mar 31, 2025",4064731
balance_sheet,Decommissioning obligations,business_100,Decommissioning obligations,"As at Mar 31, 2025",4064733
balance_sheet,Decommissioning obligations,business_100,Decommissioning obligations,"As at Mar 31, 2026",3693795
balance_sheet,Decommissioning obligations,business_100,Decommissioning obligations,"As at Sep 30, 2025",4064731
balance_sheet,Decommissioning obligations,business_100,Decommissioning obligations,FY2025,4064735
balance_sheet,Decommissioning obligations,business_100,Decommissioning obligations,FY2026,4064735
balance_sheet,Deferred income taxes,business_100,Deferred income taxes,"As at Dec 31, 2025",4064733
balance_sheet,Deferred income taxes,business_100,Deferred income taxes,"As at Jun 30, 2026",3693795
balance_sheet,Deferred income taxes,business_100,Deferred income taxes,"As at Mar 31, 2025",4064731
balance_sheet,Deferred income taxes,business_100,Deferred income taxes,"As at Mar 31, 2025",4064733
balance_sheet,Deferred income taxes,business_100,Deferred income taxes,"As at Mar 31, 2026",3693795
balance_sheet,Deferred income taxes,business_100,Deferred income taxes,"As at Sep 30, 2025",4064731
balance_sheet,Deferred income taxes,business_100,Deferred income taxes,FY2025,4064735
balance_sheet,Deferred income taxes,business_100,Deferred income taxes,FY2026,4064735
balance_sheet,Deferred income taxes,company,Deferred income taxes,FY2026,3409150
balance_sheet,Deferred income taxes,company,Deferred income taxes,FY2026,3693793
balance_sheet,Deferred income taxes,company,Deferred income taxes,"July 28, 2025",2794952
balance_sheet,Deferred income taxes,company,Deferred income taxes,"July 28, 2025",3409150
balance_sheet,Deferred income taxes,company,Deferred income taxes,Q1 FY2027,3693793
balance_sheet,Deferred income taxes,company,Deferred income taxes,Q3 FY2026,2794952
balance_sheet,Deferred revenue,business_100,Deferred revenue,"As at Dec 31, 2025",4064733
balance_sheet,Deferred revenue,business_100,Deferred revenue,"As at Jun 30, 2026",3693795
balance_sheet,Deferred revenue,business_100,Deferred revenue,"As at Mar 31, 2025",4064731
balance_sheet,Deferred revenue,business_100,Deferred revenue,"As at Mar 31, 2025",4064733
balance_sheet,Deferred revenue,business_100,Deferred revenue,"As at Mar 31, 2026",3693795
balance_sheet,Deferred revenue,business_100,Deferred revenue,"As at Sep 30, 2025",4064731
balance_sheet,Deferred revenue,business_100,Deferred revenue,FY2025,4064735
balance_sheet,Deferred revenue,business_100,Deferred revenue,FY2026,4064735
balance_sheet,Due from affiliates,business_100,Due from affiliates,"As at Dec 31, 2025",4064733
balance_sheet,Due from affiliates,business_100,Due from affiliates,"As at Mar 31, 2025",4064731
balance_sheet,Due from affiliates,business_100,Due from affiliates,"As at Mar 31, 2025",4064733
balance_sheet,Due from affiliates,business_100,Due from affiliates,"As at Sep 30, 2025",4064731
balance_sheet,Due from affiliates,business_100,Due from affiliates,FY2025,4064735
balance_sheet,Due from affiliates,business_100,Due from affiliates,FY2026,4064735
balance_sheet,Equity,company,Equity,FY2026,3409150
balance_sheet,Equity,company,Equity,FY2026,3693793
balance_sheet,Equity,company,Equity,"July 28, 2025",2794952
balance_sheet,Equity,company,Equity,"July 28, 2025",3409150
balance_sheet,Equity,company,Equity,Q1 FY2027,3693793
balance_sheet,Equity,company,Equity,Q3 FY2026,2794952
balance_sheet,Equity accounted investments,company,Equity accounted investments,"As at Jul 28, 2025 (inception)",4064731
balance_sheet,Equity accounted investments,company,Equity accounted investments,"As at Sep 30, 2025",4064731
balance_sheet,Equity accounted investments,company,Equity accounted investments,FY2026,3409150
balance_sheet,Equity accounted investments,company,Equity accounted investments,FY2026,3693793
balance_sheet,Equity accounted investments,company,Equity accounted investments,"July 28, 2025",2794952
balance_sheet,Equity accounted investments,company,Equity accounted investments,"July 28, 2025",3409150
balance_sheet,Equity accounted investments,company,Equity accounted investments,Q1 FY2027,3693793
balance_sheet,Equity accounted investments,company,Equity accounted investments,Q3 FY2026,2794952
balance_sheet,Goodwill,business_100,Goodwill,"As at Dec 31, 2025",4064733
balance_sheet,Goodwill,business_100,Goodwill,"As at Jun 30, 2026",3693795
balance_sheet,Goodwill,business_100,Goodwill,"As at Mar 31, 2025",4064731
balance_sheet,Goodwill,business_100,Goodwill,"As at Mar 31, 2025",4064733
balance_sheet,Goodwill,business_100,Goodwill,"As at Mar 31, 2026",3693795
balance_sheet,Goodwill,business_100,Goodwill,"As at Sep 30, 2025",4064731
balance_sheet,Goodwill,business_100,Goodwill,FY2025,4064735
balance_sheet,Goodwill,business_100,Goodwill,FY2026,4064735
balance_sheet,Long-term debt,business_100,Long-term debt,"As at Dec 31, 2025",4064733
balance_sheet,Long-term debt,business_100,Long-term debt,"As at Jun 30, 2026",3693795
balance_sheet,Long-term debt,business_100,Long-term debt,"As at Mar 31, 2025",4064731
balance_sheet,Long-term debt,business_100,Long-term debt,"As at Mar 31, 2025",4064733
balance_sheet,Long-term debt,business_100,Long-term debt,"As at Mar 31, 2026",3693795
balance_sheet,Long-term debt,business_100,Long-term debt,"As at Sep 30, 2025",4064731
balance_sheet,Long-term debt,business_100,Long-term debt,FY2025,4064735
balance_sheet,Long-term debt,business_100,Long-term debt,FY2026,4064735
balance_sheet,Long-term gas storage obligations,business_100,Gas storage obligations,"As at Mar 31, 2025",4064731
balance_sheet,Long-term gas storage obligations,business_100,Gas storage obligations,"As at Sep 30, 2025",4064731
balance_sheet,Long-term gas storage obligations,business_100,Long-term gas storage obligations,"As at Dec 31, 2025",4064733
balance_sheet,Long-term gas storage obligations,business_100,Long-term gas storage obligations,"As at Jun 30, 2026",3693795
balance_sheet,Long-term gas storage obligations,business_100,Long-term gas storage obligations,"As at Mar 31, 2025",4064733
balance_sheet,Long-term gas storage obligations,business_100,Long-term gas storage obligations,"As at Mar 31, 2026",3693795
balance_sheet,Long-term gas storage obligations,business_100,Long-term gas storage obligations,FY2025,4064735
balance_sheet,Long-term gas storage obligations,business_100,Long-term gas storage obligations,FY2026,4064735
balance_sheet,Long-term lease liabilities,business_100,Long-term lease liabilities,"As at Dec 31, 2025",4064733
balance_sheet,Long-term lease liabilities,business_100,Long-term lease liabilities,"As at Jun 30, 2026",3693795
balance_sheet,Long-term lease liabilities,business_100,Long-term lease liabilities,"As at Mar 31, 2025",4064731
balance_sheet,Long-term lease liabilities,business_100,Long-term lease liabilities,"As at Mar 31, 2025",4064733
balance_sheet,Long-term lease liabilities,business_100,Long-term lease liabilities,"As at Mar 31, 2026",3693795
balance_sheet,Long-term lease liabilities,business_100,Long-term lease liabilities,"As at Sep 30, 2025",4064731
balance_sheet,Long-term lease liabilities,business_100,Long-term lease liabilities,FY2025,4064735
balance_sheet,Long-term lease liabilities,business_100,Long-term lease liabilities,FY2026,4064735
balance_sheet,Long-term risk management assets,business_100,Long-term risk management assets,"As at Dec 31, 2025",4064733
balance_sheet,Long-term risk management assets,business_100,Long-term risk management assets,"As at Jun 30, 2026",3693795
balance_sheet,Long-term risk management assets,business_100,Long-term risk management assets,"As at Mar 31, 2025",4064731
balance_sheet,Long-term risk management assets,business_100,Long-term risk management assets,"As at Mar 31, 2025",4064733
balance_sheet,Long-term risk management assets,business_100,Long-term risk management assets,"As at Mar 31, 2026",3693795
balance_sheet,Long-term risk management assets,business_100,Long-term risk management assets,"As at Sep 30, 2025",4064731
balance_sheet,Long-term risk management assets,business_100,Long-term risk management assets,FY2025,4064735
balance_sheet,Long-term risk management assets,business_100,Long-term risk management assets,FY2026,4064735
balance_sheet,Long-term risk management liabilities,business_100,Long-term risk management liabilities,"As at Dec 31, 2025",4064733
balance_sheet,Long-term risk management liabilities,business_100,Long-term risk management liabilities,"As at Jun 30, 2026",3693795
balance_sheet,Long-term risk management liabilities,business_100,Long-term risk management liabilities,"As at Mar 31, 2025",4064731
balance_sheet,Long-term risk management liabilities,business_100,Long-term risk management liabilities,"As at Mar 31, 2025",4064733
balance_sheet,Long-term risk management liabilities,business_100,Long-term risk management liabilities,"As at Mar 31, 2026",3693795
balance_sheet,Long-term risk management liabilities,business_100,Long-term risk management liabilities,"As at Sep 30, 2025",4064731
balance_sheet,Long-term risk management liabilities,business_100,Long-term risk management liabilities,FY2025,4064735
balance_sheet,Long-term risk management liabilities,business_100,Long-term risk management liabilities,FY2026,4064735
balance_sheet,Margin deposits (asset),business_100,Margin deposits,"As at Dec 31, 2025",4064733
balance_sheet,Margin deposits (asset),business_100,Margin deposits,"As at Jun 30, 2026",3693795
balance_sheet,Margin deposits (asset),business_100,Margin deposits,"As at Mar 31, 2025",4064731
balance_sheet,Margin deposits (asset),business_100,Margin deposits,"As at Mar 31, 2025",4064733
balance_sheet,Margin deposits (asset),business_100,Margin deposits,"As at Mar 31, 2026",3693795
balance_sheet,Margin deposits (asset),business_100,Margin deposits,"As at Sep 30, 2025",4064731
balance_sheet,Margin deposits (asset),business_100,Margin deposits,FY2025,4064735
balance_sheet,Margin deposits (asset),business_100,Margin deposits,FY2026,4064735
balance_sheet,Margin deposits (liability),business_100,Margin deposits,"As at Dec 31, 2025",4064733
balance_sheet,Margin deposits (liability),business_100,Margin deposits,"As at Mar 31, 2025",4064731
balance_sheet,Margin deposits (liability),business_100,Margin deposits,"As at Mar 31, 2025",4064733
balance_sheet,Margin deposits (liability),business_100,Margin deposits,"As at Sep 30, 2025",4064731
balance_sheet,Margin deposits (liability),business_100,Margin deposits,FY2025,4064735
balance_sheet,Margin deposits (liability),business_100,Margin deposits,FY2026,4064735
balance_sheet,Natural gas inventory,business_100,Natural gas inventory,"As at Dec 31, 2025",4064733
balance_sheet,Natural gas inventory,business_100,Natural gas inventory,"As at Jun 30, 2026",3693795
balance_sheet,Natural gas inventory,business_100,Natural gas inventory,"As at Mar 31, 2025",4064731
balance_sheet,Natural gas inventory,business_100,Natural gas inventory,"As at Mar 31, 2025",4064733
balance_sheet,Natural gas inventory,business_100,Natural gas inventory,"As at Mar 31, 2026",3693795
balance_sheet,Natural gas inventory,business_100,Natural gas inventory,"As at Sep 30, 2025",4064731
balance_sheet,Natural gas inventory,business_100,Natural gas inventory,FY2025,4064735
balance_sheet,Natural gas inventory,business_100,Natural gas inventory,FY2026,4064735
balance_sheet,Note payable to related party,company,Note payable to related party,"July 28, 2025",2794952
balance_sheet,Note payable to related party,company,Note payable to related party,Q3 FY2026,2794952
balance_sheet,Other assets,business_100,Other assets,"As at Dec 31, 2025",4064733
balance_sheet,Other assets,business_100,Other assets,"As at Jun 30, 2026",3693795
balance_sheet,Other assets,business_100,Other assets,"As at Mar 31, 2025",4064731
balance_sheet,Other assets,business_100,Other assets,"As at Mar 31, 2025",4064733
balance_sheet,Other assets,business_100,Other assets,"As at Mar 31, 2026",3693795
balance_sheet,Other assets,business_100,Other assets,"As at Sep 30, 2025",4064731
balance_sheet,Other assets,business_100,Other assets,FY2025,4064735
balance_sheet,Other assets,business_100,Other assets,FY2026,4064735
balance_sheet,Other long-term liabilities,business_100,Other long-term liabilities,"As at Dec 31, 2025",4064733
balance_sheet,Other long-term liabilities,business_100,Other long-term liabilities,"As at Jun 30, 2026",3693795
balance_sheet,Other long-term liabilities,business_100,Other long-term liabilities,"As at Mar 31, 2025",4064731
balance_sheet,Other long-term liabilities,business_100,Other long-term liabilities,"As at Mar 31, 2025",4064733
balance_sheet,Other long-term liabilities,business_100,Other long-term liabilities,"As at Mar 31, 2026",3693795
balance_sheet,Other long-term liabilities,business_100,Other long-term liabilities,"As at Sep 30, 2025",4064731
balance_sheet,Other long-term liabilities,business_100,Other long-term liabilities,FY2025,4064735
balance_sheet,Other long-term liabilities,business_100,Other long-term liabilities,FY2026,4064735
balance_sheet,Owners' equity (deficiency),business_100,Equity,"As at Mar 31, 2025",4064731
balance_sheet,Owners' equity (deficiency),business_100,Equity,"As at Sep 30, 2025",4064731
balance_sheet,Owners' equity (deficiency),business_100,Owners' Equity,"As at Dec 31, 2025",4064733
balance_sheet,Owners' equity (deficiency),business_100,Owners' Equity,"As at Jun 30, 2026",3693795
balance_sheet,Owners' equity (deficiency),business_100,Owners' Equity,"As at Mar 31, 2025",4064733
balance_sheet,Owners' equity (deficiency),business_100,Owners' Equity,"As at Mar 31, 2026",3693795
balance_sheet,Owners' equity (deficiency),business_100,Owners' Equity,FY2025,4064735
balance_sheet,Owners' equity (deficiency),business_100,Owners' Equity,FY2026,4064735
balance_sheet,Prepaid expenses and other current assets,business_100,Prepaid expenses and other current assets,"As at Dec 31, 2025",4064733
balance_sheet,Prepaid expenses and other current assets,business_100,Prepaid expenses and other current assets,"As at Jun 30, 2026",3693795
balance_sheet,Prepaid expenses and other current assets,business_100,Prepaid expenses and other current assets,"As at Mar 31, 2025",4064731
balance_sheet,Prepaid expenses and other current assets,business_100,Prepaid expenses and other current assets,"As at Mar 31, 2025",4064733
balance_sheet,Prepaid expenses and other current assets,business_100,Prepaid expenses and other current assets,"As at Mar 31, 2026",3693795
balance_sheet,Prepaid expenses and other current assets,business_100,Prepaid expenses and other current assets,"As at Sep 30, 2025",4064731
balance_sheet,Prepaid expenses and other current assets,business_100,Prepaid expenses and other current assets,FY2025,4064735
balance_sheet,Prepaid expenses and other current assets,business_100,Prepaid expenses and other current assets,FY2026,4064735
balance_sheet,Prepaid expenses and other current assets,company,Prepaid expenses and other current assets,FY2026,3409150
balance_sheet,Prepaid expenses and other current assets,company,Prepaid expenses and other current assets,FY2026,3693793
balance_sheet,Prepaid expenses and other current assets,company,Prepaid expenses and other current assets,"July 28, 2025",3409150
balance_sheet,Prepaid expenses and other current assets,company,Prepaid expenses and other current assets,Q1 FY2027,3693793
balance_sheet,"Property, plant and equipment, net",business_100,"Property, plant and equipment, net","As at Dec 31, 2025",4064733
balance_sheet,"Property, plant and equipment, net",business_100,"Property, plant and equipment, net","As at Jun 30, 2026",3693795
balance_sheet,"Property, plant and equipment, net",business_100,"Property, plant and equipment, net","As at Mar 31, 2025",4064731
balance_sheet,"Property, plant and equipment, net",business_100,"Property, plant and equipment, net","As at Mar 31, 2025",4064733
balance_sheet,"Property, plant and equipment, net",business_100,"Property, plant and equipment, net","As at Mar 31, 2026",3693795
balance_sheet,"Property, plant and equipment, net",business_100,"Property, plant and equipment, net","As at Sep 30, 2025",4064731
balance_sheet,"Property, plant and equipment, net",business_100,"Property, plant and equipment, net",FY2025,4064735
balance_sheet,"Property, plant and equipment, net",business_100,"Property, plant and equipment, net",FY2026,4064735
balance_sheet,Related party payables,company,Related party payables,FY2026,3409150
balance_sheet,Related party payables,company,Related party payables,FY2026,3693793
balance_sheet,Related party payables,company,Related party payables,"July 28, 2025",2794952
balance_sheet,Related party payables,company,Related party payables,"July 28, 2025",3409150
balance_sheet,Related party payables,company,Related party payables,Q1 FY2027,3693793
balance_sheet,Related party payables,company,Related party payables,Q3 FY2026,2794952
balance_sheet,Restricted cash,company,Restricted cash,FY2026,3409150
balance_sheet,Restricted cash,company,Restricted cash,FY2026,3693793
balance_sheet,Restricted cash,company,Restricted cash,"July 28, 2025",2794952
balance_sheet,Restricted cash,company,Restricted cash,"July 28, 2025",3409150
balance_sheet,Restricted cash,company,Restricted cash,Q1 FY2027,3693793
balance_sheet,Restricted cash,company,Restricted cash,Q3 FY2026,2794952
balance_sheet,Retained earnings,company,Retained earnings,"As at Jul 28, 2025 (inception)",4064731
balance_sheet,Retained earnings,company,Retained earnings,"As at Sep 30, 2025",4064731
balance_sheet,Share capital,company,Share capital,"As at Jul 28, 2025 (inception)",4064731
balance_sheet,Share capital,company,Share capital,"As at Sep 30, 2025",4064731
balance_sheet,Short-term debt,business_100,Short-term debt,"As at Dec 31, 2025",4064733
balance_sheet,Short-term debt,business_100,Short-term debt,"As at Jun 30, 2026",3693795
balance_sheet,Short-term debt,business_100,Short-term debt,"As at Mar 31, 2025",4064731
balance_sheet,Short-term debt,business_100,Short-term debt,"As at Mar 31, 2025",4064733
balance_sheet,Short-term debt,business_100,Short-term debt,"As at Mar 31, 2026",3693795
balance_sheet,Short-term debt,business_100,Short-term debt,"As at Sep 30, 2025",4064731
balance_sheet,Short-term debt,business_100,Short-term debt,FY2025,4064735
balance_sheet,Short-term debt,business_100,Short-term debt,FY2026,4064735
balance_sheet,Short-term gas storage obligations,business_100,Short-term gas storage obligations,"As at Dec 31, 2025",4064733
balance_sheet,Short-term gas storage obligations,business_100,Short-term gas storage obligations,"As at Jun 30, 2026",3693795
balance_sheet,Short-term gas storage obligations,business_100,Short-term gas storage obligations,"As at Mar 31, 2025",4064733
balance_sheet,Short-term gas storage obligations,business_100,Short-term gas storage obligations,"As at Mar 31, 2026",3693795
balance_sheet,Short-term gas storage obligations,business_100,Short-term gas storage obligations,FY2025,4064735
balance_sheet,Short-term gas storage obligations,business_100,Short-term gas storage obligations,FY2026,4064735
balance_sheet,Short-term lease liabilities,business_100,Short-term lease liabilities,"As at Dec 31, 2025",4064733
balance_sheet,Short-term lease liabilities,business_100,Short-term lease liabilities,"As at Jun 30, 2026",3693795
balance_sheet,Short-term lease liabilities,business_100,Short-term lease liabilities,"As at Mar 31, 2025",4064731
balance_sheet,Short-term lease liabilities,business_100,Short-term lease liabilities,"As at Mar 31, 2025",4064733
balance_sheet,Short-term lease liabilities,business_100,Short-term lease liabilities,"As at Mar 31, 2026",3693795
balance_sheet,Short-term lease liabilities,business_100,Short-term lease liabilities,"As at Sep 30, 2025",4064731
balance_sheet,Short-term lease liabilities,business_100,Short-term lease liabilities,FY2025,4064735
balance_sheet,Short-term lease liabilities,business_100,Short-term lease liabilities,FY2026,4064735
balance_sheet,Short-term risk management assets,business_100,Short-term risk management assets,"As at Dec 31, 2025",4064733
balance_sheet,Short-term risk management assets,business_100,Short-term risk management assets,"As at Jun 30, 2026",3693795
balance_sheet,Short-term risk management assets,business_100,Short-term risk management assets,"As at Mar 31, 2025",4064731
balance_sheet,Short-term risk management assets,business_100,Short-term risk management assets,"As at Mar 31, 2025",4064733
balance_sheet,Short-term risk management assets,business_100,Short-term risk management assets,"As at Mar 31, 2026",3693795
balance_sheet,Short-term risk management assets,business_100,Short-term risk management assets,"As at Sep 30, 2025",4064731
balance_sheet,Short-term risk management assets,business_100,Short-term risk management assets,FY2025,4064735
balance_sheet,Short-term risk management assets,business_100,Short-term risk management assets,FY2026,4064735
balance_sheet,Short-term risk management liabilities,business_100,Short-term risk management liabilities,"As at Dec 31, 2025",4064733
balance_sheet,Short-term risk management liabilities,business_100,Short-term risk management liabilities,"As at Jun 30, 2026",3693795
balance_sheet,Short-term risk management liabilities,business_100,Short-term risk management liabilities,"As at Mar 31, 2025",4064731
balance_sheet,Short-term risk management liabilities,business_100,Short-term risk management liabilities,"As at Mar 31, 2025",4064733
balance_sheet,Short-term risk management liabilities,business_100,Short-term risk management liabilities,"As at Mar 31, 2026",3693795
balance_sheet,Short-term risk management liabilities,business_100,Short-term risk management liabilities,"As at Sep 30, 2025",4064731
balance_sheet,Short-term risk management liabilities,business_100,Short-term risk management liabilities,FY2025,4064735
balance_sheet,Short-term risk management liabilities,business_100,Short-term risk management liabilities,FY2026,4064735
balance_sheet,TOTAL,company,TOTAL,FY2026,3409150
balance_sheet,TOTAL,company,TOTAL,FY2026,3693793
balance_sheet,TOTAL,company,TOTAL,"July 28, 2025",2794952
balance_sheet,TOTAL,company,TOTAL,"July 28, 2025",3409150
balance_sheet,TOTAL,company,TOTAL,Q1 FY2027,3693793
balance_sheet,TOTAL,company,TOTAL,Q3 FY2026,2794952
balance_sheet,Total assets,business_100,TOTAL,"As at Dec 31, 2025",4064733
balance_sheet,Total assets,business_100,TOTAL,"As at Jun 30, 2026",3693795
balance_sheet,Total assets,business_100,TOTAL,"As at Mar 31, 2025",4064733
balance_sheet,Total assets,business_100,TOTAL,"As at Mar 31, 2026",3693795
balance_sheet,Total current assets,business_100,(unlabelled subtotal),"As at Dec 31, 2025",4064733
balance_sheet,Total current assets,business_100,(unlabelled subtotal),"As at Jun 30, 2026",3693795
balance_sheet,Total current assets,business_100,(unlabelled subtotal),"As at Mar 31, 2025",4064731
balance_sheet,Total current assets,business_100,(unlabelled subtotal),"As at Mar 31, 2025",4064733
balance_sheet,Total current assets,business_100,(unlabelled subtotal),"As at Mar 31, 2026",3693795
balance_sheet,Total current assets,business_100,(unlabelled subtotal),"As at Sep 30, 2025",4064731
balance_sheet,Total current assets,business_100,[unlabelled subtotal row],FY2025,4064735
balance_sheet,Total current assets,business_100,[unlabelled subtotal row],FY2026,4064735
balance_sheet,Total current liabilities,business_100,(unlabelled subtotal),"As at Dec 31, 2025",4064733
balance_sheet,Total current liabilities,business_100,(unlabelled subtotal),"As at Jun 30, 2026",3693795
balance_sheet,Total current liabilities,business_100,(unlabelled subtotal),"As at Mar 31, 2025",4064731
balance_sheet,Total current liabilities,business_100,(unlabelled subtotal),"As at Mar 31, 2025",4064733
balance_sheet,Total current liabilities,business_100,(unlabelled subtotal),"As at Mar 31, 2026",3693795
balance_sheet,Total current liabilities,business_100,(unlabelled subtotal),"As at Sep 30, 2025",4064731
balance_sheet,Total liabilities and owners' equity,business_100,TOTAL,"As at Dec 31, 2025",4064733
balance_sheet,Total liabilities and owners' equity,business_100,TOTAL,"As at Jun 30, 2026",3693795
balance_sheet,Total liabilities and owners' equity,business_100,TOTAL,"As at Mar 31, 2025",4064731
balance_sheet,Total liabilities and owners' equity,business_100,TOTAL,"As at Mar 31, 2025",4064733
balance_sheet,Total liabilities and owners' equity,business_100,TOTAL,"As at Mar 31, 2026",3693795
balance_sheet,Total liabilities and owners' equity,business_100,TOTAL,"As at Sep 30, 2025",4064731
balance_sheet,Total liabilities and owners' equity,business_100,TOTAL,FY2025,4064735
balance_sheet,Total liabilities and owners' equity,business_100,TOTAL,FY2026,4064735
balance_sheet,Total liabilities and owners' equity,company,TOTAL,"As at Jul 28, 2025 (inception)",4064731
balance_sheet,Total liabilities and owners' equity,company,TOTAL,"As at Sep 30, 2025",4064731
balance_sheet,Total long-term assets,business_100,(unlabelled subtotal),"As at Dec 31, 2025",4064733
balance_sheet,Total long-term assets,business_100,(unlabelled subtotal),"As at Jun 30, 2026",3693795
balance_sheet,Total long-term assets,business_100,(unlabelled subtotal),"As at Mar 31, 2025",4064731
balance_sheet,Total long-term assets,business_100,(unlabelled subtotal),"As at Mar 31, 2025",4064733
balance_sheet,Total long-term assets,business_100,(unlabelled subtotal),"As at Mar 31, 2026",3693795
balance_sheet,Total long-term assets,business_100,(unlabelled subtotal),"As at Sep 30, 2025",4064731
balance_sheet,Total long-term assets,business_100,[unlabelled subtotal row],FY2025,4064735
balance_sheet,Total long-term assets,business_100,[unlabelled subtotal row],FY2026,4064735
balance_sheet,Total long-term liabilities,business_100,(unlabelled subtotal),"As at Dec 31, 2025",4064733
balance_sheet,Total long-term liabilities,business_100,(unlabelled subtotal),"As at Jun 30, 2026",3693795
balance_sheet,Total long-term liabilities,business_100,(unlabelled subtotal),"As at Mar 31, 2025",4064731
balance_sheet,Total long-term liabilities,business_100,(unlabelled subtotal),"As at Mar 31, 2025",4064733
balance_sheet,Total long-term liabilities,business_100,(unlabelled subtotal),"As at Mar 31, 2026",3693795
balance_sheet,Total long-term liabilities,business_100,(unlabelled subtotal),"As at Sep 30, 2025",4064731
balance_sheet,Total long-term liabilities,business_100,[unlabelled subtotal row],FY2025,4064735
balance_sheet,Total long-term liabilities,business_100,[unlabelled subtotal row],FY2026,4064735
balance_sheet,Trade and accrued receivables,business_100,Trade and accrued receivables,"As at Dec 31, 2025",4064733
balance_sheet,Trade and accrued receivables,business_100,Trade and accrued receivables,"As at Jun 30, 2026",3693795
balance_sheet,Trade and accrued receivables,business_100,Trade and accrued receivables,"As at Mar 31, 2025",4064731
balance_sheet,Trade and accrued receivables,business_100,Trade and accrued receivables,"As at Mar 31, 2025",4064733
balance_sheet,Trade and accrued receivables,business_100,Trade and accrued receivables,"As at Mar 31, 2026",3693795
balance_sheet,Trade and accrued receivables,business_100,Trade and accrued receivables,"As at Sep 30, 2025",4064731
balance_sheet,Trade and accrued receivables,business_100,Trade and accrued receivables,FY2025,4064735
balance_sheet,Trade and accrued receivables,business_100,Trade and accrued receivables,FY2026,4064735
balance_sheet,Trade payables and accrued liabilities,business_100,Trade payables and accrued liabilities,"As at Dec 31, 2025",4064733
balance_sheet,Trade payables and accrued liabilities,business_100,Trade payables and accrued liabilities,"As at Jun 30, 2026",3693795
balance_sheet,Trade payables and accrued liabilities,business_100,Trade payables and accrued liabilities,"As at Mar 31, 2025",4064731
balance_sheet,Trade payables and accrued liabilities,business_100,Trade payables and accrued liabilities,"As at Mar 31, 2025",4064733
balance_sheet,Trade payables and accrued liabilities,business_100,Trade payables and accrued liabilities,"As at Mar 31, 2026",3693795
balance_sheet,Trade payables and accrued liabilities,business_100,Trade payables and accrued liabilities,"As at Sep 30, 2025",4064731
balance_sheet,Trade payables and accrued liabilities,business_100,Trade payables and accrued liabilities,FY2025,4064735
balance_sheet,Trade payables and accrued liabilities,business_100,Trade payables and accrued liabilities,FY2026,4064735
balance_sheet,[no caption printed],company,[no caption printed],FY2026,3409150
balance_sheet,[no caption printed],company,[no caption printed],FY2026,3693793
balance_sheet,[no caption printed],company,[no caption printed],"July 28, 2025",2794952
balance_sheet,[no caption printed],company,[no caption printed],"July 28, 2025",3409150
balance_sheet,[no caption printed],company,[no caption printed],Q1 FY2027,3693793
balance_sheet,[no caption printed],company,[no caption printed],Q3 FY2026,2794952
cash_flow,Accounts payable and accrued liabilities,company,Accounts payable and accrued liabilities,"July 28 to December 31, 2025",2794952
cash_flow,Accounts payable and accrued liabilities,company,Accounts payable and accrued liabilities,"July 28, 2025 to March 31, 2026",3409150
cash_flow,Accounts payable and accrued liabilities,company,Accounts payable and accrued liabilities,Q1 FY2027,3693793
cash_flow,Accounts payable and accrued liabilities,company,Accounts payable and accrued liabilities,Q3 FY2026,2794952
cash_flow,Advances from related party,company,Advances from related party,Q1 FY2027,3693793
cash_flow,Amortization of deferred financing costs,business_100,Amortization of deferred financing costs,9M FY2025,4064733
cash_flow,Amortization of deferred financing costs,business_100,Amortization of deferred financing costs,9M FY2026,4064733
cash_flow,Amortization of deferred financing costs,business_100,Amortization of deferred financing costs,FY2025,4064735
cash_flow,Amortization of deferred financing costs,business_100,Amortization of deferred financing costs,FY2025,4064736
cash_flow,Amortization of deferred financing costs,business_100,Amortization of deferred financing costs,FY2026,4064735
cash_flow,Amortization of deferred financing costs,business_100,Amortization of deferred financing costs,FY2026,4064736
cash_flow,Amortization of deferred financing costs,business_100,Amortization of deferred financing costs,Q1 FY2026,3693795
cash_flow,Amortization of deferred financing costs,business_100,Amortization of deferred financing costs,Q1 FY2027,3693795
cash_flow,Amortization of deferred financing costs,business_100,Amortization of deferred financing costs,Q3 FY2025,4064733
cash_flow,Amortization of deferred financing costs,business_100,Amortization of deferred financing costs,Q3 FY2026,4064733
cash_flow,Capital contributions,business_100,Capital contributions,FY2025,4064735
cash_flow,Capital contributions,business_100,Capital contributions,FY2026,4064735
cash_flow,"Cash and cash equivalents, beginning of the period",business_100,"Cash and cash equivalents, beginning of the period",6M FY2025,4064731
cash_flow,"Cash and cash equivalents, beginning of the period",business_100,"Cash and cash equivalents, beginning of the period",6M FY2026,4064731
cash_flow,"Cash and cash equivalents, beginning of the period",business_100,"Cash and cash equivalents, beginning of the period",9M FY2025,4064733
cash_flow,"Cash and cash equivalents, beginning of the period",business_100,"Cash and cash equivalents, beginning of the period",9M FY2026,4064733
cash_flow,"Cash and cash equivalents, beginning of the period",business_100,"Cash and cash equivalents, beginning of the period",Q1 FY2026,3693795
cash_flow,"Cash and cash equivalents, beginning of the period",business_100,"Cash and cash equivalents, beginning of the period",Q1 FY2027,3693795
cash_flow,"Cash and cash equivalents, beginning of the period",business_100,"Cash and cash equivalents, beginning of the period",Q2 FY2025,4064731
cash_flow,"Cash and cash equivalents, beginning of the period",business_100,"Cash and cash equivalents, beginning of the period",Q2 FY2026,4064731
cash_flow,"Cash and cash equivalents, beginning of the period",business_100,"Cash and cash equivalents, beginning of the period",Q3 FY2025,4064733
cash_flow,"Cash and cash equivalents, beginning of the period",business_100,"Cash and cash equivalents, beginning of the period",Q3 FY2026,4064733
cash_flow,"Cash and cash equivalents, beginning of the period",business_100,"Cash and cash equivalents, beginning of the year",FY2025,4064735
cash_flow,"Cash and cash equivalents, beginning of the period",business_100,"Cash and cash equivalents, beginning of the year",FY2026,4064735
cash_flow,"Cash and cash equivalents, beginning of the period",company,"Cash and cash equivalents, beginning of the period","July 28 to December 31, 2025",2794952
cash_flow,"Cash and cash equivalents, beginning of the period",company,"Cash and cash equivalents, beginning of the period","July 28, 2025 to March 31, 2026",3409150
cash_flow,"Cash and cash equivalents, beginning of the period",company,"Cash and cash equivalents, beginning of the period",Q1 FY2027,3693793
cash_flow,"Cash and cash equivalents, beginning of the period",company,"Cash and cash equivalents, beginning of the period",Q3 FY2026,2794952
cash_flow,"Cash and cash equivalents, end of the period",business_100,"Cash and cash equivalents, end of the period",6M FY2025,4064731
cash_flow,"Cash and cash equivalents, end of the period",business_100,"Cash and cash equivalents, end of the period",6M FY2026,4064731
cash_flow,"Cash and cash equivalents, end of the period",business_100,"Cash and cash equivalents, end of the period",9M FY2025,4064733
cash_flow,"Cash and cash equivalents, end of the period",business_100,"Cash and cash equivalents, end of the period",9M FY2026,4064733
cash_flow,"Cash and cash equivalents, end of the period",business_100,"Cash and cash equivalents, end of the period",Q1 FY2026,3693795
cash_flow,"Cash and cash equivalents, end of the period",business_100,"Cash and cash equivalents, end of the period",Q1 FY2027,3693795
cash_flow,"Cash and cash equivalents, end of the period",business_100,"Cash and cash equivalents, end of the period",Q2 FY2025,4064731
cash_flow,"Cash and cash equivalents, end of the period",business_100,"Cash and cash equivalents, end of the period",Q2 FY2026,4064731
cash_flow,"Cash and cash equivalents, end of the period",business_100,"Cash and cash equivalents, end of the period",Q3 FY2025,4064733
cash_flow,"Cash and cash equivalents, end of the period",business_100,"Cash and cash equivalents, end of the period",Q3 FY2026,4064733
cash_flow,"Cash and cash equivalents, end of the period",business_100,"Cash and cash equivalents, end of the year",FY2025,4064735
cash_flow,"Cash and cash equivalents, end of the period",business_100,"Cash and cash equivalents, end of the year",FY2026,4064735
cash_flow,"Cash and cash equivalents, end of the period",company,"Cash and cash equivalents, end of the period","July 28 to December 31, 2025",2794952
cash_flow,"Cash and cash equivalents, end of the period",company,"Cash and cash equivalents, end of the period","July 28, 2025 to March 31, 2026",3409150
cash_flow,"Cash and cash equivalents, end of the period",company,"Cash and cash equivalents, end of the period",Q1 FY2027,3693793
cash_flow,"Cash and cash equivalents, end of the period",company,"Cash and cash equivalents, end of the period",Q3 FY2026,2794952
cash_flow,Cash paid for equity accounted investments,company,Cash paid for equity accounted investments,"July 28, 2025 to March 31, 2026",3409150
cash_flow,Changes in non-cash working capital,business_100,Changes in non-cash working capital,6M FY2025,4064731
cash_flow,Changes in non-cash working capital,business_100,Changes in non-cash working capital,6M FY2026,4064731
cash_flow,Changes in non-cash working capital,business_100,Changes in non-cash working capital,9M FY2025,4064733
cash_flow,Changes in non-cash working capital,business_100,Changes in non-cash working capital,9M FY2026,4064733
cash_flow,Changes in non-cash working capital,business_100,Changes in non-cash working capital,FY2025,4064735
cash_flow,Changes in non-cash working capital,business_100,Changes in non-cash working capital,FY2025,4064736
cash_flow,Changes in non-cash working capital,business_100,Changes in non-cash working capital,FY2026,4064735
cash_flow,Changes in non-cash working capital,business_100,Changes in non-cash working capital,FY2026,4064736
cash_flow,Changes in non-cash working capital,business_100,Changes in non-cash working capital,Q1 FY2026,3693795
cash_flow,Changes in non-cash working capital,business_100,Changes in non-cash working capital,Q1 FY2027,3693795
cash_flow,Changes in non-cash working capital,business_100,Changes in non-cash working capital,Q2 FY2025,4064731
cash_flow,Changes in non-cash working capital,business_100,Changes in non-cash working capital,Q2 FY2026,4064731
cash_flow,Changes in non-cash working capital,business_100,Changes in non-cash working capital,Q3 FY2025,4064733
cash_flow,Changes in non-cash working capital,business_100,Changes in non-cash working capital,Q3 FY2026,4064733
cash_flow,Current income tax payable,company,Current income tax payable,"July 28 to December 31, 2025",2794952
cash_flow,Current income tax payable,company,Current income tax payable,Q3 FY2026,2794952
cash_flow,Current income tax receivable,company,Current income tax receivable,"July 28, 2025 to March 31, 2026",3409150
cash_flow,Current income tax receivable,company,Current income tax receivable,Q1 FY2027,3693793
cash_flow,Deferred income tax expense,company,Deferred income tax expense,"July 28 to December 31, 2025",2794952
cash_flow,Deferred income tax expense,company,Deferred income tax expense,"July 28, 2025 to March 31, 2026",3409150
cash_flow,Deferred income tax expense,company,Deferred income tax expense,Q1 FY2027,3693793
cash_flow,Deferred income tax expense,company,Deferred income tax expense,Q3 FY2026,2794952
cash_flow,Deferred income tax expense (benefit),business_100,Deferred income tax expense,Q1 FY2026,3693795
cash_flow,Deferred income tax expense (benefit),business_100,Deferred income tax expense,Q1 FY2027,3693795
cash_flow,Deferred income tax expense (benefit),business_100,Deferred income tax expense (benefit),6M FY2025,4064731
cash_flow,Deferred income tax expense (benefit),business_100,Deferred income tax expense (benefit),6M FY2026,4064731
cash_flow,Deferred income tax expense (benefit),business_100,Deferred income tax expense (benefit),9M FY2025,4064733
cash_flow,Deferred income tax expense (benefit),business_100,Deferred income tax expense (benefit),9M FY2026,4064733
cash_flow,Deferred income tax expense (benefit),business_100,Deferred income tax expense (benefit),FY2025,4064735
cash_flow,Deferred income tax expense (benefit),business_100,Deferred income tax expense (benefit),FY2025,4064736
cash_flow,Deferred income tax expense (benefit),business_100,Deferred income tax expense (benefit),FY2026,4064735
cash_flow,Deferred income tax expense (benefit),business_100,Deferred income tax expense (benefit),FY2026,4064736
cash_flow,Deferred income tax expense (benefit),business_100,Deferred income tax expense (benefit),Q2 FY2025,4064731
cash_flow,Deferred income tax expense (benefit),business_100,Deferred income tax expense (benefit),Q2 FY2026,4064731
cash_flow,Deferred income tax expense (benefit),business_100,Deferred income tax expense (benefit),Q3 FY2025,4064733
cash_flow,Deferred income tax expense (benefit),business_100,Deferred income tax expense (benefit),Q3 FY2026,4064733
cash_flow,Depreciation and amortization,business_100,Depreciation and amortization,6M FY2025,4064731
cash_flow,Depreciation and amortization,business_100,Depreciation and amortization,6M FY2026,4064731
cash_flow,Depreciation and amortization,business_100,Depreciation and amortization,9M FY2025,4064733
cash_flow,Depreciation and amortization,business_100,Depreciation and amortization,9M FY2026,4064733
cash_flow,Depreciation and amortization,business_100,Depreciation and amortization,FY2025,4064735
cash_flow,Depreciation and amortization,business_100,Depreciation and amortization,FY2025,4064736
cash_flow,Depreciation and amortization,business_100,Depreciation and amortization,FY2026,4064735
cash_flow,Depreciation and amortization,business_100,Depreciation and amortization,FY2026,4064736
cash_flow,Depreciation and amortization,business_100,Depreciation and amortization,Q1 FY2026,3693795
cash_flow,Depreciation and amortization,business_100,Depreciation and amortization,Q1 FY2027,3693795
cash_flow,Depreciation and amortization,business_100,Depreciation and amortization,Q2 FY2025,4064731
cash_flow,Depreciation and amortization,business_100,Depreciation and amortization,Q2 FY2026,4064731
cash_flow,Depreciation and amortization,business_100,Depreciation and amortization,Q3 FY2025,4064733
cash_flow,Depreciation and amortization,business_100,Depreciation and amortization,Q3 FY2026,4064733
cash_flow,Distributions,business_100,Distributions,6M FY2025,4064731
cash_flow,Distributions,business_100,Distributions,6M FY2026,4064731
cash_flow,Distributions,business_100,Distributions,9M FY2025,4064733
cash_flow,Distributions,business_100,Distributions,9M FY2026,4064733
cash_flow,Distributions,business_100,Distributions,FY2025,4064735
cash_flow,Distributions,business_100,Distributions,FY2026,4064735
cash_flow,Distributions,business_100,Distributions,Q1 FY2026,3693795
cash_flow,Distributions,business_100,Distributions,Q1 FY2027,3693795
cash_flow,Distributions,business_100,Distributions,Q2 FY2025,4064731
cash_flow,Distributions,business_100,Distributions,Q2 FY2026,4064731
cash_flow,Distributions,business_100,Distributions,Q3 FY2025,4064733
cash_flow,Distributions,business_100,Distributions,Q3 FY2026,4064733
cash_flow,Distributions,company,Distributions received from equity accounted affiliates,"July 28, 2025 to March 31, 2026",3409150
cash_flow,Distributions,company,Distributions received from equity accounted investments,Q1 FY2027,3693793
cash_flow,Dividends paid to shareholders,company,Dividends paid to shareholders,Q1 FY2027,3693793
cash_flow,Dividends to owners ($0.22 per Class A common share),company,Dividends to owners ($0.22 per Class A common share),"July 28 to December 31, 2025",2794952
cash_flow,Dividends to owners ($0.22 per Class A common share),company,Dividends to owners ($0.22 per Class A common share),Q3 FY2026,2794952
cash_flow,Dividends to owners ($0.44 per Class Acommon share),company,Dividends to owners ($0.44 per Class Acommon share),"July 28, 2025 to March 31, 2026",3409150
cash_flow,Effect of translation on foreign currency cash and cash equivalents,business_100,Effect of translation on foreign currency cash and cash equivalents,6M FY2025,4064731
cash_flow,Effect of translation on foreign currency cash and cash equivalents,business_100,Effect of translation on foreign currency cash and cash equivalents,6M FY2026,4064731
cash_flow,Effect of translation on foreign currency cash and cash equivalents,business_100,Effect of translation on foreign currency cash and cash equivalents,9M FY2025,4064733
cash_flow,Effect of translation on foreign currency cash and cash equivalents,business_100,Effect of translation on foreign currency cash and cash equivalents,9M FY2026,4064733
cash_flow,Effect of translation on foreign currency cash and cash equivalents,business_100,Effect of translation on foreign currency cash and cash equivalents,FY2025,4064735
cash_flow,Effect of translation on foreign currency cash and cash equivalents,business_100,Effect of translation on foreign currency cash and cash equivalents,FY2026,4064735
cash_flow,Effect of translation on foreign currency cash and cash equivalents,business_100,Effect of translation on foreign currency cash and cash equivalents,Q1 FY2026,3693795
cash_flow,Effect of translation on foreign currency cash and cash equivalents,business_100,Effect of translation on foreign currency cash and cash equivalents,Q1 FY2027,3693795
cash_flow,Effect of translation on foreign currency cash and cash equivalents,business_100,Effect of translation on foreign currency cash and cash equivalents,Q2 FY2025,4064731
cash_flow,Effect of translation on foreign currency cash and cash equivalents,business_100,Effect of translation on foreign currency cash and cash equivalents,Q2 FY2026,4064731
cash_flow,Effect of translation on foreign currency cash and cash equivalents,business_100,Effect of translation on foreign currency cash and cash equivalents,Q3 FY2025,4064733
cash_flow,Effect of translation on foreign currency cash and cash equivalents,business_100,Effect of translation on foreign currency cash and cash equivalents,Q3 FY2026,4064733
cash_flow,Effect of translation on foreign currency cash and cash equivalents,company,Effect of translation on foreign currency cash and cash equivalents,"July 28 to December 31, 2025",2794952
cash_flow,Effect of translation on foreign currency cash and cash equivalents,company,Effect of translation on foreign currency cash and cash equivalents,"July 28, 2025 to March 31, 2026",3409150
cash_flow,Effect of translation on foreign currency cash and cash equivalents,company,Effect of translation on foreign currency cash and cash equivalents,Q3 FY2026,2794952
cash_flow,Foreign exchange gain related to investing activities,company,Foreign exchange gain related to investing activities,"July 28, 2025 to March 31, 2026",3409150
cash_flow,Net cash provided by operating activities,business_100,Net cash provided by operating activities,6M FY2025,4064731
cash_flow,Net cash provided by operating activities,business_100,Net cash provided by operating activities,6M FY2026,4064731
cash_flow,Net cash provided by operating activities,business_100,Net cash provided by operating activities,9M FY2025,4064733
cash_flow,Net cash provided by operating activities,business_100,Net cash provided by operating activities,9M FY2026,4064733
cash_flow,Net cash provided by operating activities,business_100,Net cash provided by operating activities,FY2025,4064735
cash_flow,Net cash provided by operating activities,business_100,Net cash provided by operating activities,FY2025,4064736
cash_flow,Net cash provided by operating activities,business_100,Net cash provided by operating activities,FY2026,4064735
cash_flow,Net cash provided by operating activities,business_100,Net cash provided by operating activities,FY2026,4064736
cash_flow,Net cash provided by operating activities,business_100,Net cash provided by operating activities,Q1 FY2026,3693795
cash_flow,Net cash provided by operating activities,business_100,Net cash provided by operating activities,Q1 FY2027,3693795
cash_flow,Net cash provided by operating activities,business_100,Net cash provided by operating activities,Q2 FY2025,4064731
cash_flow,Net cash provided by operating activities,business_100,Net cash provided by operating activities,Q2 FY2026,4064731
cash_flow,Net cash provided by operating activities,business_100,Net cash provided by operating activities,Q3 FY2025,4064733
cash_flow,Net cash provided by operating activities,business_100,Net cash provided by operating activities,Q3 FY2026,4064733
cash_flow,Net cash provided by operating activities,company,Net cash provided by operating activities,"July 28 to December 31, 2025",2794952
cash_flow,Net cash provided by operating activities,company,Net cash provided by operating activities,"July 28, 2025 to March 31, 2026",3409150
cash_flow,Net cash provided by operating activities,company,Net cash provided by operating activities,Q1 FY2027,3693793
cash_flow,Net cash provided by operating activities,company,Net cash provided by operating activities,Q3 FY2026,2794952
cash_flow,Net cash used in financing activities,business_100,Net cash (used in) provided by financing activities,6M FY2025,4064731
cash_flow,Net cash used in financing activities,business_100,Net cash (used in) provided by financing activities,6M FY2026,4064731
cash_flow,Net cash used in financing activities,business_100,Net cash (used in) provided by financing activities,Q2 FY2025,4064731
cash_flow,Net cash used in financing activities,business_100,Net cash (used in) provided by financing activities,Q2 FY2026,4064731
cash_flow,Net cash used in financing activities,business_100,Net cash used in financing activities,9M FY2025,4064733
cash_flow,Net cash used in financing activities,business_100,Net cash used in financing activities,9M FY2026,4064733
cash_flow,Net cash used in financing activities,business_100,Net cash used in financing activities,FY2025,4064735
cash_flow,Net cash used in financing activities,business_100,Net cash used in financing activities,FY2026,4064735
cash_flow,Net cash used in financing activities,business_100,Net cash used in financing activities,Q1 FY2026,3693795
cash_flow,Net cash used in financing activities,business_100,Net cash used in financing activities,Q1 FY2027,3693795
cash_flow,Net cash used in financing activities,business_100,Net cash used in financing activities,Q3 FY2025,4064733
cash_flow,Net cash used in financing activities,business_100,Net cash used in financing activities,Q3 FY2026,4064733
cash_flow,Net cash used in financing activities,company,Net cash provided by financing activities,"July 28 to December 31, 2025",2794952
cash_flow,Net cash used in financing activities,company,Net cash provided by financing activities,"July 28, 2025 to March 31, 2026",3409150
cash_flow,Net cash used in financing activities,company,Net cash provided by financing activities,Q3 FY2026,2794952
cash_flow,Net cash used in financing activities,company,Net cash used in financing activities,Q1 FY2027,3693793
cash_flow,Net cash used in investing activities,business_100,Net cash used in investing activities,6M FY2025,4064731
cash_flow,Net cash used in investing activities,business_100,Net cash used in investing activities,6M FY2026,4064731
cash_flow,Net cash used in investing activities,business_100,Net cash used in investing activities,9M FY2025,4064733
cash_flow,Net cash used in investing activities,business_100,Net cash used in investing activities,9M FY2026,4064733
cash_flow,Net cash used in investing activities,business_100,Net cash used in investing activities,FY2025,4064735
cash_flow,Net cash used in investing activities,business_100,Net cash used in investing activities,FY2026,4064735
cash_flow,Net cash used in investing activities,business_100,Net cash used in investing activities,Q1 FY2026,3693795
cash_flow,Net cash used in investing activities,business_100,Net cash used in investing activities,Q1 FY2027,3693795
cash_flow,Net cash used in investing activities,business_100,Net cash used in investing activities,Q2 FY2025,4064731
cash_flow,Net cash used in investing activities,business_100,Net cash used in investing activities,Q2 FY2026,4064731
cash_flow,Net cash used in investing activities,business_100,Net cash used in investing activities,Q3 FY2025,4064733
cash_flow,Net cash used in investing activities,business_100,Net cash used in investing activities,Q3 FY2026,4064733
cash_flow,Net cash used in investing activities,company,Net cash provided by investing activities,Q1 FY2027,3693793
cash_flow,Net cash used in investing activities,company,Net cash used in investing activities,"July 28 to December 31, 2025",2794952
cash_flow,Net cash used in investing activities,company,Net cash used in investing activities,"July 28, 2025 to March 31, 2026",3409150
cash_flow,Net cash used in investing activities,company,Net cash used in investing activities,Q3 FY2026,2794952
cash_flow,Net changes in cash and cash equivalents,business_100,Net changes in cash and cash equivalents,6M FY2025,4064731
cash_flow,Net changes in cash and cash equivalents,business_100,Net changes in cash and cash equivalents,6M FY2026,4064731
cash_flow,Net changes in cash and cash equivalents,business_100,Net changes in cash and cash equivalents,9M FY2025,4064733
cash_flow,Net changes in cash and cash equivalents,business_100,Net changes in cash and cash equivalents,9M FY2026,4064733
cash_flow,Net changes in cash and cash equivalents,business_100,Net changes in cash and cash equivalents,FY2025,4064735
cash_flow,Net changes in cash and cash equivalents,business_100,Net changes in cash and cash equivalents,FY2026,4064735
cash_flow,Net changes in cash and cash equivalents,business_100,Net changes in cash and cash equivalents,Q1 FY2026,3693795
cash_flow,Net changes in cash and cash equivalents,business_100,Net changes in cash and cash equivalents,Q1 FY2027,3693795
cash_flow,Net changes in cash and cash equivalents,business_100,Net changes in cash and cash equivalents,Q2 FY2025,4064731
cash_flow,Net changes in cash and cash equivalents,business_100,Net changes in cash and cash equivalents,Q2 FY2026,4064731
cash_flow,Net changes in cash and cash equivalents,business_100,Net changes in cash and cash equivalents,Q3 FY2025,4064733
cash_flow,Net changes in cash and cash equivalents,business_100,Net changes in cash and cash equivalents,Q3 FY2026,4064733
cash_flow,Net changes in cash and cash equivalents,company,Net changes in cash and cash equivalents,"July 28 to December 31, 2025",2794952
cash_flow,Net changes in cash and cash equivalents,company,Net changes in cash and cash equivalents,"July 28, 2025 to March 31, 2026",3409150
cash_flow,Net changes in cash and cash equivalents,company,Net changes in cash and cash equivalents,Q1 FY2027,3693793
cash_flow,Net changes in cash and cash equivalents,company,Net changes in cash and cash equivalents,Q3 FY2026,2794952
cash_flow,Net earnings,business_100,Net earnings,6M FY2025,4064731
cash_flow,Net earnings,business_100,Net earnings,6M FY2026,4064731
cash_flow,Net earnings,business_100,Net earnings,9M FY2025,4064733
cash_flow,Net earnings,business_100,Net earnings,9M FY2026,4064733
cash_flow,Net earnings,business_100,Net earnings,FY2025,4064735
cash_flow,Net earnings,business_100,Net earnings,FY2025,4064736
cash_flow,Net earnings,business_100,Net earnings,FY2026,4064735
cash_flow,Net earnings,business_100,Net earnings,FY2026,4064736
cash_flow,Net earnings,business_100,Net earnings,Q1 FY2026,3693795
cash_flow,Net earnings,business_100,Net earnings,Q1 FY2027,3693795
cash_flow,Net earnings,business_100,Net earnings,Q2 FY2025,4064731
cash_flow,Net earnings,business_100,Net earnings,Q2 FY2026,4064731
cash_flow,Net earnings,business_100,Net earnings,Q3 FY2025,4064733
cash_flow,Net earnings,business_100,Net earnings,Q3 FY2026,4064733
cash_flow,Net earnings,company,Net earnings,"July 28 to December 31, 2025",2794952
cash_flow,Net earnings,company,Net earnings,"July 28, 2025 to March 31, 2026",3409150
cash_flow,Net earnings,company,Net earnings,Q1 FY2027,3693793
cash_flow,Net earnings,company,Net earnings,Q3 FY2026,2794952
cash_flow,Note extended to related parties,company,Note extended to related parties,"July 28 to December 31, 2025",2794952
cash_flow,Note extended to related parties,company,Note extended to related parties,"July 28, 2025 to March 31, 2026",3409150
cash_flow,Note extended to related parties,company,Note extended to related parties,Q3 FY2026,2794952
cash_flow,Notes extended to related parties,business_100,Advances and notes extended to related parties,Q1 FY2026,3693795
cash_flow,Notes extended to related parties,business_100,Advances and notes extended to related parties,Q1 FY2027,3693795
cash_flow,Notes extended to related parties,business_100,Notes extended to related parties,6M FY2025,4064731
cash_flow,Notes extended to related parties,business_100,Notes extended to related parties,6M FY2026,4064731
cash_flow,Notes extended to related parties,business_100,Notes extended to related parties,9M FY2025,4064733
cash_flow,Notes extended to related parties,business_100,Notes extended to related parties,9M FY2026,4064733
cash_flow,Notes extended to related parties,business_100,Notes extended to related parties,FY2025,4064735
cash_flow,Notes extended to related parties,business_100,Notes extended to related parties,FY2026,4064735
cash_flow,Notes extended to related parties,business_100,Notes extended to related parties,Q2 FY2025,4064731
cash_flow,Notes extended to related parties,business_100,Notes extended to related parties,Q2 FY2026,4064731
cash_flow,Notes extended to related parties,business_100,Notes extended to related parties,Q3 FY2025,4064733
cash_flow,Notes extended to related parties,business_100,Notes extended to related parties,Q3 FY2026,4064733
cash_flow,Other,business_100,Other,6M FY2025,4064731
cash_flow,Other,business_100,Other,6M FY2026,4064731
cash_flow,Other,business_100,Other,9M FY2025,4064733
cash_flow,Other,business_100,Other,9M FY2026,4064733
cash_flow,Other,business_100,Other,FY2025,4064735
cash_flow,Other,business_100,Other,FY2025,4064736
cash_flow,Other,business_100,Other,FY2026,4064735
cash_flow,Other,business_100,Other,FY2026,4064736
cash_flow,Other,business_100,Other,Q1 FY2026,3693795
cash_flow,Other,business_100,Other,Q1 FY2027,3693795
cash_flow,Other,business_100,Other,Q2 FY2025,4064731
cash_flow,Other,business_100,Other,Q2 FY2026,4064731
cash_flow,Other,business_100,Other,Q3 FY2025,4064733
cash_flow,Other,business_100,Other,Q3 FY2026,4064733
cash_flow,Payments for investment in affiliates,company,Payments for investment in affiliates,"July 28 to December 31, 2025",2794952
cash_flow,Payments for investment in affiliates,company,Payments for investment in affiliates,Q3 FY2026,2794952
cash_flow,Payments for repurchase of shares,company,Payments for repurchase of shares,Q1 FY2027,3693793
cash_flow,Payments of financing costs,business_100,Payments of financing costs,6M FY2025,4064731
cash_flow,Payments of financing costs,business_100,Payments of financing costs,6M FY2026,4064731
cash_flow,Payments of financing costs,business_100,Payments of financing costs,9M FY2025,4064733
cash_flow,Payments of financing costs,business_100,Payments of financing costs,9M FY2026,4064733
cash_flow,Payments of financing costs,business_100,Payments of financing costs,FY2025,4064735
cash_flow,Payments of financing costs,business_100,Payments of financing costs,FY2026,4064735
cash_flow,Payments of financing costs,business_100,Payments of financing costs,Q1 FY2026,3693795
cash_flow,Payments of financing costs,business_100,Payments of financing costs,Q1 FY2027,3693795
cash_flow,Payments of financing costs,business_100,Payments of financing costs,Q2 FY2025,4064731
cash_flow,Payments of financing costs,business_100,Payments of financing costs,Q2 FY2026,4064731
cash_flow,Payments of financing costs,business_100,Payments of financing costs,Q3 FY2025,4064733
cash_flow,Payments of financing costs,business_100,Payments of financing costs,Q3 FY2026,4064733
cash_flow,Payments of lease liabilities,business_100,Payments of lease liabilities,6M FY2025,4064731
cash_flow,Payments of lease liabilities,business_100,Payments of lease liabilities,6M FY2026,4064731
cash_flow,Payments of lease liabilities,business_100,Payments of lease liabilities,9M FY2025,4064733
cash_flow,Payments of lease liabilities,business_100,Payments of lease liabilities,9M FY2026,4064733
cash_flow,Payments of lease liabilities,business_100,Payments of lease liabilities,FY2025,4064735
cash_flow,Payments of lease liabilities,business_100,Payments of lease liabilities,FY2026,4064735
cash_flow,Payments of lease liabilities,business_100,Payments of lease liabilities,Q1 FY2026,3693795
cash_flow,Payments of lease liabilities,business_100,Payments of lease liabilities,Q1 FY2027,3693795
cash_flow,Payments of lease liabilities,business_100,Payments of lease liabilities,Q2 FY2025,4064731
cash_flow,Payments of lease liabilities,business_100,Payments of lease liabilities,Q2 FY2026,4064731
cash_flow,Payments of lease liabilities,business_100,Payments of lease liabilities,Q3 FY2025,4064733
cash_flow,Payments of lease liabilities,business_100,Payments of lease liabilities,Q3 FY2026,4064733
cash_flow,Payments of promissory notes,business_100,Payments of promissory notes,6M FY2025,4064731
cash_flow,Payments of promissory notes,business_100,Payments of promissory notes,6M FY2026,4064731
cash_flow,Payments of promissory notes,business_100,Payments of promissory notes,Q2 FY2025,4064731
cash_flow,Payments of promissory notes,business_100,Payments of promissory notes,Q2 FY2026,4064731
cash_flow,Payments of revolving credit facilities,business_100,Payments of revolving credit facilities,6M FY2025,4064731
cash_flow,Payments of revolving credit facilities,business_100,Payments of revolving credit facilities,6M FY2026,4064731
cash_flow,Payments of revolving credit facilities,business_100,Payments of revolving credit facilities,9M FY2025,4064733
cash_flow,Payments of revolving credit facilities,business_100,Payments of revolving credit facilities,9M FY2026,4064733
cash_flow,Payments of revolving credit facilities,business_100,Payments of revolving credit facilities,FY2025,4064735
cash_flow,Payments of revolving credit facilities,business_100,Payments of revolving credit facilities,FY2026,4064735
cash_flow,Payments of revolving credit facilities,business_100,Payments of revolving credit facilities,Q1 FY2026,3693795
cash_flow,Payments of revolving credit facilities,business_100,Payments of revolving credit facilities,Q1 FY2027,3693795
cash_flow,Payments of revolving credit facilities,business_100,Payments of revolving credit facilities,Q2 FY2025,4064731
cash_flow,Payments of revolving credit facilities,business_100,Payments of revolving credit facilities,Q2 FY2026,4064731
cash_flow,Payments of revolving credit facilities,business_100,Payments of revolving credit facilities,Q3 FY2025,4064733
cash_flow,Payments of revolving credit facilities,business_100,Payments of revolving credit facilities,Q3 FY2026,4064733
cash_flow,Payments of term loans,business_100,Payments of term loan,Q1 FY2026,3693795
cash_flow,Payments of term loans,business_100,Payments of term loan,Q1 FY2027,3693795
cash_flow,Payments of term loans,business_100,Payments of term loans,6M FY2025,4064731
cash_flow,Payments of term loans,business_100,Payments of term loans,6M FY2026,4064731
cash_flow,Payments of term loans,business_100,Payments of term loans,9M FY2025,4064733
cash_flow,Payments of term loans,business_100,Payments of term loans,9M FY2026,4064733
cash_flow,Payments of term loans,business_100,Payments of term loans,FY2025,4064735
cash_flow,Payments of term loans,business_100,Payments of term loans,FY2026,4064735
cash_flow,Payments of term loans,business_100,Payments of term loans,Q2 FY2025,4064731
cash_flow,Payments of term loans,business_100,Payments of term loans,Q2 FY2026,4064731
cash_flow,Payments of term loans,business_100,Payments of term loans,Q3 FY2025,4064733
cash_flow,Payments of term loans,business_100,Payments of term loans,Q3 FY2026,4064733
cash_flow,Prepaid expenses and other current assets,company,Prepaid expenses and other current assets,"July 28, 2025 to March 31, 2026",3409150
cash_flow,Proceeds from (repayments of) affiliated notes,business_100,Proceeds from (repayments of) affiliated notes,9M FY2025,4064733
cash_flow,Proceeds from (repayments of) affiliated notes,business_100,Proceeds from (repayments of) affiliated notes,9M FY2026,4064733
cash_flow,Proceeds from (repayments of) affiliated notes,business_100,Proceeds from (repayments of) affiliated notes,FY2025,4064735
cash_flow,Proceeds from (repayments of) affiliated notes,business_100,Proceeds from (repayments of) affiliated notes,FY2026,4064735
cash_flow,Proceeds from (repayments of) affiliated notes,business_100,Proceeds from (repayments of) affiliated notes,Q3 FY2025,4064733
cash_flow,Proceeds from (repayments of) affiliated notes,business_100,Proceeds from (repayments of) affiliated notes,Q3 FY2026,4064733
cash_flow,Proceeds from revolving credit facilities,business_100,Proceeds from revolving credit facilities,6M FY2025,4064731
cash_flow,Proceeds from revolving credit facilities,business_100,Proceeds from revolving credit facilities,6M FY2026,4064731
cash_flow,Proceeds from revolving credit facilities,business_100,Proceeds from revolving credit facilities,9M FY2025,4064733
cash_flow,Proceeds from revolving credit facilities,business_100,Proceeds from revolving credit facilities,9M FY2026,4064733
cash_flow,Proceeds from revolving credit facilities,business_100,Proceeds from revolving credit facilities,FY2025,4064735
cash_flow,Proceeds from revolving credit facilities,business_100,Proceeds from revolving credit facilities,FY2026,4064735
cash_flow,Proceeds from revolving credit facilities,business_100,Proceeds from revolving credit facilities,Q1 FY2026,3693795
cash_flow,Proceeds from revolving credit facilities,business_100,Proceeds from revolving credit facilities,Q1 FY2027,3693795
cash_flow,Proceeds from revolving credit facilities,business_100,Proceeds from revolving credit facilities,Q2 FY2025,4064731
cash_flow,Proceeds from revolving credit facilities,business_100,Proceeds from revolving credit facilities,Q2 FY2026,4064731
cash_flow,Proceeds from revolving credit facilities,business_100,Proceeds from revolving credit facilities,Q3 FY2025,4064733
cash_flow,Proceeds from revolving credit facilities,business_100,Proceeds from revolving credit facilities,Q3 FY2026,4064733
cash_flow,Proceeds from share issuance,company,Proceeds from share issuance,"July 28, 2025 to March 31, 2026",3409150
cash_flow,Proceeds from share issuances,company,Proceeds from share issuances,"July 28 to December 31, 2025",2794952
cash_flow,Proceeds from share issuances,company,Proceeds from share issuances,Q3 FY2026,2794952
cash_flow,Proceeds from term loans,business_100,Proceeds from term loan,6M FY2025,4064731
cash_flow,Proceeds from term loans,business_100,Proceeds from term loan,6M FY2026,4064731
cash_flow,Proceeds from term loans,business_100,Proceeds from term loan,9M FY2025,4064733
cash_flow,Proceeds from term loans,business_100,Proceeds from term loan,9M FY2026,4064733
cash_flow,Proceeds from term loans,business_100,Proceeds from term loan,Q2 FY2025,4064731
cash_flow,Proceeds from term loans,business_100,Proceeds from term loan,Q2 FY2026,4064731
cash_flow,Proceeds from term loans,business_100,Proceeds from term loan,Q3 FY2025,4064733
cash_flow,Proceeds from term loans,business_100,Proceeds from term loan,Q3 FY2026,4064733
cash_flow,Proceeds from term loans,business_100,Proceeds from term loans,FY2025,4064735
cash_flow,Proceeds from term loans,business_100,Proceeds from term loans,FY2026,4064735
cash_flow,"Property, plant and equipment expenditures",business_100,"Property, plant and equipment expenditures",6M FY2025,4064731
cash_flow,"Property, plant and equipment expenditures",business_100,"Property, plant and equipment expenditures",6M FY2026,4064731
cash_flow,"Property, plant and equipment expenditures",business_100,"Property, plant and equipment expenditures",9M FY2025,4064733
cash_flow,"Property, plant and equipment expenditures",business_100,"Property, plant and equipment expenditures",9M FY2026,4064733
cash_flow,"Property, plant and equipment expenditures",business_100,"Property, plant and equipment expenditures",FY2025,4064735
cash_flow,"Property, plant and equipment expenditures",business_100,"Property, plant and equipment expenditures",FY2026,4064735
cash_flow,"Property, plant and equipment expenditures",business_100,"Property, plant and equipment expenditures",Q1 FY2026,3693795
cash_flow,"Property, plant and equipment expenditures",business_100,"Property, plant and equipment expenditures",Q1 FY2027,3693795
cash_flow,"Property, plant and equipment expenditures",business_100,"Property, plant and equipment expenditures",Q2 FY2025,4064731
cash_flow,"Property, plant and equipment expenditures",business_100,"Property, plant and equipment expenditures",Q2 FY2026,4064731
cash_flow,"Property, plant and equipment expenditures",business_100,"Property, plant and equipment expenditures",Q3 FY2025,4064733
cash_flow,"Property, plant and equipment expenditures",business_100,"Property, plant and equipment expenditures",Q3 FY2026,4064733
cash_flow,Realized foreign exchange gain on settlement of payable,company,Realized foreign exchange gain on settlement of payable,"July 28 to December 31, 2025",2794952
cash_flow,Realized foreign exchange gain on settlement of payable,company,Realized foreign exchange gain on settlement of payable,Q3 FY2026,2794952
cash_flow,Related party payables,company,Related party payables,"July 28 to December 31, 2025",2794952
cash_flow,Related party payables,company,Related party payables,"July 28, 2025 to March 31, 2026",3409150
cash_flow,Related party payables,company,Related party payables,Q1 FY2027,3693793
cash_flow,Related party payables,company,Related party payables,Q3 FY2026,2794952
cash_flow,Restricted cash,company,Restricted cash,"July 28 to December 31, 2025",2794952
cash_flow,Restricted cash,company,Restricted cash,"July 28, 2025 to March 31, 2026",3409150
cash_flow,Restricted cash,company,Restricted cash,Q1 FY2027,3693793
cash_flow,Restricted cash,company,Restricted cash,Q3 FY2026,2794952
cash_flow,Share of income from equity accounted investees,company,Share of income from equity accounted investees,"July 28 to December 31, 2025",2794952
cash_flow,Share of income from equity accounted investees,company,Share of income from equity accounted investees,"July 28, 2025 to March 31, 2026",3409150
cash_flow,Share of income from equity accounted investees,company,Share of income from equity accounted investees,Q1 FY2027,3693793
cash_flow,Share of income from equity accounted investees,company,Share of income from equity accounted investees,Q3 FY2026,2794952
cash_flow,Unrealized risk management (gains) losses,business_100,Unrealized risk management (gains) losses,FY2025,4064735
cash_flow,Unrealized risk management (gains) losses,business_100,Unrealized risk management (gains) losses,FY2025,4064736
cash_flow,Unrealized risk management (gains) losses,business_100,Unrealized risk management (gains) losses,FY2026,4064735
cash_flow,Unrealized risk management (gains) losses,business_100,Unrealized risk management (gains) losses,FY2026,4064736
cash_flow,Unrealized risk management (gains) losses,business_100,Unrealized risk management gains,9M FY2025,4064733
cash_flow,Unrealized risk management (gains) losses,business_100,Unrealized risk management gains,9M FY2026,4064733
cash_flow,Unrealized risk management (gains) losses,business_100,Unrealized risk management gains,Q1 FY2026,3693795
cash_flow,Unrealized risk management (gains) losses,business_100,Unrealized risk management gains,Q1 FY2027,3693795
cash_flow,Unrealized risk management (gains) losses,business_100,Unrealized risk management gains,Q3 FY2025,4064733
cash_flow,Unrealized risk management (gains) losses,business_100,Unrealized risk management gains,Q3 FY2026,4064733
cash_flow,Unrealized risk management (gains) losses,business_100,Unrealized risk management losses (gains),6M FY2025,4064731
cash_flow,Unrealized risk management (gains) losses,business_100,Unrealized risk management losses (gains),6M FY2026,4064731
cash_flow,Unrealized risk management (gains) losses,business_100,Unrealized risk management losses (gains),Q2 FY2025,4064731
cash_flow,Unrealized risk management (gains) losses,business_100,Unrealized risk management losses (gains),Q2 FY2026,4064731
comprehensive_income,Foreign currency translation adjustment,business_100,Foreign currency translation adjustment,6M FY2025,4064731
comprehensive_income,Foreign currency translation adjustment,business_100,Foreign currency translation adjustment,6M FY2026,4064731
comprehensive_income,Foreign currency translation adjustment,business_100,Foreign currency translation adjustment,9M FY2025,4064733
comprehensive_income,Foreign currency translation adjustment,business_100,Foreign currency translation adjustment,9M FY2026,4064733
comprehensive_income,Foreign currency translation adjustment,business_100,Foreign currency translation adjustment,FY2025,4064735
comprehensive_income,Foreign currency translation adjustment,business_100,Foreign currency translation adjustment,FY2026,4064735
comprehensive_income,Foreign currency translation adjustment,business_100,Foreign currency translation adjustment,Q1 FY2026,3693795
comprehensive_income,Foreign currency translation adjustment,business_100,Foreign currency translation adjustment,Q1 FY2027,3693795
comprehensive_income,Foreign currency translation adjustment,business_100,Foreign currency translation adjustment,Q2 FY2025,4064731
comprehensive_income,Foreign currency translation adjustment,business_100,Foreign currency translation adjustment,Q2 FY2026,4064731
comprehensive_income,Foreign currency translation adjustment,business_100,Foreign currency translation adjustment,Q3 FY2025,4064733
comprehensive_income,Foreign currency translation adjustment,business_100,Foreign currency translation adjustment,Q3 FY2026,4064733
comprehensive_income,NET EARNINGSAND COMPREHENSIVE EARNINGS,company,NET EARNINGSAND COMPREHENSIVE EARNINGS,"July 28, 2025 to March 31, 2026",3409150
comprehensive_income,NET EARNINGSAND COMPREHENSIVE EARNINGS,company,NET EARNINGSAND COMPREHENSIVE EARNINGS,Q1 FY2027,3693793
comprehensive_income,NET EARNINGSAND COMPREHENSIVE EARNINGS,company,NET EARNINGSAND COMPREHENSIVE EARNINGS,Q4 FY2026,3409150
comprehensive_income,Net earnings and comprehensive earnings,business_100,NET EARNINGS AND COMPREHENSIVE EARNINGS,6M FY2025,4064731
comprehensive_income,Net earnings and comprehensive earnings,business_100,NET EARNINGS AND COMPREHENSIVE EARNINGS,6M FY2026,4064731
comprehensive_income,Net earnings and comprehensive earnings,business_100,NET EARNINGS AND COMPREHENSIVE EARNINGS,9M FY2025,4064733
comprehensive_income,Net earnings and comprehensive earnings,business_100,NET EARNINGS AND COMPREHENSIVE EARNINGS,9M FY2026,4064733
comprehensive_income,Net earnings and comprehensive earnings,business_100,NET EARNINGS AND COMPREHENSIVE EARNINGS,FY2025,4064735
comprehensive_income,Net earnings and comprehensive earnings,business_100,NET EARNINGS AND COMPREHENSIVE EARNINGS,FY2026,4064735
comprehensive_income,Net earnings and comprehensive earnings,business_100,NET EARNINGS AND COMPREHENSIVE EARNINGS,Q1 FY2026,3693795
comprehensive_income,Net earnings and comprehensive earnings,business_100,NET EARNINGS AND COMPREHENSIVE EARNINGS,Q1 FY2027,3693795
comprehensive_income,Net earnings and comprehensive earnings,business_100,NET EARNINGS AND COMPREHENSIVE EARNINGS,Q2 FY2025,4064731
comprehensive_income,Net earnings and comprehensive earnings,business_100,NET EARNINGS AND COMPREHENSIVE EARNINGS,Q2 FY2026,4064731
comprehensive_income,Net earnings and comprehensive earnings,business_100,NET EARNINGS AND COMPREHENSIVE EARNINGS,Q3 FY2025,4064733
comprehensive_income,Net earnings and comprehensive earnings,business_100,NET EARNINGS AND COMPREHENSIVE EARNINGS,Q3 FY2026,4064733
comprehensive_income,Net earnings and comprehensive earnings,company,NET EARNINGS AND COMPREHENSIVE EARNINGS,"Jul 28 - Sep 30, 2025 (stub)",4064731
comprehensive_income,Net earnings and comprehensive earnings,company,NET EARNINGS AND COMPREHENSIVE EARNINGS,"July 28 to December 31, 2025",2794952
comprehensive_income,Net earnings and comprehensive earnings,company,NET EARNINGS AND COMPREHENSIVE EARNINGS,Q3 FY2026,2794952
comprehensive_income,Share from equity accounted investees,company,Share from equity accounted investees,"July 28 to December 31, 2025",2794952
comprehensive_income,Share from equity accounted investees,company,Share from equity accounted investees,"July 28, 2025 to March 31, 2026",3409150
comprehensive_income,Share from equity accounted investees,company,Share from equity accounted investees,Q1 FY2027,3693793
comprehensive_income,Share from equity accounted investees,company,Share from equity accounted investees,Q3 FY2026,2794952
comprehensive_income,Share from equity accounted investees,company,Share from equity accounted investees,Q4 FY2026,3409150
dividends,Dividends to owners ($0.22 per Class A common share),company,Dividends to owners ($0.22 per Class A common share),Q2 FY2026,2794952
dividends,Dividends to owners ($0.44 per Class Acommon share),company,Dividends to owners ($0.44 per Class Acommon share),"July 28, 2025 to March 31, 2026",3409150
dividends,OpCo target payout of distributable cash flow - high end,company,OpCo target payout of distributable cash flow - high end,FY2026,3724816
dividends,OpCo target payout of distributable cash flow - low end,company,OpCo target payout of distributable cash flow - low end,FY2026,3724816
dividends,"Second Quarter - December 31, 2025 - Dividend Amount per Class A Share (U.S.$)",company,"Second Quarter - December 31, 2025 - Dividend Amount per Class A Share (U.S.$)",Q2 FY2026,3724816
dividends,"Third Quarter - March 31, 2026 - Dividend Amount per Class A Share (U.S.$)",company,"Third Quarter - March 31, 2026 - Dividend Amount per Class A Share (U.S.$)",Q3 FY2026,3724816
dividends,long-term dividend growth target range,company,long-term dividend growth target range,FY2026,3409150
dividends,quarterly cash dividend of $0.231 per Class A Share for the fourth quarter of the Company's 2026 financial year,company,quarterly cash dividend of $0.231 per Class A Share for the fourth quarter of the Company's 2026 financial year,Q4 FY2026,3724816
dividends,quarterly cash dividend of US$0.22 per class 'A' common share for the third fiscal quarter of 2026,company,quarterly cash dividend of US$0.22 per class 'A' common share for the third fiscal quarter of 2026,Q3 FY2026,2794952
dividends,quarterly cash dividend of US$0.2310 per Class A Shares for the first quarter of fiscal 2027,company,quarterly cash dividend of US$0.2310 per Class A Shares for the first quarter of fiscal 2027,Q1 FY2027,3693793
dividends,quarterly cash dividend of US$0.2310 per class 'A' common share for the fourth fiscal quarter of 2026,company,quarterly cash dividend of US$0.2310 per class 'A' common share for the fourth fiscal quarter of 2026,Q4 FY2026,3409150
dividends,quarterly dividend per Class A Share,company,quarterly dividend per Class A Share,Q1 FY2027,4064736
dividends,quarterly dividend per Class A Share,company,quarterly dividend per Class A Share,Q3 FY2026,4064736
dividends,quarterly dividend per Class A Share,company,quarterly dividend per Class A Share,Q4 FY2026,4064736
dividends,share of OpCo distributions payable to the Company,company,share of OpCo distributions payable to the Company,FY2026,3724816
dividends,target annual dividend growth - high end,company,target annual dividend growth - high end,FY2026,3724816
dividends,target annual dividend growth - low end,company,target annual dividend growth - low end,FY2026,3724816
equity_changes,"Balance, April 1, 2024",business_100,"Balance, April 1, 2024","As at Apr 1, 2024",4064731
equity_changes,"Balance, April 1, 2024",business_100,"Balance, April 1, 2024","As at Apr 1, 2024",4064733
equity_changes,"Balance, April 1, 2025",business_100,"Balance, April 1, 2025","As at Apr 1, 2025",3693795
equity_changes,"Balance, April 1, 2025",business_100,"Balance, April 1, 2025","As at Apr 1, 2025",4064731
equity_changes,"Balance, April 1, 2025",business_100,"Balance, April 1, 2025","As at Apr 1, 2025",4064733
equity_changes,"Balance, April 1, 2026",business_100,"Balance, April 1, 2026","As at Apr 1, 2026",3693795
equity_changes,"Balance, December 31, 2024",business_100,"Balance, December 31, 2024","As at Dec 31, 2024",4064733
equity_changes,"Balance, December 31, 2025",business_100,"Balance, December 31, 2025","As at Dec 31, 2025",4064733
equity_changes,"Balance, June 30, 2025",business_100,"Balance, June 30, 2025","As at Jun 30, 2025",3693795
equity_changes,"Balance, June 30, 2026",business_100,"Balance, June 30, 2026","As at Jun 30, 2026",3693795
equity_changes,"Balance, September 30, 2024",business_100,"Balance, September 30, 2024","As at Sep 30, 2024",4064731
equity_changes,"Balance, September 30, 2025",business_100,"Balance, September 30, 2025","As at Sep 30, 2025",4064731
equity_changes,"Balance, beginning",business_100,"Balance, April 1, 2024","As at Apr 1, 2024",4064731
equity_changes,"Balance, beginning",business_100,"Balance, April 1, 2024","As at Apr 1, 2024",4064733
equity_changes,"Balance, beginning",business_100,"Balance, April 1, 2024",FY2025,4064735
equity_changes,"Balance, end",business_100,"Balance, March 31, 2025",FY2025,4064735
equity_changes,"Balance, end",business_100,"Balance, March 31, 2026",FY2026,4064735
equity_changes,Capital contributions,business_100,Capital contributions,6M FY2026,4064731
equity_changes,Capital contributions,business_100,Capital contributions (Note 4),9M FY2026,4064733
equity_changes,Capital contributions,business_100,"Capital contributions (Notes 4, 21)",FY2026,4064735
equity_changes,Capital contributions (Note 4),business_100,Capital contributions (Note 4),9M FY2026,4064733
equity_changes,Distributions,business_100,Distributions,6M FY2025,4064731
equity_changes,Distributions,business_100,Distributions,9M FY2025,4064733
equity_changes,Distributions,business_100,Distributions,FY2025,4064735
equity_changes,Distributions,business_100,Distributions,Q1 FY2026,3693795
equity_changes,Distributions,business_100,Distributions,Q1 FY2027,3693795
equity_changes,Distributions,business_100,"Distributions (Notes 4, 12)",9M FY2026,4064733
equity_changes,Distributions,business_100,"Distributions (Notes 4, 21)",FY2026,4064735
equity_changes,Distributions,business_100,Distributions (note 10),6M FY2026,4064731
equity_changes,"Distributions (Notes 4, 12)",business_100,"Distributions (Notes 4, 12)",9M FY2026,4064733
equity_changes,Distributions (note 10),business_100,Distributions (note 10),6M FY2026,4064731
equity_changes,Net earnings,business_100,Net earnings,6M FY2025,4064731
equity_changes,Net earnings,business_100,Net earnings,6M FY2026,4064731
equity_changes,Net earnings,business_100,Net earnings,9M FY2025,4064733
equity_changes,Net earnings,business_100,Net earnings,9M FY2026,4064733
equity_changes,Net earnings,business_100,Net earnings,FY2025,4064735
equity_changes,Net earnings,business_100,Net earnings,FY2026,4064735
equity_changes,Net earnings,business_100,Net earnings,Q1 FY2026,3693795
equity_changes,Net earnings,business_100,Net earnings,Q1 FY2027,3693795
equity_changes,Other comprehensive income,business_100,Other comprehensive income,6M FY2025,4064731
equity_changes,Other comprehensive income,business_100,Other comprehensive income,6M FY2026,4064731
equity_changes,Other comprehensive income,business_100,Other comprehensive income,9M FY2026,4064733
equity_changes,Other comprehensive income,business_100,Other comprehensive income,Q1 FY2026,3693795
equity_changes,Other comprehensive income,business_100,Other comprehensive income,Q1 FY2027,3693795
equity_changes,Other comprehensive income (loss),business_100,Other comprehensive income,6M FY2025,4064731
equity_changes,Other comprehensive income (loss),business_100,Other comprehensive income,6M FY2026,4064731
equity_changes,Other comprehensive income (loss),business_100,Other comprehensive income,9M FY2026,4064733
equity_changes,Other comprehensive income (loss),business_100,Other comprehensive income,FY2026,4064735
equity_changes,Other comprehensive income (loss),business_100,Other comprehensive income,Q1 FY2026,3693795
equity_changes,Other comprehensive income (loss),business_100,Other comprehensive income,Q1 FY2027,3693795
equity_changes,Other comprehensive income (loss),business_100,Other comprehensive loss,9M FY2025,4064733
equity_changes,Other comprehensive income (loss),business_100,Other comprehensive loss,FY2025,4064735
equity_changes,Other comprehensive loss,business_100,Other comprehensive loss,9M FY2025,4064733
equity_changes,Reorganization of subsidiaries,business_100,Reorganization of subsidiaries (Note 4),9M FY2026,4064733
equity_changes,Reorganization of subsidiaries,business_100,Reorganization of subsidiaries (Note 4),FY2026,4064735
equity_changes,Reorganization of subsidiaries (Note 4),business_100,Reorganization of subsidiaries (Note 4),9M FY2026,4064733
equity_changes,"Share-based compensation (Notes 10, 11)",business_100,"Share-based compensation (Notes 10, 11)",Q1 FY2027,3693795
income_statement,Basic,company,Basic,"July 28 to December 31, 2025",2794952
income_statement,Basic,company,Basic,"July 28, 2025 to March 31, 2026",3409150
income_statement,Basic,company,Basic,Q1 FY2027,3693793
income_statement,Basic,company,Basic,Q3 FY2026,2794952
income_statement,Basic,company,Basic,Q4 FY2026,3409150
income_statement,Cost of gas storage services,business_100,Cost of gas storage services,6M FY2025,4064731
income_statement,Cost of gas storage services,business_100,Cost of gas storage services,6M FY2026,4064731
income_statement,Cost of gas storage services,business_100,Cost of gas storage services,9M FY2025,4064733
income_statement,Cost of gas storage services,business_100,Cost of gas storage services,9M FY2026,4064733
income_statement,Cost of gas storage services,business_100,Cost of gas storage services,FY2025,4064735
income_statement,Cost of gas storage services,business_100,Cost of gas storage services,FY2025,4064736
income_statement,Cost of gas storage services,business_100,Cost of gas storage services,FY2026,4064735
income_statement,Cost of gas storage services,business_100,Cost of gas storage services,FY2026,4064736
income_statement,Cost of gas storage services,business_100,Cost of gas storage services,Q1 FY2026,3693795
income_statement,Cost of gas storage services,business_100,Cost of gas storage services,Q1 FY2027,3693795
income_statement,Cost of gas storage services,business_100,Cost of gas storage services,Q2 FY2025,4064731
income_statement,Cost of gas storage services,business_100,Cost of gas storage services,Q2 FY2026,4064731
income_statement,Cost of gas storage services,business_100,Cost of gas storage services,Q3 FY2025,4064733
income_statement,Cost of gas storage services,business_100,Cost of gas storage services,Q3 FY2026,4064733
income_statement,Cost of gas storage services,business_100,Cost of gas storage services,Q4 FY2025,4064736
income_statement,Cost of gas storage services,business_100,Cost of gas storage services,Q4 FY2026,4064736
income_statement,Depreciation and amortization,business_100,Depreciation and amortization,6M FY2025,4064731
income_statement,Depreciation and amortization,business_100,Depreciation and amortization,6M FY2026,4064731
income_statement,Depreciation and amortization,business_100,Depreciation and amortization,9M FY2025,4064733
income_statement,Depreciation and amortization,business_100,Depreciation and amortization,9M FY2026,4064733
income_statement,Depreciation and amortization,business_100,Depreciation and amortization,FY2025,4064735
income_statement,Depreciation and amortization,business_100,Depreciation and amortization,FY2025,4064736
income_statement,Depreciation and amortization,business_100,Depreciation and amortization,FY2026,4064735
income_statement,Depreciation and amortization,business_100,Depreciation and amortization,FY2026,4064736
income_statement,Depreciation and amortization,business_100,Depreciation and amortization,Q1 FY2026,3693795
income_statement,Depreciation and amortization,business_100,Depreciation and amortization,Q1 FY2027,3693795
income_statement,Depreciation and amortization,business_100,Depreciation and amortization,Q2 FY2025,4064731
income_statement,Depreciation and amortization,business_100,Depreciation and amortization,Q2 FY2026,4064731
income_statement,Depreciation and amortization,business_100,Depreciation and amortization,Q3 FY2025,4064733
income_statement,Depreciation and amortization,business_100,Depreciation and amortization,Q3 FY2026,4064733
income_statement,Depreciation and amortization,business_100,Depreciation and amortization,Q4 FY2025,4064736
income_statement,Depreciation and amortization,business_100,Depreciation and amortization,Q4 FY2026,4064736
income_statement,Diluted,company,Diluted,"July 28 to December 31, 2025",2794952
income_statement,Diluted,company,Diluted,"July 28, 2025 to March 31, 2026",3409150
income_statement,Diluted,company,Diluted,Q1 FY2027,3693793
income_statement,Diluted,company,Diluted,Q3 FY2026,2794952
income_statement,Diluted,company,Diluted,Q4 FY2026,3409150
income_statement,Earnings before income taxes,business_100,EARNINGS BEFORE INCOME TAXES,6M FY2025,4064731
income_statement,Earnings before income taxes,business_100,EARNINGS BEFORE INCOME TAXES,6M FY2026,4064731
income_statement,Earnings before income taxes,business_100,EARNINGS BEFORE INCOME TAXES,9M FY2025,4064733
income_statement,Earnings before income taxes,business_100,EARNINGS BEFORE INCOME TAXES,9M FY2026,4064733
income_statement,Earnings before income taxes,business_100,EARNINGS BEFORE INCOME TAXES,FY2025,4064735
income_statement,Earnings before income taxes,business_100,EARNINGS BEFORE INCOME TAXES,FY2025,4064736
income_statement,Earnings before income taxes,business_100,EARNINGS BEFORE INCOME TAXES,FY2026,4064735
income_statement,Earnings before income taxes,business_100,EARNINGS BEFORE INCOME TAXES,FY2026,4064736
income_statement,Earnings before income taxes,business_100,EARNINGS BEFORE INCOME TAXES,Q1 FY2026,3693795
income_statement,Earnings before income taxes,business_100,EARNINGS BEFORE INCOME TAXES,Q1 FY2027,3693795
income_statement,Earnings before income taxes,business_100,EARNINGS BEFORE INCOME TAXES,Q2 FY2025,4064731
income_statement,Earnings before income taxes,business_100,EARNINGS BEFORE INCOME TAXES,Q2 FY2026,4064731
income_statement,Earnings before income taxes,business_100,EARNINGS BEFORE INCOME TAXES,Q3 FY2025,4064733
income_statement,Earnings before income taxes,business_100,EARNINGS BEFORE INCOME TAXES,Q3 FY2026,4064733
income_statement,Earnings before income taxes,business_100,EARNINGS BEFORE INCOME TAXES,Q4 FY2025,4064736
income_statement,Earnings before income taxes,business_100,EARNINGS BEFORE INCOME TAXES,Q4 FY2026,4064736
income_statement,Earnings before income taxes,company,EARNINGS BEFORE INCOME TAXES,"Jul 28 - Sep 30, 2025 (stub)",4064731
income_statement,Earnings before income taxes,company,EARNINGS BEFORE INCOME TAXES,"July 28 to December 31, 2025",2794952
income_statement,Earnings before income taxes,company,EARNINGS BEFORE INCOME TAXES,"July 28, 2025 to March 31, 2026",3409150
income_statement,Earnings before income taxes,company,EARNINGS BEFORE INCOME TAXES,"July 28, 2025 to March 31, 2026",4064736
income_statement,Earnings before income taxes,company,EARNINGS BEFORE INCOME TAXES,Q1 FY2027,3693793
income_statement,Earnings before income taxes,company,EARNINGS BEFORE INCOME TAXES,Q3 FY2026,2794952
income_statement,Earnings before income taxes,company,EARNINGS BEFORE INCOME TAXES,Q4 FY2026,3409150
income_statement,Earnings before income taxes,company,EARNINGS BEFORE INCOME TAXES,Q4 FY2026,4064736
income_statement,Fee-for-Service revenue,business_100,Fee for service revenue,6M FY2025,4064731
income_statement,Fee-for-Service revenue,business_100,Fee for service revenue,6M FY2026,4064731
income_statement,Fee-for-Service revenue,business_100,Fee for service revenue,9M FY2025,4064733
income_statement,Fee-for-Service revenue,business_100,Fee for service revenue,9M FY2026,4064733
income_statement,Fee-for-Service revenue,business_100,Fee for service revenue,Q2 FY2025,4064731
income_statement,Fee-for-Service revenue,business_100,Fee for service revenue,Q2 FY2026,4064731
income_statement,Fee-for-Service revenue,business_100,Fee for service revenue,Q3 FY2025,4064733
income_statement,Fee-for-Service revenue,business_100,Fee for service revenue,Q3 FY2026,4064733
income_statement,Fee-for-Service revenue,business_100,Fee-for-Service revenue,FY2025,4064735
income_statement,Fee-for-Service revenue,business_100,Fee-for-Service revenue,FY2025,4064736
income_statement,Fee-for-Service revenue,business_100,Fee-for-Service revenue,FY2026,4064735
income_statement,Fee-for-Service revenue,business_100,Fee-for-Service revenue,FY2026,4064736
income_statement,Fee-for-Service revenue,business_100,Fee-for-Service revenue,Q1 FY2026,3693795
income_statement,Fee-for-Service revenue,business_100,Fee-for-Service revenue,Q1 FY2027,3693795
income_statement,Fee-for-Service revenue,business_100,Fee-for-Service revenue,Q4 FY2025,4064736
income_statement,Fee-for-Service revenue,business_100,Fee-for-Service revenue,Q4 FY2026,4064736
income_statement,Financing costs,business_100,Financing costs,6M FY2025,4064731
income_statement,Financing costs,business_100,Financing costs,6M FY2026,4064731
income_statement,Financing costs,business_100,Financing costs,9M FY2025,4064733
income_statement,Financing costs,business_100,Financing costs,9M FY2026,4064733
income_statement,Financing costs,business_100,Financing costs,FY2025,4064735
income_statement,Financing costs,business_100,Financing costs,FY2025,4064736
income_statement,Financing costs,business_100,Financing costs,FY2026,4064735
income_statement,Financing costs,business_100,Financing costs,FY2026,4064736
income_statement,Financing costs,business_100,Financing costs,Q1 FY2026,3693795
income_statement,Financing costs,business_100,Financing costs,Q1 FY2027,3693795
income_statement,Financing costs,business_100,Financing costs,Q2 FY2025,4064731
income_statement,Financing costs,business_100,Financing costs,Q2 FY2026,4064731
income_statement,Financing costs,business_100,Financing costs,Q3 FY2025,4064733
income_statement,Financing costs,business_100,Financing costs,Q3 FY2026,4064733
income_statement,Financing costs,business_100,Financing costs,Q4 FY2025,4064736
income_statement,Financing costs,business_100,Financing costs,Q4 FY2026,4064736
income_statement,Foreign exchange gains,company,Foreign exchange gains,"July 28 to December 31, 2025",2794952
income_statement,Foreign exchange gains,company,Foreign exchange gains,"July 28, 2025 to March 31, 2026",3409150
income_statement,Foreign exchange gains,company,Foreign exchange gains,"July 28, 2025 to March 31, 2026",4064736
income_statement,Foreign exchange gains,company,Foreign exchange gains,Q3 FY2026,2794952
income_statement,Foreign exchange gains,company,Foreign exchange gains,Q4 FY2026,3409150
income_statement,Foreign exchange gains,company,Foreign exchange gains,Q4 FY2026,4064736
income_statement,"Gain on gas storage obligations, net",business_100,"(Gain) loss on gas storage obligations, net",9M FY2025,4064733
income_statement,"Gain on gas storage obligations, net",business_100,"(Gain) loss on gas storage obligations, net",9M FY2026,4064733
income_statement,"Gain on gas storage obligations, net",business_100,"(Gain) loss on gas storage obligations, net",FY2025,4064736
income_statement,"Gain on gas storage obligations, net",business_100,"(Gain) loss on gas storage obligations, net",FY2026,4064736
income_statement,"Gain on gas storage obligations, net",business_100,"(Gain) loss on gas storage obligations, net",Q3 FY2025,4064733
income_statement,"Gain on gas storage obligations, net",business_100,"(Gain) loss on gas storage obligations, net",Q3 FY2026,4064733
income_statement,"Gain on gas storage obligations, net",business_100,"(Gain) loss on gas storage obligations, net",Q4 FY2025,4064736
income_statement,"Gain on gas storage obligations, net",business_100,"(Gain) loss on gas storage obligations, net",Q4 FY2026,4064736
income_statement,"Gain on gas storage obligations, net",business_100,"Gain on gas storage obligations, net",6M FY2025,4064731
income_statement,"Gain on gas storage obligations, net",business_100,"Gain on gas storage obligations, net",6M FY2026,4064731
income_statement,"Gain on gas storage obligations, net",business_100,"Gain on gas storage obligations, net",FY2025,4064735
income_statement,"Gain on gas storage obligations, net",business_100,"Gain on gas storage obligations, net",FY2026,4064735
income_statement,"Gain on gas storage obligations, net",business_100,"Gain on gas storage obligations, net",Q1 FY2026,3693795
income_statement,"Gain on gas storage obligations, net",business_100,"Gain on gas storage obligations, net",Q1 FY2027,3693795
income_statement,"Gain on gas storage obligations, net",business_100,"Gain on gas storage obligations, net",Q2 FY2025,4064731
income_statement,"Gain on gas storage obligations, net",business_100,"Gain on gas storage obligations, net",Q2 FY2026,4064731
income_statement,General and administrative,business_100,General and administrative,6M FY2025,4064731
income_statement,General and administrative,business_100,General and administrative,6M FY2026,4064731
income_statement,General and administrative,business_100,General and administrative,9M FY2025,4064733
income_statement,General and administrative,business_100,General and administrative,9M FY2026,4064733
income_statement,General and administrative,business_100,General and administrative,FY2025,4064735
income_statement,General and administrative,business_100,General and administrative,FY2025,4064736
income_statement,General and administrative,business_100,General and administrative,FY2026,4064735
income_statement,General and administrative,business_100,General and administrative,FY2026,4064736
income_statement,General and administrative,business_100,General and administrative,Q1 FY2026,3693795
income_statement,General and administrative,business_100,General and administrative,Q1 FY2027,3693795
income_statement,General and administrative,business_100,General and administrative,Q2 FY2025,4064731
income_statement,General and administrative,business_100,General and administrative,Q2 FY2026,4064731
income_statement,General and administrative,business_100,General and administrative,Q3 FY2025,4064733
income_statement,General and administrative,business_100,General and administrative,Q3 FY2026,4064733
income_statement,General and administrative,business_100,General and administrative,Q4 FY2025,4064736
income_statement,General and administrative,business_100,General and administrative,Q4 FY2026,4064736
income_statement,General and administrative,company,General and administrative,"Jul 28 - Sep 30, 2025 (stub)",4064731
income_statement,General and administrative,company,General and administrative,"July 28 to December 31, 2025",2794952
income_statement,General and administrative,company,General and administrative,"July 28, 2025 to March 31, 2026",3409150
income_statement,General and administrative,company,General and administrative,"July 28, 2025 to March 31, 2026",4064736
income_statement,General and administrative,company,General and administrative,Q1 FY2027,3693793
income_statement,General and administrative,company,General and administrative,Q3 FY2026,2794952
income_statement,General and administrative,company,General and administrative,Q4 FY2026,3409150
income_statement,General and administrative,company,General and administrative,Q4 FY2026,4064736
income_statement,Income tax expense,company,Income tax expense,"Jul 28 - Sep 30, 2025 (stub)",4064731
income_statement,Income tax expense (benefit) - current,business_100,Current,9M FY2025,4064733
income_statement,Income tax expense (benefit) - current,business_100,Current,9M FY2026,4064733
income_statement,Income tax expense (benefit) - current,business_100,Current,FY2025,4064735
income_statement,Income tax expense (benefit) - current,business_100,Current,FY2025,4064736
income_statement,Income tax expense (benefit) - current,business_100,Current,FY2026,4064735
income_statement,Income tax expense (benefit) - current,business_100,Current,FY2026,4064736
income_statement,Income tax expense (benefit) - current,business_100,Current,Q1 FY2026,3693795
income_statement,Income tax expense (benefit) - current,business_100,Current,Q1 FY2027,3693795
income_statement,Income tax expense (benefit) - current,business_100,Current,Q3 FY2025,4064733
income_statement,Income tax expense (benefit) - current,business_100,Current,Q3 FY2026,4064733
income_statement,Income tax expense (benefit) - current,business_100,Current,Q4 FY2025,4064736
income_statement,Income tax expense (benefit) - current,business_100,Current,Q4 FY2026,4064736
income_statement,Income tax expense (benefit) - current,company,Current,"July 28 to December 31, 2025",2794952
income_statement,Income tax expense (benefit) - current,company,Current,"July 28, 2025 to March 31, 2026",3409150
income_statement,Income tax expense (benefit) - current,company,Current,"July 28, 2025 to March 31, 2026",4064736
income_statement,Income tax expense (benefit) - current,company,Current,Q1 FY2027,3693793
income_statement,Income tax expense (benefit) - current,company,Current,Q3 FY2026,2794952
income_statement,Income tax expense (benefit) - current,company,Current,Q4 FY2026,3409150
income_statement,Income tax expense (benefit) - current,company,Current,Q4 FY2026,4064736
income_statement,Income tax expense (benefit) - deferred,business_100,Deferred,6M FY2025,4064731
income_statement,Income tax expense (benefit) - deferred,business_100,Deferred,6M FY2026,4064731
income_statement,Income tax expense (benefit) - deferred,business_100,Deferred,9M FY2025,4064733
income_statement,Income tax expense (benefit) - deferred,business_100,Deferred,9M FY2026,4064733
income_statement,Income tax expense (benefit) - deferred,business_100,Deferred,FY2025,4064735
income_statement,Income tax expense (benefit) - deferred,business_100,Deferred,FY2025,4064736
income_statement,Income tax expense (benefit) - deferred,business_100,Deferred,FY2026,4064735
income_statement,Income tax expense (benefit) - deferred,business_100,Deferred,FY2026,4064736
income_statement,Income tax expense (benefit) - deferred,business_100,Deferred,Q1 FY2026,3693795
income_statement,Income tax expense (benefit) - deferred,business_100,Deferred,Q1 FY2027,3693795
income_statement,Income tax expense (benefit) - deferred,business_100,Deferred,Q2 FY2025,4064731
income_statement,Income tax expense (benefit) - deferred,business_100,Deferred,Q2 FY2026,4064731
income_statement,Income tax expense (benefit) - deferred,business_100,Deferred,Q3 FY2025,4064733
income_statement,Income tax expense (benefit) - deferred,business_100,Deferred,Q3 FY2026,4064733
income_statement,Income tax expense (benefit) - deferred,business_100,Deferred,Q4 FY2025,4064736
income_statement,Income tax expense (benefit) - deferred,business_100,Deferred,Q4 FY2026,4064736
income_statement,Income tax expense (benefit) - deferred,company,Deferred,"July 28 to December 31, 2025",2794952
income_statement,Income tax expense (benefit) - deferred,company,Deferred,"July 28, 2025 to March 31, 2026",3409150
income_statement,Income tax expense (benefit) - deferred,company,Deferred,"July 28, 2025 to March 31, 2026",4064736
income_statement,Income tax expense (benefit) - deferred,company,Deferred,Q1 FY2027,3693793
income_statement,Income tax expense (benefit) - deferred,company,Deferred,Q3 FY2026,2794952
income_statement,Income tax expense (benefit) - deferred,company,Deferred,Q4 FY2026,3409150
income_statement,Income tax expense (benefit) - deferred,company,Deferred,Q4 FY2026,4064736
income_statement,Net earnings,business_100,NET EARNINGS,6M FY2025,4064731
income_statement,Net earnings,business_100,NET EARNINGS,6M FY2026,4064731
income_statement,Net earnings,business_100,NET EARNINGS,9M FY2025,4064733
income_statement,Net earnings,business_100,NET EARNINGS,9M FY2026,4064733
income_statement,Net earnings,business_100,NET EARNINGS,FY2025,4064735
income_statement,Net earnings,business_100,NET EARNINGS,FY2025,4064736
income_statement,Net earnings,business_100,NET EARNINGS,FY2026,4064735
income_statement,Net earnings,business_100,NET EARNINGS,FY2026,4064736
income_statement,Net earnings,business_100,NET EARNINGS,Q1 FY2026,3693795
income_statement,Net earnings,business_100,NET EARNINGS,Q1 FY2027,3693795
income_statement,Net earnings,business_100,NET EARNINGS,Q2 FY2025,4064731
income_statement,Net earnings,business_100,NET EARNINGS,Q2 FY2026,4064731
income_statement,Net earnings,business_100,NET EARNINGS,Q3 FY2025,4064733
income_statement,Net earnings,business_100,NET EARNINGS,Q3 FY2026,4064733
income_statement,Net earnings,business_100,NET EARNINGS,Q4 FY2025,4064736
income_statement,Net earnings,business_100,NET EARNINGS,Q4 FY2026,4064736
income_statement,Net earnings,company,NET EARNINGS,"July 28 to December 31, 2025",2794952
income_statement,Net earnings,company,NET EARNINGS,"July 28, 2025 to March 31, 2026",3409150
income_statement,Net earnings,company,NET EARNINGS,"July 28, 2025 to March 31, 2026",4064736
income_statement,Net earnings,company,NET EARNINGS,Q1 FY2027,3693793
income_statement,Net earnings,company,NET EARNINGS,Q3 FY2026,2794952
income_statement,Net earnings,company,NET EARNINGS,Q4 FY2026,3409150
income_statement,Net earnings,company,NET EARNINGS,Q4 FY2026,4064736
income_statement,Operating,business_100,Operating,6M FY2025,4064731
income_statement,Operating,business_100,Operating,6M FY2026,4064731
income_statement,Operating,business_100,Operating,9M FY2025,4064733
income_statement,Operating,business_100,Operating,9M FY2026,4064733
income_statement,Operating,business_100,Operating,FY2025,4064735
income_statement,Operating,business_100,Operating,FY2025,4064736
income_statement,Operating,business_100,Operating,FY2026,4064735
income_statement,Operating,business_100,Operating,FY2026,4064736
income_statement,Operating,business_100,Operating,Q1 FY2026,3693795
income_statement,Operating,business_100,Operating,Q1 FY2027,3693795
income_statement,Operating,business_100,Operating,Q2 FY2025,4064731
income_statement,Operating,business_100,Operating,Q2 FY2026,4064731
income_statement,Operating,business_100,Operating,Q3 FY2025,4064733
income_statement,Operating,business_100,Operating,Q3 FY2026,4064733
income_statement,Operating,business_100,Operating,Q4 FY2025,4064736
income_statement,Operating,business_100,Operating,Q4 FY2026,4064736
income_statement,"Optimization, net",business_100,"Optimization, net",6M FY2025,4064731
income_statement,"Optimization, net",business_100,"Optimization, net",6M FY2026,4064731
income_statement,"Optimization, net",business_100,"Optimization, net",9M FY2025,4064733
income_statement,"Optimization, net",business_100,"Optimization, net",9M FY2026,4064733
income_statement,"Optimization, net",business_100,"Optimization, net",FY2025,4064735
income_statement,"Optimization, net",business_100,"Optimization, net",FY2025,4064736
income_statement,"Optimization, net",business_100,"Optimization, net",FY2026,4064735
income_statement,"Optimization, net",business_100,"Optimization, net",FY2026,4064736
income_statement,"Optimization, net",business_100,"Optimization, net",Q1 FY2026,3693795
income_statement,"Optimization, net",business_100,"Optimization, net",Q1 FY2027,3693795
income_statement,"Optimization, net",business_100,"Optimization, net",Q2 FY2025,4064731
income_statement,"Optimization, net",business_100,"Optimization, net",Q2 FY2026,4064731
income_statement,"Optimization, net",business_100,"Optimization, net",Q3 FY2025,4064733
income_statement,"Optimization, net",business_100,"Optimization, net",Q3 FY2026,4064733
income_statement,"Optimization, net",business_100,"Optimization, net",Q4 FY2025,4064736
income_statement,"Optimization, net",business_100,"Optimization, net",Q4 FY2026,4064736
income_statement,Other expenses,business_100,Other (income) expenses,9M FY2025,4064733
income_statement,Other expenses,business_100,Other (income) expenses,9M FY2026,4064733
income_statement,Other expenses,business_100,Other (income) expenses,Q3 FY2025,4064733
income_statement,Other expenses,business_100,Other (income) expenses,Q3 FY2026,4064733
income_statement,Other expenses,business_100,Other expenses,6M FY2025,4064731
income_statement,Other expenses,business_100,Other expenses,6M FY2026,4064731
income_statement,Other expenses,business_100,Other expenses,FY2025,4064735
income_statement,Other expenses,business_100,Other expenses,FY2025,4064736
income_statement,Other expenses,business_100,Other expenses,FY2026,4064735
income_statement,Other expenses,business_100,Other expenses,FY2026,4064736
income_statement,Other expenses,business_100,Other expenses,Q1 FY2026,3693795
income_statement,Other expenses,business_100,Other expenses,Q1 FY2027,3693795
income_statement,Other expenses,business_100,Other expenses,Q2 FY2025,4064731
income_statement,Other expenses,business_100,Other expenses,Q2 FY2026,4064731
income_statement,Other expenses,business_100,Other expenses,Q4 FY2025,4064736
income_statement,Other expenses,business_100,Other expenses,Q4 FY2026,4064736
income_statement,Other expenses,company,Other expenses,"July 28, 2025 to March 31, 2026",3409150
income_statement,Other expenses,company,Other expenses,"July 28, 2025 to March 31, 2026",4064736
income_statement,Other expenses,company,Other expenses,Q4 FY2026,3409150
income_statement,Other expenses,company,Other expenses,Q4 FY2026,4064736
income_statement,Share of income from equity accounted investees,company,Share of income from equity accounted investees,"Jul 28 - Sep 30, 2025 (stub)",4064731
income_statement,Share of income from equity accounted investees,company,Share of income from equity accounted investees,"July 28 to December 31, 2025",2794952
income_statement,Share of income from equity accounted investees,company,Share of income from equity accounted investees,"July 28, 2025 to March 31, 2026",3409150
income_statement,Share of income from equity accounted investees,company,Share of income from equity accounted investees,"July 28, 2025 to March 31, 2026",4064736
income_statement,Share of income from equity accounted investees,company,Share of income from equity accounted investees,Q1 FY2027,3693793
income_statement,Share of income from equity accounted investees,company,Share of income from equity accounted investees,Q3 FY2026,2794952
income_statement,Share of income from equity accounted investees,company,Share of income from equity accounted investees,Q4 FY2026,3409150
income_statement,Share of income from equity accounted investees,company,Share of income from equity accounted investees,Q4 FY2026,4064736
income_statement,Total expenses (income),business_100,(unlabelled subtotal),6M FY2025,4064731
income_statement,Total expenses (income),business_100,(unlabelled subtotal),6M FY2026,4064731
income_statement,Total expenses (income),business_100,(unlabelled subtotal),9M FY2025,4064733
income_statement,Total expenses (income),business_100,(unlabelled subtotal),9M FY2026,4064733
income_statement,Total expenses (income),business_100,(unlabelled subtotal),Q1 FY2026,3693795
income_statement,Total expenses (income),business_100,(unlabelled subtotal),Q1 FY2027,3693795
income_statement,Total expenses (income),business_100,(unlabelled subtotal),Q2 FY2025,4064731
income_statement,Total expenses (income),business_100,(unlabelled subtotal),Q2 FY2026,4064731
income_statement,Total expenses (income),business_100,(unlabelled subtotal),Q3 FY2025,4064733
income_statement,Total expenses (income),business_100,(unlabelled subtotal),Q3 FY2026,4064733
income_statement,Total expenses (income),business_100,[unlabelled subtotal row],FY2025,4064735
income_statement,Total expenses (income),business_100,[unlabelled subtotal row],FY2026,4064735
income_statement,Total income tax expense (benefit),business_100,(unlabelled subtotal),9M FY2025,4064733
income_statement,Total income tax expense (benefit),business_100,(unlabelled subtotal),9M FY2026,4064733
income_statement,Total income tax expense (benefit),business_100,(unlabelled subtotal),Q1 FY2026,3693795
income_statement,Total income tax expense (benefit),business_100,(unlabelled subtotal),Q1 FY2027,3693795
income_statement,Total income tax expense (benefit),business_100,(unlabelled subtotal),Q3 FY2025,4064733
income_statement,Total income tax expense (benefit),business_100,(unlabelled subtotal),Q3 FY2026,4064733
income_statement,Total income tax expense (benefit),business_100,[unlabelled subtotal row],FY2025,4064735
income_statement,Total income tax expense (benefit),business_100,[unlabelled subtotal row],FY2026,4064735
income_statement,Total revenues,business_100,Total revenues,6M FY2025,4064731
income_statement,Total revenues,business_100,Total revenues,6M FY2026,4064731
income_statement,Total revenues,business_100,Total revenues,9M FY2025,4064733
income_statement,Total revenues,business_100,Total revenues,9M FY2026,4064733
income_statement,Total revenues,business_100,Total revenues,FY2025,4064735
income_statement,Total revenues,business_100,Total revenues,FY2025,4064736
income_statement,Total revenues,business_100,Total revenues,FY2026,4064735
income_statement,Total revenues,business_100,Total revenues,FY2026,4064736
income_statement,Total revenues,business_100,Total revenues,Q1 FY2026,3693795
income_statement,Total revenues,business_100,Total revenues,Q1 FY2027,3693795
income_statement,Total revenues,business_100,Total revenues,Q2 FY2025,4064731
income_statement,Total revenues,business_100,Total revenues,Q2 FY2026,4064731
income_statement,Total revenues,business_100,Total revenues,Q3 FY2025,4064733
income_statement,Total revenues,business_100,Total revenues,Q3 FY2026,4064733
income_statement,Total revenues,business_100,Total revenues,Q4 FY2025,4064736
income_statement,Total revenues,business_100,Total revenues,Q4 FY2026,4064736
income_statement,[no caption printed],company,[no caption printed],"July 28 to December 31, 2025",2794952
income_statement,[no caption printed],company,[no caption printed],"July 28, 2025 to March 31, 2026",3409150
income_statement,[no caption printed],company,[no caption printed],Q1 FY2027,3693793
income_statement,[no caption printed],company,[no caption printed],Q3 FY2026,2794952
income_statement,[no caption printed],company,[no caption printed],Q4 FY2026,3409150
kpi,# of Injection / Withdrawal Wells,business_100,# of Injection / Withdrawal Wells,FY2026,3724816
kpi,# of Interconnects,business_100,# of Interconnects,FY2026,3724816
kpi,AECO Hub - FY26 Regulatory Compliance Spend,business_100,AECO Hub - FY26 Regulatory Compliance Spend,FY2026,3724816
kpi,AECO Hub - combined effective working gas storage capacity,business_100,AECO Hub - combined effective working gas storage capacity,FY2026,3724816
kpi,AECO Hub(TM) (Suffield and Countess) combined effective working gas storage capacity,business_100,AECO Hub(TM) (Suffield and Countess) combined effective working gas storage capacity,FY2026,4064736
kpi,ATCO - Carrot Creek - Storage Capacity (Bcf),business_100,ATCO - Carrot Creek - Storage Capacity (Bcf),FY2026,3724816
kpi,ATCO - McLeod - Storage Capacity (Bcf),business_100,ATCO - McLeod - Storage Capacity (Bcf),FY2026,3724816
kpi,ATCO - Wayne-Rosedale - Storage Capacity (Bcf),business_100,ATCO - Wayne-Rosedale - Storage Capacity (Bcf),FY2026,3724816
kpi,Alberta - Contract Rate ($/Dth (1)),business_100,Alberta - Contract Rate ($/Dth (1)),FY2025,4064736
kpi,Alberta - Contract Rate ($/Dth (1)),business_100,Alberta - Contract Rate ($/Dth (1)),FY2026,4064736
kpi,Alberta - Fee-for- Service Gross Margin (in millions of $),business_100,Alberta - Fee-for- Service Gross Margin (in millions of $),FY2025,4064736
kpi,Alberta - Fee-for- Service Gross Margin (in millions of $),business_100,Alberta - Fee-for- Service Gross Margin (in millions of $),FY2026,4064736
kpi,Alberta - Working Gas Capacity Contribution (MMDth),business_100,Alberta - Working Gas Capacity Contribution (MMDth),FY2025,4064736
kpi,Alberta - Working Gas Capacity Contribution (MMDth),business_100,Alberta - Working Gas Capacity Contribution (MMDth),FY2026,4064736
kpi,Alberta capacity under long-term ToP contracts,business_100,Alberta capacity under long-term ToP contracts,FY2026,3409150
kpi,Alberta natural gas storage - number of storage facilities,business_100,Alberta natural gas storage - number of storage facilities,FY2026,3724816
kpi,Alberta natural gas storage - total estimated effective working gas storage capacity,business_100,Alberta natural gas storage - total estimated effective working gas storage capacity,FY2026,3724816
kpi,AltaGas - Dimsdale - Storage Capacity (Bcf),business_100,AltaGas - Dimsdale - Storage Capacity (Bcf),FY2026,3724816
kpi,California - Contract Rate ($/Dth (1)),business_100,California - Contract Rate ($/Dth (1)),FY2025,4064736
kpi,California - Contract Rate ($/Dth (1)),business_100,California - Contract Rate ($/Dth (1)),FY2026,4064736
kpi,California - Fee-for- Service Gross Margin (in millions of $),business_100,California - Fee-for- Service Gross Margin (in millions of $),FY2025,4064736
kpi,California - Fee-for- Service Gross Margin (in millions of $),business_100,California - Fee-for- Service Gross Margin (in millions of $),FY2026,4064736
kpi,California - Working Gas Capacity Contribution (MMDth),business_100,California - Working Gas Capacity Contribution (MMDth),FY2025,4064736
kpi,California - Working Gas Capacity Contribution (MMDth),business_100,California - Working Gas Capacity Contribution (MMDth),FY2026,4064736
kpi,California capacity under long-term ToP agreements,business_100,California capacity under long-term ToP agreements,FY2026,3409150
kpi,California natural gas storage market - number of storage facilities,business_100,California natural gas storage market - number of storage facilities,FY2026,3724816
kpi,California natural gas storage market - total estimated effective working gas storage capacity,business_100,California natural gas storage market - total estimated effective working gas storage capacity,FY2026,3724816
kpi,Class A Shares repurchased under the NCIB,company,Class A Shares repurchased under the NCIB,Q1 FY2027,3693793
kpi,"Countess Facility - distance east of Calgary, Alberta",business_100,"Countess Facility - distance east of Calgary, Alberta",FY2026,3724816
kpi,Countess Facility - electricity generated compression,business_100,Countess Facility - electricity generated compression,FY2026,3724816
kpi,Countess Facility - gas storage reservoirs,business_100,Countess Facility - gas storage reservoirs,FY2026,3724816
kpi,Countess Facility - standalone battery storage installation (pre-FID),business_100,Countess Facility - standalone battery storage installation (pre-FID),FY2026,3724816
kpi,Countess Facility - storage wells,business_100,Countess Facility - storage wells,FY2026,3724816
kpi,Effective Working Gas Capacity,business_100,Effective Working Gas Capacity,FY2026,3724816
kpi,Effective working gas capacity allocated to ToP contracts,business_100,Effective working gas capacity allocated to ToP contracts,FY2026,4064732
kpi,Effective working gas storage capacity allocated to ToP contracts,business_100,Effective working gas storage capacity allocated to ToP contracts,FY2026,4064736
kpi,Enbridge - Aitken Creek - Storage Capacity (Bcf),business_100,Enbridge - Aitken Creek - Storage Capacity (Bcf),FY2026,3724816
kpi,Ending balance,business_100,Ending balance,FY2025,4064736
kpi,Ending balance,business_100,Ending balance,FY2026,4064736
kpi,Fee for Service gross margin as a % of Adjusted Gross Margin - long-term target,business_100,Fee for Service gross margin as a % of Adjusted Gross Margin - long-term target,Q3 FY2026,2794952
kpi,Fee-for-Service contracted backlog recognized in revenue,business_100,Fee-for-Service contracted backlog recognized in revenue,FY2025,4064736
kpi,Fee-for-Service contracted backlog recognized in revenue,business_100,Fee-for-Service contracted backlog recognized in revenue,FY2026,4064736
kpi,Fee-for-Service contracts signed during the fiscal period,business_100,Fee-for-Service contracts signed during the fiscal period,FY2025,4064736
kpi,Fee-for-Service contracts signed during the fiscal period,business_100,Fee-for-Service contracts signed during the fiscal period,FY2026,4064736
kpi,Fee-for-Service revenue as % of total revenue,business_100,Fee-for-Service revenue as % of total revenue,FY2026,4064736
kpi,Fee-for-Service revenue as % of total revenue,business_100,Fee-for-Service revenue as % of total revenue,Q4 FY2026,4064736
kpi,Foreign currency adjustments and other,business_100,Foreign currency adjustments and other,FY2025,4064736
kpi,Foreign currency adjustments and other,business_100,Foreign currency adjustments and other,FY2026,4064736
kpi,Growth capital expenditures,business_100,Growth capital expenditures,FY2025,4064736
kpi,Growth capital expenditures,business_100,Growth capital expenditures,FY2026,4064736
kpi,Husky Energy - Hussar - Storage Capacity (Bcf),business_100,Husky Energy - Hussar - Storage Capacity (Bcf),FY2026,3724816
kpi,"Kirby Hills Facility - distance west of Lodi, California",business_100,"Kirby Hills Facility - distance west of Lodi, California",FY2026,3724816
kpi,Kirby Hills Facility pipeline to two interconnections west of Rio Vista,business_100,Kirby Hills Facility pipeline to two interconnections west of Rio Vista,FY2026,3724816
kpi,LNG Canada nameplate capacity,business_100,LNG Canada nameplate capacity,Q3 FY2026,2794952
kpi,"Lodi Facility - distance north of Lodi, California",business_100,"Lodi Facility - distance north of Lodi, California",FY2026,3724816
kpi,Lodi Facility pipeline to PG&E interconnection north of Antioch,business_100,Lodi Facility pipeline to PG&E interconnection north of Antioch,FY2026,3724816
kpi,Lodi Storage Facility - FY26 Regulatory Compliance Spend,business_100,Lodi Storage Facility - FY26 Regulatory Compliance Spend,FY2026,3724816
kpi,Lodi Storage Facility - combined effective working gas storage capacity,business_100,Lodi Storage Facility - combined effective working gas storage capacity,FY2026,3724816
kpi,Lodi and Kirby Hills storage facilities combined effective working gas storage capacity,business_100,Lodi and Kirby Hills storage facilities combined effective working gas storage capacity,FY2026,4064736
kpi,Lost Time Incident Frequency (LTIF),business_100,Lost Time Incident Frequency (LTIF),FY2026,3409150
kpi,Maintenance capital expenditures,business_100,Maintenance capital expenditures,FY2025,4064736
kpi,Maintenance capital expenditures,business_100,Maintenance capital expenditures,FY2026,4064736
kpi,Max Injection,business_100,Max Injection,FY2026,3724816
kpi,Max Withdrawal,business_100,Max Withdrawal,FY2026,3724816
kpi,Moody's credit rating,business_100,Moody's credit rating,FY2026,4064736
kpi,NCIB total consideration,company,NCIB total consideration,Q1 FY2027,3693793
kpi,NCIB weighted-average repurchase price,company,NCIB weighted-average repurchase price,Q1 FY2027,3693793
kpi,Net Debt to Adjusted EBITDA,business_100,Net Debt to Adjusted EBITDA,Q3 FY2026,2794952
kpi,Net Debt to Adjusted EBITDA ratio,business_100,Net Debt to Adjusted EBITDA ratio,Q1 FY2027,3693793
kpi,Net earnings excluding Legacy Incentive Plan compensation costs,business_100,Net earnings excluding Legacy Incentive Plan compensation costs,FY2026,3409150
kpi,Net earnings excluding Legacy Incentive Plan compensation costs,business_100,Net earnings excluding Legacy Incentive Plan compensation costs,Q4 FY2026,3409150
kpi,Net earnings excluding legacy incentive plan costs,business_100,Net earnings excluding legacy incentive plan costs,"LTM ended June 30, 2026",3693793
kpi,North American natural gas storage market - number of storage facilities,business_100,North American natural gas storage market - number of storage facilities,FY2026,3724816
kpi,North American natural gas storage market - total estimated effective working gas storage capacity,business_100,North American natural gas storage market - total estimated effective working gas storage capacity,FY2026,3724816
kpi,Opening balance,business_100,Opening balance,FY2025,4064736
kpi,Opening balance,business_100,Opening balance,FY2026,4064736
kpi,Optimization business gross margin,business_100,Optimization business gross margin,FY2024,3693793
kpi,Optimization business gross margin,business_100,Optimization business gross margin,FY2025,3693793
kpi,Optimization business gross margin,business_100,Optimization business gross margin,FY2026,3693793
kpi,Owned Pipeline,business_100,Owned Pipeline,FY2026,3724816
kpi,Ownership Interest,business_100,Ownership Interest,FY2026,3724816
kpi,PG&E + Sensa - Gill Ranch - Storage Capacity (Bcf),business_100,PG&E + Sensa - Gill Ranch - Storage Capacity (Bcf),FY2026,3724816
kpi,PG&E - Los Medanos - Storage Capacity (Bcf),business_100,PG&E - Los Medanos - Storage Capacity (Bcf),FY2026,3724816
kpi,PG&E - McDonald Island - Storage Capacity (Bcf),business_100,PG&E - McDonald Island - Storage Capacity (Bcf),FY2026,3724816
kpi,Producers,business_100,Producers,FY2026,3724816
kpi,ROCKPOINT - AECO HUB - Storage Capacity (Bcf),business_100,ROCKPOINT - AECO HUB - Storage Capacity (Bcf),FY2026,3724816
kpi,ROCKPOINT - Lodi & Kirby Hills - Storage Capacity (Bcf),business_100,ROCKPOINT - Lodi & Kirby Hills - Storage Capacity (Bcf),FY2026,3724816
kpi,ROCKPOINT - Warwick - Storage Capacity (Bcf),business_100,ROCKPOINT - Warwick - Storage Capacity (Bcf),FY2026,3724816
kpi,ROCKPOINT - Wild Goose - Storage Capacity (Bcf),business_100,ROCKPOINT - Wild Goose - Storage Capacity (Bcf),FY2026,3724816
kpi,"Rockpoint Gas Storage employees as at March 31, 2026",business_100,"Rockpoint Gas Storage employees as at March 31, 2026",FY2026,3724816
kpi,S&P credit rating,business_100,S&P credit rating,FY2026,4064736
kpi,Salt Plains Facility - effective working gas storage capacity,business_100,Salt Plains Facility - effective working gas storage capacity,FY2024,3724816
kpi,SaskEnergy - Saskatchewan - Storage Capacity (Bcf),business_100,SaskEnergy - Saskatchewan - Storage Capacity (Bcf),FY2026,3724816
kpi,Sixth Street + Caliche - Central Valley - Storage Capacity (Bcf),business_100,Sixth Street + Caliche - Central Valley - Storage Capacity (Bcf),FY2026,3724816
kpi,SoCalGas - Aliso Canyon - Storage Capacity (Bcf),business_100,SoCalGas - Aliso Canyon - Storage Capacity (Bcf),FY2026,3724816
kpi,SoCalGas - Honor Rancho - Storage Capacity (Bcf),business_100,SoCalGas - Honor Rancho - Storage Capacity (Bcf),FY2026,3724816
kpi,SoCalGas - La Goleta - Storage Capacity (Bcf),business_100,SoCalGas - La Goleta - Storage Capacity (Bcf),FY2026,3724816
kpi,Start of Operations,business_100,Start of Operations,FY2026,3724816
kpi,Suffield Facility - connecting pipelines,business_100,Suffield Facility - connecting pipelines,FY2026,3724816
kpi,"Suffield Facility - distance northwest of Medicine Hat, Alberta",business_100,"Suffield Facility - distance northwest of Medicine Hat, Alberta",FY2026,3724816
kpi,Suffield Facility - natural gas generated compression,business_100,Suffield Facility - natural gas generated compression,FY2026,3724816
kpi,Suffield Facility - storage reservoirs,business_100,Suffield Facility - storage reservoirs,FY2026,3724816
kpi,Suffield Facility - storage wells,business_100,Suffield Facility - storage wells,FY2026,3724816
kpi,TC Energy - Crossfield East - Storage Capacity (Bcf),business_100,TC Energy - Crossfield East - Storage Capacity (Bcf),FY2026,3724816
kpi,TC Energy - Edson - Storage Capacity (Bcf),business_100,TC Energy - Edson - Storage Capacity (Bcf),FY2026,3724816
kpi,Term Loan repricing - annual interest cost savings,business_100,Term Loan repricing - annual interest cost savings,FY2026,3409150
kpi,Term Loan repricing - spread reduction,business_100,Term Loan repricing - spread reduction,FY2026,3409150
kpi,Tidewater Midstream - Brazeau River - Storage Capacity (Bcf),business_100,Tidewater Midstream - Brazeau River - Storage Capacity (Bcf),FY2026,3724816
kpi,"ToP contracted demand charges, excluding fuel and commodity recovery - Alberta",business_100,"ToP contracted demand charges, excluding fuel and commodity recovery - Alberta",FY2025,4064736
kpi,"ToP contracted demand charges, excluding fuel and commodity recovery - Alberta",business_100,"ToP contracted demand charges, excluding fuel and commodity recovery - Alberta",FY2026,4064736
kpi,"ToP contracted demand charges, excluding fuel and commodity recovery - California",business_100,"ToP contracted demand charges, excluding fuel and commodity recovery - California",FY2025,4064736
kpi,"ToP contracted demand charges, excluding fuel and commodity recovery - California",business_100,"ToP contracted demand charges, excluding fuel and commodity recovery - California",FY2026,4064736
kpi,ToP gross margin contribution,business_100,ToP gross margin contribution,FY2025,3409150
kpi,ToP gross margin contribution,business_100,ToP gross margin contribution,FY2026,3409150
kpi,Total capital expenditures,business_100,Total capital expenditures,FY2025,4064736
kpi,Total capital expenditures,business_100,Total capital expenditures,FY2026,4064736
kpi,Tres Palacios Facility - effective working gas storage capacity,business_100,Tres Palacios Facility - effective working gas storage capacity,FY2024,3724816
kpi,Warwick Battery Storage - battery energy storage capacity,business_100,Warwick Battery Storage - battery energy storage capacity,Q1 FY2027,3693793
kpi,Warwick Battery Storage - battery energy storage system capacity,business_100,Warwick Battery Storage - battery energy storage system capacity,FY2026,3409150
kpi,Warwick Battery Storage - detailed engineering and design completed,business_100,Warwick Battery Storage - detailed engineering and design completed,Q1 FY2027,3693793
kpi,Warwick Battery Storage - expected project cost,business_100,Warwick Battery Storage - expected project cost,FY2026,3409150
kpi,Warwick Battery Storage Project - battery electricity storage operation,business_100,Warwick Battery Storage Project - battery electricity storage operation,FY2026,3724816
kpi,Warwick Expansion Project - potential incremental working gas capacity,business_100,Warwick Expansion Project - potential incremental working gas capacity,FY2026,3724816
kpi,Warwick Facility - FY26 Regulatory Compliance Spend,business_100,Warwick Facility - FY26 Regulatory Compliance Spend,FY2026,3724816
kpi,"Warwick Facility - distance east of Edmonton, Alberta",business_100,"Warwick Facility - distance east of Edmonton, Alberta",FY2026,3724816
kpi,Warwick Facility - effective working gas storage capacity,business_100,Warwick Facility - effective working gas storage capacity,FY2026,3724816
kpi,Warwick Facility battery storage project expected cost,business_100,Warwick Facility battery storage project expected cost,FY2026,3724816
kpi,Warwick Gas Storage Expansion - incremental working gas storage capacity,business_100,Warwick Gas Storage Expansion - incremental working gas storage capacity,FY2026,3409150
kpi,"Warwick Gas Storage Expansion - incremental working gas storage capacity, initial phase",business_100,"Warwick Gas Storage Expansion - incremental working gas storage capacity, initial phase",Q1 FY2027,3693793
kpi,Warwick Gas Storage Expansion - total incremental working gas storage capacity,business_100,Warwick Gas Storage Expansion - total incremental working gas storage capacity,Q1 FY2027,3693793
kpi,Warwick storage facility effective working gas storage capacity,business_100,Warwick storage facility effective working gas storage capacity,FY2026,4064736
kpi,Weighted average ToP contract fees,business_100,Weighted average ToP contract fees,FY2025,4064736
kpi,Weighted average ToP contract fees,business_100,Weighted average ToP contract fees,FY2026,4064736
kpi,Weighted average ToP contract fees,business_100,Weighted average ToP contract fees,Q4 FY2025,4064736
kpi,Weighted average ToP contract fees,business_100,Weighted average ToP contract fees,Q4 FY2026,4064736
kpi,Wild Goose Facility - FY26 Regulatory Compliance Spend,business_100,Wild Goose Facility - FY26 Regulatory Compliance Spend,FY2026,3724816
kpi,"Wild Goose Facility - distance north of Sacramento, California",business_100,"Wild Goose Facility - distance north of Sacramento, California",FY2026,3724816
kpi,Wild Goose Facility - effective working gas storage capacity,business_100,Wild Goose Facility - effective working gas storage capacity,FY2026,3724816
kpi,Wild Goose storage facility effective working gas storage capacity,business_100,Wild Goose storage facility effective working gas storage capacity,FY2026,4064736
kpi,[unlabelled total row] - Fee-for- Service Gross Margin (in millions of $),business_100,[unlabelled total row] - Fee-for- Service Gross Margin (in millions of $),FY2025,4064736
kpi,[unlabelled total row] - Fee-for- Service Gross Margin (in millions of $),business_100,[unlabelled total row] - Fee-for- Service Gross Margin (in millions of $),FY2026,4064736
kpi,active depleted natural gas reservoirs,business_100,active depleted natural gas reservoirs,FY2026,3724816
kpi,annual Distributable Cash Flow growth target,business_100,annual Distributable Cash Flow growth target,FY2026,4064736
kpi,asset portfolio operating history,business_100,asset portfolio operating history,FY2026,3409150
kpi,asset portfolio operating history,business_100,asset portfolio operating history,Q1 FY2027,3693793
kpi,asset portfolio operating history,business_100,asset portfolio operating history,Q3 FY2026,2794952
kpi,combined effective working gas storage capacity,business_100,combined effective working gas storage capacity,FY2026,3409150
kpi,combined effective working gas storage capacity,business_100,combined effective working gas storage capacity,Q1 FY2027,3693793
kpi,combined effective working gas storage capacity,business_100,combined effective working gas storage capacity,Q3 FY2026,2794952
kpi,contracted Fee-for-Service annual gross margin growth,business_100,contracted Fee-for-Service annual gross margin growth,FY2026,3409150
kpi,contracted Fee-for-Service cash flow growth,business_100,contracted Fee-for-Service cash flow growth,Q1 FY2027,3693793
kpi,contracted Fee-for-Service revenue backlog,business_100,contracted Fee-for-Service revenue backlog,FY2026,3409150
kpi,contracted Fee-for-Service revenue backlog - year-over-year growth,business_100,contracted Fee-for-Service revenue backlog - year-over-year growth,FY2026,3409150
kpi,cumulative annual interest expense savings,business_100,cumulative annual interest expense savings,FY2026,3409150
kpi,cumulative reduction in cost of borrowing,business_100,cumulative reduction in cost of borrowing,FY2026,3409150
kpi,depleted natural gas reservoirs,business_100,depleted natural gas reservoirs,FY2026,3724816
kpi,distance between the Suffield Facility and the Countess Facility,business_100,distance between the Suffield Facility and the Countess Facility,FY2026,3724816
kpi,gas generated compression,business_100,gas generated compression,FY2026,3724816
kpi,gas generated compression at the Kirby Hills Facility,business_100,gas generated compression at the Kirby Hills Facility,FY2026,3724816
kpi,gas generated compression at the Lodi Facility,business_100,gas generated compression at the Lodi Facility,FY2026,3724816
kpi,hedged fixed rate on floating-rate exposure,business_100,hedged fixed rate on floating-rate exposure,FY2026,3409150
kpi,increase in contracted Alberta capacity for fiscal 2028,business_100,increase in contracted Alberta capacity for fiscal 2028,Q1 FY2027,3693793
kpi,incremental annual Distributable Cash Flow growth target (growth projects/opportunities),business_100,incremental annual Distributable Cash Flow growth target (growth projects/opportunities),FY2026,4064736
kpi,incremental gross margin capture within the Short-term Storage ('STS') business,business_100,incremental gross margin capture within the Short-term Storage ('STS') business,Q4 FY2025,3409150
kpi,long-term Adjusted Gross Margin contribution target (Fee-for-Service),business_100,long-term Adjusted Gross Margin contribution target (Fee-for-Service),Q1 FY2027,3693793
kpi,long-term annual Adjusted EBITDA growth target,business_100,long-term annual Adjusted EBITDA growth target,FY2026,4064736
kpi,long-term annual total shareholder return target,business_100,long-term annual total shareholder return target,Q3 FY2026,2794952
kpi,long-term contract annual storage capacity secured,business_100,long-term contract annual storage capacity secured,Q1 FY2027,3693793
kpi,long-term net debt to adjusted EBITDA target,business_100,long-term net debt to adjusted EBITDA target,FY2026,3409150
kpi,maximum number of class 'A' common shares permitted under the NCIB,company,maximum number of class 'A' common shares permitted under the NCIB,FY2026,3409150
kpi,medium-term ToP gross margin contribution target,business_100,medium-term ToP gross margin contribution target,FY2026,3409150
kpi,medium-term ToP target as a percentage of total Adjusted Gross Margin,business_100,medium-term ToP target as a percentage of total Adjusted Gross Margin,Q1 FY2027,3693793
kpi,natural gas storage facilities,business_100,natural gas storage facilities,FY2026,3409150
kpi,net debt to adjusted EBITDA,business_100,net debt to adjusted EBITDA,FY2026,3409150
kpi,number of storage facilities,business_100,number of storage facilities,FY2026,4064736
kpi,planned capital deployment through fiscal 2029,business_100,planned capital deployment through fiscal 2029,Q1 FY2027,3693793
kpi,planned growth capital - battery energy storage project at Warwick facility,business_100,planned growth capital - battery energy storage project at Warwick facility,FY2027,4064736
kpi,portfolio of six natural gas storage facilities located in California and Alberta,business_100,portfolio of six natural gas storage facilities located in California and Alberta,FY2026,3724816
kpi,potential expansion of Warwick natural gas storage facility capacity,business_100,potential expansion of Warwick natural gas storage facility capacity,FY2027,4064736
kpi,quarterly fee for service gross margin growth,business_100,quarterly fee for service gross margin growth,Q3 FY2026,2794952
kpi,reduction in monthly maximum Redwood Path capacity from PG&E's May 2025 retirement of the Tionesta compressor station,business_100,reduction in monthly maximum Redwood Path capacity from PG&E's May 2025 retirement of the Tionesta compressor station,FY2026,3724816
kpi,revenue derived from optimization strategies as % of total revenue,business_100,revenue derived from optimization strategies as % of total revenue,FY2026,4064736
kpi,revenue derived from optimization strategies as % of total revenue,business_100,revenue derived from optimization strategies as % of total revenue,Q4 FY2026,4064736
kpi,senior secured term loan B facility principal,business_100,senior secured term loan B facility principal,FY2026,3409150
kpi,share of combined Alberta and California storage market,business_100,share of combined Alberta and California storage market,FY2026,4064736
kpi,target Fee-for-Service cash flows,business_100,target Fee-for-Service cash flows,FY2026,4064736
kpi,target leverage - Net Debt to Adjusted EBITDA,business_100,target leverage - Net Debt to Adjusted EBITDA,FY2026,4064736
kpi,targeted payout of Distributable Cash Flow to shareholders,company,targeted payout of Distributable Cash Flow to shareholders,FY2026,4064736
kpi,total effective working gas storage capacity,business_100,total effective working gas storage capacity,FY2026,4064736
kpi,total effective working gas storage capacity,business_100,total effective working gas storage capacity,Q2 FY2026,4064732
kpi,total effective working gas storage capacity of approximately 279.2 Bcf,business_100,total effective working gas storage capacity of approximately 279.2 Bcf,FY2026,3724816
kpi,weighted average ToP contract fees,business_100,weighted average ToP contract fees,Q2 FY2025,4064732
kpi,weighted average ToP contract fees,business_100,weighted average ToP contract fees,Q2 FY2026,4064732
kpi,weighted average remaining contract life of all ToP contracts across the portfolio,business_100,weighted average remaining contract life of all ToP contracts across the portfolio,FY2025,4064736
kpi,weighted average remaining contract life of all ToP contracts across the portfolio,business_100,weighted average remaining contract life of all ToP contracts across the portfolio,FY2026,4064736
mdna_summary,Equity,business_100,Equity,FY2024,4064736
mdna_summary,Equity,business_100,Equity,FY2025,4064736
mdna_summary,Equity,business_100,Equity,FY2026,4064736
mdna_summary,Long-term debt,business_100,Long-term debt,FY2024,4064736
mdna_summary,Long-term debt,business_100,Long-term debt,FY2025,4064736
mdna_summary,Long-term debt,business_100,Long-term debt,FY2026,4064736
mdna_summary,Net cash provided by financing activities,company,Net cash provided by financing activities,"July 28, 2025 to March 31, 2026",4064736
mdna_summary,Net cash provided by operating activities,company,Net cash provided by operating activities,"July 28, 2025 to March 31, 2026",4064736
mdna_summary,Net cash used in financing activities,business_100,Net cash used in financing activities,FY2025,4064736
mdna_summary,Net cash used in financing activities,business_100,Net cash used in financing activities,FY2026,4064736
mdna_summary,Net cash used in investing activities,business_100,Net cash used in investing activities,FY2025,4064736
mdna_summary,Net cash used in investing activities,business_100,Net cash used in investing activities,FY2026,4064736
mdna_summary,Net cash used in investing activities,company,Net cash used in investing activities,"July 28, 2025 to March 31, 2026",4064736
mdna_summary,Net earnings,business_100,Net earnings,FY2024,4064736
mdna_summary,Net earnings,business_100,Net earnings,FY2025,4064736
mdna_summary,Net earnings,business_100,Net earnings,FY2026,4064736
mdna_summary,Net earnings,business_100,Net earnings,Q1 FY2025,4064736
mdna_summary,Net earnings,business_100,Net earnings,Q1 FY2026,4064736
mdna_summary,Net earnings,business_100,Net earnings,Q2 FY2025,4064736
mdna_summary,Net earnings,business_100,Net earnings,Q2 FY2026,4064736
mdna_summary,Net earnings,business_100,Net earnings,Q3 FY2025,4064736
mdna_summary,Net earnings,business_100,Net earnings,Q3 FY2026,4064736
mdna_summary,Net earnings,business_100,Net earnings,Q4 FY2025,4064736
mdna_summary,Net earnings,business_100,Net earnings,Q4 FY2026,4064736
mdna_summary,Net earnings from continuing operations,business_100,Net earnings from continuing operations,FY2024,4064736
mdna_summary,Net earnings from continuing operations,business_100,Net earnings from continuing operations,FY2025,4064736
mdna_summary,Net earnings from continuing operations,business_100,Net earnings from continuing operations,FY2026,4064736
mdna_summary,"Property, plant and equipment, net",business_100,"Property, plant and equipment, net",FY2024,4064736
mdna_summary,"Property, plant and equipment, net",business_100,"Property, plant and equipment, net",FY2025,4064736
mdna_summary,"Property, plant and equipment, net",business_100,"Property, plant and equipment, net",FY2026,4064736
mdna_summary,Revenue,business_100,Revenue,Q1 FY2025,4064736
mdna_summary,Revenue,business_100,Revenue,Q1 FY2026,4064736
mdna_summary,Revenue,business_100,Revenue,Q2 FY2025,4064736
mdna_summary,Revenue,business_100,Revenue,Q2 FY2026,4064736
mdna_summary,Revenue,business_100,Revenue,Q3 FY2025,4064736
mdna_summary,Revenue,business_100,Revenue,Q3 FY2026,4064736
mdna_summary,Revenue,business_100,Revenue,Q4 FY2025,4064736
mdna_summary,Revenue,business_100,Revenue,Q4 FY2026,4064736
mdna_summary,Total assets,business_100,Total assets,FY2024,4064736
mdna_summary,Total assets,business_100,Total assets,FY2025,4064736
mdna_summary,Total assets,business_100,Total assets,FY2026,4064736
mdna_summary,Total assets,company,Total assets,FY2026,4064736
mdna_summary,Total long-term liabilities,business_100,Total long-term liabilities,FY2024,4064736
mdna_summary,Total long-term liabilities,business_100,Total long-term liabilities,FY2025,4064736
mdna_summary,Total long-term liabilities,business_100,Total long-term liabilities,FY2026,4064736
mdna_summary,Total long-term liabilities,company,Total long-term liabilities,FY2026,4064736
mdna_summary,Total revenues,business_100,Total revenues,FY2024,4064736
mdna_summary,Total revenues,business_100,Total revenues,FY2025,4064736
mdna_summary,Total revenues,business_100,Total revenues,FY2026,4064736
mdna_summary,advance received from the Business,company,advance received from the Business,"July 28, 2025 to March 31, 2026",4064736
mdna_summary,capital contribution received to fund partial payments on the Legacy Incentive Plans,business_100,capital contribution received to fund partial payments on the Legacy Incentive Plans,FY2026,4064736
mdna_summary,cash distribution received from the Business,company,cash distribution received from the Business,"July 28, 2025 to March 31, 2026",4064736
mdna_summary,cash distributions and advances to Brookfield,business_100,cash distributions and advances to Brookfield,FY2025,4064736
mdna_summary,cash distributions and advances to Brookfield and Rockpoint,business_100,cash distributions and advances to Brookfield and Rockpoint,FY2026,4064736
mdna_summary,cash paid to Brookfield as partial consideration for the 40% interest in the Business,company,cash paid to Brookfield as partial consideration for the 40% interest in the Business,"July 28, 2025 to March 31, 2026",4064736
mdna_summary,cash withheld for tax purposes on behalf of certain Brookfield affiliates (restricted),company,cash withheld for tax purposes on behalf of certain Brookfield affiliates (restricted),FY2026,4064736
mdna_summary,decrease in cash held (year over year),business_100,decrease in cash held (year over year),FY2026,4064736
mdna_summary,funds raised from the initial public offering of Class A Shares,company,funds raised from the initial public offering of Class A Shares,"July 28, 2025 to March 31, 2026",4064736
mdna_summary,investment in the Business - carrying value,company,investment in the Business - carrying value,FY2026,4064736
mdna_summary,investment in the Business - cash consideration paid,company,investment in the Business - cash consideration paid,FY2026,4064736
mdna_summary,investment in the Business - distributions received to date,company,investment in the Business - distributions received to date,FY2026,4064736
mdna_summary,investment in the Business - historical costs of acquisition,company,investment in the Business - historical costs of acquisition,FY2026,4064736
mdna_summary,investment in the Business - initial deferred tax liabilities recognized,company,investment in the Business - initial deferred tax liabilities recognized,FY2026,4064736
mdna_summary,investment in the Business - share of net income and other comprehensive earnings since acquisition,company,investment in the Business - share of net income and other comprehensive earnings since acquisition,FY2026,4064736
mdna_summary,investment in the Business - shares issued,company,investment in the Business - shares issued,FY2026,4064736
mdna_summary,lease principal repayments,business_100,lease principal repayments,FY2026,4064736
mdna_summary,loan received from Brookfield affiliates later contributed as capital,business_100,loan received from Brookfield affiliates later contributed as capital,FY2026,4064736
mdna_summary,mandatory payments on the Term Loan due 2031,business_100,mandatory payments on the Term Loan due 2031,FY2026,4064736
mdna_summary,net repayments on the Business' revolving credit facilities,business_100,net repayments on the Business' revolving credit facilities,FY2026,4064736
mdna_summary,reduction in amounts receivable from related parties,business_100,reduction in amounts receivable from related parties,FY2026,4064736
mdna_summary,refinancing and repricing charges,business_100,refinancing and repricing charges,FY2026,4064736
mdna_summary,repayments of Brookfield affiliated debt,business_100,repayments of Brookfield affiliated debt,FY2025,4064736
mdna_summary,repayments of non-affiliated long-term debt,business_100,repayments of non-affiliated long-term debt,FY2025,4064736
non_ifrs,Add: Unamortized discount and deferred financing costs,business_100,Add: Unamortized discount and deferred financing costs,FY2025,2794952
non_ifrs,Add: Unamortized discount and deferred financing costs,business_100,Add: Unamortized discount and deferred financing costs,FY2025,3409150
non_ifrs,Add: Unamortized discount and deferred financing costs,business_100,Add: Unamortized discount and deferred financing costs,FY2025,4064732
non_ifrs,Add: Unamortized discount and deferred financing costs,business_100,Add: Unamortized discount and deferred financing costs,FY2025,4064736
non_ifrs,Add: Unamortized discount and deferred financing costs,business_100,Add: Unamortized discount and deferred financing costs,FY2026,3409150
non_ifrs,Add: Unamortized discount and deferred financing costs,business_100,Add: Unamortized discount and deferred financing costs,FY2026,3693793
non_ifrs,Add: Unamortized discount and deferred financing costs,business_100,Add: Unamortized discount and deferred financing costs,FY2026,4064736
non_ifrs,Add: Unamortized discount and deferred financing costs,business_100,Add: Unamortized discount and deferred financing costs,Q1 FY2027,3693793
non_ifrs,Add: Unamortized discount and deferred financing costs,business_100,Add: Unamortized discount and deferred financing costs,Q2 FY2026,4064732
non_ifrs,Add: Unamortized discount and deferred financing costs,business_100,Add: Unamortized discount and deferred financing costs,Q3 FY2026,2794952
non_ifrs,Adjusted EBITDA,business_100,Adjusted EBITDA,FY2025,3409150
non_ifrs,Adjusted EBITDA,business_100,Adjusted EBITDA,FY2025,4064736
non_ifrs,Adjusted EBITDA,business_100,Adjusted EBITDA,FY2026,3409150
non_ifrs,Adjusted EBITDA,business_100,Adjusted EBITDA,FY2026,4064736
non_ifrs,Adjusted EBITDA,business_100,Adjusted EBITDA,H1 FY2025,4064732
non_ifrs,Adjusted EBITDA,business_100,Adjusted EBITDA,H1 FY2026,4064732
non_ifrs,Adjusted EBITDA,business_100,Adjusted EBITDA,"LTM ended December 31, 2024",2794952
non_ifrs,Adjusted EBITDA,business_100,Adjusted EBITDA,"LTM ended December 31, 2025",2794952
non_ifrs,Adjusted EBITDA,business_100,Adjusted EBITDA,"LTM ended June 30, 2025",3693793
non_ifrs,Adjusted EBITDA,business_100,Adjusted EBITDA,"LTM ended June 30, 2026",3693793
non_ifrs,Adjusted EBITDA,business_100,Adjusted EBITDA,Q1 FY2025,4064732
non_ifrs,Adjusted EBITDA,business_100,Adjusted EBITDA,Q1 FY2025,4064736
non_ifrs,Adjusted EBITDA,business_100,Adjusted EBITDA,Q1 FY2026,3693793
non_ifrs,Adjusted EBITDA,business_100,Adjusted EBITDA,Q1 FY2026,4064732
non_ifrs,Adjusted EBITDA,business_100,Adjusted EBITDA,Q1 FY2026,4064736
non_ifrs,Adjusted EBITDA,business_100,Adjusted EBITDA,Q1 FY2027,3693793
non_ifrs,Adjusted EBITDA,business_100,Adjusted EBITDA,Q2 FY2025,4064732
non_ifrs,Adjusted EBITDA,business_100,Adjusted EBITDA,Q2 FY2025,4064736
non_ifrs,Adjusted EBITDA,business_100,Adjusted EBITDA,Q2 FY2026,4064732
non_ifrs,Adjusted EBITDA,business_100,Adjusted EBITDA,Q2 FY2026,4064736
non_ifrs,Adjusted EBITDA,business_100,Adjusted EBITDA,Q3 FY2025,2794952
non_ifrs,Adjusted EBITDA,business_100,Adjusted EBITDA,Q3 FY2025,4064732
non_ifrs,Adjusted EBITDA,business_100,Adjusted EBITDA,Q3 FY2025,4064736
non_ifrs,Adjusted EBITDA,business_100,Adjusted EBITDA,Q3 FY2026,2794952
non_ifrs,Adjusted EBITDA,business_100,Adjusted EBITDA,Q3 FY2026,4064736
non_ifrs,Adjusted EBITDA,business_100,Adjusted EBITDA,Q4 FY2025,3409150
non_ifrs,Adjusted EBITDA,business_100,Adjusted EBITDA,Q4 FY2025,4064732
non_ifrs,Adjusted EBITDA,business_100,Adjusted EBITDA,Q4 FY2025,4064736
non_ifrs,Adjusted EBITDA,business_100,Adjusted EBITDA,Q4 FY2026,3409150
non_ifrs,Adjusted EBITDA,business_100,Adjusted EBITDA,Q4 FY2026,4064736
non_ifrs,Adjusted EBITDA 1,business_100,Adjusted EBITDA 1,FY2025,3409150
non_ifrs,Adjusted EBITDA 1,business_100,Adjusted EBITDA 1,FY2026,3409150
non_ifrs,Adjusted EBITDA 1,business_100,Adjusted EBITDA 1,"LTM ended December 31, 2024",2794952
non_ifrs,Adjusted EBITDA 1,business_100,Adjusted EBITDA 1,"LTM ended December 31, 2025",2794952
non_ifrs,Adjusted EBITDA 1,business_100,Adjusted EBITDA 1,Q3 FY2025,2794952
non_ifrs,Adjusted EBITDA 1,business_100,Adjusted EBITDA 1,Q3 FY2026,2794952
non_ifrs,Adjusted EBITDA 1,business_100,Adjusted EBITDA 1,Q4 FY2025,3409150
non_ifrs,Adjusted EBITDA 1,business_100,Adjusted EBITDA 1,Q4 FY2026,3409150
non_ifrs,Adjusted EBITDA 2,business_100,Adjusted EBITDA 2,"LTM ended June 30, 2025",3693793
non_ifrs,Adjusted EBITDA 2,business_100,Adjusted EBITDA 2,"LTM ended June 30, 2026",3693793
non_ifrs,Adjusted EBITDA 2,business_100,Adjusted EBITDA 2,Q1 FY2026,3693793
non_ifrs,Adjusted EBITDA 2,business_100,Adjusted EBITDA 2,Q1 FY2027,3693793
non_ifrs,Adjusted EBITDA Margin,business_100,Adjusted EBITDA Margin,FY2025,4064736
non_ifrs,Adjusted EBITDA Margin,business_100,Adjusted EBITDA Margin,FY2026,4064736
non_ifrs,Adjusted EBITDA Margin,business_100,Adjusted EBITDA Margin,H1 FY2025,4064732
non_ifrs,Adjusted EBITDA Margin,business_100,Adjusted EBITDA Margin,H1 FY2026,4064732
non_ifrs,Adjusted EBITDA Margin,business_100,Adjusted EBITDA Margin,Q2 FY2025,4064732
non_ifrs,Adjusted EBITDA Margin,business_100,Adjusted EBITDA Margin,Q2 FY2026,4064732
non_ifrs,Adjusted EBITDA Margin,business_100,Adjusted EBITDA Margin,Q4 FY2025,4064736
non_ifrs,Adjusted EBITDA Margin,business_100,Adjusted EBITDA Margin,Q4 FY2026,4064736
non_ifrs,Adjusted Gross Margin,business_100,Adjusted Gross Margin,FY2025,3409150
non_ifrs,Adjusted Gross Margin,business_100,Adjusted Gross Margin,FY2025,4064736
non_ifrs,Adjusted Gross Margin,business_100,Adjusted Gross Margin,FY2026,3409150
non_ifrs,Adjusted Gross Margin,business_100,Adjusted Gross Margin,FY2026,4064736
non_ifrs,Adjusted Gross Margin,business_100,Adjusted Gross Margin,H1 FY2025,4064732
non_ifrs,Adjusted Gross Margin,business_100,Adjusted Gross Margin,H1 FY2026,4064732
non_ifrs,Adjusted Gross Margin,business_100,Adjusted Gross Margin,"LTM ended December 31, 2024",2794952
non_ifrs,Adjusted Gross Margin,business_100,Adjusted Gross Margin,"LTM ended December 31, 2025",2794952
non_ifrs,Adjusted Gross Margin,business_100,Adjusted Gross Margin,"LTM ended June 30, 2025",3693793
non_ifrs,Adjusted Gross Margin,business_100,Adjusted Gross Margin,"LTM ended June 30, 2026",3693793
non_ifrs,Adjusted Gross Margin,business_100,Adjusted Gross Margin,Q1 FY2025,4064732
non_ifrs,Adjusted Gross Margin,business_100,Adjusted Gross Margin,Q1 FY2025,4064736
non_ifrs,Adjusted Gross Margin,business_100,Adjusted Gross Margin,Q1 FY2026,3693793
non_ifrs,Adjusted Gross Margin,business_100,Adjusted Gross Margin,Q1 FY2026,4064732
non_ifrs,Adjusted Gross Margin,business_100,Adjusted Gross Margin,Q1 FY2026,4064736
non_ifrs,Adjusted Gross Margin,business_100,Adjusted Gross Margin,Q1 FY2027,3693793
non_ifrs,Adjusted Gross Margin,business_100,Adjusted Gross Margin,Q2 FY2025,4064732
non_ifrs,Adjusted Gross Margin,business_100,Adjusted Gross Margin,Q2 FY2025,4064736
non_ifrs,Adjusted Gross Margin,business_100,Adjusted Gross Margin,Q2 FY2026,4064732
non_ifrs,Adjusted Gross Margin,business_100,Adjusted Gross Margin,Q2 FY2026,4064736
non_ifrs,Adjusted Gross Margin,business_100,Adjusted Gross Margin,Q3 FY2025,2794952
non_ifrs,Adjusted Gross Margin,business_100,Adjusted Gross Margin,Q3 FY2025,4064732
non_ifrs,Adjusted Gross Margin,business_100,Adjusted Gross Margin,Q3 FY2025,4064736
non_ifrs,Adjusted Gross Margin,business_100,Adjusted Gross Margin,Q3 FY2026,2794952
non_ifrs,Adjusted Gross Margin,business_100,Adjusted Gross Margin,Q3 FY2026,4064736
non_ifrs,Adjusted Gross Margin,business_100,Adjusted Gross Margin,Q4 FY2025,3409150
non_ifrs,Adjusted Gross Margin,business_100,Adjusted Gross Margin,Q4 FY2025,4064732
non_ifrs,Adjusted Gross Margin,business_100,Adjusted Gross Margin,Q4 FY2025,4064736
non_ifrs,Adjusted Gross Margin,business_100,Adjusted Gross Margin,Q4 FY2026,3409150
non_ifrs,Adjusted Gross Margin,business_100,Adjusted Gross Margin,Q4 FY2026,4064736
non_ifrs,Adjusted Gross Margin 1,business_100,Adjusted Gross Margin 1,FY2025,3409150
non_ifrs,Adjusted Gross Margin 1,business_100,Adjusted Gross Margin 1,FY2026,3409150
non_ifrs,Adjusted Gross Margin 1,business_100,Adjusted Gross Margin 1,"LTM ended December 31, 2024",2794952
non_ifrs,Adjusted Gross Margin 1,business_100,Adjusted Gross Margin 1,"LTM ended December 31, 2025",2794952
non_ifrs,Adjusted Gross Margin 1,business_100,Adjusted Gross Margin 1,Q3 FY2025,2794952
non_ifrs,Adjusted Gross Margin 1,business_100,Adjusted Gross Margin 1,Q3 FY2026,2794952
non_ifrs,Adjusted Gross Margin 1,business_100,Adjusted Gross Margin 1,Q4 FY2025,3409150
non_ifrs,Adjusted Gross Margin 1,business_100,Adjusted Gross Margin 1,Q4 FY2026,3409150
non_ifrs,Adjusted Gross Margin 2,business_100,Adjusted Gross Margin 2,"LTM ended June 30, 2025",3693793
non_ifrs,Adjusted Gross Margin 2,business_100,Adjusted Gross Margin 2,"LTM ended June 30, 2026",3693793
non_ifrs,Adjusted Gross Margin 2,business_100,Adjusted Gross Margin 2,Q1 FY2026,3693793
non_ifrs,Adjusted Gross Margin 2,business_100,Adjusted Gross Margin 2,Q1 FY2027,3693793
non_ifrs,Cash lease payments (4),business_100,Cash lease payments (4),FY2025,3409150
non_ifrs,Cash lease payments (4),business_100,Cash lease payments (4),FY2025,4064736
non_ifrs,Cash lease payments (4),business_100,Cash lease payments (4),FY2026,3409150
non_ifrs,Cash lease payments (4),business_100,Cash lease payments (4),FY2026,4064736
non_ifrs,Cash lease payments (4),business_100,Cash lease payments (4),H1 FY2025,4064732
non_ifrs,Cash lease payments (4),business_100,Cash lease payments (4),H1 FY2026,4064732
non_ifrs,Cash lease payments (4),business_100,Cash lease payments (4),"LTM ended June 30, 2025",3693793
non_ifrs,Cash lease payments (4),business_100,Cash lease payments (4),"LTM ended June 30, 2026",3693793
non_ifrs,Cash lease payments (4),business_100,Cash lease payments (4),Q1 FY2026,3693793
non_ifrs,Cash lease payments (4),business_100,Cash lease payments (4),Q1 FY2027,3693793
non_ifrs,Cash lease payments (4),business_100,Cash lease payments (4),Q2 FY2025,4064732
non_ifrs,Cash lease payments (4),business_100,Cash lease payments (4),Q2 FY2026,4064732
non_ifrs,Cash lease payments (4),business_100,Cash lease payments (4),Q4 FY2025,3409150
non_ifrs,Cash lease payments (4),business_100,Cash lease payments (4),Q4 FY2025,4064736
non_ifrs,Cash lease payments (4),business_100,Cash lease payments (4),Q4 FY2026,3409150
non_ifrs,Cash lease payments (4),business_100,Cash lease payments (4),Q4 FY2026,4064736
non_ifrs,Cash lease payments 4,business_100,Cash lease payments 4,"LTM ended December 31, 2024",2794952
non_ifrs,Cash lease payments 4,business_100,Cash lease payments 4,"LTM ended December 31, 2025",2794952
non_ifrs,Cash lease payments 4,business_100,Cash lease payments 4,Q3 FY2025,2794952
non_ifrs,Cash lease payments 4,business_100,Cash lease payments 4,Q3 FY2026,2794952
non_ifrs,Current taxes,business_100,Current taxes,FY2025,3409150
non_ifrs,Current taxes,business_100,Current taxes,FY2025,4064736
non_ifrs,Current taxes,business_100,Current taxes,FY2026,3409150
non_ifrs,Current taxes,business_100,Current taxes,FY2026,4064736
non_ifrs,Current taxes,business_100,Current taxes,H1 FY2025,4064732
non_ifrs,Current taxes,business_100,Current taxes,H1 FY2026,4064732
non_ifrs,Current taxes,business_100,Current taxes,"LTM ended December 31, 2024",2794952
non_ifrs,Current taxes,business_100,Current taxes,"LTM ended December 31, 2025",2794952
non_ifrs,Current taxes,business_100,Current taxes,"LTM ended June 30, 2025",3693793
non_ifrs,Current taxes,business_100,Current taxes,"LTM ended June 30, 2026",3693793
non_ifrs,Current taxes,business_100,Current taxes,Q1 FY2026,3693793
non_ifrs,Current taxes,business_100,Current taxes,Q1 FY2027,3693793
non_ifrs,Current taxes,business_100,Current taxes,Q2 FY2025,4064732
non_ifrs,Current taxes,business_100,Current taxes,Q2 FY2026,4064732
non_ifrs,Current taxes,business_100,Current taxes,Q3 FY2025,2794952
non_ifrs,Current taxes,business_100,Current taxes,Q3 FY2026,2794952
non_ifrs,Current taxes,business_100,Current taxes,Q4 FY2025,3409150
non_ifrs,Current taxes,business_100,Current taxes,Q4 FY2025,4064736
non_ifrs,Current taxes,business_100,Current taxes,Q4 FY2026,3409150
non_ifrs,Current taxes,business_100,Current taxes,Q4 FY2026,4064736
non_ifrs,Depreciation and amortization,business_100,Depreciation and amortization,FY2025,3409150
non_ifrs,Depreciation and amortization,business_100,Depreciation and amortization,FY2025,4064736
non_ifrs,Depreciation and amortization,business_100,Depreciation and amortization,FY2026,3409150
non_ifrs,Depreciation and amortization,business_100,Depreciation and amortization,FY2026,4064736
non_ifrs,Depreciation and amortization,business_100,Depreciation and amortization,H1 FY2025,4064732
non_ifrs,Depreciation and amortization,business_100,Depreciation and amortization,H1 FY2026,4064732
non_ifrs,Depreciation and amortization,business_100,Depreciation and amortization,"LTM ended December 31, 2024",2794952
non_ifrs,Depreciation and amortization,business_100,Depreciation and amortization,"LTM ended December 31, 2025",2794952
non_ifrs,Depreciation and amortization,business_100,Depreciation and amortization,"LTM ended June 30, 2025",3693793
non_ifrs,Depreciation and amortization,business_100,Depreciation and amortization,"LTM ended June 30, 2026",3693793
non_ifrs,Depreciation and amortization,business_100,Depreciation and amortization,Q1 FY2026,3693793
non_ifrs,Depreciation and amortization,business_100,Depreciation and amortization,Q1 FY2027,3693793
non_ifrs,Depreciation and amortization,business_100,Depreciation and amortization,Q2 FY2025,4064732
non_ifrs,Depreciation and amortization,business_100,Depreciation and amortization,Q2 FY2026,4064732
non_ifrs,Depreciation and amortization,business_100,Depreciation and amortization,Q3 FY2025,2794952
non_ifrs,Depreciation and amortization,business_100,Depreciation and amortization,Q3 FY2026,2794952
non_ifrs,Depreciation and amortization,business_100,Depreciation and amortization,Q4 FY2025,3409150
non_ifrs,Depreciation and amortization,business_100,Depreciation and amortization,Q4 FY2025,4064736
non_ifrs,Depreciation and amortization,business_100,Depreciation and amortization,Q4 FY2026,3409150
non_ifrs,Depreciation and amortization,business_100,Depreciation and amortization,Q4 FY2026,4064736
non_ifrs,Distributable Cash Flow,business_100,Distributable Cash Flow,FY2025,3409150
non_ifrs,Distributable Cash Flow,business_100,Distributable Cash Flow,FY2025,4064736
non_ifrs,Distributable Cash Flow,business_100,Distributable Cash Flow,FY2026,3409150
non_ifrs,Distributable Cash Flow,business_100,Distributable Cash Flow,FY2026,4064736
non_ifrs,Distributable Cash Flow,business_100,Distributable Cash Flow,H1 FY2025,4064732
non_ifrs,Distributable Cash Flow,business_100,Distributable Cash Flow,H1 FY2026,4064732
non_ifrs,Distributable Cash Flow,business_100,Distributable Cash Flow,"LTM ended December 31, 2024",2794952
non_ifrs,Distributable Cash Flow,business_100,Distributable Cash Flow,"LTM ended December 31, 2025",2794952
non_ifrs,Distributable Cash Flow,business_100,Distributable Cash Flow,"LTM ended June 30, 2025",3693793
non_ifrs,Distributable Cash Flow,business_100,Distributable Cash Flow,"LTM ended June 30, 2026",3693793
non_ifrs,Distributable Cash Flow,business_100,Distributable Cash Flow,Q1 FY2025,4064732
non_ifrs,Distributable Cash Flow,business_100,Distributable Cash Flow,Q1 FY2025,4064736
non_ifrs,Distributable Cash Flow,business_100,Distributable Cash Flow,Q1 FY2026,3693793
non_ifrs,Distributable Cash Flow,business_100,Distributable Cash Flow,Q1 FY2026,4064732
non_ifrs,Distributable Cash Flow,business_100,Distributable Cash Flow,Q1 FY2026,4064736
non_ifrs,Distributable Cash Flow,business_100,Distributable Cash Flow,Q1 FY2027,3693793
non_ifrs,Distributable Cash Flow,business_100,Distributable Cash Flow,Q2 FY2025,4064732
non_ifrs,Distributable Cash Flow,business_100,Distributable Cash Flow,Q2 FY2025,4064736
non_ifrs,Distributable Cash Flow,business_100,Distributable Cash Flow,Q2 FY2026,4064732
non_ifrs,Distributable Cash Flow,business_100,Distributable Cash Flow,Q2 FY2026,4064736
non_ifrs,Distributable Cash Flow,business_100,Distributable Cash Flow,Q3 FY2025,2794952
non_ifrs,Distributable Cash Flow,business_100,Distributable Cash Flow,Q3 FY2025,4064732
non_ifrs,Distributable Cash Flow,business_100,Distributable Cash Flow,Q3 FY2025,4064736
non_ifrs,Distributable Cash Flow,business_100,Distributable Cash Flow,Q3 FY2026,2794952
non_ifrs,Distributable Cash Flow,business_100,Distributable Cash Flow,Q3 FY2026,4064736
non_ifrs,Distributable Cash Flow,business_100,Distributable Cash Flow,Q4 FY2025,3409150
non_ifrs,Distributable Cash Flow,business_100,Distributable Cash Flow,Q4 FY2025,4064732
non_ifrs,Distributable Cash Flow,business_100,Distributable Cash Flow,Q4 FY2025,4064736
non_ifrs,Distributable Cash Flow,business_100,Distributable Cash Flow,Q4 FY2026,3409150
non_ifrs,Distributable Cash Flow,business_100,Distributable Cash Flow,Q4 FY2026,4064736
non_ifrs,Distributable Cash Flow 1,business_100,Distributable Cash Flow 1,FY2025,3409150
non_ifrs,Distributable Cash Flow 1,business_100,Distributable Cash Flow 1,FY2026,3409150
non_ifrs,Distributable Cash Flow 1,business_100,Distributable Cash Flow 1,"LTM ended December 31, 2024",2794952
non_ifrs,Distributable Cash Flow 1,business_100,Distributable Cash Flow 1,"LTM ended December 31, 2025",2794952
non_ifrs,Distributable Cash Flow 1,business_100,Distributable Cash Flow 1,Q3 FY2025,2794952
non_ifrs,Distributable Cash Flow 1,business_100,Distributable Cash Flow 1,Q3 FY2026,2794952
non_ifrs,Distributable Cash Flow 1,business_100,Distributable Cash Flow 1,Q4 FY2025,3409150
non_ifrs,Distributable Cash Flow 1,business_100,Distributable Cash Flow 1,Q4 FY2026,3409150
non_ifrs,Distributable Cash Flow 2,business_100,Distributable Cash Flow 2,"LTM ended June 30, 2025",3693793
non_ifrs,Distributable Cash Flow 2,business_100,Distributable Cash Flow 2,"LTM ended June 30, 2026",3693793
non_ifrs,Distributable Cash Flow 2,business_100,Distributable Cash Flow 2,Q1 FY2026,3693793
non_ifrs,Distributable Cash Flow 2,business_100,Distributable Cash Flow 2,Q1 FY2027,3693793
non_ifrs,Distributable Cash Flow per share 1,business_100,Distributable Cash Flow per share 1,FY2025,3409150
non_ifrs,Distributable Cash Flow per share 1,business_100,Distributable Cash Flow per share 1,FY2026,3409150
non_ifrs,Distributable Cash Flow per share 1,business_100,Distributable Cash Flow per share 1,"LTM ended December 31, 2024",2794952
non_ifrs,Distributable Cash Flow per share 1,business_100,Distributable Cash Flow per share 1,"LTM ended December 31, 2025",2794952
non_ifrs,Distributable Cash Flow per share 1,business_100,Distributable Cash Flow per share 1,Q3 FY2025,2794952
non_ifrs,Distributable Cash Flow per share 1,business_100,Distributable Cash Flow per share 1,Q3 FY2026,2794952
non_ifrs,Distributable Cash Flow per share 1,business_100,Distributable Cash Flow per share 1,Q4 FY2025,3409150
non_ifrs,Distributable Cash Flow per share 1,business_100,Distributable Cash Flow per share 1,Q4 FY2026,3409150
non_ifrs,Distributable Cash Flow per share 2,business_100,Distributable Cash Flow per share 2,"LTM ended June 30, 2025",3693793
non_ifrs,Distributable Cash Flow per share 2,business_100,Distributable Cash Flow per share 2,"LTM ended June 30, 2026",3693793
non_ifrs,Distributable Cash Flow per share 2,business_100,Distributable Cash Flow per share 2,Q1 FY2026,3693793
non_ifrs,Distributable Cash Flow per share 2,business_100,Distributable Cash Flow per share 2,Q1 FY2027,3693793
non_ifrs,Fee for Service as a %of Adjusted Gross Margin,business_100,Fee for Service as a %of Adjusted Gross Margin,H1 FY2025,4064732
non_ifrs,Fee for Service as a %of Adjusted Gross Margin,business_100,Fee for Service as a %of Adjusted Gross Margin,H1 FY2026,4064732
non_ifrs,Fee for Service as a %of Adjusted Gross Margin,business_100,Fee for Service as a %of Adjusted Gross Margin,Q2 FY2025,4064732
non_ifrs,Fee for Service as a %of Adjusted Gross Margin,business_100,Fee for Service as a %of Adjusted Gross Margin,Q2 FY2026,4064732
non_ifrs,Fee for service gross margin as a %of Adjusted Gross Margin 1,business_100,Fee for service gross margin as a %of Adjusted Gross Margin 1,"LTM ended December 31, 2024",2794952
non_ifrs,Fee for service gross margin as a %of Adjusted Gross Margin 1,business_100,Fee for service gross margin as a %of Adjusted Gross Margin 1,"LTM ended December 31, 2025",2794952
non_ifrs,Fee for service gross margin as a %of Adjusted Gross Margin 1,business_100,Fee for service gross margin as a %of Adjusted Gross Margin 1,Q3 FY2025,2794952
non_ifrs,Fee for service gross margin as a %of Adjusted Gross Margin 1,business_100,Fee for service gross margin as a %of Adjusted Gross Margin 1,Q3 FY2026,2794952
non_ifrs,Fee-for-Service as a %of Adjusted Gross Margin,business_100,Fee-for-Service as a %of Adjusted Gross Margin,FY2025,4064736
non_ifrs,Fee-for-Service as a %of Adjusted Gross Margin,business_100,Fee-for-Service as a %of Adjusted Gross Margin,FY2026,4064736
non_ifrs,Fee-for-Service as a %of Adjusted Gross Margin,business_100,Fee-for-Service as a %of Adjusted Gross Margin,Q4 FY2025,4064736
non_ifrs,Fee-for-Service as a %of Adjusted Gross Margin,business_100,Fee-for-Service as a %of Adjusted Gross Margin,Q4 FY2026,4064736
non_ifrs,Fee-for-Service gross margin as a %of Adjusted Gross Margin 1,business_100,Fee-for-Service gross margin as a %of Adjusted Gross Margin 1,FY2025,3409150
non_ifrs,Fee-for-Service gross margin as a %of Adjusted Gross Margin 1,business_100,Fee-for-Service gross margin as a %of Adjusted Gross Margin 1,FY2026,3409150
non_ifrs,Fee-for-Service gross margin as a %of Adjusted Gross Margin 1,business_100,Fee-for-Service gross margin as a %of Adjusted Gross Margin 1,Q4 FY2025,3409150
non_ifrs,Fee-for-Service gross margin as a %of Adjusted Gross Margin 1,business_100,Fee-for-Service gross margin as a %of Adjusted Gross Margin 1,Q4 FY2026,3409150
non_ifrs,Fee-for-Service gross margin as a %of Adjusted Gross Margin 2,business_100,Fee-for-Service gross margin as a %of Adjusted Gross Margin 2,"LTM ended June 30, 2025",3693793
non_ifrs,Fee-for-Service gross margin as a %of Adjusted Gross Margin 2,business_100,Fee-for-Service gross margin as a %of Adjusted Gross Margin 2,"LTM ended June 30, 2026",3693793
non_ifrs,Fee-for-Service gross margin as a %of Adjusted Gross Margin 2,business_100,Fee-for-Service gross margin as a %of Adjusted Gross Margin 2,Q1 FY2026,3693793
non_ifrs,Fee-for-Service gross margin as a %of Adjusted Gross Margin 2,business_100,Fee-for-Service gross margin as a %of Adjusted Gross Margin 2,Q1 FY2027,3693793
non_ifrs,Financing costs,business_100,Financing costs,FY2025,3409150
non_ifrs,Financing costs,business_100,Financing costs,FY2025,4064736
non_ifrs,Financing costs,business_100,Financing costs,FY2026,3409150
non_ifrs,Financing costs,business_100,Financing costs,FY2026,4064736
non_ifrs,Financing costs,business_100,Financing costs,H1 FY2025,4064732
non_ifrs,Financing costs,business_100,Financing costs,H1 FY2026,4064732
non_ifrs,Financing costs,business_100,Financing costs,"LTM ended December 31, 2024",2794952
non_ifrs,Financing costs,business_100,Financing costs,"LTM ended December 31, 2025",2794952
non_ifrs,Financing costs,business_100,Financing costs,"LTM ended June 30, 2025",3693793
non_ifrs,Financing costs,business_100,Financing costs,"LTM ended June 30, 2026",3693793
non_ifrs,Financing costs,business_100,Financing costs,Q1 FY2026,3693793
non_ifrs,Financing costs,business_100,Financing costs,Q1 FY2027,3693793
non_ifrs,Financing costs,business_100,Financing costs,Q2 FY2025,4064732
non_ifrs,Financing costs,business_100,Financing costs,Q2 FY2026,4064732
non_ifrs,Financing costs,business_100,Financing costs,Q3 FY2025,2794952
non_ifrs,Financing costs,business_100,Financing costs,Q3 FY2026,2794952
non_ifrs,Financing costs,business_100,Financing costs,Q4 FY2025,3409150
non_ifrs,Financing costs,business_100,Financing costs,Q4 FY2025,4064736
non_ifrs,Financing costs,business_100,Financing costs,Q4 FY2026,3409150
non_ifrs,Financing costs,business_100,Financing costs,Q4 FY2026,4064736
non_ifrs,General and administrative,business_100,General and administrative,FY2025,3409150
non_ifrs,General and administrative,business_100,General and administrative,FY2025,4064736
non_ifrs,General and administrative,business_100,General and administrative,FY2026,3409150
non_ifrs,General and administrative,business_100,General and administrative,FY2026,4064736
non_ifrs,General and administrative,business_100,General and administrative,H1 FY2025,4064732
non_ifrs,General and administrative,business_100,General and administrative,H1 FY2026,4064732
non_ifrs,General and administrative,business_100,General and administrative,"LTM ended December 31, 2024",2794952
non_ifrs,General and administrative,business_100,General and administrative,"LTM ended December 31, 2025",2794952
non_ifrs,General and administrative,business_100,General and administrative,"LTM ended June 30, 2025",3693793
non_ifrs,General and administrative,business_100,General and administrative,"LTM ended June 30, 2026",3693793
non_ifrs,General and administrative,business_100,General and administrative,Q1 FY2026,3693793
non_ifrs,General and administrative,business_100,General and administrative,Q1 FY2027,3693793
non_ifrs,General and administrative,business_100,General and administrative,Q2 FY2025,4064732
non_ifrs,General and administrative,business_100,General and administrative,Q2 FY2026,4064732
non_ifrs,General and administrative,business_100,General and administrative,Q3 FY2025,2794952
non_ifrs,General and administrative,business_100,General and administrative,Q3 FY2026,2794952
non_ifrs,General and administrative,business_100,General and administrative,Q4 FY2025,3409150
non_ifrs,General and administrative,business_100,General and administrative,Q4 FY2025,4064736
non_ifrs,General and administrative,business_100,General and administrative,Q4 FY2026,3409150
non_ifrs,General and administrative,business_100,General and administrative,Q4 FY2026,4064736
non_ifrs,Income tax expense,business_100,Income tax expense,"LTM ended June 30, 2025",3693793
non_ifrs,Income tax expense,business_100,Income tax expense,"LTM ended June 30, 2026",3693793
non_ifrs,Income tax expense,business_100,Income tax expense,Q1 FY2026,3693793
non_ifrs,Income tax expense,business_100,Income tax expense,Q1 FY2027,3693793
non_ifrs,Income tax expense (benefit),business_100,Income tax expense (benefit),FY2025,3409150
non_ifrs,Income tax expense (benefit),business_100,Income tax expense (benefit),FY2025,4064736
non_ifrs,Income tax expense (benefit),business_100,Income tax expense (benefit),FY2026,3409150
non_ifrs,Income tax expense (benefit),business_100,Income tax expense (benefit),FY2026,4064736
non_ifrs,Income tax expense (benefit),business_100,Income tax expense (benefit),H1 FY2025,4064732
non_ifrs,Income tax expense (benefit),business_100,Income tax expense (benefit),H1 FY2026,4064732
non_ifrs,Income tax expense (benefit),business_100,Income tax expense (benefit),"LTM ended December 31, 2024",2794952
non_ifrs,Income tax expense (benefit),business_100,Income tax expense (benefit),"LTM ended December 31, 2025",2794952
non_ifrs,Income tax expense (benefit),business_100,Income tax expense (benefit),Q2 FY2025,4064732
non_ifrs,Income tax expense (benefit),business_100,Income tax expense (benefit),Q2 FY2026,4064732
non_ifrs,Income tax expense (benefit),business_100,Income tax expense (benefit),Q3 FY2025,2794952
non_ifrs,Income tax expense (benefit),business_100,Income tax expense (benefit),Q3 FY2026,2794952
non_ifrs,Income tax expense (benefit),business_100,Income tax expense (benefit),Q4 FY2025,3409150
non_ifrs,Income tax expense (benefit),business_100,Income tax expense (benefit),Q4 FY2025,4064736
non_ifrs,Income tax expense (benefit),business_100,Income tax expense (benefit),Q4 FY2026,3409150
non_ifrs,Income tax expense (benefit),business_100,Income tax expense (benefit),Q4 FY2026,4064736
non_ifrs,Interest expense (3),business_100,Interest expense (3),FY2025,3409150
non_ifrs,Interest expense (3),business_100,Interest expense (3),FY2025,4064736
non_ifrs,Interest expense (3),business_100,Interest expense (3),FY2026,3409150
non_ifrs,Interest expense (3),business_100,Interest expense (3),FY2026,4064736
non_ifrs,Interest expense (3),business_100,Interest expense (3),H1 FY2025,4064732
non_ifrs,Interest expense (3),business_100,Interest expense (3),H1 FY2026,4064732
non_ifrs,Interest expense (3),business_100,Interest expense (3),"LTM ended June 30, 2025",3693793
non_ifrs,Interest expense (3),business_100,Interest expense (3),"LTM ended June 30, 2026",3693793
non_ifrs,Interest expense (3),business_100,Interest expense (3),Q1 FY2026,3693793
non_ifrs,Interest expense (3),business_100,Interest expense (3),Q1 FY2027,3693793
non_ifrs,Interest expense (3),business_100,Interest expense (3),Q2 FY2025,4064732
non_ifrs,Interest expense (3),business_100,Interest expense (3),Q2 FY2026,4064732
non_ifrs,Interest expense (3),business_100,Interest expense (3),Q4 FY2025,3409150
non_ifrs,Interest expense (3),business_100,Interest expense (3),Q4 FY2025,4064736
non_ifrs,Interest expense (3),business_100,Interest expense (3),Q4 FY2026,3409150
non_ifrs,Interest expense (3),business_100,Interest expense (3),Q4 FY2026,4064736
non_ifrs,Interest expense 3,business_100,Interest expense 3,"LTM ended December 31, 2024",2794952
non_ifrs,Interest expense 3,business_100,Interest expense 3,"LTM ended December 31, 2025",2794952
non_ifrs,Interest expense 3,business_100,Interest expense 3,Q3 FY2025,2794952
non_ifrs,Interest expense 3,business_100,Interest expense 3,Q3 FY2026,2794952
non_ifrs,Less: Cash and cash equivalents,business_100,Less: Cash and cash equivalents,FY2025,2794952
non_ifrs,Less: Cash and cash equivalents,business_100,Less: Cash and cash equivalents,FY2025,3409150
non_ifrs,Less: Cash and cash equivalents,business_100,Less: Cash and cash equivalents,FY2025,4064732
non_ifrs,Less: Cash and cash equivalents,business_100,Less: Cash and cash equivalents,FY2025,4064736
non_ifrs,Less: Cash and cash equivalents,business_100,Less: Cash and cash equivalents,FY2026,3409150
non_ifrs,Less: Cash and cash equivalents,business_100,Less: Cash and cash equivalents,FY2026,3693793
non_ifrs,Less: Cash and cash equivalents,business_100,Less: Cash and cash equivalents,FY2026,4064736
non_ifrs,Less: Cash and cash equivalents,business_100,Less: Cash and cash equivalents,Q1 FY2027,3693793
non_ifrs,Less: Cash and cash equivalents,business_100,Less: Cash and cash equivalents,Q2 FY2026,4064732
non_ifrs,Less: Cash and cash equivalents,business_100,Less: Cash and cash equivalents,Q3 FY2026,2794952
non_ifrs,Long-term debt,business_100,Long-term debt,FY2025,2794952
non_ifrs,Long-term debt,business_100,Long-term debt,FY2025,3409150
non_ifrs,Long-term debt,business_100,Long-term debt,FY2025,4064732
non_ifrs,Long-term debt,business_100,Long-term debt,FY2025,4064736
non_ifrs,Long-term debt,business_100,Long-term debt,FY2026,3409150
non_ifrs,Long-term debt,business_100,Long-term debt,FY2026,3693793
non_ifrs,Long-term debt,business_100,Long-term debt,FY2026,4064736
non_ifrs,Long-term debt,business_100,Long-term debt,Q1 FY2027,3693793
non_ifrs,Long-term debt,business_100,Long-term debt,Q2 FY2026,4064732
non_ifrs,Long-term debt,business_100,Long-term debt,Q3 FY2026,2794952
non_ifrs,Maintenance capital expenditures,business_100,Maintenance capital expenditures,H1 FY2025,4064732
non_ifrs,Maintenance capital expenditures,business_100,Maintenance capital expenditures,H1 FY2026,4064732
non_ifrs,Maintenance capital expenditures,business_100,Maintenance capital expenditures,"LTM ended December 31, 2024",2794952
non_ifrs,Maintenance capital expenditures,business_100,Maintenance capital expenditures,"LTM ended December 31, 2025",2794952
non_ifrs,Maintenance capital expenditures,business_100,Maintenance capital expenditures,Q2 FY2025,4064732
non_ifrs,Maintenance capital expenditures,business_100,Maintenance capital expenditures,Q2 FY2026,4064732
non_ifrs,Maintenance capital expenditures,business_100,Maintenance capital expenditures,Q3 FY2025,2794952
non_ifrs,Maintenance capital expenditures,business_100,Maintenance capital expenditures,Q3 FY2026,2794952
non_ifrs,Maintenance capital expenditures (5),business_100,Maintenance capital expenditures (5),FY2025,3409150
non_ifrs,Maintenance capital expenditures (5),business_100,Maintenance capital expenditures (5),FY2025,4064736
non_ifrs,Maintenance capital expenditures (5),business_100,Maintenance capital expenditures (5),FY2026,3409150
non_ifrs,Maintenance capital expenditures (5),business_100,Maintenance capital expenditures (5),FY2026,4064736
non_ifrs,Maintenance capital expenditures (5),business_100,Maintenance capital expenditures (5),"LTM ended June 30, 2025",3693793
non_ifrs,Maintenance capital expenditures (5),business_100,Maintenance capital expenditures (5),"LTM ended June 30, 2026",3693793
non_ifrs,Maintenance capital expenditures (5),business_100,Maintenance capital expenditures (5),Q1 FY2026,3693793
non_ifrs,Maintenance capital expenditures (5),business_100,Maintenance capital expenditures (5),Q1 FY2027,3693793
non_ifrs,Maintenance capital expenditures (5),business_100,Maintenance capital expenditures (5),Q4 FY2025,3409150
non_ifrs,Maintenance capital expenditures (5),business_100,Maintenance capital expenditures (5),Q4 FY2025,4064736
non_ifrs,Maintenance capital expenditures (5),business_100,Maintenance capital expenditures (5),Q4 FY2026,3409150
non_ifrs,Maintenance capital expenditures (5),business_100,Maintenance capital expenditures (5),Q4 FY2026,4064736
non_ifrs,Mandatory debt repayments,business_100,Mandatory debt repayments,FY2025,3409150
non_ifrs,Mandatory debt repayments,business_100,Mandatory debt repayments,FY2025,4064736
non_ifrs,Mandatory debt repayments,business_100,Mandatory debt repayments,FY2026,3409150
non_ifrs,Mandatory debt repayments,business_100,Mandatory debt repayments,FY2026,4064736
non_ifrs,Mandatory debt repayments,business_100,Mandatory debt repayments,H1 FY2025,4064732
non_ifrs,Mandatory debt repayments,business_100,Mandatory debt repayments,H1 FY2026,4064732
non_ifrs,Mandatory debt repayments,business_100,Mandatory debt repayments,"LTM ended December 31, 2024",2794952
non_ifrs,Mandatory debt repayments,business_100,Mandatory debt repayments,"LTM ended December 31, 2025",2794952
non_ifrs,Mandatory debt repayments,business_100,Mandatory debt repayments,"LTM ended June 30, 2025",3693793
non_ifrs,Mandatory debt repayments,business_100,Mandatory debt repayments,"LTM ended June 30, 2026",3693793
non_ifrs,Mandatory debt repayments,business_100,Mandatory debt repayments,Q1 FY2026,3693793
non_ifrs,Mandatory debt repayments,business_100,Mandatory debt repayments,Q1 FY2027,3693793
non_ifrs,Mandatory debt repayments,business_100,Mandatory debt repayments,Q2 FY2025,4064732
non_ifrs,Mandatory debt repayments,business_100,Mandatory debt repayments,Q2 FY2026,4064732
non_ifrs,Mandatory debt repayments,business_100,Mandatory debt repayments,Q3 FY2025,2794952
non_ifrs,Mandatory debt repayments,business_100,Mandatory debt repayments,Q3 FY2026,2794952
non_ifrs,Mandatory debt repayments,business_100,Mandatory debt repayments,Q4 FY2025,3409150
non_ifrs,Mandatory debt repayments,business_100,Mandatory debt repayments,Q4 FY2025,4064736
non_ifrs,Mandatory debt repayments,business_100,Mandatory debt repayments,Q4 FY2026,3409150
non_ifrs,Mandatory debt repayments,business_100,Mandatory debt repayments,Q4 FY2026,4064736
non_ifrs,Net debt,business_100,Net debt,FY2025,2794952
non_ifrs,Net debt,business_100,Net debt,FY2025,3409150
non_ifrs,Net debt,business_100,Net debt,FY2025,4064732
non_ifrs,Net debt,business_100,Net debt,FY2025,4064736
non_ifrs,Net debt,business_100,Net debt,FY2026,3409150
non_ifrs,Net debt,business_100,Net debt,FY2026,3693793
non_ifrs,Net debt,business_100,Net debt,FY2026,4064736
non_ifrs,Net debt,business_100,Net debt,Q1 FY2027,3693793
non_ifrs,Net debt,business_100,Net debt,Q2 FY2026,4064732
non_ifrs,Net debt,business_100,Net debt,Q3 FY2026,2794952
non_ifrs,Net debt to Adjusted EBITDA,business_100,Net debt to Adjusted EBITDA,FY2025,3409150
non_ifrs,Net debt to Adjusted EBITDA,business_100,Net debt to Adjusted EBITDA,FY2025,4064736
non_ifrs,Net debt to Adjusted EBITDA,business_100,Net debt to Adjusted EBITDA,FY2026,3409150
non_ifrs,Net debt to Adjusted EBITDA,business_100,Net debt to Adjusted EBITDA,FY2026,4064736
non_ifrs,Net earnings,business_100,Net earnings,FY2025,3409150
non_ifrs,Net earnings,business_100,Net earnings,FY2025,4064736
non_ifrs,Net earnings,business_100,Net earnings,FY2026,3409150
non_ifrs,Net earnings,business_100,Net earnings,FY2026,4064736
non_ifrs,Net earnings,business_100,Net earnings,H1 FY2025,4064732
non_ifrs,Net earnings,business_100,Net earnings,H1 FY2026,4064732
non_ifrs,Net earnings,business_100,Net earnings,"LTM ended December 31, 2024",2794952
non_ifrs,Net earnings,business_100,Net earnings,"LTM ended December 31, 2025",2794952
non_ifrs,Net earnings,business_100,Net earnings,"LTM ended June 30, 2025",3693793
non_ifrs,Net earnings,business_100,Net earnings,"LTM ended June 30, 2026",3693793
non_ifrs,Net earnings,business_100,Net earnings,Q1 FY2025,4064732
non_ifrs,Net earnings,business_100,Net earnings,Q1 FY2026,3693793
non_ifrs,Net earnings,business_100,Net earnings,Q1 FY2026,4064732
non_ifrs,Net earnings,business_100,Net earnings,Q1 FY2027,3693793
non_ifrs,Net earnings,business_100,Net earnings,Q2 FY2025,4064732
non_ifrs,Net earnings,business_100,Net earnings,Q2 FY2026,4064732
non_ifrs,Net earnings,business_100,Net earnings,Q3 FY2025,2794952
non_ifrs,Net earnings,business_100,Net earnings,Q3 FY2025,4064732
non_ifrs,Net earnings,business_100,Net earnings,Q3 FY2026,2794952
non_ifrs,Net earnings,business_100,Net earnings,Q4 FY2025,3409150
non_ifrs,Net earnings,business_100,Net earnings,Q4 FY2025,4064732
non_ifrs,Net earnings,business_100,Net earnings,Q4 FY2025,4064736
non_ifrs,Net earnings,business_100,Net earnings,Q4 FY2026,3409150
non_ifrs,Net earnings,business_100,Net earnings,Q4 FY2026,4064736
non_ifrs,Operating,business_100,Operating,FY2025,3409150
non_ifrs,Operating,business_100,Operating,FY2025,4064736
non_ifrs,Operating,business_100,Operating,FY2026,3409150
non_ifrs,Operating,business_100,Operating,FY2026,4064736
non_ifrs,Operating,business_100,Operating,H1 FY2025,4064732
non_ifrs,Operating,business_100,Operating,H1 FY2026,4064732
non_ifrs,Operating,business_100,Operating,"LTM ended December 31, 2024",2794952
non_ifrs,Operating,business_100,Operating,"LTM ended December 31, 2025",2794952
non_ifrs,Operating,business_100,Operating,"LTM ended June 30, 2025",3693793
non_ifrs,Operating,business_100,Operating,"LTM ended June 30, 2026",3693793
non_ifrs,Operating,business_100,Operating,Q1 FY2026,3693793
non_ifrs,Operating,business_100,Operating,Q1 FY2027,3693793
non_ifrs,Operating,business_100,Operating,Q2 FY2025,4064732
non_ifrs,Operating,business_100,Operating,Q2 FY2026,4064732
non_ifrs,Operating,business_100,Operating,Q3 FY2025,2794952
non_ifrs,Operating,business_100,Operating,Q3 FY2026,2794952
non_ifrs,Operating,business_100,Operating,Q4 FY2025,3409150
non_ifrs,Operating,business_100,Operating,Q4 FY2025,4064736
non_ifrs,Operating,business_100,Operating,Q4 FY2026,3409150
non_ifrs,Operating,business_100,Operating,Q4 FY2026,4064736
non_ifrs,"Operating, general and administrative expense and other",business_100,"Operating, general and administrative expense and other",FY2025,4064736
non_ifrs,"Operating, general and administrative expense and other",business_100,"Operating, general and administrative expense and other",FY2026,4064736
non_ifrs,"Operating, general and administrative expense and other",business_100,"Operating, general and administrative expense and other",H1 FY2025,4064732
non_ifrs,"Operating, general and administrative expense and other",business_100,"Operating, general and administrative expense and other",H1 FY2026,4064732
non_ifrs,"Operating, general and administrative expense and other",business_100,"Operating, general and administrative expense and other",Q2 FY2025,4064732
non_ifrs,"Operating, general and administrative expense and other",business_100,"Operating, general and administrative expense and other",Q2 FY2026,4064732
non_ifrs,"Operating, general and administrative expense and other",business_100,"Operating, general and administrative expense and other",Q4 FY2025,4064736
non_ifrs,"Operating, general and administrative expense and other",business_100,"Operating, general and administrative expense and other",Q4 FY2026,4064736
non_ifrs,Optimization Activities - FY25 AGM Mix,business_100,Optimization Activities - FY25 AGM Mix,FY2025,3724816
non_ifrs,Optimization Activities - FY25 Revenue Mix,business_100,Optimization Activities - FY25 Revenue Mix,FY2025,3724816
non_ifrs,Optimization Activities - FY26 AGM Mix,business_100,Optimization Activities - FY26 AGM Mix,FY2026,3724816
non_ifrs,Optimization Activities - FY26 Revenue Mix,business_100,Optimization Activities - FY26 Revenue Mix,FY2026,3724816
non_ifrs,Optimization Activities - Long-Term AGM Target Mix (1),business_100,Optimization Activities - Long-Term AGM Target Mix (1),FY2026,3724816
non_ifrs,Other (income) expenses,business_100,Other (income) expenses,"LTM ended December 31, 2024",2794952
non_ifrs,Other (income) expenses,business_100,Other (income) expenses,"LTM ended December 31, 2025",2794952
non_ifrs,Other (income) expenses,business_100,Other (income) expenses,Q3 FY2025,2794952
non_ifrs,Other (income) expenses,business_100,Other (income) expenses,Q3 FY2026,2794952
non_ifrs,Other expenses,business_100,Other expenses,FY2025,3409150
non_ifrs,Other expenses,business_100,Other expenses,FY2025,4064736
non_ifrs,Other expenses,business_100,Other expenses,FY2026,3409150
non_ifrs,Other expenses,business_100,Other expenses,FY2026,4064736
non_ifrs,Other expenses,business_100,Other expenses,H1 FY2025,4064732
non_ifrs,Other expenses,business_100,Other expenses,H1 FY2026,4064732
non_ifrs,Other expenses,business_100,Other expenses,Q2 FY2025,4064732
non_ifrs,Other expenses,business_100,Other expenses,Q2 FY2026,4064732
non_ifrs,Other expenses,business_100,Other expenses,Q4 FY2025,3409150
non_ifrs,Other expenses,business_100,Other expenses,Q4 FY2025,4064736
non_ifrs,Other expenses,business_100,Other expenses,Q4 FY2026,3409150
non_ifrs,Other expenses,business_100,Other expenses,Q4 FY2026,4064736
non_ifrs,Other expenses and equity-settled compensation,business_100,Other expenses and equity-settled compensation,"LTM ended June 30, 2025",3693793
non_ifrs,Other expenses and equity-settled compensation,business_100,Other expenses and equity-settled compensation,"LTM ended June 30, 2026",3693793
non_ifrs,Other expenses and equity-settled compensation,business_100,Other expenses and equity-settled compensation,Q1 FY2026,3693793
non_ifrs,Other expenses and equity-settled compensation,business_100,Other expenses and equity-settled compensation,Q1 FY2027,3693793
non_ifrs,Other items (2),business_100,Other items (2),FY2025,3409150
non_ifrs,Other items (2),business_100,Other items (2),FY2025,4064736
non_ifrs,Other items (2),business_100,Other items (2),FY2026,3409150
non_ifrs,Other items (2),business_100,Other items (2),FY2026,4064736
non_ifrs,Other items (2),business_100,Other items (2),H1 FY2025,4064732
non_ifrs,Other items (2),business_100,Other items (2),H1 FY2026,4064732
non_ifrs,Other items (2),business_100,Other items (2),"LTM ended June 30, 2025",3693793
non_ifrs,Other items (2),business_100,Other items (2),"LTM ended June 30, 2026",3693793
non_ifrs,Other items (2),business_100,Other items (2),Q1 FY2026,3693793
non_ifrs,Other items (2),business_100,Other items (2),Q1 FY2027,3693793
non_ifrs,Other items (2),business_100,Other items (2),Q2 FY2025,4064732
non_ifrs,Other items (2),business_100,Other items (2),Q2 FY2026,4064732
non_ifrs,Other items (2),business_100,Other items (2),Q4 FY2025,3409150
non_ifrs,Other items (2),business_100,Other items (2),Q4 FY2025,4064736
non_ifrs,Other items (2),business_100,Other items (2),Q4 FY2026,3409150
non_ifrs,Other items (2),business_100,Other items (2),Q4 FY2026,4064736
non_ifrs,Other items 2,business_100,Other items 2,"LTM ended December 31, 2024",2794952
non_ifrs,Other items 2,business_100,Other items 2,"LTM ended December 31, 2025",2794952
non_ifrs,Other items 2,business_100,Other items 2,Q3 FY2025,2794952
non_ifrs,Other items 2,business_100,Other items 2,Q3 FY2026,2794952
non_ifrs,Realized Optimization gross margin,business_100,Realized Optimization gross margin,FY2025,3409150
non_ifrs,Realized Optimization gross margin,business_100,Realized Optimization gross margin,FY2026,3409150
non_ifrs,Realized Optimization gross margin,business_100,Realized Optimization gross margin,"LTM ended June 30, 2025",3693793
non_ifrs,Realized Optimization gross margin,business_100,Realized Optimization gross margin,"LTM ended June 30, 2026",3693793
non_ifrs,Realized Optimization gross margin,business_100,Realized Optimization gross margin,Q1 FY2026,3693793
non_ifrs,Realized Optimization gross margin,business_100,Realized Optimization gross margin,Q1 FY2027,3693793
non_ifrs,Realized Optimization gross margin,business_100,Realized Optimization gross margin,Q4 FY2025,3409150
non_ifrs,Realized Optimization gross margin,business_100,Realized Optimization gross margin,Q4 FY2026,3409150
non_ifrs,"Realized Optimization, net",business_100,"Realized Optimization, net",FY2025,3409150
non_ifrs,"Realized Optimization, net",business_100,"Realized Optimization, net",FY2026,3409150
non_ifrs,"Realized Optimization, net",business_100,"Realized Optimization, net","LTM ended June 30, 2025",3693793
non_ifrs,"Realized Optimization, net",business_100,"Realized Optimization, net","LTM ended June 30, 2026",3693793
non_ifrs,"Realized Optimization, net",business_100,"Realized Optimization, net",Q1 FY2026,3693793
non_ifrs,"Realized Optimization, net",business_100,"Realized Optimization, net",Q1 FY2027,3693793
non_ifrs,"Realized Optimization, net",business_100,"Realized Optimization, net",Q4 FY2025,3409150
non_ifrs,"Realized Optimization, net",business_100,"Realized Optimization, net",Q4 FY2026,3409150
non_ifrs,Realized optimization gross margin,business_100,Realized optimization gross margin,H1 FY2025,4064732
non_ifrs,Realized optimization gross margin,business_100,Realized optimization gross margin,H1 FY2026,4064732
non_ifrs,Realized optimization gross margin,business_100,Realized optimization gross margin,"LTM ended December 31, 2024",2794952
non_ifrs,Realized optimization gross margin,business_100,Realized optimization gross margin,"LTM ended December 31, 2025",2794952
non_ifrs,Realized optimization gross margin,business_100,Realized optimization gross margin,Q2 FY2025,4064732
non_ifrs,Realized optimization gross margin,business_100,Realized optimization gross margin,Q2 FY2026,4064732
non_ifrs,Realized optimization gross margin,business_100,Realized optimization gross margin,Q3 FY2025,2794952
non_ifrs,Realized optimization gross margin,business_100,Realized optimization gross margin,Q3 FY2026,2794952
non_ifrs,"Realized optimization, net",business_100,"Realized optimization, net",FY2025,4064736
non_ifrs,"Realized optimization, net",business_100,"Realized optimization, net",FY2026,4064736
non_ifrs,"Realized optimization, net",business_100,"Realized optimization, net","LTM ended December 31, 2024",2794952
non_ifrs,"Realized optimization, net",business_100,"Realized optimization, net","LTM ended December 31, 2025",2794952
non_ifrs,"Realized optimization, net",business_100,"Realized optimization, net",Q3 FY2025,2794952
non_ifrs,"Realized optimization, net",business_100,"Realized optimization, net",Q3 FY2026,2794952
non_ifrs,"Realized optimization, net",business_100,"Realized optimization, net",Q4 FY2025,4064736
non_ifrs,"Realized optimization, net",business_100,"Realized optimization, net",Q4 FY2026,4064736
non_ifrs,Revenue,business_100,Revenue,Q1 FY2025,4064732
non_ifrs,Revenue,business_100,Revenue,Q1 FY2026,4064732
non_ifrs,Revenue,business_100,Revenue,Q2 FY2025,4064732
non_ifrs,Revenue,business_100,Revenue,Q2 FY2026,4064732
non_ifrs,Revenue,business_100,Revenue,Q3 FY2025,4064732
non_ifrs,Revenue,business_100,Revenue,Q4 FY2025,4064732
non_ifrs,STS Contracts - FY25 AGM Mix,business_100,STS Contracts - FY25 AGM Mix,FY2025,3724816
non_ifrs,STS Contracts - FY25 Revenue Mix,business_100,STS Contracts - FY25 Revenue Mix,FY2025,3724816
non_ifrs,STS Contracts - FY26 AGM Mix,business_100,STS Contracts - FY26 AGM Mix,FY2026,3724816
non_ifrs,STS Contracts - FY26 Revenue Mix,business_100,STS Contracts - FY26 Revenue Mix,FY2026,3724816
non_ifrs,STS Contracts - Long-Term AGM Target Mix (1),business_100,STS Contracts - Long-Term AGM Target Mix (1),FY2026,3724816
non_ifrs,"STS, net of cost of gas storage services",business_100,"STS, net of cost of gas storage services",FY2025,3409150
non_ifrs,"STS, net of cost of gas storage services",business_100,"STS, net of cost of gas storage services",FY2025,4064736
non_ifrs,"STS, net of cost of gas storage services",business_100,"STS, net of cost of gas storage services",FY2026,3409150
non_ifrs,"STS, net of cost of gas storage services",business_100,"STS, net of cost of gas storage services",FY2026,4064736
non_ifrs,"STS, net of cost of gas storage services",business_100,"STS, net of cost of gas storage services",H1 FY2025,4064732
non_ifrs,"STS, net of cost of gas storage services",business_100,"STS, net of cost of gas storage services",H1 FY2026,4064732
non_ifrs,"STS, net of cost of gas storage services",business_100,"STS, net of cost of gas storage services","LTM ended December 31, 2024",2794952
non_ifrs,"STS, net of cost of gas storage services",business_100,"STS, net of cost of gas storage services","LTM ended December 31, 2025",2794952
non_ifrs,"STS, net of cost of gas storage services",business_100,"STS, net of cost of gas storage services","LTM ended June 30, 2025",3693793
non_ifrs,"STS, net of cost of gas storage services",business_100,"STS, net of cost of gas storage services","LTM ended June 30, 2026",3693793
non_ifrs,"STS, net of cost of gas storage services",business_100,"STS, net of cost of gas storage services",Q1 FY2026,3693793
non_ifrs,"STS, net of cost of gas storage services",business_100,"STS, net of cost of gas storage services",Q1 FY2027,3693793
non_ifrs,"STS, net of cost of gas storage services",business_100,"STS, net of cost of gas storage services",Q2 FY2025,4064732
non_ifrs,"STS, net of cost of gas storage services",business_100,"STS, net of cost of gas storage services",Q2 FY2026,4064732
non_ifrs,"STS, net of cost of gas storage services",business_100,"STS, net of cost of gas storage services",Q3 FY2025,2794952
non_ifrs,"STS, net of cost of gas storage services",business_100,"STS, net of cost of gas storage services",Q3 FY2026,2794952
non_ifrs,"STS, net of cost of gas storage services",business_100,"STS, net of cost of gas storage services",Q4 FY2025,3409150
non_ifrs,"STS, net of cost of gas storage services",business_100,"STS, net of cost of gas storage services",Q4 FY2025,4064736
non_ifrs,"STS, net of cost of gas storage services",business_100,"STS, net of cost of gas storage services",Q4 FY2026,3409150
non_ifrs,"STS, net of cost of gas storage services",business_100,"STS, net of cost of gas storage services",Q4 FY2026,4064736
non_ifrs,"Short-term Storage service, net of cost of gas storage services",business_100,"Short-term Storage service, net of cost of gas storage services",FY2025,3409150
non_ifrs,"Short-term Storage service, net of cost of gas storage services",business_100,"Short-term Storage service, net of cost of gas storage services",FY2026,3409150
non_ifrs,"Short-term Storage service, net of cost of gas storage services",business_100,"Short-term Storage service, net of cost of gas storage services","LTM ended June 30, 2025",3693793
non_ifrs,"Short-term Storage service, net of cost of gas storage services",business_100,"Short-term Storage service, net of cost of gas storage services","LTM ended June 30, 2026",3693793
non_ifrs,"Short-term Storage service, net of cost of gas storage services",business_100,"Short-term Storage service, net of cost of gas storage services",Q1 FY2026,3693793
non_ifrs,"Short-term Storage service, net of cost of gas storage services",business_100,"Short-term Storage service, net of cost of gas storage services",Q1 FY2027,3693793
non_ifrs,"Short-term Storage service, net of cost of gas storage services",business_100,"Short-term Storage service, net of cost of gas storage services",Q4 FY2025,3409150
non_ifrs,"Short-term Storage service, net of cost of gas storage services",business_100,"Short-term Storage service, net of cost of gas storage services",Q4 FY2026,3409150
non_ifrs,Short-term debt,business_100,Short-term debt,FY2025,2794952
non_ifrs,Short-term debt,business_100,Short-term debt,FY2025,3409150
non_ifrs,Short-term debt,business_100,Short-term debt,FY2025,4064732
non_ifrs,Short-term debt,business_100,Short-term debt,FY2025,4064736
non_ifrs,Short-term debt,business_100,Short-term debt,FY2026,3409150
non_ifrs,Short-term debt,business_100,Short-term debt,FY2026,3693793
non_ifrs,Short-term debt,business_100,Short-term debt,FY2026,4064736
non_ifrs,Short-term debt,business_100,Short-term debt,Q1 FY2027,3693793
non_ifrs,Short-term debt,business_100,Short-term debt,Q2 FY2026,4064732
non_ifrs,Short-term debt,business_100,Short-term debt,Q3 FY2026,2794952
non_ifrs,"Short-term storage service, net of cost of gas storage services",business_100,"Short-term storage service, net of cost of gas storage services","LTM ended December 31, 2024",2794952
non_ifrs,"Short-term storage service, net of cost of gas storage services",business_100,"Short-term storage service, net of cost of gas storage services","LTM ended December 31, 2025",2794952
non_ifrs,"Short-term storage service, net of cost of gas storage services",business_100,"Short-term storage service, net of cost of gas storage services",Q3 FY2025,2794952
non_ifrs,"Short-term storage service, net of cost of gas storage services",business_100,"Short-term storage service, net of cost of gas storage services",Q3 FY2026,2794952
non_ifrs,Take-or-Pay,business_100,Take-or-Pay,FY2025,3409150
non_ifrs,Take-or-Pay,business_100,Take-or-Pay,FY2026,3409150
non_ifrs,Take-or-Pay,business_100,Take-or-Pay,"LTM ended June 30, 2025",3693793
non_ifrs,Take-or-Pay,business_100,Take-or-Pay,"LTM ended June 30, 2026",3693793
non_ifrs,Take-or-Pay,business_100,Take-or-Pay,Q1 FY2026,3693793
non_ifrs,Take-or-Pay,business_100,Take-or-Pay,Q1 FY2027,3693793
non_ifrs,Take-or-Pay,business_100,Take-or-Pay,Q4 FY2025,3409150
non_ifrs,Take-or-Pay,business_100,Take-or-Pay,Q4 FY2026,3409150
non_ifrs,Take-or-pay,business_100,Take-or-pay,"LTM ended December 31, 2024",2794952
non_ifrs,Take-or-pay,business_100,Take-or-pay,"LTM ended December 31, 2025",2794952
non_ifrs,Take-or-pay,business_100,Take-or-pay,Q3 FY2025,2794952
non_ifrs,Take-or-pay,business_100,Take-or-pay,Q3 FY2026,2794952
non_ifrs,ToP,business_100,ToP,FY2025,3409150
non_ifrs,ToP,business_100,ToP,FY2025,4064736
non_ifrs,ToP,business_100,ToP,FY2026,3409150
non_ifrs,ToP,business_100,ToP,FY2026,4064736
non_ifrs,ToP,business_100,ToP,H1 FY2025,4064732
non_ifrs,ToP,business_100,ToP,H1 FY2026,4064732
non_ifrs,ToP,business_100,ToP,"LTM ended December 31, 2024",2794952
non_ifrs,ToP,business_100,ToP,"LTM ended December 31, 2025",2794952
non_ifrs,ToP,business_100,ToP,"LTM ended June 30, 2025",3693793
non_ifrs,ToP,business_100,ToP,"LTM ended June 30, 2026",3693793
non_ifrs,ToP,business_100,ToP,Q1 FY2026,3693793
non_ifrs,ToP,business_100,ToP,Q1 FY2027,3693793
non_ifrs,ToP,business_100,ToP,Q2 FY2025,4064732
non_ifrs,ToP,business_100,ToP,Q2 FY2026,4064732
non_ifrs,ToP,business_100,ToP,Q3 FY2025,2794952
non_ifrs,ToP,business_100,ToP,Q3 FY2026,2794952
non_ifrs,ToP,business_100,ToP,Q4 FY2025,3409150
non_ifrs,ToP,business_100,ToP,Q4 FY2025,4064736
non_ifrs,ToP,business_100,ToP,Q4 FY2026,3409150
non_ifrs,ToP,business_100,ToP,Q4 FY2026,4064736
non_ifrs,ToP Contracts - FY25 AGM Mix,business_100,ToP Contracts - FY25 AGM Mix,FY2025,3724816
non_ifrs,ToP Contracts - FY25 Revenue Mix,business_100,ToP Contracts - FY25 Revenue Mix,FY2025,3724816
non_ifrs,ToP Contracts - FY26 AGM Mix,business_100,ToP Contracts - FY26 AGM Mix,FY2026,3724816
non_ifrs,ToP Contracts - FY26 Revenue Mix,business_100,ToP Contracts - FY26 Revenue Mix,FY2026,3724816
non_ifrs,ToP Contracts - Long-Term AGM Target Mix (1),business_100,ToP Contracts - Long-Term AGM Target Mix (1),FY2026,3724816
non_ifrs,Total Fee for Service gross margin,business_100,Total Fee for Service gross margin,H1 FY2025,4064732
non_ifrs,Total Fee for Service gross margin,business_100,Total Fee for Service gross margin,H1 FY2026,4064732
non_ifrs,Total Fee for Service gross margin,business_100,Total Fee for Service gross margin,"LTM ended December 31, 2024",2794952
non_ifrs,Total Fee for Service gross margin,business_100,Total Fee for Service gross margin,"LTM ended December 31, 2025",2794952
non_ifrs,Total Fee for Service gross margin,business_100,Total Fee for Service gross margin,Q2 FY2025,4064732
non_ifrs,Total Fee for Service gross margin,business_100,Total Fee for Service gross margin,Q2 FY2026,4064732
non_ifrs,Total Fee for Service gross margin,business_100,Total Fee for Service gross margin,Q3 FY2025,2794952
non_ifrs,Total Fee for Service gross margin,business_100,Total Fee for Service gross margin,Q3 FY2026,2794952
non_ifrs,Total Fee-for-Service gross margin,business_100,Total Fee-for-Service gross margin,FY2025,3409150
non_ifrs,Total Fee-for-Service gross margin,business_100,Total Fee-for-Service gross margin,FY2025,4064736
non_ifrs,Total Fee-for-Service gross margin,business_100,Total Fee-for-Service gross margin,FY2026,3409150
non_ifrs,Total Fee-for-Service gross margin,business_100,Total Fee-for-Service gross margin,FY2026,4064736
non_ifrs,Total Fee-for-Service gross margin,business_100,Total Fee-for-Service gross margin,"LTM ended June 30, 2025",3693793
non_ifrs,Total Fee-for-Service gross margin,business_100,Total Fee-for-Service gross margin,"LTM ended June 30, 2026",3693793
non_ifrs,Total Fee-for-Service gross margin,business_100,Total Fee-for-Service gross margin,Q1 FY2026,3693793
non_ifrs,Total Fee-for-Service gross margin,business_100,Total Fee-for-Service gross margin,Q1 FY2027,3693793
non_ifrs,Total Fee-for-Service gross margin,business_100,Total Fee-for-Service gross margin,Q4 FY2025,3409150
non_ifrs,Total Fee-for-Service gross margin,business_100,Total Fee-for-Service gross margin,Q4 FY2025,4064736
non_ifrs,Total Fee-for-Service gross margin,business_100,Total Fee-for-Service gross margin,Q4 FY2026,3409150
non_ifrs,Total Fee-for-Service gross margin,business_100,Total Fee-for-Service gross margin,Q4 FY2026,4064736
non_ifrs,Total debt outstanding,business_100,Total debt outstanding,FY2025,2794952
non_ifrs,Total debt outstanding,business_100,Total debt outstanding,FY2025,3409150
non_ifrs,Total debt outstanding,business_100,Total debt outstanding,FY2025,4064732
non_ifrs,Total debt outstanding,business_100,Total debt outstanding,FY2025,4064736
non_ifrs,Total debt outstanding,business_100,Total debt outstanding,FY2026,3409150
non_ifrs,Total debt outstanding,business_100,Total debt outstanding,FY2026,3693793
non_ifrs,Total debt outstanding,business_100,Total debt outstanding,FY2026,4064736
non_ifrs,Total debt outstanding,business_100,Total debt outstanding,Q1 FY2027,3693793
non_ifrs,Total debt outstanding,business_100,Total debt outstanding,Q2 FY2026,4064732
non_ifrs,Total debt outstanding,business_100,Total debt outstanding,Q3 FY2026,2794952
non_ifrs,Unrealized risk management (gains) losses 1,business_100,Unrealized risk management (gains) losses 1,"LTM ended December 31, 2024",2794952
non_ifrs,Unrealized risk management (gains) losses 1,business_100,Unrealized risk management (gains) losses 1,"LTM ended December 31, 2025",2794952
non_ifrs,Unrealized risk management (gains) losses 1,business_100,Unrealized risk management (gains) losses 1,Q3 FY2025,2794952
non_ifrs,Unrealized risk management (gains) losses 1,business_100,Unrealized risk management (gains) losses 1,Q3 FY2026,2794952
non_ifrs,Unrealized risk management gains (1),business_100,Unrealized risk management gains (1),H1 FY2025,4064732
non_ifrs,Unrealized risk management gains (1),business_100,Unrealized risk management gains (1),H1 FY2026,4064732
non_ifrs,Unrealized risk management gains (1),business_100,Unrealized risk management gains (1),Q2 FY2025,4064732
non_ifrs,Unrealized risk management gains (1),business_100,Unrealized risk management gains (1),Q2 FY2026,4064732
non_ifrs,Unrealized risk management losses (gains) (1),business_100,Unrealized risk management losses (gains) (1),FY2025,3409150
non_ifrs,Unrealized risk management losses (gains) (1),business_100,Unrealized risk management losses (gains) (1),FY2025,4064736
non_ifrs,Unrealized risk management losses (gains) (1),business_100,Unrealized risk management losses (gains) (1),FY2026,3409150
non_ifrs,Unrealized risk management losses (gains) (1),business_100,Unrealized risk management losses (gains) (1),FY2026,4064736
non_ifrs,Unrealized risk management losses (gains) (1),business_100,Unrealized risk management losses (gains) (1),"LTM ended June 30, 2025",3693793
non_ifrs,Unrealized risk management losses (gains) (1),business_100,Unrealized risk management losses (gains) (1),"LTM ended June 30, 2026",3693793
non_ifrs,Unrealized risk management losses (gains) (1),business_100,Unrealized risk management losses (gains) (1),Q1 FY2026,3693793
non_ifrs,Unrealized risk management losses (gains) (1),business_100,Unrealized risk management losses (gains) (1),Q1 FY2027,3693793
non_ifrs,Unrealized risk management losses (gains) (1),business_100,Unrealized risk management losses (gains) (1),Q4 FY2025,3409150
non_ifrs,Unrealized risk management losses (gains) (1),business_100,Unrealized risk management losses (gains) (1),Q4 FY2025,4064736
non_ifrs,Unrealized risk management losses (gains) (1),business_100,Unrealized risk management losses (gains) (1),Q4 FY2026,3409150
non_ifrs,Unrealized risk management losses (gains) (1),business_100,Unrealized risk management losses (gains) (1),Q4 FY2026,4064736
note_commitments,2026,business_100,2026,"As at Dec 31, 2025",4064733
note_commitments,2026,business_100,2026,"As at Sep 30, 2025",4064731
note_commitments,2027,business_100,2027,"As at Dec 31, 2025",4064733
note_commitments,2027,business_100,2027,"As at Jun 30, 2026",3693795
note_commitments,2027,business_100,2027,"As at Sep 30, 2025",4064731
note_commitments,2027,business_100,2027,FY2026,4064735
note_commitments,2028,business_100,2028,"As at Dec 31, 2025",4064733
note_commitments,2028,business_100,2028,"As at Jun 30, 2026",3693795
note_commitments,2028,business_100,2028,"As at Sep 30, 2025",4064731
note_commitments,2028,business_100,2028,FY2026,4064735
note_commitments,2029,business_100,2029,"As at Dec 31, 2025",4064733
note_commitments,2029,business_100,2029,"As at Jun 30, 2026",3693795
note_commitments,2029,business_100,2029,"As at Sep 30, 2025",4064731
note_commitments,2029,business_100,2029,FY2026,4064735
note_commitments,2030,business_100,2030,"As at Dec 31, 2025",4064733
note_commitments,2030,business_100,2030,"As at Jun 30, 2026",3693795
note_commitments,2030,business_100,2030,"As at Sep 30, 2025",4064731
note_commitments,2030,business_100,2030,FY2026,4064735
note_commitments,2031,business_100,2031,"As at Jun 30, 2026",3693795
note_commitments,2031,business_100,2031,FY2026,4064735
note_commitments,2031 and thereafter,business_100,2031 and thereafter,"As at Dec 31, 2025",4064733
note_commitments,2031 and thereafter,business_100,2031 and thereafter,"As at Sep 30, 2025",4064731
note_commitments,2032 and thereafter,business_100,2032 and thereafter,"As at Jun 30, 2026",3693795
note_commitments,2032 and thereafter,business_100,2032 and thereafter,FY2026,4064735
note_commitments,BIF II Finco Borrower (Bermuda) L.P. facility guaranteed by Swan OpCo,business_100,BIF II Finco Borrower (Bermuda) L.P. facility guaranteed by Swan OpCo,FY2026,4064736
note_commitments,Debt obligations,business_100,Debt obligations,FY2026,4064735
note_commitments,Debt obligations - 1 - 3 years,business_100,Debt obligations - 1 - 3 years,FY2026,4064736
note_commitments,Debt obligations - 3 - 5 years,business_100,Debt obligations - 3 - 5 years,FY2026,4064736
note_commitments,Debt obligations - Less than 1 year,business_100,Debt obligations - Less than 1 year,FY2026,4064736
note_commitments,Debt obligations - More than 5 years,business_100,Debt obligations - More than 5 years,FY2026,4064736
note_commitments,Debt obligations - Total,business_100,Debt obligations - Total,FY2026,4064736
note_commitments,Decommissioning obligations,business_100,Decommissioning obligations,FY2026,4064735
note_commitments,Decommissioning obligations - 1 - 3 years,business_100,Decommissioning obligations - 1 - 3 years,FY2026,4064736
note_commitments,Decommissioning obligations - 3 - 5 years,business_100,Decommissioning obligations - 3 - 5 years,FY2026,4064736
note_commitments,Decommissioning obligations - Less than 1 year,business_100,Decommissioning obligations - Less than 1 year,FY2026,4064736
note_commitments,Decommissioning obligations - More than 5 years,business_100,Decommissioning obligations - More than 5 years,FY2026,4064736
note_commitments,Decommissioning obligations - Total,business_100,Decommissioning obligations - Total,FY2026,4064736
note_commitments,Gas storage obligations,business_100,Gas storage obligations,FY2026,4064735
note_commitments,Gas storage obligations - 1 - 3 years,business_100,Gas storage obligations - 1 - 3 years,FY2026,4064736
note_commitments,Gas storage obligations - 3 - 5 years,business_100,Gas storage obligations - 3 - 5 years,FY2026,4064736
note_commitments,Gas storage obligations - Less than 1 year,business_100,Gas storage obligations - Less than 1 year,FY2026,4064736
note_commitments,Gas storage obligations - More than 5 years,business_100,Gas storage obligations - More than 5 years,FY2026,4064736
note_commitments,Gas storage obligations - Total,business_100,Gas storage obligations - Total,FY2026,4064736
note_commitments,Interest on debt obligations,business_100,Interest on debt obligations,FY2026,4064735
note_commitments,Interest on debt obligations - 1 - 3 years,business_100,Interest on debt obligations - 1 - 3 years,FY2026,4064736
note_commitments,Interest on debt obligations - 3 - 5 years,business_100,Interest on debt obligations - 3 - 5 years,FY2026,4064736
note_commitments,Interest on debt obligations - Less than 1 year,business_100,Interest on debt obligations - Less than 1 year,FY2026,4064736
note_commitments,Interest on debt obligations - More than 5 years,business_100,Interest on debt obligations - More than 5 years,FY2026,4064736
note_commitments,Interest on debt obligations - Total,business_100,Interest on debt obligations - Total,FY2026,4064736
note_commitments,Issued and outstanding letters of credit to various counterparties to support natural gas purchase commitments,business_100,Issued and outstanding letters of credit to various counterparties to support natural gas purchase commitments,FY2025,4064735
note_commitments,Issued and outstanding letters of credit to various counterparties to support natural gas purchase commitments,business_100,Issued and outstanding letters of credit to various counterparties to support natural gas purchase commitments,FY2026,4064735
note_commitments,Lease obligations,business_100,Lease obligations,FY2026,4064735
note_commitments,Lease obligations - 1 - 3 years,business_100,Lease obligations - 1 - 3 years,FY2026,4064736
note_commitments,Lease obligations - 3 - 5 years,business_100,Lease obligations - 3 - 5 years,FY2026,4064736
note_commitments,Lease obligations - Less than 1 year,business_100,Lease obligations - Less than 1 year,FY2026,4064736
note_commitments,Lease obligations - More than 5 years,business_100,Lease obligations - More than 5 years,FY2026,4064736
note_commitments,Lease obligations - Total,business_100,Lease obligations - Total,FY2026,4064736
note_commitments,Liability recognized in respect of potential sales of Brookfield's economic interest in the Business under the Legacy Incentive Plans,business_100,Liability recognized in respect of potential sales of Brookfield's economic interest in the Business under the Legacy Incentive Plans,FY2026,4064735
note_commitments,Maximum amount of the BIF II Finco Borrower (Bermuda) L.P. credit agreement under which Swan OpCo was jointly and severally liable as a guarantor,business_100,Maximum amount of the BIF II Finco Borrower (Bermuda) L.P. credit agreement under which Swan OpCo was jointly and severally liable as a guarantor,FY2026,4064735
note_commitments,Other (2),business_100,Other (2),FY2026,4064735
note_commitments,Other (2) - 1 - 3 years,business_100,Other (2) - 1 - 3 years,FY2026,4064736
note_commitments,Other (2) - 3 - 5 years,business_100,Other (2) - 3 - 5 years,FY2026,4064736
note_commitments,Other (2) - Less than 1 year,business_100,Other (2) - Less than 1 year,FY2026,4064736
note_commitments,Other (2) - More than 5 years,business_100,Other (2) - More than 5 years,FY2026,4064736
note_commitments,Other (2) - Total,business_100,Other (2) - Total,FY2026,4064736
note_commitments,Purchase obligations (1),business_100,Purchase obligations (1),FY2026,4064735
note_commitments,Purchase obligations (1) - 1 - 3 years,business_100,Purchase obligations (1) - 1 - 3 years,FY2026,4064736
note_commitments,Purchase obligations (1) - 3 - 5 years,business_100,Purchase obligations (1) - 3 - 5 years,FY2026,4064736
note_commitments,Purchase obligations (1) - Less than 1 year,business_100,Purchase obligations (1) - Less than 1 year,FY2026,4064736
note_commitments,Purchase obligations (1) - More than 5 years,business_100,Purchase obligations (1) - More than 5 years,FY2026,4064736
note_commitments,Purchase obligations (1) - Total,business_100,Purchase obligations (1) - Total,FY2026,4064736
note_commitments,Total,business_100,Total,"As at Dec 31, 2025",4064733
note_commitments,Total,business_100,Total,"As at Jun 30, 2026",3693795
note_commitments,Total,business_100,Total,"As at Sep 30, 2025",4064731
note_commitments,Total,business_100,Total,FY2026,4064735
note_commitments,Total - 1 - 3 years,business_100,Total - 1 - 3 years,FY2026,4064736
note_commitments,Total - 3 - 5 years,business_100,Total - 3 - 5 years,FY2026,4064736
note_commitments,Total - Less than 1 year,business_100,Total - Less than 1 year,FY2026,4064736
note_commitments,Total - More than 5 years,business_100,Total - More than 5 years,FY2026,4064736
note_commitments,Total - Total,business_100,Total - Total,FY2026,4064736
note_commitments,estimated undiscounted cash flows required to settle decommissioning obligations,business_100,estimated undiscounted cash flows required to settle decommissioning obligations,FY2025,4064736
note_commitments,estimated undiscounted cash flows required to settle decommissioning obligations,business_100,estimated undiscounted cash flows required to settle decommissioning obligations,FY2026,4064736
note_commitments,expected timing of payment for settlement of decommissioning obligations,business_100,expected timing of payment for settlement of decommissioning obligations,FY2026,4064736
note_debt,"ABL Facility - cash drawings repaid on October 15, 2025",business_100,"ABL Facility - cash drawings repaid on October 15, 2025",FY2026,4064736
note_debt,ABL Facility - maximum limit (cash drawings and letters of credit),business_100,ABL Facility - maximum limit (cash drawings and letters of credit),FY2026,4064736
note_debt,Asset Backed Loan,business_100,Asset Backed Loan,"As at Dec 31, 2025",4064733
note_debt,Asset Backed Loan,business_100,Asset Backed Loan,"As at Mar 31, 2025",4064731
note_debt,Asset Backed Loan,business_100,Asset Backed Loan,"As at Mar 31, 2025",4064733
note_debt,Asset Backed Loan,business_100,Asset Backed Loan,"As at Sep 30, 2025",4064731
note_debt,Asset Backed Loan,business_100,Asset Backed Loan,FY2025,4064735
note_debt,Asset Backed Loan,business_100,Asset Backed Loan,FY2026,4064735
note_debt,Base rate loan margin at the loan's inception,business_100,Base rate loan margin at the loan's inception,FY2025,4064735
note_debt,"Base rate loan margin effective March 19, 2025",business_100,"Base rate loan margin effective March 19, 2025",FY2025,4064735
note_debt,"Base rate loan margin effective October 29, 2025",business_100,"Base rate loan margin effective October 29, 2025",FY2026,4064735
note_debt,Borrowings outstanding on this credit facility,business_100,Borrowings outstanding on this credit facility,FY2025,4064735
note_debt,Borrowings outstanding under the Revolving Credit Facility,business_100,Borrowings outstanding under the Revolving Credit Facility,FY2026,4064735
note_debt,Cash and cash equivalents (1),business_100,Cash and cash equivalents (1),FY2025,4064736
note_debt,Cash and cash equivalents (1),business_100,Cash and cash equivalents (1),FY2026,4064736
note_debt,Committed capacity of the Revolving Credit Facility,business_100,Committed capacity of the Revolving Credit Facility,FY2026,4064735
note_debt,Current amounts owing included in outstanding principal,business_100,Current amounts owing included in outstanding principal,FY2025,4064735
note_debt,Current amounts owing included in outstanding principal,business_100,Current amounts owing included in outstanding principal,FY2026,4064735
note_debt,Debt Service Coverage Ratio covenant minimum,business_100,Debt Service Coverage Ratio covenant minimum,FY2026,4064735
note_debt,Deferred financing costs,business_100,Deferred financing costs,FY2025,4064735
note_debt,Deferred financing costs,business_100,Deferred financing costs,FY2026,4064735
note_debt,Excess cash flow dollar threshold,business_100,Excess cash flow dollar threshold,FY2026,4064735
note_debt,Excess cash flow payments required,business_100,Excess cash flow payments required,FY2026,4064735
note_debt,"Excess cash flow prepayment percentage above the threshold (post October 29, 2025 amendment)",business_100,"Excess cash flow prepayment percentage above the threshold (post October 29, 2025 amendment)",FY2026,4064735
note_debt,Excess cash flow threshold as a percentage of Consolidated EBITDA,business_100,Excess cash flow threshold as a percentage of Consolidated EBITDA,FY2026,4064735
note_debt,First Lien Net Leverage Ratio threshold above which an ECF prepayment is required,business_100,First Lien Net Leverage Ratio threshold above which an ECF prepayment is required,FY2026,4064735
note_debt,Initial drawings on the new revolving credit facility,business_100,Initial drawings on the new revolving credit facility,FY2026,4064735
note_debt,Interest on affiliated loans,business_100,Interest on affiliated loans,FY2025,4064735
note_debt,Interest on affiliated loans,business_100,Interest on affiliated loans,FY2026,4064735
note_debt,Interest on lease obligations,business_100,Interest on lease obligations,FY2025,4064735
note_debt,Interest on lease obligations,business_100,Interest on lease obligations,FY2026,4064735
note_debt,Interest rate on Warwick Credit Facility borrowings,business_100,Interest rate on Warwick Credit Facility borrowings,FY2025,4064735
note_debt,Issued but unused letter of credit sub-limit,business_100,Issued but unused letter of credit sub-limit,FY2026,4064735
note_debt,Issued letters of credit,business_100,Issued letters of credit,FY2025,4064735
note_debt,Issued letters of credit,business_100,Issued letters of credit,FY2026,4064735
note_debt,Issued letters of credit transferred to the new revolving credit facility,business_100,Issued letters of credit transferred to the new revolving credit facility,FY2026,4064735
note_debt,Original issue discount,business_100,Original issue discount,FY2025,4064735
note_debt,Other interest income,business_100,Other interest income,FY2025,4064735
note_debt,Other interest income,business_100,Other interest income,FY2026,4064735
note_debt,Outstanding cash drawings on the Asset Backed Loan repaid,business_100,Outstanding cash drawings on the Asset Backed Loan repaid,FY2025,4064735
note_debt,Outstanding cash drawings on the Asset Backed Loan repaid,business_100,Outstanding cash drawings on the Asset Backed Loan repaid,FY2026,4064735
note_debt,"Portion classified as current, net",business_100,"Portion classified as current, net","As at Dec 31, 2025",4064733
note_debt,"Portion classified as current, net",business_100,"Portion classified as current, net","As at Jun 30, 2026",3693795
note_debt,"Portion classified as current, net",business_100,"Portion classified as current, net","As at Mar 31, 2025",4064731
note_debt,"Portion classified as current, net",business_100,"Portion classified as current, net","As at Mar 31, 2025",4064733
note_debt,"Portion classified as current, net",business_100,"Portion classified as current, net","As at Mar 31, 2026",3693795
note_debt,"Portion classified as current, net",business_100,"Portion classified as current, net","As at Sep 30, 2025",4064731
note_debt,"Portion classified as current, net",business_100,"Portion classified as current, net",FY2025,4064735
note_debt,"Portion classified as current, net",business_100,"Portion classified as current, net",FY2026,4064735
note_debt,Principal of the Term Loan due 2031 remaining outstanding,business_100,Principal of the Term Loan due 2031 remaining outstanding,FY2025,4064735
note_debt,Principal of the Term Loan due 2031 remaining outstanding,business_100,Principal of the Term Loan due 2031 remaining outstanding,FY2026,4064735
note_debt,Proceeds from the Term Loan due 2031,business_100,Proceeds from the Term Loan due 2031,FY2025,4064735
note_debt,Realized gains on interest rate swaps,business_100,Realized gains on interest rate swaps,FY2025,4064735
note_debt,Realized gains on interest rate swaps,business_100,Realized gains on interest rate swaps,FY2026,4064735
note_debt,Repaid towards the principal balance of the Term Loan due 2031,business_100,Repaid towards the principal balance of the Term Loan due 2031,FY2025,4064735
note_debt,Repaid towards the principal balance of the Term Loan due 2031,business_100,Repaid towards the principal balance of the Term Loan due 2031,FY2026,4064735
note_debt,Required quarterly principal repayment as a percentage of original principal borrowings,business_100,Required quarterly principal repayment as a percentage of original principal borrowings,FY2026,4064735
note_debt,Revolving Credit Facility,business_100,Revolving Credit Facility,"As at Dec 31, 2025",4064733
note_debt,Revolving Credit Facility,business_100,Revolving Credit Facility,"As at Jun 30, 2026",3693795
note_debt,Revolving Credit Facility,business_100,Revolving Credit Facility,"As at Mar 31, 2025",4064733
note_debt,Revolving Credit Facility,business_100,Revolving Credit Facility,"As at Mar 31, 2026",3693795
note_debt,Revolving Credit Facility,business_100,Revolving Credit Facility,FY2025,4064735
note_debt,Revolving Credit Facility,business_100,Revolving Credit Facility,FY2026,4064735
note_debt,Revolving Credit Facility - aggregate commitment available,business_100,Revolving Credit Facility - aggregate commitment available,FY2026,4064736
note_debt,"Revolving Credit Facility - initial drawings on October 15, 2025",business_100,"Revolving Credit Facility - initial drawings on October 15, 2025",FY2026,4064736
note_debt,Revolving Credit Facility - letters of credit sub-limit,business_100,Revolving Credit Facility - letters of credit sub-limit,FY2026,4064736
note_debt,Revolving Credit Facility - maturity date,business_100,Revolving Credit Facility - maturity date,FY2026,4064736
note_debt,Revolving Credit Facility covenant - maximum consolidated total net debt to consolidated EBITDA,business_100,Revolving Credit Facility covenant - maximum consolidated total net debt to consolidated EBITDA,FY2026,4064736
note_debt,Revolving credit facility interest,business_100,Revolving credit facility interest,FY2025,4064735
note_debt,Revolving credit facility interest,business_100,Revolving credit facility interest,FY2026,4064735
note_debt,SOFR loan margin at the loan's inception,business_100,SOFR loan margin at the loan's inception,FY2025,4064735
note_debt,"SOFR loan margin effective March 19, 2025",business_100,"SOFR loan margin effective March 19, 2025",FY2025,4064735
note_debt,"SOFR loan margin effective October 29, 2025",business_100,"SOFR loan margin effective October 29, 2025",FY2026,4064735
note_debt,"Senior secured term loan (the 'Term Loan due 2031') entered into September 18, 2024",business_100,"Senior secured term loan (the 'Term Loan due 2031') entered into September 18, 2024",FY2025,4064735
note_debt,Term Loan,business_100,Term Loan,"As at Jun 30, 2026",3693795
note_debt,Term Loan,business_100,Term Loan,"As at Mar 31, 2026",3693795
note_debt,Term Loan due 2031,business_100,Term Loan due 2031,"As at Dec 31, 2025",4064733
note_debt,Term Loan due 2031,business_100,Term Loan due 2031,"As at Mar 31, 2025",4064731
note_debt,Term Loan due 2031,business_100,Term Loan due 2031,"As at Mar 31, 2025",4064733
note_debt,Term Loan due 2031,business_100,Term Loan due 2031,"As at Sep 30, 2025",4064731
note_debt,Term Loan due 2031,business_100,Term Loan due 2031,FY2025,4064735
note_debt,Term Loan due 2031,business_100,Term Loan due 2031,FY2026,4064735
note_debt,"Term Loan due 2031 - SOFR margin after May 7, 2026 repricing",business_100,"Term Loan due 2031 - SOFR margin after May 7, 2026 repricing",FY2026,4064736
note_debt,"Term Loan due 2031 - SOFR margin after October 29, 2025 repricing",business_100,"Term Loan due 2031 - SOFR margin after October 29, 2025 repricing",FY2026,4064736
note_debt,"Term Loan due 2031 - all-in interest rate on SOFR drawn balances after May 7, 2026 repricing",business_100,"Term Loan due 2031 - all-in interest rate on SOFR drawn balances after May 7, 2026 repricing",FY2026,4064736
note_debt,"Term Loan due 2031 - base rate margin after May 7, 2026 repricing",business_100,"Term Loan due 2031 - base rate margin after May 7, 2026 repricing",FY2026,4064736
note_debt,"Term Loan due 2031 - base rate margin after October 29, 2025 repricing",business_100,"Term Loan due 2031 - base rate margin after October 29, 2025 repricing",FY2026,4064736
note_debt,Term Loan due 2031 - effective all-in interest rate on SOFR drawn balances,business_100,Term Loan due 2031 - effective all-in interest rate on SOFR drawn balances,FY2026,4064736
note_debt,Term Loan due 2031 - excess cash flow prepayment threshold,business_100,Term Loan due 2031 - excess cash flow prepayment threshold,FY2026,4064736
note_debt,Term Loan due 2031 - original aggregate principal amount,business_100,Term Loan due 2031 - original aggregate principal amount,FY2026,4064736
note_debt,Term Loan due 2031 covenant - minimum Debt Service Coverage Ratio,business_100,Term Loan due 2031 covenant - minimum Debt Service Coverage Ratio,FY2026,4064736
note_debt,Term Loan principal allocated to RGSC,company,Term Loan principal allocated to RGSC,FY2026,3724816
note_debt,Term Loan principal allocated to RGSP LP,company,Term Loan principal allocated to RGSP LP,FY2026,3724816
note_debt,"Term loan (the 'Term Loan due 2026') entered into August 17, 2023",business_100,"Term loan (the 'Term Loan due 2026') entered into August 17, 2023",FY2026,4064735
note_debt,Term loan interest,business_100,Term loan interest,FY2025,4064735
note_debt,Term loan interest,business_100,Term loan interest,FY2026,4064735
note_debt,Then outstanding principal amount of the Term Loan due 2026 settled,business_100,Then outstanding principal amount of the Term Loan due 2026 settled,FY2025,4064735
note_debt,Total Net Leverage Ratio covenant maximum (consolidated total net debt to consolidated EBITDA),business_100,Total Net Leverage Ratio covenant maximum (consolidated total net debt to consolidated EBITDA),FY2026,4064735
note_debt,Total available liquidity,business_100,Total available liquidity,FY2025,4064736
note_debt,Total available liquidity,business_100,Total available liquidity,FY2026,4064736
note_debt,Total finance costs,business_100,Total finance costs,FY2025,4064735
note_debt,Total finance costs,business_100,Total finance costs,FY2026,4064735
note_debt,"Total long-term debt, net",business_100,"Total long-term debt, net","As at Dec 31, 2025",4064733
note_debt,"Total long-term debt, net",business_100,"Total long-term debt, net","As at Jun 30, 2026",3693795
note_debt,"Total long-term debt, net",business_100,"Total long-term debt, net","As at Mar 31, 2025",4064731
note_debt,"Total long-term debt, net",business_100,"Total long-term debt, net","As at Mar 31, 2025",4064733
note_debt,"Total long-term debt, net",business_100,"Total long-term debt, net","As at Mar 31, 2026",3693795
note_debt,"Total long-term debt, net",business_100,"Total long-term debt, net","As at Sep 30, 2025",4064731
note_debt,"Total long-term debt, net",business_100,"Total long-term debt, net",FY2025,4064735
note_debt,"Total long-term debt, net",business_100,"Total long-term debt, net",FY2026,4064735
note_debt,Total principal amount of debt,business_100,Total principal amount of debt,"As at Dec 31, 2025",4064733
note_debt,Total principal amount of debt,business_100,Total principal amount of debt,"As at Jun 30, 2026",3693795
note_debt,Total principal amount of debt,business_100,Total principal amount of debt,"As at Mar 31, 2025",4064731
note_debt,Total principal amount of debt,business_100,Total principal amount of debt,"As at Mar 31, 2025",4064733
note_debt,Total principal amount of debt,business_100,Total principal amount of debt,"As at Mar 31, 2026",3693795
note_debt,Total principal amount of debt,business_100,Total principal amount of debt,"As at Sep 30, 2025",4064731
note_debt,Total principal amount of debt,business_100,Total principal amount of debt,FY2025,4064735
note_debt,Total principal amount of debt,business_100,Total principal amount of debt,FY2026,4064735
note_debt,Total then outstanding balance on WGS LP's revolving operating line of credit (the 'Warwick Credit Facility') repaid in full,business_100,Total then outstanding balance on WGS LP's revolving operating line of credit (the 'Warwick Credit Facility') repaid in full,FY2026,4064735
note_debt,Unamortized discount and deferred financing costs,business_100,Unamortized discount and deferred financing costs,"As at Dec 31, 2025",4064733
note_debt,Unamortized discount and deferred financing costs,business_100,Unamortized discount and deferred financing costs,"As at Jun 30, 2026",3693795
note_debt,Unamortized discount and deferred financing costs,business_100,Unamortized discount and deferred financing costs,"As at Mar 31, 2025",4064731
note_debt,Unamortized discount and deferred financing costs,business_100,Unamortized discount and deferred financing costs,"As at Mar 31, 2025",4064733
note_debt,Unamortized discount and deferred financing costs,business_100,Unamortized discount and deferred financing costs,"As at Mar 31, 2026",3693795
note_debt,Unamortized discount and deferred financing costs,business_100,Unamortized discount and deferred financing costs,"As at Sep 30, 2025",4064731
note_debt,Unamortized discount and deferred financing costs,business_100,Unamortized discount and deferred financing costs,FY2025,4064735
note_debt,Unamortized discount and deferred financing costs,business_100,Unamortized discount and deferred financing costs,FY2026,4064735
note_debt,Undrawn and available committed credit facilities (2),business_100,Undrawn and available committed credit facilities (2),FY2025,4064736
note_debt,Undrawn and available committed credit facilities (2),business_100,Undrawn and available committed credit facilities (2),FY2026,4064736
note_debt,Unrealized gains on interest rate swaps,business_100,Unrealized gains on interest rate swaps,FY2025,4064735
note_debt,Unrealized gains on interest rate swaps,business_100,Unrealized gains on interest rate swaps,FY2026,4064735
note_debt,Warwick Credit Facility,business_100,Warwick Credit Facility,"As at Dec 31, 2025",4064733
note_debt,Warwick Credit Facility,business_100,Warwick Credit Facility,"As at Mar 31, 2025",4064731
note_debt,Warwick Credit Facility,business_100,Warwick Credit Facility,"As at Mar 31, 2025",4064733
note_debt,Warwick Credit Facility,business_100,Warwick Credit Facility,"As at Sep 30, 2025",4064731
note_debt,Warwick Credit Facility,business_100,Warwick Credit Facility,FY2025,4064735
note_debt,Warwick Credit Facility,business_100,Warwick Credit Facility,FY2026,4064735
note_debt,Warwick Credit Facility - aggregate principal amount available,business_100,Warwick Credit Facility - aggregate principal amount available,FY2025,4064736
note_debt,Warwick Credit Facility - balance repaid,business_100,Warwick Credit Facility - balance repaid,FY2025,4064736
note_debt,"Weighted average interest rate on the Term Loan due 2031, before considering associated hedges",business_100,"Weighted average interest rate on the Term Loan due 2031, before considering associated hedges",FY2025,4064735
note_debt,"Weighted average interest rate on the Term Loan due 2031, before considering associated hedges",business_100,"Weighted average interest rate on the Term Loan due 2031, before considering associated hedges",FY2026,4064735
note_debt,aggregate principal of debt outstanding under the Term Loan,company,aggregate principal of debt outstanding under the Term Loan,FY2026,3724816
note_debt,cash drawings outstanding under the Revolving Credit Facility,company,cash drawings outstanding under the Revolving Credit Facility,FY2026,3724816
note_debt,"expected annual interest cost reduction from May 7, 2026 repricing",business_100,"expected annual interest cost reduction from May 7, 2026 repricing",FY2026,4064736
note_debt,interest rate swaps - blended SOFR rate locked in,business_100,interest rate swaps - blended SOFR rate locked in,FY2026,4064736
note_debt,letters of credit transferred from ABL Facility to Revolving Credit Facility,business_100,letters of credit transferred from ABL Facility to Revolving Credit Facility,FY2026,4064736
note_debt,principal borrowings under the Term Loan hedged through September 2031,company,principal borrowings under the Term Loan hedged through September 2031,FY2026,3724816
note_debt,senior secured cash-flow revolving credit facility which matures in October 2030,company,senior secured cash-flow revolving credit facility which matures in October 2030,FY2026,3724816
note_debt,"senior secured term loan B facility due in September, 2031 - original aggregate principal amount",company,"senior secured term loan B facility due in September, 2031 - original aggregate principal amount",FY2026,3724816
note_equity,$18.37 (C$25.75),business_100,$18.37 (C$25.75),"As at Dec 31, 2025",4064733
note_equity,Exercisable Options,business_100,Exercisable Options,FY2026,4064735
note_equity,Expense for contributions made to the defined contribution pension plans,business_100,Expense for contributions made to the defined contribution pension plans,FY2025,4064735
note_equity,Expense for contributions made to the defined contribution pension plans,business_100,Expense for contributions made to the defined contribution pension plans,FY2026,4064735
note_equity,Granted,business_100,Granted,Q1 FY2027,3693795
note_equity,"Granted - November 13, 2025",business_100,"Granted - November 13, 2025",FY2026,4064735
note_equity,"Granted - November 13, 2025",business_100,"Granted - November 13, 2025",Q3 FY2026,4064733
note_equity,Number of Options Outstanding,business_100,Number of Options Outstanding,FY2026,4064735
note_equity,"Outstanding at April 1, 2025",business_100,"Outstanding at April 1, 2025",FY2026,4064735
note_equity,"Outstanding at April 1, 2026",business_100,"Outstanding at April 1, 2026","As at Apr 1, 2026",3693795
note_equity,"Outstanding at December 31, 2025",business_100,"Outstanding at December 31, 2025","As at Dec 31, 2025",4064733
note_equity,"Outstanding at July 28, 2025",business_100,"Outstanding at July 28, 2025","As at Jul 28, 2025",4064733
note_equity,"Outstanding at June 30, 2026",business_100,"Outstanding at June 30, 2026","As at Jun 30, 2026",3693795
note_equity,"Outstanding at March 31, 2026",business_100,"Outstanding at March 31, 2026",FY2026,4064735
note_equity,PSUs or RSUs issued by the Business or Rockpoint,business_100,PSUs or RSUs issued by the Business or Rockpoint,FY2026,4064735
note_equity,Weighted Average Remaining Life (years),business_100,Weighted Average Remaining Life (years),FY2026,4064735
note_financial_instruments,(unlabelled subtotal),business_100,(unlabelled subtotal),"As at Dec 31, 2025",4064733
note_financial_instruments,(unlabelled subtotal),business_100,(unlabelled subtotal),"As at Jun 30, 2026",3693795
note_financial_instruments,(unlabelled subtotal),business_100,(unlabelled subtotal),"As at Mar 31, 2025",4064731
note_financial_instruments,(unlabelled subtotal),business_100,(unlabelled subtotal),"As at Mar 31, 2025",4064733
note_financial_instruments,(unlabelled subtotal),business_100,(unlabelled subtotal),"As at Mar 31, 2026",3693795
note_financial_instruments,(unlabelled subtotal),business_100,(unlabelled subtotal),"As at Sep 30, 2025",4064731
note_financial_instruments,2027,business_100,2027,FY2026,4064735
note_financial_instruments,2028,business_100,2028,FY2026,4064735
note_financial_instruments,2029,business_100,2029,FY2026,4064735
note_financial_instruments,2030,business_100,2030,FY2026,4064735
note_financial_instruments,2031 and thereafter,business_100,2031 and thereafter,FY2026,4064735
note_financial_instruments,All-in rate for SOFR-denominated loans under the new interest rate swap contracts,business_100,All-in rate for SOFR-denominated loans under the new interest rate swap contracts,FY2026,4064735
note_financial_instruments,All-in rate under the previous interest rate swaps,business_100,All-in rate under the previous interest rate swaps,FY2025,4064735
note_financial_instruments,Allowances for doubtful accounts,business_100,Allowances for doubtful accounts,FY2025,4064735
note_financial_instruments,Allowances for doubtful accounts,business_100,Allowances for doubtful accounts,FY2026,4064735
note_financial_instruments,Bad debts expense,business_100,Bad debts expense,FY2025,4064735
note_financial_instruments,Bad debts expense,business_100,Bad debts expense,FY2026,4064735
note_financial_instruments,Blended SOFR interest rate locked in by the new interest rate swap contracts,business_100,Blended SOFR interest rate locked in by the new interest rate swap contracts,FY2026,4064735
note_financial_instruments,Blended SOFR interest rate locked in by the previous interest rate swaps,business_100,Blended SOFR interest rate locked in by the previous interest rate swaps,FY2025,4064735
note_financial_instruments,CAD - 10% increase,business_100,CAD - 10% increase,FY2025,4064735
note_financial_instruments,CAD - 10% increase,business_100,CAD - 10% increase,FY2026,4064735
note_financial_instruments,CAD - 10% increase (other comprehensive income),business_100,CAD - 10% increase (other comprehensive income),FY2025,4064735
note_financial_instruments,CAD - 10% increase (other comprehensive income),business_100,CAD - 10% increase (other comprehensive income),FY2026,4064735
note_financial_instruments,Change in net earnings from a $1.00 increase or decrease in the price of natural gas due to unmatched volumes of inventory hedged,business_100,Change in net earnings from a $1.00 increase or decrease in the price of natural gas due to unmatched volumes of inventory hedged,FY2025,4064735
note_financial_instruments,Change in net earnings from a $1.00 increase or decrease in the price of natural gas due to unmatched volumes of inventory hedged,business_100,Change in net earnings from a $1.00 increase or decrease in the price of natural gas due to unmatched volumes of inventory hedged,FY2026,4064735
note_financial_instruments,Commodity derivatives,business_100,Commodity derivatives,"As at Dec 31, 2025",4064733
note_financial_instruments,Commodity derivatives,business_100,Commodity derivatives,"As at Jun 30, 2026",3693795
note_financial_instruments,Commodity derivatives,business_100,Commodity derivatives,"As at Mar 31, 2025",4064731
note_financial_instruments,Commodity derivatives,business_100,Commodity derivatives,"As at Mar 31, 2025",4064733
note_financial_instruments,Commodity derivatives,business_100,Commodity derivatives,"As at Mar 31, 2026",3693795
note_financial_instruments,Commodity derivatives,business_100,Commodity derivatives,"As at Sep 30, 2025",4064731
note_financial_instruments,Commodity derivatives,business_100,Commodity derivatives,FY2025,4064735
note_financial_instruments,Commodity derivatives,business_100,Commodity derivatives,FY2026,4064735
note_financial_instruments,Currency contracts,business_100,Currency contracts,FY2025,4064736
note_financial_instruments,Currency contracts,business_100,Currency contracts,FY2026,4064736
note_financial_instruments,Currency contracts,business_100,Currency contracts,Q4 FY2025,4064736
note_financial_instruments,Currency contracts,business_100,Currency contracts,Q4 FY2026,4064736
note_financial_instruments,Currency contracts - Realized,business_100,Currency contracts - Realized,FY2025,4064735
note_financial_instruments,Currency contracts - Realized,business_100,Currency contracts - Realized,FY2026,4064735
note_financial_instruments,Currency contracts - Unrealized,business_100,Currency contracts - Unrealized,FY2025,4064735
note_financial_instruments,Currency contracts - Unrealized,business_100,Currency contracts - Unrealized,FY2026,4064735
note_financial_instruments,Currency derivatives,business_100,Currency derivatives,"As at Dec 31, 2025",4064733
note_financial_instruments,Currency derivatives,business_100,Currency derivatives,"As at Jun 30, 2026",3693795
note_financial_instruments,Currency derivatives,business_100,Currency derivatives,"As at Mar 31, 2025",4064731
note_financial_instruments,Currency derivatives,business_100,Currency derivatives,"As at Mar 31, 2025",4064733
note_financial_instruments,Currency derivatives,business_100,Currency derivatives,"As at Mar 31, 2026",3693795
note_financial_instruments,Currency derivatives,business_100,Currency derivatives,"As at Sep 30, 2025",4064731
note_financial_instruments,Currency derivatives,business_100,Currency derivatives,FY2025,4064735
note_financial_instruments,Currency derivatives,business_100,Currency derivatives,FY2026,4064735
note_financial_instruments,Customer concentration - customer 1 as a percentage of total Fee-for-Service revenue,business_100,Customer concentration - customer 1 as a percentage of total Fee-for-Service revenue,FY2025,4064735
note_financial_instruments,Customer concentration - customer 1 as a percentage of total Fee-for-Service revenue,business_100,Customer concentration - customer 1 as a percentage of total Fee-for-Service revenue,FY2026,4064735
note_financial_instruments,Customer concentration - customer 2 as a percentage of total Fee-for-Service revenue,business_100,Customer concentration - customer 2 as a percentage of total Fee-for-Service revenue,FY2025,4064735
note_financial_instruments,Customer concentration - customer 2 as a percentage of total Fee-for-Service revenue,business_100,Customer concentration - customer 2 as a percentage of total Fee-for-Service revenue,FY2026,4064735
note_financial_instruments,Customer concentration - customer 3 as a percentage of total Fee-for-Service revenue,business_100,Customer concentration - customer 3 as a percentage of total Fee-for-Service revenue,FY2026,4064735
note_financial_instruments,Customer concentration - customer 4 as a percentage of total Fee-for-Service revenue,business_100,Customer concentration - customer 4 as a percentage of total Fee-for-Service revenue,FY2026,4064735
note_financial_instruments,Electricity contracts,business_100,Electricity contracts,FY2025,4064736
note_financial_instruments,Electricity contracts,business_100,Electricity contracts,FY2026,4064736
note_financial_instruments,Electricity contracts,business_100,Electricity contracts,Q4 FY2025,4064736
note_financial_instruments,Electricity contracts,business_100,Electricity contracts,Q4 FY2026,4064736
note_financial_instruments,Electricity contracts - Realized,business_100,Electricity contracts - Realized,FY2025,4064735
note_financial_instruments,Electricity contracts - Realized,business_100,Electricity contracts - Realized,FY2026,4064735
note_financial_instruments,Electricity contracts - Unrealized,business_100,Electricity contracts - Unrealized,FY2025,4064735
note_financial_instruments,Electricity contracts - Unrealized,business_100,Electricity contracts - Unrealized,FY2026,4064735
note_financial_instruments,Energy contracts,business_100,Energy contracts,FY2025,4064736
note_financial_instruments,Energy contracts,business_100,Energy contracts,FY2026,4064736
note_financial_instruments,Energy contracts,business_100,Energy contracts,Q4 FY2025,4064736
note_financial_instruments,Energy contracts,business_100,Energy contracts,Q4 FY2026,4064736
note_financial_instruments,Energy contracts - Realized,business_100,Energy contracts - Realized,FY2025,4064735
note_financial_instruments,Energy contracts - Realized,business_100,Energy contracts - Realized,FY2026,4064735
note_financial_instruments,Energy contracts - Unrealized,business_100,Energy contracts - Unrealized,FY2025,4064735
note_financial_instruments,Energy contracts - Unrealized,business_100,Energy contracts - Unrealized,FY2026,4064735
note_financial_instruments,Exchange traded futures as a percentage of commodity risk management assets,business_100,Exchange traded futures as a percentage of commodity risk management assets,FY2025,4064735
note_financial_instruments,Exchange traded futures as a percentage of commodity risk management assets,business_100,Exchange traded futures as a percentage of commodity risk management assets,FY2026,4064735
note_financial_instruments,Forwards,business_100,Forwards,FY2025,4064735
note_financial_instruments,Forwards,business_100,Forwards,FY2026,4064735
note_financial_instruments,Future electricity consumption fully offset with swap contracts,business_100,Future electricity consumption fully offset with swap contracts,FY2025,4064735
note_financial_instruments,Future electricity consumption fully offset with swap contracts,business_100,Future electricity consumption fully offset with swap contracts,FY2026,4064735
note_financial_instruments,Futures,business_100,Futures,FY2025,4064735
note_financial_instruments,Futures,business_100,Futures,FY2026,4064735
note_financial_instruments,Gas storage obligations,business_100,Gas storage obligations,"As at Dec 31, 2025",4064733
note_financial_instruments,Gas storage obligations,business_100,Gas storage obligations,"As at Jun 30, 2026",3693795
note_financial_instruments,Gas storage obligations,business_100,Gas storage obligations,"As at Mar 31, 2025",4064731
note_financial_instruments,Gas storage obligations,business_100,Gas storage obligations,"As at Mar 31, 2025",4064733
note_financial_instruments,Gas storage obligations,business_100,Gas storage obligations,"As at Mar 31, 2026",3693795
note_financial_instruments,Gas storage obligations,business_100,Gas storage obligations,"As at Sep 30, 2025",4064731
note_financial_instruments,Gas storage obligations,business_100,Gas storage obligations,FY2025,4064735
note_financial_instruments,Gas storage obligations,business_100,Gas storage obligations,FY2025,4064736
note_financial_instruments,Gas storage obligations,business_100,Gas storage obligations,FY2026,4064735
note_financial_instruments,Gas storage obligations,business_100,Gas storage obligations,FY2026,4064736
note_financial_instruments,Gas storage obligations,business_100,Gas storage obligations,Q4 FY2025,4064736
note_financial_instruments,Gas storage obligations,business_100,Gas storage obligations,Q4 FY2026,4064736
note_financial_instruments,Gas storage obligations - Unrealized,business_100,Gas storage obligations - Unrealized,FY2025,4064735
note_financial_instruments,Gas storage obligations - Unrealized,business_100,Gas storage obligations - Unrealized,FY2026,4064735
note_financial_instruments,"Impact on net income of a 50-basis point increase in interest rates, through unrealized gains or losses within financing costs",business_100,"Impact on net income of a 50-basis point increase in interest rates, through unrealized gains or losses within financing costs",FY2025,4064735
note_financial_instruments,"Impact on net income of a 50-basis point increase in interest rates, through unrealized gains or losses within financing costs",business_100,"Impact on net income of a 50-basis point increase in interest rates, through unrealized gains or losses within financing costs",FY2026,4064735
note_financial_instruments,Interest rate swaps,business_100,Interest rate swaps,"As at Dec 31, 2025",4064733
note_financial_instruments,Interest rate swaps,business_100,Interest rate swaps,"As at Jun 30, 2026",3693795
note_financial_instruments,Interest rate swaps,business_100,Interest rate swaps,"As at Mar 31, 2025",4064731
note_financial_instruments,Interest rate swaps,business_100,Interest rate swaps,"As at Mar 31, 2025",4064733
note_financial_instruments,Interest rate swaps,business_100,Interest rate swaps,"As at Mar 31, 2026",3693795
note_financial_instruments,Interest rate swaps,business_100,Interest rate swaps,"As at Sep 30, 2025",4064731
note_financial_instruments,Interest rate swaps,business_100,Interest rate swaps,FY2025,4064735
note_financial_instruments,Interest rate swaps,business_100,Interest rate swaps,FY2025,4064736
note_financial_instruments,Interest rate swaps,business_100,Interest rate swaps,FY2026,4064735
note_financial_instruments,Interest rate swaps,business_100,Interest rate swaps,FY2026,4064736
note_financial_instruments,Interest rate swaps,business_100,Interest rate swaps,Q4 FY2025,4064736
note_financial_instruments,Interest rate swaps,business_100,Interest rate swaps,Q4 FY2026,4064736
note_financial_instruments,Interest rate swaps - Realized,business_100,Interest rate swaps - Realized,FY2025,4064735
note_financial_instruments,Interest rate swaps - Realized,business_100,Interest rate swaps - Realized,FY2026,4064735
note_financial_instruments,Interest rate swaps - Unrealized,business_100,Interest rate swaps - Unrealized,FY2025,4064735
note_financial_instruments,Interest rate swaps - Unrealized,business_100,Interest rate swaps - Unrealized,FY2026,4064735
note_financial_instruments,Long-term debt,business_100,Long-term debt,"As at Dec 31, 2025",4064733
note_financial_instruments,Long-term debt,business_100,Long-term debt,"As at Jun 30, 2026",3693795
note_financial_instruments,Long-term debt,business_100,Long-term debt,"As at Mar 31, 2025",4064731
note_financial_instruments,Long-term debt,business_100,Long-term debt,"As at Mar 31, 2025",4064733
note_financial_instruments,Long-term debt,business_100,Long-term debt,"As at Mar 31, 2026",3693795
note_financial_instruments,Long-term debt,business_100,Long-term debt,"As at Sep 30, 2025",4064731
note_financial_instruments,Long-term debt,business_100,Long-term debt,FY2025,4064735
note_financial_instruments,Long-term debt,business_100,Long-term debt,FY2026,4064735
note_financial_instruments,Long-term risk management assets,business_100,Long-term risk management assets,"As at Dec 31, 2025",4064733
note_financial_instruments,Long-term risk management assets,business_100,Long-term risk management assets,"As at Jun 30, 2026",3693795
note_financial_instruments,Long-term risk management assets,business_100,Long-term risk management assets,"As at Mar 31, 2025",4064731
note_financial_instruments,Long-term risk management assets,business_100,Long-term risk management assets,"As at Mar 31, 2025",4064733
note_financial_instruments,Long-term risk management assets,business_100,Long-term risk management assets,"As at Mar 31, 2026",3693795
note_financial_instruments,Long-term risk management assets,business_100,Long-term risk management assets,"As at Sep 30, 2025",4064731
note_financial_instruments,Long-term risk management assets,business_100,Long-term risk management assets,FY2025,4064735
note_financial_instruments,Long-term risk management assets,business_100,Long-term risk management assets,FY2026,4064735
note_financial_instruments,Long-term risk management liabilities,business_100,Long-term risk management liabilities,"As at Dec 31, 2025",4064733
note_financial_instruments,Long-term risk management liabilities,business_100,Long-term risk management liabilities,"As at Jun 30, 2026",3693795
note_financial_instruments,Long-term risk management liabilities,business_100,Long-term risk management liabilities,"As at Mar 31, 2025",4064731
note_financial_instruments,Long-term risk management liabilities,business_100,Long-term risk management liabilities,"As at Mar 31, 2025",4064733
note_financial_instruments,Long-term risk management liabilities,business_100,Long-term risk management liabilities,"As at Mar 31, 2026",3693795
note_financial_instruments,Long-term risk management liabilities,business_100,Long-term risk management liabilities,"As at Sep 30, 2025",4064731
note_financial_instruments,Long-term risk management liabilities,business_100,Long-term risk management liabilities,FY2025,4064735
note_financial_instruments,Long-term risk management liabilities,business_100,Long-term risk management liabilities,FY2026,4064735
note_financial_instruments,Margin deposits required at the physical natural gas clearing and settlement facility as a percentage of counterparty net position,business_100,Margin deposits required at the physical natural gas clearing and settlement facility as a percentage of counterparty net position,FY2026,4064735
note_financial_instruments,Net,business_100,Net,FY2025,4064735
note_financial_instruments,Net,business_100,Net,FY2026,4064735
note_financial_instruments,Net notional value of currency swaps,business_100,Net notional value of currency swaps,FY2025,4064735
note_financial_instruments,Net notional value of currency swaps,business_100,Net notional value of currency swaps,FY2026,4064735
note_financial_instruments,Net realized gains,business_100,Net realized gains,FY2025,4064736
note_financial_instruments,Net realized gains,business_100,Net realized gains,FY2026,4064736
note_financial_instruments,Net realized gains,business_100,Net realized gains,Q4 FY2025,4064736
note_financial_instruments,Net realized gains,business_100,Net realized gains,Q4 FY2026,4064736
note_financial_instruments,Net unrealized gains (losses),business_100,Net unrealized gains (losses),FY2025,4064736
note_financial_instruments,Net unrealized gains (losses),business_100,Net unrealized gains (losses),FY2026,4064736
note_financial_instruments,Net unrealized gains (losses),business_100,Net unrealized gains (losses),Q4 FY2025,4064736
note_financial_instruments,Net unrealized gains (losses),business_100,Net unrealized gains (losses),Q4 FY2026,4064736
note_financial_instruments,Prepaid emission allowances and offset credits,business_100,Prepaid emission allowances and offset credits,FY2025,4064735
note_financial_instruments,Prepaid emission allowances and offset credits,business_100,Prepaid emission allowances and offset credits,FY2026,4064735
note_financial_instruments,Principal hedged under the previous interest rate swaps,business_100,Principal hedged under the previous interest rate swaps,FY2025,4064735
note_financial_instruments,Reduction in the fair value of retail energy contracts for expected credit exposure,business_100,Reduction in the fair value of retail energy contracts for expected credit exposure,FY2025,4064735
note_financial_instruments,Reduction in the fair value of retail energy contracts for expected credit exposure,business_100,Reduction in the fair value of retail energy contracts for expected credit exposure,FY2026,4064735
note_financial_instruments,Short-term debt,business_100,Short-term debt,"As at Dec 31, 2025",4064733
note_financial_instruments,Short-term debt,business_100,Short-term debt,"As at Jun 30, 2026",3693795
note_financial_instruments,Short-term debt,business_100,Short-term debt,"As at Mar 31, 2025",4064731
note_financial_instruments,Short-term debt,business_100,Short-term debt,"As at Mar 31, 2025",4064733
note_financial_instruments,Short-term debt,business_100,Short-term debt,"As at Mar 31, 2026",3693795
note_financial_instruments,Short-term debt,business_100,Short-term debt,"As at Sep 30, 2025",4064731
note_financial_instruments,Short-term debt,business_100,Short-term debt,FY2025,4064735
note_financial_instruments,Short-term debt,business_100,Short-term debt,FY2026,4064735
note_financial_instruments,Short-term risk management assets,business_100,Short-term risk management assets,"As at Dec 31, 2025",4064733
note_financial_instruments,Short-term risk management assets,business_100,Short-term risk management assets,"As at Jun 30, 2026",3693795
note_financial_instruments,Short-term risk management assets,business_100,Short-term risk management assets,"As at Mar 31, 2025",4064731
note_financial_instruments,Short-term risk management assets,business_100,Short-term risk management assets,"As at Mar 31, 2025",4064733
note_financial_instruments,Short-term risk management assets,business_100,Short-term risk management assets,"As at Mar 31, 2026",3693795
note_financial_instruments,Short-term risk management assets,business_100,Short-term risk management assets,"As at Sep 30, 2025",4064731
note_financial_instruments,Short-term risk management assets,business_100,Short-term risk management assets,FY2025,4064735
note_financial_instruments,Short-term risk management assets,business_100,Short-term risk management assets,FY2026,4064735
note_financial_instruments,Short-term risk management liabilities,business_100,Short-term risk management liabilities,"As at Dec 31, 2025",4064733
note_financial_instruments,Short-term risk management liabilities,business_100,Short-term risk management liabilities,"As at Jun 30, 2026",3693795
note_financial_instruments,Short-term risk management liabilities,business_100,Short-term risk management liabilities,"As at Mar 31, 2025",4064731
note_financial_instruments,Short-term risk management liabilities,business_100,Short-term risk management liabilities,"As at Mar 31, 2025",4064733
note_financial_instruments,Short-term risk management liabilities,business_100,Short-term risk management liabilities,"As at Mar 31, 2026",3693795
note_financial_instruments,Short-term risk management liabilities,business_100,Short-term risk management liabilities,"As at Sep 30, 2025",4064731
note_financial_instruments,Short-term risk management liabilities,business_100,Short-term risk management liabilities,FY2025,4064735
note_financial_instruments,Short-term risk management liabilities,business_100,Short-term risk management liabilities,FY2026,4064735
note_financial_instruments,Total,business_100,Total,FY2026,4064735
note_financial_instruments,Total assets,business_100,Total assets,"As at Dec 31, 2025",4064733
note_financial_instruments,Total assets,business_100,Total assets,"As at Jun 30, 2026",3693795
note_financial_instruments,Total assets,business_100,Total assets,"As at Mar 31, 2025",4064731
note_financial_instruments,Total assets,business_100,Total assets,"As at Mar 31, 2025",4064733
note_financial_instruments,Total assets,business_100,Total assets,"As at Mar 31, 2026",3693795
note_financial_instruments,Total assets,business_100,Total assets,"As at Sep 30, 2025",4064731
note_financial_instruments,Total assets,business_100,Total assets,FY2025,4064735
note_financial_instruments,Total assets,business_100,Total assets,FY2026,4064735
note_financial_instruments,Total liabilities,business_100,Total liabilities,"As at Dec 31, 2025",4064733
note_financial_instruments,Total liabilities,business_100,Total liabilities,"As at Jun 30, 2026",3693795
note_financial_instruments,Total liabilities,business_100,Total liabilities,"As at Mar 31, 2025",4064731
note_financial_instruments,Total liabilities,business_100,Total liabilities,"As at Mar 31, 2025",4064733
note_financial_instruments,Total liabilities,business_100,Total liabilities,"As at Mar 31, 2026",3693795
note_financial_instruments,Total liabilities,business_100,Total liabilities,"As at Sep 30, 2025",4064731
note_financial_instruments,Total liabilities,business_100,Total liabilities,FY2025,4064735
note_financial_instruments,Total liabilities,business_100,Total liabilities,FY2026,4064735
note_financial_instruments,Weighted average hedged price of electricity swap contracts,business_100,Weighted average hedged price of electricity swap contracts,FY2025,4064735
note_financial_instruments,Weighted average hedged price of electricity swap contracts,business_100,Weighted average hedged price of electricity swap contracts,FY2026,4064735
note_financial_instruments,[uncaptioned total row],business_100,[uncaptioned total row],FY2025,4064735
note_financial_instruments,[uncaptioned total row],business_100,[uncaptioned total row],FY2026,4064735
note_leases,2027,business_100,2027,FY2026,4064735
note_leases,2028,business_100,2028,FY2026,4064735
note_leases,2029,business_100,2029,FY2026,4064735
note_leases,2030,business_100,2030,FY2026,4064735
note_leases,2031,business_100,2031,FY2026,4064735
note_leases,2032 and thereafter,business_100,2032 and thereafter,FY2026,4064735
note_leases,Depreciation expense,business_100,Depreciation expense,FY2025,4064735
note_leases,Depreciation expense,business_100,Depreciation expense,FY2026,4064735
note_leases,Foreign currency translation adjustment,business_100,Foreign currency translation adjustment,FY2025,4064735
note_leases,Foreign currency translation adjustment,business_100,Foreign currency translation adjustment,FY2026,4064735
note_leases,Foreign exchange and other,business_100,Foreign exchange and other,6M FY2025,4064731
note_leases,Foreign exchange and other,business_100,Foreign exchange and other,6M FY2026,4064731
note_leases,Foreign exchange and other,business_100,Foreign exchange and other,9M FY2025,4064733
note_leases,Foreign exchange and other,business_100,Foreign exchange and other,9M FY2026,4064733
note_leases,Foreign exchange and other,business_100,Foreign exchange and other,FY2025,4064735
note_leases,Foreign exchange and other,business_100,Foreign exchange and other,FY2026,4064735
note_leases,Foreign exchange and other,business_100,Foreign exchange and other,Q1 FY2026,3693795
note_leases,Foreign exchange and other,business_100,Foreign exchange and other,Q1 FY2027,3693795
note_leases,Interest payments,business_100,Interest payments,6M FY2025,4064731
note_leases,Interest payments,business_100,Interest payments,6M FY2026,4064731
note_leases,Interest payments,business_100,Interest payments,9M FY2025,4064733
note_leases,Interest payments,business_100,Interest payments,9M FY2026,4064733
note_leases,Interest payments,business_100,Interest payments,FY2025,4064735
note_leases,Interest payments,business_100,Interest payments,FY2026,4064735
note_leases,Interest payments,business_100,Interest payments,Q1 FY2026,3693795
note_leases,Interest payments,business_100,Interest payments,Q1 FY2027,3693795
note_leases,Lease additions,business_100,Lease additions,FY2025,4064735
note_leases,Lease additions,business_100,Lease additions,FY2026,4064735
note_leases,Lease additions and remeasurements,business_100,Lease additions and remeasurements,Q1 FY2026,3693795
note_leases,Lease additions and remeasurements,business_100,Lease additions and remeasurements,Q1 FY2027,3693795
note_leases,"Lease additions, remeasurements and modifications",business_100,"Lease additions, remeasurements and modifications",6M FY2025,4064731
note_leases,"Lease additions, remeasurements and modifications",business_100,"Lease additions, remeasurements and modifications",6M FY2026,4064731
note_leases,"Lease additions, remeasurements and modifications",business_100,"Lease additions, remeasurements and modifications",9M FY2025,4064733
note_leases,"Lease additions, remeasurements and modifications",business_100,"Lease additions, remeasurements and modifications",9M FY2026,4064733
note_leases,"Lease additions, remeasurements and modifications",business_100,"Lease additions, remeasurements and modifications",FY2025,4064735
note_leases,"Lease additions, remeasurements and modifications",business_100,"Lease additions, remeasurements and modifications",FY2026,4064735
note_leases,"Lease expenses recognized as related to variable leases, included in operating expenses",business_100,"Lease expenses recognized as related to variable leases, included in operating expenses",FY2025,4064735
note_leases,"Lease expenses recognized as related to variable leases, included in operating expenses",business_100,"Lease expenses recognized as related to variable leases, included in operating expenses",FY2026,4064735
note_leases,Lease interest expense,business_100,Lease interest expense,6M FY2025,4064731
note_leases,Lease interest expense,business_100,Lease interest expense,6M FY2026,4064731
note_leases,Lease interest expense,business_100,Lease interest expense,9M FY2025,4064733
note_leases,Lease interest expense,business_100,Lease interest expense,9M FY2026,4064733
note_leases,Lease interest expense,business_100,Lease interest expense,FY2025,4064735
note_leases,Lease interest expense,business_100,Lease interest expense,FY2026,4064735
note_leases,Lease interest expense,business_100,Lease interest expense,Q1 FY2026,3693795
note_leases,Lease interest expense,business_100,Lease interest expense,Q1 FY2027,3693795
note_leases,Lease remeasurements and modifications,business_100,Lease remeasurements and modifications,FY2025,4064735
note_leases,Lease remeasurements and modifications,business_100,Lease remeasurements and modifications,FY2026,4064735
note_leases,Lease terminations,business_100,Lease terminations,FY2026,4064735
note_leases,Long-term lease liabilities,business_100,Long-term lease liabilities,6M FY2025,4064731
note_leases,Long-term lease liabilities,business_100,Long-term lease liabilities,6M FY2026,4064731
note_leases,Long-term lease liabilities,business_100,Long-term lease liabilities,9M FY2025,4064733
note_leases,Long-term lease liabilities,business_100,Long-term lease liabilities,9M FY2026,4064733
note_leases,Long-term lease liabilities,business_100,Long-term lease liabilities,FY2025,4064735
note_leases,Long-term lease liabilities,business_100,Long-term lease liabilities,FY2026,4064735
note_leases,Long-term lease liabilities,business_100,Long-term lease liabilities,Q1 FY2026,3693795
note_leases,Long-term lease liabilities,business_100,Long-term lease liabilities,Q1 FY2027,3693795
note_leases,"Net carrying amount, April 1, 2024",business_100,"Net carrying amount, April 1, 2024",FY2025,4064735
note_leases,"Net carrying amount, April 1, 2025",business_100,"Net carrying amount, April 1, 2025",FY2026,4064735
note_leases,"Net carrying amount, March 31, 2025",business_100,"Net carrying amount, March 31, 2025",FY2025,4064735
note_leases,"Net carrying amount, March 31, 2026",business_100,"Net carrying amount, March 31, 2026",FY2026,4064735
note_leases,Opening lease liabilities,business_100,Opening lease liabilities,6M FY2025,4064731
note_leases,Opening lease liabilities,business_100,Opening lease liabilities,6M FY2026,4064731
note_leases,Opening lease liabilities,business_100,Opening lease liabilities,9M FY2025,4064733
note_leases,Opening lease liabilities,business_100,Opening lease liabilities,9M FY2026,4064733
note_leases,Opening lease liabilities,business_100,Opening lease liabilities,FY2025,4064735
note_leases,Opening lease liabilities,business_100,Opening lease liabilities,FY2026,4064735
note_leases,Opening lease liabilities,business_100,Opening lease liabilities,Q1 FY2026,3693795
note_leases,Opening lease liabilities,business_100,Opening lease liabilities,Q1 FY2027,3693795
note_leases,Portion classified as current,business_100,Portion classified as current,6M FY2025,4064731
note_leases,Portion classified as current,business_100,Portion classified as current,6M FY2026,4064731
note_leases,Portion classified as current,business_100,Portion classified as current,9M FY2025,4064733
note_leases,Portion classified as current,business_100,Portion classified as current,9M FY2026,4064733
note_leases,Portion classified as current,business_100,Portion classified as current,FY2025,4064735
note_leases,Portion classified as current,business_100,Portion classified as current,FY2026,4064735
note_leases,Portion classified as current,business_100,Portion classified as current,Q1 FY2026,3693795
note_leases,Portion classified as current,business_100,Portion classified as current,Q1 FY2027,3693795
note_leases,Principal repayments,business_100,Principal repayments,6M FY2025,4064731
note_leases,Principal repayments,business_100,Principal repayments,6M FY2026,4064731
note_leases,Principal repayments,business_100,Principal repayments,9M FY2025,4064733
note_leases,Principal repayments,business_100,Principal repayments,9M FY2026,4064733
note_leases,Principal repayments,business_100,Principal repayments,FY2025,4064735
note_leases,Principal repayments,business_100,Principal repayments,FY2026,4064735
note_leases,Principal repayments,business_100,Principal repayments,Q1 FY2026,3693795
note_leases,Principal repayments,business_100,Principal repayments,Q1 FY2027,3693795
note_leases,"ROU assets within property, plant and equipment",business_100,"ROU assets within property, plant and equipment",FY2025,4064735
note_leases,"ROU assets within property, plant and equipment",business_100,"ROU assets within property, plant and equipment",FY2026,4064735
note_leases,Total,business_100,Total,FY2026,4064735
note_leases,Total lease liabilities,business_100,Total lease liabilities,6M FY2025,4064731
note_leases,Total lease liabilities,business_100,Total lease liabilities,6M FY2026,4064731
note_leases,Total lease liabilities,business_100,Total lease liabilities,9M FY2025,4064733
note_leases,Total lease liabilities,business_100,Total lease liabilities,9M FY2026,4064733
note_leases,Total lease liabilities,business_100,Total lease liabilities,FY2025,4064735
note_leases,Total lease liabilities,business_100,Total lease liabilities,FY2026,4064735
note_leases,Total lease liabilities,business_100,Total lease liabilities,Q1 FY2026,3693795
note_leases,Total lease liabilities,business_100,Total lease liabilities,Q1 FY2027,3693795
note_leases,Weighted average incremental borrowing rate applicable to our leases,business_100,Weighted average incremental borrowing rate applicable to our leases,FY2025,4064735
note_leases,Weighted average incremental borrowing rate applicable to our leases,business_100,Weighted average incremental borrowing rate applicable to our leases,FY2026,4064735
note_leases,Weighted average remaining lease term,business_100,Weighted average remaining lease term,FY2025,4064735
note_leases,Weighted average remaining lease term,business_100,Weighted average remaining lease term,FY2026,4064735
note_leases,Weighted average remaining term of subsurface storage leases,business_100,Weighted average remaining term of subsurface storage leases,FY2025,4064735
note_leases,Weighted average remaining term of subsurface storage leases,business_100,Weighted average remaining term of subsurface storage leases,FY2026,4064735
note_leases,lease obligation classified as long-term,business_100,lease obligation classified as long-term,FY2025,4064736
note_leases,lease obligation classified as long-term,business_100,lease obligation classified as long-term,FY2026,4064736
note_leases,total discounted lease obligation,business_100,total discounted lease obligation,FY2025,4064736
note_leases,total discounted lease obligation,business_100,total discounted lease obligation,FY2026,4064736
note_other,Accretion,business_100,Accretion,FY2025,4064735
note_other,Accretion,business_100,Accretion,FY2026,4064735
note_other,Accrued gas purchases,business_100,Accrued gas purchases,"As at Dec 31, 2025",4064733
note_other,Accrued gas purchases,business_100,Accrued gas purchases,"As at Jun 30, 2026",3693795
note_other,Accrued gas purchases,business_100,Accrued gas purchases,"As at Mar 31, 2025",4064731
note_other,Accrued gas purchases,business_100,Accrued gas purchases,"As at Mar 31, 2025",4064733
note_other,Accrued gas purchases,business_100,Accrued gas purchases,"As at Mar 31, 2026",3693795
note_other,Accrued gas purchases,business_100,Accrued gas purchases,"As at Sep 30, 2025",4064731
note_other,Accrued gas purchases,business_100,Accrued gas purchases,FY2025,4064735
note_other,Accrued gas purchases,business_100,Accrued gas purchases,FY2026,4064735
note_other,Accrued interest,business_100,Accrued interest,"As at Dec 31, 2025",4064733
note_other,Accrued interest,business_100,Accrued interest,"As at Jun 30, 2026",3693795
note_other,Accrued interest,business_100,Accrued interest,"As at Mar 31, 2025",4064733
note_other,Accrued interest,business_100,Accrued interest,"As at Mar 31, 2026",3693795
note_other,Accrued interest,business_100,Accrued interest,FY2025,4064735
note_other,Accrued interest,business_100,Accrued interest,FY2026,4064735
note_other,"Accrued interest, non-affiliated debt",business_100,"Accrued interest, non-affiliated debt","As at Mar 31, 2025",4064731
note_other,"Accrued interest, non-affiliated debt",business_100,"Accrued interest, non-affiliated debt","As at Sep 30, 2025",4064731
note_other,Accrued lease interest,business_100,Accrued lease interest,6M FY2025,4064731
note_other,Accrued lease interest,business_100,Accrued lease interest,6M FY2026,4064731
note_other,Accrued lease interest,business_100,Accrued lease interest,9M FY2025,4064733
note_other,Accrued lease interest,business_100,Accrued lease interest,9M FY2026,4064733
note_other,Accrued lease interest,business_100,Accrued lease interest,FY2025,4064735
note_other,Accrued lease interest,business_100,Accrued lease interest,FY2026,4064735
note_other,Accrued lease interest,business_100,Accrued lease interest,Q1 FY2026,3693795
note_other,Accrued lease interest,business_100,Accrued lease interest,Q1 FY2027,3693795
note_other,Accrued lease interest,business_100,Accrued lease interest,Q2 FY2025,4064731
note_other,Accrued lease interest,business_100,Accrued lease interest,Q2 FY2026,4064731
note_other,Accrued lease interest,business_100,Accrued lease interest,Q3 FY2025,4064733
note_other,Accrued lease interest,business_100,Accrued lease interest,Q3 FY2026,4064733
note_other,Accrued liabilities,business_100,Accrued liabilities,6M FY2025,4064731
note_other,Accrued liabilities,business_100,Accrued liabilities,6M FY2026,4064731
note_other,Accrued liabilities,business_100,Accrued liabilities,9M FY2025,4064733
note_other,Accrued liabilities,business_100,Accrued liabilities,9M FY2026,4064733
note_other,Accrued liabilities,business_100,Accrued liabilities,FY2025,4064735
note_other,Accrued liabilities,business_100,Accrued liabilities,FY2026,4064735
note_other,Accrued liabilities,business_100,Accrued liabilities,Q1 FY2026,3693795
note_other,Accrued liabilities,business_100,Accrued liabilities,Q1 FY2027,3693795
note_other,Accrued liabilities,business_100,Accrued liabilities,Q2 FY2025,4064731
note_other,Accrued liabilities,business_100,Accrued liabilities,Q2 FY2026,4064731
note_other,Accrued liabilities,business_100,Accrued liabilities,Q3 FY2025,4064733
note_other,Accrued liabilities,business_100,Accrued liabilities,Q3 FY2026,4064733
note_other,Accrued receivables,business_100,Accrued receivables,6M FY2025,4064731
note_other,Accrued receivables,business_100,Accrued receivables,6M FY2026,4064731
note_other,Accrued receivables,business_100,Accrued receivables,9M FY2025,4064733
note_other,Accrued receivables,business_100,Accrued receivables,9M FY2026,4064733
note_other,Accrued receivables,business_100,Accrued receivables,FY2025,4064735
note_other,Accrued receivables,business_100,Accrued receivables,FY2026,4064735
note_other,Accrued receivables,business_100,Accrued receivables,Q1 FY2026,3693795
note_other,Accrued receivables,business_100,Accrued receivables,Q1 FY2027,3693795
note_other,Accrued receivables,business_100,Accrued receivables,Q2 FY2025,4064731
note_other,Accrued receivables,business_100,Accrued receivables,Q2 FY2026,4064731
note_other,Accrued receivables,business_100,Accrued receivables,Q3 FY2025,4064733
note_other,Accrued receivables,business_100,Accrued receivables,Q3 FY2026,4064733
note_other,Additions,business_100,Additions,FY2025,4064735
note_other,Additions,business_100,Additions,FY2026,4064735
note_other,All Other Fees (4),company,All Other Fees (4),FY2026,3724816
note_other,Audit Fees (1),company,Audit Fees (1),FY2026,3724816
note_other,Audit-Related Fees (2),company,Audit-Related Fees (2),FY2026,3724816
note_other,"Balance, beginning of the year",business_100,"Balance, beginning of the year",FY2025,4064735
note_other,"Balance, beginning of the year",business_100,"Balance, beginning of the year",FY2026,4064735
note_other,"Balance, beginning of year",business_100,"Balance, beginning of year",FY2025,4064735
note_other,"Balance, beginning of year",business_100,"Balance, beginning of year",FY2026,4064735
note_other,"Balance, end of the year",business_100,"Balance, end of the year",FY2025,4064735
note_other,"Balance, end of the year",business_100,"Balance, end of the year",FY2026,4064735
note_other,"Base rate loan margin on the Term Loan due 2031 after the May 7, 2026 repricing",business_100,"Base rate loan margin on the Term Loan due 2031 after the May 7, 2026 repricing",FY2026,4064735
note_other,Changes in estimate,business_100,Changes in estimate,FY2025,4064735
note_other,Changes in estimate,business_100,Changes in estimate,FY2026,4064735
note_other,"Changes in working capital related to property, plant and equipment",business_100,"Changes in working capital related to property, plant and equipment",6M FY2025,4064731
note_other,"Changes in working capital related to property, plant and equipment",business_100,"Changes in working capital related to property, plant and equipment",6M FY2026,4064731
note_other,"Changes in working capital related to property, plant and equipment",business_100,"Changes in working capital related to property, plant and equipment",9M FY2025,4064733
note_other,"Changes in working capital related to property, plant and equipment",business_100,"Changes in working capital related to property, plant and equipment",9M FY2026,4064733
note_other,"Changes in working capital related to property, plant and equipment",business_100,"Changes in working capital related to property, plant and equipment",FY2025,4064735
note_other,"Changes in working capital related to property, plant and equipment",business_100,"Changes in working capital related to property, plant and equipment",FY2026,4064735
note_other,"Changes in working capital related to property, plant and equipment",business_100,"Changes in working capital related to property, plant and equipment",Q1 FY2026,3693795
note_other,"Changes in working capital related to property, plant and equipment",business_100,"Changes in working capital related to property, plant and equipment",Q1 FY2027,3693795
note_other,"Changes in working capital related to property, plant and equipment",business_100,"Changes in working capital related to property, plant and equipment",Q2 FY2025,4064731
note_other,"Changes in working capital related to property, plant and equipment",business_100,"Changes in working capital related to property, plant and equipment",Q2 FY2026,4064731
note_other,"Changes in working capital related to property, plant and equipment",business_100,"Changes in working capital related to property, plant and equipment",Q3 FY2025,4064733
note_other,"Changes in working capital related to property, plant and equipment",business_100,"Changes in working capital related to property, plant and equipment",Q3 FY2026,4064733
note_other,Compensation costs,business_100,Compensation costs,FY2025,4064735
note_other,Compensation costs,business_100,Compensation costs,FY2026,4064735
note_other,Current income taxes payable,business_100,Current income taxes payable,"As at Dec 31, 2025",4064733
note_other,Current income taxes payable,business_100,Current income taxes payable,"As at Jun 30, 2026",3693795
note_other,Current income taxes payable,business_100,Current income taxes payable,"As at Mar 31, 2025",4064733
note_other,Current income taxes payable,business_100,Current income taxes payable,"As at Mar 31, 2026",3693795
note_other,Current income taxes payable,business_100,Current income taxes payable,FY2025,4064735
note_other,Current income taxes payable,business_100,Current income taxes payable,FY2026,4064735
note_other,Deferred revenue,business_100,Deferred revenue,6M FY2025,4064731
note_other,Deferred revenue,business_100,Deferred revenue,6M FY2026,4064731
note_other,Deferred revenue,business_100,Deferred revenue,9M FY2025,4064733
note_other,Deferred revenue,business_100,Deferred revenue,9M FY2026,4064733
note_other,Deferred revenue,business_100,Deferred revenue,FY2025,4064735
note_other,Deferred revenue,business_100,Deferred revenue,FY2026,4064735
note_other,Deferred revenue,business_100,Deferred revenue,Q1 FY2026,3693795
note_other,Deferred revenue,business_100,Deferred revenue,Q1 FY2027,3693795
note_other,Deferred revenue,business_100,Deferred revenue,Q2 FY2025,4064731
note_other,Deferred revenue,business_100,Deferred revenue,Q2 FY2026,4064731
note_other,Deferred revenue,business_100,Deferred revenue,Q3 FY2025,4064733
note_other,Deferred revenue,business_100,Deferred revenue,Q3 FY2026,4064733
note_other,Discount rate applied to estimated decommissioning cash flows,business_100,Discount rate applied to estimated decommissioning cash flows,FY2025,4064735
note_other,Discount rate applied to estimated decommissioning cash flows,business_100,Discount rate applied to estimated decommissioning cash flows,FY2026,4064735
note_other,Discount rate used to calculate AECO's value in use,business_100,Discount rate used to calculate AECO's value in use,FY2025,4064735
note_other,Discount rate used to calculate AECO's value in use,business_100,Discount rate used to calculate AECO's value in use,FY2026,4064735
note_other,Employee-related accruals,business_100,Employee-related accruals,"As at Dec 31, 2025",4064733
note_other,Employee-related accruals,business_100,Employee-related accruals,"As at Jun 30, 2026",3693795
note_other,Employee-related accruals,business_100,Employee-related accruals,"As at Mar 31, 2025",4064731
note_other,Employee-related accruals,business_100,Employee-related accruals,"As at Mar 31, 2025",4064733
note_other,Employee-related accruals,business_100,Employee-related accruals,"As at Mar 31, 2026",3693795
note_other,Employee-related accruals,business_100,Employee-related accruals,"As at Sep 30, 2025",4064731
note_other,Employee-related accruals,business_100,Employee-related accruals,FY2025,4064735
note_other,Employee-related accruals,business_100,Employee-related accruals,FY2026,4064735
note_other,Estimated borrowing rate for a similar liability used to discount gas storage obligations,business_100,Estimated borrowing rate for a similar liability used to discount gas storage obligations,FY2025,4064735
note_other,Estimated borrowing rate for a similar liability used to discount gas storage obligations,business_100,Estimated borrowing rate for a similar liability used to discount gas storage obligations,FY2026,4064735
note_other,Estimated liability,business_100,Estimated liability,FY2025,4064735
note_other,Estimated liability,business_100,Estimated liability,FY2026,4064735
note_other,Estimated undiscounted cash flows required to settle our decommissioning obligations,business_100,Estimated undiscounted cash flows required to settle our decommissioning obligations,FY2025,4064735
note_other,Estimated undiscounted cash flows required to settle our decommissioning obligations,business_100,Estimated undiscounted cash flows required to settle our decommissioning obligations,FY2026,4064735
note_other,Expected reduction in the Business' annual financing costs from the repricing,business_100,Expected reduction in the Business' annual financing costs from the repricing,FY2026,4064735
note_other,Expected timing of payment for settlement of the obligations,business_100,Expected timing of payment for settlement of the obligations,FY2025,4064735
note_other,Expected timing of payment for settlement of the obligations,business_100,Expected timing of payment for settlement of the obligations,FY2026,4064735
note_other,Foreign currency translation adjustment,business_100,Foreign currency translation adjustment,FY2025,4064735
note_other,Foreign currency translation adjustment,business_100,Foreign currency translation adjustment,FY2026,4064735
note_other,Foreign currency translation adjustments,business_100,Foreign currency translation adjustments,FY2025,4064735
note_other,Foreign currency translation adjustments,business_100,Foreign currency translation adjustments,FY2026,4064735
note_other,Fuel and electricity,business_100,Fuel and electricity,FY2025,4064735
note_other,Fuel and electricity,business_100,Fuel and electricity,FY2026,4064735
note_other,"General costs, including office and IT costs",business_100,"General costs, including office and IT costs",FY2025,4064735
note_other,"General costs, including office and IT costs",business_100,"General costs, including office and IT costs",FY2026,4064735
note_other,General operating costs,business_100,General operating costs,FY2025,4064735
note_other,General operating costs,business_100,General operating costs,FY2026,4064735
note_other,Goodwill,business_100,Goodwill,FY2025,4064735
note_other,Goodwill,business_100,Goodwill,FY2026,4064735
note_other,Income tax cash payments,business_100,Income tax cash payments,Q1 FY2026,3693795
note_other,Income tax cash payments,business_100,Income tax cash payments,Q1 FY2027,3693795
note_other,Interest paid in cash,business_100,Interest paid in cash,6M FY2025,4064731
note_other,Interest paid in cash,business_100,Interest paid in cash,6M FY2026,4064731
note_other,Interest paid in cash,business_100,Interest paid in cash,9M FY2025,4064733
note_other,Interest paid in cash,business_100,Interest paid in cash,9M FY2026,4064733
note_other,Interest paid in cash,business_100,Interest paid in cash,FY2025,4064735
note_other,Interest paid in cash,business_100,Interest paid in cash,FY2026,4064735
note_other,Interest paid in cash,business_100,Interest paid in cash,Q1 FY2026,3693795
note_other,Interest paid in cash,business_100,Interest paid in cash,Q1 FY2027,3693795
note_other,Interest paid in cash,business_100,Interest paid in cash,Q2 FY2025,4064731
note_other,Interest paid in cash,business_100,Interest paid in cash,Q2 FY2026,4064731
note_other,Interest paid in cash,business_100,Interest paid in cash,Q3 FY2025,4064733
note_other,Interest paid in cash,business_100,Interest paid in cash,Q3 FY2026,4064733
note_other,Interest paid in-kind,business_100,Interest paid in-kind,6M FY2025,4064731
note_other,Interest paid in-kind,business_100,Interest paid in-kind,6M FY2026,4064731
note_other,Interest paid in-kind,business_100,Interest paid in-kind,9M FY2025,4064733
note_other,Interest paid in-kind,business_100,Interest paid in-kind,9M FY2026,4064733
note_other,Interest paid in-kind,business_100,Interest paid in-kind,FY2025,4064735
note_other,Interest paid in-kind,business_100,Interest paid in-kind,FY2026,4064735
note_other,Interest paid in-kind,business_100,Interest paid in-kind,Q2 FY2025,4064731
note_other,Interest paid in-kind,business_100,Interest paid in-kind,Q2 FY2026,4064731
note_other,Interest paid in-kind,business_100,Interest paid in-kind,Q3 FY2025,4064733
note_other,Interest paid in-kind,business_100,Interest paid in-kind,Q3 FY2026,4064733
note_other,Land rental costs,business_100,Land rental costs,FY2025,4064735
note_other,Land rental costs,business_100,Land rental costs,FY2026,4064735
note_other,Lease cash payments,business_100,Lease cash payments,6M FY2025,4064731
note_other,Lease cash payments,business_100,Lease cash payments,6M FY2026,4064731
note_other,Lease cash payments,business_100,Lease cash payments,9M FY2025,4064733
note_other,Lease cash payments,business_100,Lease cash payments,9M FY2026,4064733
note_other,Lease cash payments,business_100,Lease cash payments,FY2025,4064735
note_other,Lease cash payments,business_100,Lease cash payments,FY2026,4064735
note_other,Lease cash payments,business_100,Lease cash payments,Q1 FY2026,3693795
note_other,Lease cash payments,business_100,Lease cash payments,Q1 FY2027,3693795
note_other,Lease cash payments,business_100,Lease cash payments,Q2 FY2025,4064731
note_other,Lease cash payments,business_100,Lease cash payments,Q2 FY2026,4064731
note_other,Lease cash payments,business_100,Lease cash payments,Q3 FY2025,4064733
note_other,Lease cash payments,business_100,Lease cash payments,Q3 FY2026,4064733
note_other,"Legal, audit, consulting and regulatory costs",business_100,"Legal, audit, consulting and regulatory costs",FY2025,4064735
note_other,"Legal, audit, consulting and regulatory costs",business_100,"Legal, audit, consulting and regulatory costs",FY2026,4064735
note_other,Long-term gas storage obligations,business_100,Long-term gas storage obligations,FY2025,4064735
note_other,Long-term gas storage obligations,business_100,Long-term gas storage obligations,FY2026,4064735
note_other,Loss from realized portions of electricity contracts included in fuel and electricity,business_100,Loss from realized portions of electricity contracts included in fuel and electricity,FY2025,4064735
note_other,Loss from realized portions of electricity contracts included in fuel and electricity,business_100,Loss from realized portions of electricity contracts included in fuel and electricity,FY2026,4064735
note_other,Maintenance,business_100,Maintenance,FY2025,4064735
note_other,Maintenance,business_100,Maintenance,FY2026,4064735
note_other,Margin deposits,business_100,Margin deposits,6M FY2025,4064731
note_other,Margin deposits,business_100,Margin deposits,6M FY2026,4064731
note_other,Margin deposits,business_100,Margin deposits,9M FY2025,4064733
note_other,Margin deposits,business_100,Margin deposits,9M FY2026,4064733
note_other,Margin deposits,business_100,Margin deposits,FY2025,4064735
note_other,Margin deposits,business_100,Margin deposits,FY2026,4064735
note_other,Margin deposits,business_100,Margin deposits,Q1 FY2026,3693795
note_other,Margin deposits,business_100,Margin deposits,Q1 FY2027,3693795
note_other,Margin deposits,business_100,Margin deposits,Q2 FY2025,4064731
note_other,Margin deposits,business_100,Margin deposits,Q2 FY2026,4064731
note_other,Margin deposits,business_100,Margin deposits,Q3 FY2025,4064733
note_other,Margin deposits,business_100,Margin deposits,Q3 FY2026,4064733
note_other,Natural gas inventory,business_100,Natural gas inventory,6M FY2025,4064731
note_other,Natural gas inventory,business_100,Natural gas inventory,6M FY2026,4064731
note_other,Natural gas inventory,business_100,Natural gas inventory,9M FY2025,4064733
note_other,Natural gas inventory,business_100,Natural gas inventory,9M FY2026,4064733
note_other,Natural gas inventory,business_100,Natural gas inventory,FY2025,4064735
note_other,Natural gas inventory,business_100,Natural gas inventory,FY2026,4064735
note_other,Natural gas inventory,business_100,Natural gas inventory,Q1 FY2026,3693795
note_other,Natural gas inventory,business_100,Natural gas inventory,Q1 FY2027,3693795
note_other,Natural gas inventory,business_100,Natural gas inventory,Q2 FY2025,4064731
note_other,Natural gas inventory,business_100,Natural gas inventory,Q2 FY2026,4064731
note_other,Natural gas inventory,business_100,Natural gas inventory,Q3 FY2025,4064733
note_other,Natural gas inventory,business_100,Natural gas inventory,Q3 FY2026,4064733
note_other,Net changes in non-cash working capital,business_100,Net changes in non-cash working capital,6M FY2025,4064731
note_other,Net changes in non-cash working capital,business_100,Net changes in non-cash working capital,6M FY2026,4064731
note_other,Net changes in non-cash working capital,business_100,Net changes in non-cash working capital,9M FY2025,4064733
note_other,Net changes in non-cash working capital,business_100,Net changes in non-cash working capital,9M FY2026,4064733
note_other,Net changes in non-cash working capital,business_100,Net changes in non-cash working capital,FY2025,4064735
note_other,Net changes in non-cash working capital,business_100,Net changes in non-cash working capital,FY2026,4064735
note_other,Net changes in non-cash working capital,business_100,Net changes in non-cash working capital,Q1 FY2026,3693795
note_other,Net changes in non-cash working capital,business_100,Net changes in non-cash working capital,Q1 FY2027,3693795
note_other,Net changes in non-cash working capital,business_100,Net changes in non-cash working capital,Q2 FY2025,4064731
note_other,Net changes in non-cash working capital,business_100,Net changes in non-cash working capital,Q2 FY2026,4064731
note_other,Net changes in non-cash working capital,business_100,Net changes in non-cash working capital,Q3 FY2025,4064733
note_other,Net changes in non-cash working capital,business_100,Net changes in non-cash working capital,Q3 FY2026,4064733
note_other,Obligations to deliver natural gas,business_100,Obligations to deliver natural gas,FY2025,4064735
note_other,Obligations to deliver natural gas,business_100,Obligations to deliver natural gas,FY2026,4064735
note_other,"Other accrued liabilities, affiliated",business_100,"Other accrued liabilities, affiliated","As at Dec 31, 2025",4064733
note_other,"Other accrued liabilities, affiliated",business_100,"Other accrued liabilities, affiliated","As at Jun 30, 2026",3693795
note_other,"Other accrued liabilities, affiliated",business_100,"Other accrued liabilities, affiliated","As at Mar 31, 2025",4064731
note_other,"Other accrued liabilities, affiliated",business_100,"Other accrued liabilities, affiliated","As at Mar 31, 2025",4064733
note_other,"Other accrued liabilities, affiliated",business_100,"Other accrued liabilities, affiliated","As at Mar 31, 2026",3693795
note_other,"Other accrued liabilities, affiliated",business_100,"Other accrued liabilities, affiliated","As at Sep 30, 2025",4064731
note_other,"Other accrued liabilities, affiliated",business_100,"Other accrued liabilities, affiliated",FY2025,4064735
note_other,"Other accrued liabilities, affiliated",business_100,"Other accrued liabilities, affiliated",FY2026,4064735
note_other,"Other accrued liabilities, non-affiliated",business_100,"Other accrued liabilities, non-affiliated","As at Dec 31, 2025",4064733
note_other,"Other accrued liabilities, non-affiliated",business_100,"Other accrued liabilities, non-affiliated","As at Jun 30, 2026",3693795
note_other,"Other accrued liabilities, non-affiliated",business_100,"Other accrued liabilities, non-affiliated","As at Mar 31, 2025",4064731
note_other,"Other accrued liabilities, non-affiliated",business_100,"Other accrued liabilities, non-affiliated","As at Mar 31, 2025",4064733
note_other,"Other accrued liabilities, non-affiliated",business_100,"Other accrued liabilities, non-affiliated","As at Mar 31, 2026",3693795
note_other,"Other accrued liabilities, non-affiliated",business_100,"Other accrued liabilities, non-affiliated","As at Sep 30, 2025",4064731
note_other,"Other accrued liabilities, non-affiliated",business_100,"Other accrued liabilities, non-affiliated",FY2025,4064735
note_other,"Other accrued liabilities, non-affiliated",business_100,"Other accrued liabilities, non-affiliated",FY2026,4064735
note_other,Other assets,business_100,Other assets,6M FY2025,4064731
note_other,Other assets,business_100,Other assets,6M FY2026,4064731
note_other,Other assets,business_100,Other assets,9M FY2025,4064733
note_other,Other assets,business_100,Other assets,9M FY2026,4064733
note_other,Other assets,business_100,Other assets,FY2025,4064735
note_other,Other assets,business_100,Other assets,FY2026,4064735
note_other,Other assets,business_100,Other assets,Q1 FY2026,3693795
note_other,Other assets,business_100,Other assets,Q1 FY2027,3693795
note_other,Other assets,business_100,Other assets,Q2 FY2025,4064731
note_other,Other assets,business_100,Other assets,Q2 FY2026,4064731
note_other,Other assets,business_100,Other assets,Q3 FY2025,4064733
note_other,Other assets,business_100,Other assets,Q3 FY2026,4064733
note_other,Other long-term liabilities,business_100,Other long-term liabilities,6M FY2025,4064731
note_other,Other long-term liabilities,business_100,Other long-term liabilities,6M FY2026,4064731
note_other,Other long-term liabilities,business_100,Other long-term liabilities,9M FY2025,4064733
note_other,Other long-term liabilities,business_100,Other long-term liabilities,9M FY2026,4064733
note_other,Other long-term liabilities,business_100,Other long-term liabilities,FY2025,4064735
note_other,Other long-term liabilities,business_100,Other long-term liabilities,FY2026,4064735
note_other,Other long-term liabilities,business_100,Other long-term liabilities,Q1 FY2026,3693795
note_other,Other long-term liabilities,business_100,Other long-term liabilities,Q1 FY2027,3693795
note_other,Other long-term liabilities,business_100,Other long-term liabilities,Q2 FY2025,4064731
note_other,Other long-term liabilities,business_100,Other long-term liabilities,Q2 FY2026,4064731
note_other,Other long-term liabilities,business_100,Other long-term liabilities,Q3 FY2025,4064733
note_other,Other long-term liabilities,business_100,Other long-term liabilities,Q3 FY2026,4064733
note_other,Portion classified as current,business_100,Portion classified as current,FY2025,4064735
note_other,Portion classified as current,business_100,Portion classified as current,FY2026,4064735
note_other,Prepaid expenses and other current assets,business_100,Prepaid expenses and other current assets,6M FY2025,4064731
note_other,Prepaid expenses and other current assets,business_100,Prepaid expenses and other current assets,6M FY2026,4064731
note_other,Prepaid expenses and other current assets,business_100,Prepaid expenses and other current assets,9M FY2025,4064733
note_other,Prepaid expenses and other current assets,business_100,Prepaid expenses and other current assets,9M FY2026,4064733
note_other,Prepaid expenses and other current assets,business_100,Prepaid expenses and other current assets,FY2025,4064735
note_other,Prepaid expenses and other current assets,business_100,Prepaid expenses and other current assets,FY2026,4064735
note_other,Prepaid expenses and other current assets,business_100,Prepaid expenses and other current assets,Q1 FY2026,3693795
note_other,Prepaid expenses and other current assets,business_100,Prepaid expenses and other current assets,Q1 FY2027,3693795
note_other,Prepaid expenses and other current assets,business_100,Prepaid expenses and other current assets,Q2 FY2025,4064731
note_other,Prepaid expenses and other current assets,business_100,Prepaid expenses and other current assets,Q2 FY2026,4064731
note_other,Prepaid expenses and other current assets,business_100,Prepaid expenses and other current assets,Q3 FY2025,4064733
note_other,Prepaid expenses and other current assets,business_100,Prepaid expenses and other current assets,Q3 FY2026,4064733
note_other,Property taxes,business_100,Property taxes,FY2025,4064735
note_other,Property taxes,business_100,Property taxes,FY2026,4064735
note_other,"SOFR drawn loan margin on the Term Loan due 2031 after the May 7, 2026 repricing",business_100,"SOFR drawn loan margin on the Term Loan due 2031 after the May 7, 2026 repricing",FY2026,4064735
note_other,Salaries and benefits,business_100,Salaries and benefits,FY2025,4064735
note_other,Salaries and benefits,business_100,Salaries and benefits,FY2026,4064735
note_other,Settlements,business_100,Settlements,FY2025,4064735
note_other,Settlements,business_100,Settlements,FY2026,4064735
note_other,Tax Fees (3),company,Tax Fees (3),FY2026,3724816
note_other,Tax paid,business_100,Tax paid,6M FY2025,4064731
note_other,Tax paid,business_100,Tax paid,6M FY2026,4064731
note_other,Tax paid,business_100,Tax paid,9M FY2025,4064733
note_other,Tax paid,business_100,Tax paid,9M FY2026,4064733
note_other,Tax paid,business_100,Tax paid,FY2025,4064735
note_other,Tax paid,business_100,Tax paid,FY2026,4064735
note_other,Tax paid,business_100,Tax paid,Q2 FY2025,4064731
note_other,Tax paid,business_100,Tax paid,Q2 FY2026,4064731
note_other,Tax paid,business_100,Tax paid,Q3 FY2025,4064733
note_other,Tax paid,business_100,Tax paid,Q3 FY2026,4064733
note_other,Total,business_100,Total,"As at Dec 31, 2025",4064733
note_other,Total,business_100,Total,"As at Jun 30, 2026",3693795
note_other,Total,business_100,Total,"As at Mar 31, 2025",4064731
note_other,Total,business_100,Total,"As at Mar 31, 2025",4064733
note_other,Total,business_100,Total,"As at Mar 31, 2026",3693795
note_other,Total,business_100,Total,"As at Sep 30, 2025",4064731
note_other,Total,business_100,Total,FY2025,4064735
note_other,Total,business_100,Total,FY2026,4064735
note_other,Total decommissioning obligations,business_100,Total decommissioning obligations,FY2025,4064735
note_other,Total decommissioning obligations,business_100,Total decommissioning obligations,FY2026,4064735
note_other,Total gas storage obligations,business_100,Total gas storage obligations,FY2025,4064735
note_other,Total gas storage obligations,business_100,Total gas storage obligations,FY2026,4064735
note_other,Total general and administrative,business_100,Total general and administrative,FY2025,4064735
note_other,Total general and administrative,business_100,Total general and administrative,FY2026,4064735
note_other,Total hedged rate of the Term Loan due 2031 after the repricing,business_100,Total hedged rate of the Term Loan due 2031 after the repricing,FY2026,4064735
note_other,Total operating,business_100,Total operating,FY2025,4064735
note_other,Total operating,business_100,Total operating,FY2026,4064735
note_other,Trade payables,business_100,Trade payables,6M FY2025,4064731
note_other,Trade payables,business_100,Trade payables,6M FY2026,4064731
note_other,Trade payables,business_100,Trade payables,9M FY2025,4064733
note_other,Trade payables,business_100,Trade payables,9M FY2026,4064733
note_other,Trade payables,business_100,Trade payables,"As at Dec 31, 2025",4064733
note_other,Trade payables,business_100,Trade payables,"As at Jun 30, 2026",3693795
note_other,Trade payables,business_100,Trade payables,"As at Mar 31, 2025",4064731
note_other,Trade payables,business_100,Trade payables,"As at Mar 31, 2025",4064733
note_other,Trade payables,business_100,Trade payables,"As at Mar 31, 2026",3693795
note_other,Trade payables,business_100,Trade payables,"As at Sep 30, 2025",4064731
note_other,Trade payables,business_100,Trade payables,FY2025,4064735
note_other,Trade payables,business_100,Trade payables,FY2026,4064735
note_other,Trade payables,business_100,Trade payables,Q1 FY2026,3693795
note_other,Trade payables,business_100,Trade payables,Q1 FY2027,3693795
note_other,Trade payables,business_100,Trade payables,Q2 FY2025,4064731
note_other,Trade payables,business_100,Trade payables,Q2 FY2026,4064731
note_other,Trade payables,business_100,Trade payables,Q3 FY2025,4064733
note_other,Trade payables,business_100,Trade payables,Q3 FY2026,4064733
note_other,Trade receivables,business_100,Trade receivables,6M FY2025,4064731
note_other,Trade receivables,business_100,Trade receivables,6M FY2026,4064731
note_other,Trade receivables,business_100,Trade receivables,9M FY2025,4064733
note_other,Trade receivables,business_100,Trade receivables,9M FY2026,4064733
note_other,Trade receivables,business_100,Trade receivables,FY2025,4064735
note_other,Trade receivables,business_100,Trade receivables,FY2026,4064735
note_other,Trade receivables,business_100,Trade receivables,Q1 FY2026,3693795
note_other,Trade receivables,business_100,Trade receivables,Q1 FY2027,3693795
note_other,Trade receivables,business_100,Trade receivables,Q2 FY2025,4064731
note_other,Trade receivables,business_100,Trade receivables,Q2 FY2026,4064731
note_other,Trade receivables,business_100,Trade receivables,Q3 FY2025,4064733
note_other,Trade receivables,business_100,Trade receivables,Q3 FY2026,4064733
note_other,Unrealized electricity contracts,business_100,Unrealized electricity contracts,FY2025,4064735
note_other,Unrealized electricity contracts,business_100,Unrealized electricity contracts,FY2026,4064735
note_other,Unrealized gain on gas storage obligations,business_100,Unrealized gain on gas storage obligations,FY2025,4064735
note_other,Unrealized gain on gas storage obligations,business_100,Unrealized gain on gas storage obligations,FY2026,4064735
note_other,aggregate consideration for 40% of the outstanding OpCo Interests,company,aggregate consideration for 40% of the outstanding OpCo Interests,FY2026,3724816
note_other,aggregate payments made under Legacy Incentive Plans,business_100,aggregate payments made under Legacy Incentive Plans,Q4 FY2026,4064736
note_other,aggregate purchase price paid by AECO Gas Storage for Warwick Gas Storage and Warwick Gas Storage Ltd.,business_100,aggregate purchase price paid by AECO Gas Storage for Warwick Gas Storage and Warwick Gas Storage Ltd.,FY2026,3724816
note_other,capital contribution from Brookfield funding Legacy Incentive Plan payments,business_100,capital contribution from Brookfield funding Legacy Incentive Plan payments,Q4 FY2026,4064736
note_other,cash payment to the Selling Shareholders for 40% of Swan OpCo Units and 40% of BIF OpCo Shares,company,cash payment to the Selling Shareholders for 40% of Swan OpCo Units and 40% of BIF OpCo Shares,FY2026,3724816
note_other,decline in equity earnings from Legacy Incentive Plan costs,company,decline in equity earnings from Legacy Incentive Plan costs,Q4 FY2026,4064736
note_other,net earnings from sale of interests in the Tres Palacios and Salt Plains gas storage facilities,business_100,net earnings from sale of interests in the Tres Palacios and Salt Plains gas storage facilities,FY2024,4064736
note_other,net gain on the sale of Tres Palacios and Salt Plains facilities,business_100,net gain on the sale of Tres Palacios and Salt Plains facilities,FY2024,4064736
note_other,"net proceeds - sale of 100% interest in Salt Plains Storage, LLC",business_100,"net proceeds - sale of 100% interest in Salt Plains Storage, LLC",FY2024,3724816
note_other,net proceeds - sale of Brookfield's 49.99% membership interest in Tres Palacios Holdings LLC,business_100,net proceeds - sale of Brookfield's 49.99% membership interest in Tres Palacios Holdings LLC,FY2024,3724816
note_other,payment to Brookfield for 40% of the Warwick Receivable (subsequently cancelled),company,payment to Brookfield for 40% of the Warwick Receivable (subsequently cancelled),FY2026,3724816
note_other,residual income from the related discontinued operations,business_100,residual income from the related discontinued operations,FY2024,4064736
note_ppe,Additions,business_100,Additions,6M FY2026,4064731
note_ppe,Additions,business_100,Additions,9M FY2026,4064733
note_ppe,Additions,business_100,Additions,FY2025,4064735
note_ppe,Additions,business_100,Additions,FY2026,4064735
note_ppe,Additions,business_100,Additions,Q1 FY2027,3693795
note_ppe,"Balance, April 1, 2024",business_100,"Balance, April 1, 2024",FY2025,4064735
note_ppe,"Balance, April 1, 2025",business_100,"Balance, April 1, 2025","As at Apr 1, 2025",4064731
note_ppe,"Balance, April 1, 2025",business_100,"Balance, April 1, 2025","As at Apr 1, 2025",4064733
note_ppe,"Balance, April 1, 2026",business_100,"Balance, April 1, 2026","As at Apr 1, 2026",3693795
note_ppe,"Balance, December 31, 2025",business_100,"Balance, December 31, 2025","As at Dec 31, 2025",4064733
note_ppe,"Balance, June 30, 2026",business_100,"Balance, June 30, 2026","As at Jun 30, 2026",3693795
note_ppe,"Balance, March 31, 2025",business_100,"Balance, March 31, 2025",FY2025,4064735
note_ppe,"Balance, March 31, 2026",business_100,"Balance, March 31, 2026",FY2026,4064735
note_ppe,"Balance, September 30, 2025",business_100,"Balance, September 30, 2025","As at Sep 30, 2025",4064731
note_ppe,Changes in decommissioning obligations,business_100,Changes in decommissioning obligations,6M FY2026,4064731
note_ppe,Changes in decommissioning obligations,business_100,Changes in decommissioning obligations,9M FY2026,4064733
note_ppe,Changes in decommissioning obligations - Note 11,business_100,Changes in decommissioning obligations - Note 11,FY2026,4064735
note_ppe,Depreciation expense,business_100,Depreciation expense,6M FY2026,4064731
note_ppe,Depreciation expense,business_100,Depreciation expense,9M FY2026,4064733
note_ppe,Depreciation expense,business_100,Depreciation expense,FY2025,4064735
note_ppe,Depreciation expense,business_100,Depreciation expense,FY2026,4064735
note_ppe,Depreciation expense,business_100,Depreciation expense,Q1 FY2027,3693795
note_ppe,Disposals,business_100,Disposals,6M FY2026,4064731
note_ppe,Disposals,business_100,Disposals,9M FY2026,4064733
note_ppe,Disposals,business_100,Disposals,FY2025,4064735
note_ppe,Disposals,business_100,Disposals,FY2026,4064735
note_ppe,Disposals,business_100,Disposals,Q1 FY2027,3693795
note_ppe,Foreign currency translation adjustment,business_100,Foreign currency translation adjustment,6M FY2026,4064731
note_ppe,Foreign currency translation adjustment,business_100,Foreign currency translation adjustment,9M FY2026,4064733
note_ppe,Foreign currency translation adjustments,business_100,Foreign currency translation adjustments,FY2025,4064735
note_ppe,Foreign currency translation adjustments,business_100,Foreign currency translation adjustments,FY2026,4064735
note_ppe,Foreign currency translation adjustments,business_100,Foreign currency translation adjustments,Q1 FY2027,3693795
note_ppe,Lease additions and remeasurements,business_100,Lease additions and remeasurements,6M FY2026,4064731
note_ppe,Lease additions and remeasurements,business_100,Lease additions and remeasurements,9M FY2026,4064733
note_ppe,Lease additions and remeasurements - Note 6,business_100,Lease additions and remeasurements - Note 6,Q1 FY2027,3693795
note_ppe,Lease additions and remeasurements - Note 8,business_100,Lease additions and remeasurements - Note 8,FY2025,4064735
note_ppe,Lease additions and remeasurements - Note 8,business_100,Lease additions and remeasurements - Note 8,FY2026,4064735
note_ppe,Migration/disposals,business_100,Migration/disposals,6M FY2026,4064731
note_ppe,Migration/disposals,business_100,Migration/disposals,9M FY2026,4064733
note_ppe,Migration/disposals,business_100,Migration/disposals,FY2025,4064735
note_ppe,Migration/disposals,business_100,Migration/disposals,FY2026,4064735
note_ppe,Migration/disposals,business_100,Migration/disposals,Q1 FY2027,3693795
note_related_party,(unlabelled subtotal),business_100,(unlabelled subtotal),6M FY2025,4064731
note_related_party,(unlabelled subtotal),business_100,(unlabelled subtotal),6M FY2026,4064731
note_related_party,(unlabelled subtotal),business_100,(unlabelled subtotal),9M FY2025,4064733
note_related_party,(unlabelled subtotal),business_100,(unlabelled subtotal),9M FY2026,4064733
note_related_party,(unlabelled subtotal),business_100,(unlabelled subtotal),Q1 FY2026,3693795
note_related_party,(unlabelled subtotal),business_100,(unlabelled subtotal),Q1 FY2027,3693795
note_related_party,(unlabelled subtotal),business_100,(unlabelled subtotal),Q2 FY2025,4064731
note_related_party,(unlabelled subtotal),business_100,(unlabelled subtotal),Q2 FY2026,4064731
note_related_party,(unlabelled subtotal),business_100,(unlabelled subtotal),Q3 FY2025,4064733
note_related_party,(unlabelled subtotal),business_100,(unlabelled subtotal),Q3 FY2026,4064733
note_related_party,8.25% Promissory Note due 2026 - accrued interest paid,business_100,8.25% Promissory Note due 2026 - accrued interest paid,FY2025,4064736
note_related_party,8.25% Promissory Note due 2026 - principal balance repaid,business_100,8.25% Promissory Note due 2026 - principal balance repaid,FY2025,4064736
note_related_party,Accrued electricity costs (trade payables and accrued liabilities),business_100,Accrued electricity costs (trade payables and accrued liabilities),"As at Dec 31, 2025",4064733
note_related_party,Accrued electricity costs (trade payables and accrued liabilities),business_100,Accrued electricity costs (trade payables and accrued liabilities),"As at Jun 30, 2026",3693795
note_related_party,Accrued electricity costs (trade payables and accrued liabilities),business_100,Accrued electricity costs (trade payables and accrued liabilities),"As at Mar 31, 2025",4064733
note_related_party,Accrued electricity costs (trade payables and accrued liabilities),business_100,Accrued electricity costs (trade payables and accrued liabilities),"As at Mar 31, 2026",3693795
note_related_party,Accrued electricity costs (trade payables and accrued liabilities),business_100,Accrued electricity costs (trade payables and accrued liabilities),FY2025,4064735
note_related_party,Accrued electricity costs (trade payables and accrued liabilities),business_100,Accrued electricity costs (trade payables and accrued liabilities),FY2026,4064735
note_related_party,Accrued interest paid,business_100,Accrued interest paid,FY2025,4064735
note_related_party,Accrued liabilities recognized with this related party,business_100,Accrued liabilities recognized with this related party,FY2025,4064735
note_related_party,Accrued liabilities recognized with this related party,business_100,Accrued liabilities recognized with this related party,FY2026,4064735
note_related_party,"Advance to Brookfield parent entities on May 29, 2025",business_100,"Advance to Brookfield parent entities on May 29, 2025",FY2026,4064735
note_related_party,"Advance to Brookfield parent entities on October 10, 2025",business_100,"Advance to Brookfield parent entities on October 10, 2025",FY2026,4064735
note_related_party,"Advance to related parties on December 30, 2025",business_100,"Advance to related parties on December 30, 2025",FY2026,4064735
note_related_party,Aggregate payments made in connection with the amendment to the Legacy Incentive Plans,business_100,Aggregate payments made in connection with the amendment to the Legacy Incentive Plans,FY2026,4064735
note_related_party,Capital contribution from Brookfield funding the Legacy Incentive Plans payments,business_100,Capital contribution from Brookfield funding the Legacy Incentive Plans payments,FY2026,4064735
note_related_party,"Cash advanced to certain Brookfield parent entities on June 13, 2024",business_100,"Cash advanced to certain Brookfield parent entities on June 13, 2024",FY2025,4064735
note_related_party,"Cash advanced to certain Brookfield parent entities on September 18, 2024",business_100,"Cash advanced to certain Brookfield parent entities on September 18, 2024",FY2025,4064735
note_related_party,Class A Shares issued as consideration,company,Class A Shares issued as consideration,"July 28, 2025 to March 31, 2026",4064736
note_related_party,Due from affiliates (trade and accrued receivables),business_100,Due from affiliates (trade and accrued receivables),"As at Dec 31, 2025",4064733
note_related_party,Due from affiliates (trade and accrued receivables),business_100,Due from affiliates (trade and accrued receivables),"As at Jun 30, 2026",3693795
note_related_party,Due from affiliates (trade and accrued receivables),business_100,Due from affiliates (trade and accrued receivables),"As at Mar 31, 2025",4064733
note_related_party,Due from affiliates (trade and accrued receivables),business_100,Due from affiliates (trade and accrued receivables),"As at Mar 31, 2026",3693795
note_related_party,Due from affiliates (trade and accrued receivables),business_100,Due from affiliates (trade and accrued receivables),FY2025,4064735
note_related_party,Due from affiliates (trade and accrued receivables),business_100,Due from affiliates (trade and accrued receivables),FY2026,4064735
note_related_party,Due to Brookfield affiliates,business_100,Due to Brookfield affiliates,"As at Mar 31, 2025",4064731
note_related_party,Due to Brookfield affiliates,business_100,Due to Brookfield affiliates,"As at Sep 30, 2025",4064731
note_related_party,Electricity (operating),business_100,Electricity (operating),6M FY2025,4064731
note_related_party,Electricity (operating),business_100,Electricity (operating),6M FY2026,4064731
note_related_party,Electricity (operating),business_100,Electricity (operating),9M FY2025,4064733
note_related_party,Electricity (operating),business_100,Electricity (operating),9M FY2026,4064733
note_related_party,Electricity (operating),business_100,Electricity (operating),FY2025,4064735
note_related_party,Electricity (operating),business_100,Electricity (operating),FY2026,4064735
note_related_party,Electricity (operating),business_100,Electricity (operating),Q1 FY2026,3693795
note_related_party,Electricity (operating),business_100,Electricity (operating),Q1 FY2027,3693795
note_related_party,Electricity (operating),business_100,Electricity (operating),Q2 FY2025,4064731
note_related_party,Electricity (operating),business_100,Electricity (operating),Q2 FY2026,4064731
note_related_party,Electricity (operating),business_100,Electricity (operating),Q3 FY2025,4064733
note_related_party,Electricity (operating),business_100,Electricity (operating),Q3 FY2026,4064733
note_related_party,Included in due from affiliates,business_100,Included in due from affiliates,"As at Dec 31, 2025",4064733
note_related_party,Included in due from affiliates,business_100,Included in due from affiliates,"As at Mar 31, 2025",4064731
note_related_party,Included in due from affiliates,business_100,Included in due from affiliates,"As at Mar 31, 2025",4064733
note_related_party,Included in due from affiliates,business_100,Included in due from affiliates,"As at Sep 30, 2025",4064731
note_related_party,Included in due from affiliates,business_100,Included in due from affiliates,FY2025,4064735
note_related_party,Included in due from affiliates,business_100,Included in due from affiliates,FY2026,4064735
note_related_party,Interest on affiliated debt (financing costs),business_100,Interest on affiliated debt (financing costs),6M FY2025,4064731
note_related_party,Interest on affiliated debt (financing costs),business_100,Interest on affiliated debt (financing costs),6M FY2026,4064731
note_related_party,Interest on affiliated debt (financing costs),business_100,Interest on affiliated debt (financing costs),9M FY2025,4064733
note_related_party,Interest on affiliated debt (financing costs),business_100,Interest on affiliated debt (financing costs),9M FY2026,4064733
note_related_party,Interest on affiliated debt (financing costs),business_100,Interest on affiliated debt (financing costs),Q2 FY2025,4064731
note_related_party,Interest on affiliated debt (financing costs),business_100,Interest on affiliated debt (financing costs),Q2 FY2026,4064731
note_related_party,Interest on affiliated debt (financing costs),business_100,Interest on affiliated debt (financing costs),Q3 FY2025,4064733
note_related_party,Interest on affiliated debt (financing costs),business_100,Interest on affiliated debt (financing costs),Q3 FY2026,4064733
note_related_party,Interest on affiliated loans (financing costs),business_100,Interest on affiliated loans (financing costs),FY2025,4064735
note_related_party,Interest on affiliated loans (financing costs),business_100,Interest on affiliated loans (financing costs),FY2026,4064735
note_related_party,Interest rate on the promissory note due to affiliates of Brookfield Infrastructure (the '8.25% Promissory Note due 2026'),business_100,Interest rate on the promissory note due to affiliates of Brookfield Infrastructure (the '8.25% Promissory Note due 2026'),FY2025,4064735
note_related_party,Legacy Incentive Plans payment paid to key management personnel,business_100,Legacy Incentive Plans payment paid to key management personnel,FY2026,4064735
note_related_party,Long-term benefits,business_100,Long-term benefits,FY2025,4064735
note_related_party,Long-term benefits,business_100,Long-term benefits,FY2026,4064735
note_related_party,Management fees charged by Rockpoint Gas Storage Canada Ltd. to the Company,business_100,Management fees charged by Rockpoint Gas Storage Canada Ltd. to the Company,FY2026,4064735
note_related_party,Management fees recovery (general and administrative),business_100,Management fees recovery (general and administrative),FY2025,4064735
note_related_party,Management fees recovery (general and administrative),business_100,Management fees recovery (general and administrative),FY2026,4064735
note_related_party,Management fees recovery (general and administrative),business_100,Management fees recovery (general and administrative),Q1 FY2026,3693795
note_related_party,Management fees recovery (general and administrative),business_100,Management fees recovery (general and administrative),Q1 FY2027,3693795
note_related_party,Management fees recovery (other expenses),business_100,Management fees recovery (other expenses),FY2025,4064735
note_related_party,Management fees recovery (other expenses),business_100,Management fees recovery (other expenses),FY2026,4064735
note_related_party,Non-cash distributions settling due from affiliates balances,business_100,Non-cash distributions settling due from affiliates balances,FY2026,4064735
note_related_party,"Other accrued costs, including electricity costs",business_100,"Other accrued costs, including electricity costs","As at Mar 31, 2025",4064731
note_related_party,"Other accrued costs, including electricity costs",business_100,"Other accrued costs, including electricity costs","As at Sep 30, 2025",4064731
note_related_party,Other compensation,business_100,Other compensation,FY2025,4064735
note_related_party,Other compensation,business_100,Other compensation,FY2026,4064735
note_related_party,Paid on behalf of Brookfield in connection with the sale of Brookfield's 40% economic interest in the Business,business_100,Paid on behalf of Brookfield in connection with the sale of Brookfield's 40% economic interest in the Business,FY2026,4064735
note_related_party,Paid to a Brookfield affiliated entity for financing related services,business_100,Paid to a Brookfield affiliated entity for financing related services,FY2026,4064735
note_related_party,Payments made by the Business for the day-to-day expenses of the Company,business_100,Payments made by the Business for the day-to-day expenses of the Company,FY2026,4064735
note_related_party,Post-employment benefits,business_100,Post-employment benefits,FY2025,4064735
note_related_party,Post-employment benefits,business_100,Post-employment benefits,FY2026,4064735
note_related_party,Principal and interest payments on the 8.25% Promissory Note due 2026,business_100,Principal and interest payments on the 8.25% Promissory Note due 2026,FY2025,4064735
note_related_party,Promissory notes receivable from Brookfield settled by distributing earnings in the form of promissory notes,business_100,Promissory notes receivable from Brookfield settled by distributing earnings in the form of promissory notes,FY2026,4064735
note_related_party,Realized losses in operating costs from the related utility counterparty,business_100,Realized losses in operating costs from the related utility counterparty,FY2025,4064735
note_related_party,Realized losses in operating costs from the related utility counterparty,business_100,Realized losses in operating costs from the related utility counterparty,FY2026,4064735
note_related_party,Salaries and other short-term benefits,business_100,Salaries and other short-term benefits,FY2025,4064735
note_related_party,Salaries and other short-term benefits,business_100,Salaries and other short-term benefits,FY2026,4064735
note_related_party,Then outstanding principal balance repaid,business_100,Then outstanding principal balance repaid,FY2025,4064735
note_related_party,Total amounts due from related parties,business_100,Total amounts due from related parties,"As at Dec 31, 2025",4064733
note_related_party,Total amounts due from related parties,business_100,Total amounts due from related parties,"As at Mar 31, 2025",4064733
note_related_party,Total amounts due from related parties,business_100,Total amounts due from related parties,FY2025,4064735
note_related_party,Total amounts due from related parties,business_100,Total amounts due from related parties,FY2026,4064735
note_related_party,Total amounts owing to related parties,business_100,Total amounts owing to related parties,"As at Mar 31, 2025",4064731
note_related_party,Total amounts owing to related parties,business_100,Total amounts owing to related parties,"As at Sep 30, 2025",4064731
note_related_party,Total compensation of key management,business_100,Total compensation of key management,FY2025,4064735
note_related_party,Total compensation of key management,business_100,Total compensation of key management,FY2026,4064735
note_related_party,[uncaptioned total row],business_100,[uncaptioned total row],FY2025,4064735
note_related_party,[uncaptioned total row],business_100,[uncaptioned total row],FY2026,4064735
note_related_party,"advance to Brookfield parent entities - December 30, 2025",business_100,"advance to Brookfield parent entities - December 30, 2025",FY2026,4064736
note_related_party,"advance to Brookfield parent entities - May 29, 2025",business_100,"advance to Brookfield parent entities - May 29, 2025",FY2026,4064736
note_related_party,"advance to Brookfield parent entities - October 10, 2025",business_100,"advance to Brookfield parent entities - October 10, 2025",FY2026,4064736
note_related_party,"advance to certain Brookfield parent entities - June 13, 2024",business_100,"advance to certain Brookfield parent entities - June 13, 2024",FY2025,4064736
note_related_party,"advance to certain Brookfield parent entities - September 18, 2024",business_100,"advance to certain Brookfield parent entities - September 18, 2024",FY2025,4064736
note_related_party,aggregate consideration for 40% interest in the Business,company,aggregate consideration for 40% interest in the Business,"July 28, 2025 to March 31, 2026",4064736
note_related_party,amount paid to a Brookfield affiliated entity for financing related services,business_100,amount paid to a Brookfield affiliated entity for financing related services,FY2026,4064736
note_related_party,"amount remitted to taxation authorities up to March 31, 2026",company,"amount remitted to taxation authorities up to March 31, 2026","July 28, 2025 to March 31, 2026",4064736
note_related_party,cash advanced by the Business to the Company in exchange for a non-interest-bearing promissory note,business_100,cash advanced by the Business to the Company in exchange for a non-interest-bearing promissory note,FY2026,4064736
note_related_party,compensation provided to key management personnel,business_100,compensation provided to key management personnel,FY2025,4064736
note_related_party,compensation provided to key management personnel,business_100,compensation provided to key management personnel,FY2026,4064736
note_related_party,costs incurred for electricity from a utility company related to Brookfield,business_100,costs incurred for electricity from a utility company related to Brookfield,FY2025,4064736
note_related_party,costs incurred for electricity from a utility company related to Brookfield,business_100,costs incurred for electricity from a utility company related to Brookfield,FY2026,4064736
note_related_party,current liabilities recognized with the related-party utility counterparty,business_100,current liabilities recognized with the related-party utility counterparty,FY2025,4064736
note_related_party,current liabilities recognized with the related-party utility counterparty,business_100,current liabilities recognized with the related-party utility counterparty,FY2026,4064736
note_related_party,director cash fees and deferred share units incurred by the Company,company,director cash fees and deferred share units incurred by the Company,"July 28, 2025 to March 31, 2026",4064736
note_related_party,fair market value of Class A Shares issued as consideration,company,fair market value of Class A Shares issued as consideration,"July 28, 2025 to March 31, 2026",4064736
note_related_party,foreign exchange change included in the restricted cash balance,company,foreign exchange change included in the restricted cash balance,FY2026,4064736
note_related_party,foreign exchange gain realized on settlement of payable,company,foreign exchange gain realized on settlement of payable,"July 28, 2025 to March 31, 2026",4064736
note_related_party,interest income collected on behalf of Brookfield,company,interest income collected on behalf of Brookfield,"July 28, 2025 to March 31, 2026",4064736
note_related_party,management fees charged by Rockpoint Gas Storage Canada Ltd. to the Company,company,management fees charged by Rockpoint Gas Storage Canada Ltd. to the Company,"July 28, 2025 to March 31, 2026",4064736
note_related_party,payments made by the Business for the day-to-day expenses of the Company,business_100,payments made by the Business for the day-to-day expenses of the Company,FY2026,4064736
note_related_party,portion of key management compensation related to Legacy Incentive Plans payments,business_100,portion of key management compensation related to Legacy Incentive Plans payments,FY2026,4064736
note_related_party,principal and interest payments on the 8.25% Promissory Note due 2026,business_100,principal and interest payments on the 8.25% Promissory Note due 2026,FY2025,4064736
note_related_party,promissory notes receivable from Brookfield settled by distributing earnings in the form of promissory notes,business_100,promissory notes receivable from Brookfield settled by distributing earnings in the form of promissory notes,FY2026,4064736
note_related_party,promissory notes settled through non-cash distributions during the fourth quarter of fiscal 2025,business_100,promissory notes settled through non-cash distributions during the fourth quarter of fiscal 2025,FY2025,4064736
note_related_party,restricted cash balance,company,restricted cash balance,FY2026,4064736
note_related_party,settlement of a payable,company,settlement of a payable,"July 28, 2025 to March 31, 2026",4064736
note_related_party,withholding taxes held in escrow at the time of the acquisition (October 2025),company,withholding taxes held in escrow at the time of the acquisition (October 2025),"July 28, 2025 to March 31, 2026",4064736
note_revenue,(unlabelled subtotal),business_100,(unlabelled subtotal),6M FY2025,4064731
note_revenue,(unlabelled subtotal),business_100,(unlabelled subtotal),6M FY2026,4064731
note_revenue,(unlabelled subtotal),business_100,(unlabelled subtotal),9M FY2025,4064733
note_revenue,(unlabelled subtotal),business_100,(unlabelled subtotal),9M FY2026,4064733
note_revenue,(unlabelled subtotal),business_100,(unlabelled subtotal),Q1 FY2026,3693795
note_revenue,(unlabelled subtotal),business_100,(unlabelled subtotal),Q1 FY2027,3693795
note_revenue,(unlabelled subtotal),business_100,(unlabelled subtotal),Q2 FY2025,4064731
note_revenue,(unlabelled subtotal),business_100,(unlabelled subtotal),Q2 FY2026,4064731
note_revenue,(unlabelled subtotal),business_100,(unlabelled subtotal),Q3 FY2025,4064733
note_revenue,(unlabelled subtotal),business_100,(unlabelled subtotal),Q3 FY2026,4064733
note_revenue,Canada,business_100,Canada,6M FY2025,4064731
note_revenue,Canada,business_100,Canada,6M FY2026,4064731
note_revenue,Canada,business_100,Canada,9M FY2025,4064733
note_revenue,Canada,business_100,Canada,9M FY2026,4064733
note_revenue,Canada,business_100,Canada,Q1 FY2026,3693795
note_revenue,Canada,business_100,Canada,Q1 FY2027,3693795
note_revenue,Canada,business_100,Canada,Q2 FY2025,4064731
note_revenue,Canada,business_100,Canada,Q2 FY2026,4064731
note_revenue,Canada,business_100,Canada,Q3 FY2025,4064733
note_revenue,Canada,business_100,Canada,Q3 FY2026,4064733
note_revenue,Deferred revenue related to Fee-for-Service contracts with customers,business_100,Deferred revenue related to Fee-for-Service contracts with customers,FY2025,4064735
note_revenue,Deferred revenue related to Fee-for-Service contracts with customers,business_100,Deferred revenue related to Fee-for-Service contracts with customers,FY2026,4064735
note_revenue,Fee-for-Service revenue,business_100,Fee-for-Service revenue,FY2025,4064736
note_revenue,Fee-for-Service revenue,business_100,Fee-for-Service revenue,FY2026,4064736
note_revenue,Fee-for-Service revenue,business_100,Fee-for-Service revenue,Q4 FY2025,4064736
note_revenue,Fee-for-Service revenue,business_100,Fee-for-Service revenue,Q4 FY2026,4064736
note_revenue,"Optimization, net",business_100,"Optimization, net",FY2025,4064736
note_revenue,"Optimization, net",business_100,"Optimization, net",FY2026,4064736
note_revenue,"Optimization, net",business_100,"Optimization, net",Q4 FY2025,4064736
note_revenue,"Optimization, net",business_100,"Optimization, net",Q4 FY2026,4064736
note_revenue,"Realized optimization, net",business_100,"Realized optimization, net",6M FY2025,4064731
note_revenue,"Realized optimization, net",business_100,"Realized optimization, net",6M FY2026,4064731
note_revenue,"Realized optimization, net",business_100,"Realized optimization, net",9M FY2025,4064733
note_revenue,"Realized optimization, net",business_100,"Realized optimization, net",9M FY2026,4064733
note_revenue,"Realized optimization, net",business_100,"Realized optimization, net",FY2025,4064735
note_revenue,"Realized optimization, net",business_100,"Realized optimization, net",FY2025,4064736
note_revenue,"Realized optimization, net",business_100,"Realized optimization, net",FY2026,4064735
note_revenue,"Realized optimization, net",business_100,"Realized optimization, net",FY2026,4064736
note_revenue,"Realized optimization, net",business_100,"Realized optimization, net",Q1 FY2026,3693795
note_revenue,"Realized optimization, net",business_100,"Realized optimization, net",Q1 FY2027,3693795
note_revenue,"Realized optimization, net",business_100,"Realized optimization, net",Q2 FY2025,4064731
note_revenue,"Realized optimization, net",business_100,"Realized optimization, net",Q2 FY2026,4064731
note_revenue,"Realized optimization, net",business_100,"Realized optimization, net",Q3 FY2025,4064733
note_revenue,"Realized optimization, net",business_100,"Realized optimization, net",Q3 FY2026,4064733
note_revenue,"Realized optimization, net",business_100,"Realized optimization, net",Q4 FY2025,4064736
note_revenue,"Realized optimization, net",business_100,"Realized optimization, net",Q4 FY2026,4064736
note_revenue,Retail realized optimization,business_100,Retail realized optimization,6M FY2025,4064731
note_revenue,Retail realized optimization,business_100,Retail realized optimization,6M FY2026,4064731
note_revenue,Retail realized optimization,business_100,Retail realized optimization,9M FY2025,4064733
note_revenue,Retail realized optimization,business_100,Retail realized optimization,9M FY2026,4064733
note_revenue,Retail realized optimization,business_100,Retail realized optimization,FY2025,4064735
note_revenue,Retail realized optimization,business_100,Retail realized optimization,FY2026,4064735
note_revenue,Retail realized optimization,business_100,Retail realized optimization,Q1 FY2026,3693795
note_revenue,Retail realized optimization,business_100,Retail realized optimization,Q1 FY2027,3693795
note_revenue,Retail realized optimization,business_100,Retail realized optimization,Q2 FY2025,4064731
note_revenue,Retail realized optimization,business_100,Retail realized optimization,Q2 FY2026,4064731
note_revenue,Retail realized optimization,business_100,Retail realized optimization,Q3 FY2025,4064733
note_revenue,Retail realized optimization,business_100,Retail realized optimization,Q3 FY2026,4064733
note_revenue,Retail unrealized optimization (losses) gains,business_100,Retail unrealized optimization (losses) gains,9M FY2025,4064733
note_revenue,Retail unrealized optimization (losses) gains,business_100,Retail unrealized optimization (losses) gains,9M FY2026,4064733
note_revenue,Retail unrealized optimization (losses) gains,business_100,Retail unrealized optimization (losses) gains,Q3 FY2025,4064733
note_revenue,Retail unrealized optimization (losses) gains,business_100,Retail unrealized optimization (losses) gains,Q3 FY2026,4064733
note_revenue,Retail unrealized optimization gains (losses),business_100,Retail unrealized optimization gains (losses),6M FY2025,4064731
note_revenue,Retail unrealized optimization gains (losses),business_100,Retail unrealized optimization gains (losses),6M FY2026,4064731
note_revenue,Retail unrealized optimization gains (losses),business_100,Retail unrealized optimization gains (losses),FY2025,4064735
note_revenue,Retail unrealized optimization gains (losses),business_100,Retail unrealized optimization gains (losses),FY2026,4064735
note_revenue,Retail unrealized optimization gains (losses),business_100,Retail unrealized optimization gains (losses),Q2 FY2025,4064731
note_revenue,Retail unrealized optimization gains (losses),business_100,Retail unrealized optimization gains (losses),Q2 FY2026,4064731
note_revenue,Retail unrealized optimization losses,business_100,Retail unrealized optimization losses,Q1 FY2026,3693795
note_revenue,Retail unrealized optimization losses,business_100,Retail unrealized optimization losses,Q1 FY2027,3693795
note_revenue,Short-term Storage service revenue,business_100,Short-term Storage service revenue,FY2025,4064736
note_revenue,Short-term Storage service revenue,business_100,Short-term Storage service revenue,FY2026,4064736
note_revenue,Short-term Storage service revenue,business_100,Short-term Storage service revenue,Q4 FY2025,4064736
note_revenue,Short-term Storage service revenue,business_100,Short-term Storage service revenue,Q4 FY2026,4064736
note_revenue,Short-term Storage service revenue - Canada,business_100,Short-term Storage service revenue - Canada,FY2025,4064735
note_revenue,Short-term Storage service revenue - Canada,business_100,Short-term Storage service revenue - Canada,FY2026,4064735
note_revenue,Short-term Storage service revenue - U.S.,business_100,Short-term Storage service revenue - U.S.,FY2025,4064735
note_revenue,Short-term Storage service revenue - U.S.,business_100,Short-term Storage service revenue - U.S.,FY2026,4064735
note_revenue,Storage realized optimization,business_100,Storage realized optimization,6M FY2025,4064731
note_revenue,Storage realized optimization,business_100,Storage realized optimization,6M FY2026,4064731
note_revenue,Storage realized optimization,business_100,Storage realized optimization,9M FY2025,4064733
note_revenue,Storage realized optimization,business_100,Storage realized optimization,9M FY2026,4064733
note_revenue,Storage realized optimization,business_100,Storage realized optimization,FY2025,4064735
note_revenue,Storage realized optimization,business_100,Storage realized optimization,FY2026,4064735
note_revenue,Storage realized optimization,business_100,Storage realized optimization,Q1 FY2026,3693795
note_revenue,Storage realized optimization,business_100,Storage realized optimization,Q1 FY2027,3693795
note_revenue,Storage realized optimization,business_100,Storage realized optimization,Q2 FY2025,4064731
note_revenue,Storage realized optimization,business_100,Storage realized optimization,Q2 FY2026,4064731
note_revenue,Storage realized optimization,business_100,Storage realized optimization,Q3 FY2025,4064733
note_revenue,Storage realized optimization,business_100,Storage realized optimization,Q3 FY2026,4064733
note_revenue,Storage unrealized optimization (losses) gains,business_100,Storage unrealized optimization (losses) gains,6M FY2025,4064731
note_revenue,Storage unrealized optimization (losses) gains,business_100,Storage unrealized optimization (losses) gains,6M FY2026,4064731
note_revenue,Storage unrealized optimization (losses) gains,business_100,Storage unrealized optimization (losses) gains,Q1 FY2026,3693795
note_revenue,Storage unrealized optimization (losses) gains,business_100,Storage unrealized optimization (losses) gains,Q1 FY2027,3693795
note_revenue,Storage unrealized optimization (losses) gains,business_100,Storage unrealized optimization (losses) gains,Q2 FY2025,4064731
note_revenue,Storage unrealized optimization (losses) gains,business_100,Storage unrealized optimization (losses) gains,Q2 FY2026,4064731
note_revenue,Storage unrealized optimization gains (losses),business_100,Storage unrealized optimization gains (losses),9M FY2025,4064733
note_revenue,Storage unrealized optimization gains (losses),business_100,Storage unrealized optimization gains (losses),9M FY2026,4064733
note_revenue,Storage unrealized optimization gains (losses),business_100,Storage unrealized optimization gains (losses),FY2025,4064735
note_revenue,Storage unrealized optimization gains (losses),business_100,Storage unrealized optimization gains (losses),FY2026,4064735
note_revenue,Storage unrealized optimization gains (losses),business_100,Storage unrealized optimization gains (losses),Q3 FY2025,4064733
note_revenue,Storage unrealized optimization gains (losses),business_100,Storage unrealized optimization gains (losses),Q3 FY2026,4064733
note_revenue,Take-or-Pay contract revenue,business_100,Take-or-Pay contract revenue,FY2025,4064736
note_revenue,Take-or-Pay contract revenue,business_100,Take-or-Pay contract revenue,FY2026,4064736
note_revenue,Take-or-Pay contract revenue,business_100,Take-or-Pay contract revenue,Q4 FY2025,4064736
note_revenue,Take-or-Pay contract revenue,business_100,Take-or-Pay contract revenue,Q4 FY2026,4064736
note_revenue,Take-or-Pay contract revenue - Canada,business_100,Take-or-Pay contract revenue - Canada,FY2025,4064735
note_revenue,Take-or-Pay contract revenue - Canada,business_100,Take-or-Pay contract revenue - Canada,FY2026,4064735
note_revenue,Take-or-Pay contract revenue - U.S.,business_100,Take-or-Pay contract revenue - U.S.,FY2025,4064735
note_revenue,Take-or-Pay contract revenue - U.S.,business_100,Take-or-Pay contract revenue - U.S.,FY2026,4064735
note_revenue,Total Fee-for-Service revenue from contracts with customers,business_100,Total Fee-for-Service revenue from contracts with customers,FY2025,4064735
note_revenue,Total Fee-for-Service revenue from contracts with customers,business_100,Total Fee-for-Service revenue from contracts with customers,FY2026,4064735
note_revenue,Total Fee-for-Service revenue from contracts with customers,business_100,Total Fee-for-Service revenue from contracts with customers,Q1 FY2026,3693795
note_revenue,Total Fee-for-Service revenue from contracts with customers,business_100,Total Fee-for-Service revenue from contracts with customers,Q1 FY2027,3693795
note_revenue,Total fee for service revenue from contracts with customers,business_100,Total fee for service revenue from contracts with customers,6M FY2025,4064731
note_revenue,Total fee for service revenue from contracts with customers,business_100,Total fee for service revenue from contracts with customers,6M FY2026,4064731
note_revenue,Total fee for service revenue from contracts with customers,business_100,Total fee for service revenue from contracts with customers,9M FY2025,4064733
note_revenue,Total fee for service revenue from contracts with customers,business_100,Total fee for service revenue from contracts with customers,9M FY2026,4064733
note_revenue,Total fee for service revenue from contracts with customers,business_100,Total fee for service revenue from contracts with customers,Q2 FY2025,4064731
note_revenue,Total fee for service revenue from contracts with customers,business_100,Total fee for service revenue from contracts with customers,Q2 FY2026,4064731
note_revenue,Total fee for service revenue from contracts with customers,business_100,Total fee for service revenue from contracts with customers,Q3 FY2025,4064733
note_revenue,Total fee for service revenue from contracts with customers,business_100,Total fee for service revenue from contracts with customers,Q3 FY2026,4064733
note_revenue,Trade and accrued receivables related to Take-or-Pay and Short-term Storage service contracts with customers,business_100,Trade and accrued receivables related to Take-or-Pay and Short-term Storage service contracts with customers,FY2025,4064735
note_revenue,Trade and accrued receivables related to Take-or-Pay and Short-term Storage service contracts with customers,business_100,Trade and accrued receivables related to Take-or-Pay and Short-term Storage service contracts with customers,FY2026,4064735
note_revenue,U.S.,business_100,U.S.,6M FY2025,4064731
note_revenue,U.S.,business_100,U.S.,6M FY2026,4064731
note_revenue,U.S.,business_100,U.S.,9M FY2025,4064733
note_revenue,U.S.,business_100,U.S.,9M FY2026,4064733
note_revenue,U.S.,business_100,U.S.,Q1 FY2026,3693795
note_revenue,U.S.,business_100,U.S.,Q1 FY2027,3693795
note_revenue,U.S.,business_100,U.S.,Q2 FY2025,4064731
note_revenue,U.S.,business_100,U.S.,Q2 FY2026,4064731
note_revenue,U.S.,business_100,U.S.,Q3 FY2025,4064733
note_revenue,U.S.,business_100,U.S.,Q3 FY2026,4064733
note_revenue,"Unrealized optimization (losses) gains, net",business_100,"Unrealized optimization (losses) gains, net",FY2025,4064736
note_revenue,"Unrealized optimization (losses) gains, net",business_100,"Unrealized optimization (losses) gains, net",FY2026,4064736
note_revenue,"Unrealized optimization (losses) gains, net",business_100,"Unrealized optimization (losses) gains, net",Q1 FY2026,3693795
note_revenue,"Unrealized optimization (losses) gains, net",business_100,"Unrealized optimization (losses) gains, net",Q1 FY2027,3693795
note_revenue,"Unrealized optimization (losses) gains, net",business_100,"Unrealized optimization (losses) gains, net",Q4 FY2025,4064736
note_revenue,"Unrealized optimization (losses) gains, net",business_100,"Unrealized optimization (losses) gains, net",Q4 FY2026,4064736
note_revenue,"Unrealized optimization gains (losses), net",business_100,"Unrealized optimization gains (losses), net",6M FY2025,4064731
note_revenue,"Unrealized optimization gains (losses), net",business_100,"Unrealized optimization gains (losses), net",6M FY2026,4064731
note_revenue,"Unrealized optimization gains (losses), net",business_100,"Unrealized optimization gains (losses), net",9M FY2025,4064733
note_revenue,"Unrealized optimization gains (losses), net",business_100,"Unrealized optimization gains (losses), net",9M FY2026,4064733
note_revenue,"Unrealized optimization gains (losses), net",business_100,"Unrealized optimization gains (losses), net",FY2025,4064735
note_revenue,"Unrealized optimization gains (losses), net",business_100,"Unrealized optimization gains (losses), net",FY2026,4064735
note_revenue,"Unrealized optimization gains (losses), net",business_100,"Unrealized optimization gains (losses), net",Q2 FY2025,4064731
note_revenue,"Unrealized optimization gains (losses), net",business_100,"Unrealized optimization gains (losses), net",Q2 FY2026,4064731
note_revenue,"Unrealized optimization gains (losses), net",business_100,"Unrealized optimization gains (losses), net",Q3 FY2025,4064733
note_revenue,"Unrealized optimization gains (losses), net",business_100,"Unrealized optimization gains (losses), net",Q3 FY2026,4064733
note_revenue,[uncaptioned total row],business_100,[uncaptioned total row],FY2025,4064735
note_revenue,[uncaptioned total row],business_100,[uncaptioned total row],FY2026,4064735
note_segment,Canada,business_100,Canada,FY2025,4064735
note_segment,Canada,business_100,Canada,FY2026,4064735
note_segment,Total non-current assets (1),business_100,Total non-current assets (1),FY2025,4064735
note_segment,Total non-current assets (1),business_100,Total non-current assets (1),FY2026,4064735
note_segment,Total revenues,business_100,Total revenues,FY2025,4064735
note_segment,Total revenues,business_100,Total revenues,FY2026,4064735
note_segment,U.S.,business_100,U.S.,FY2025,4064735
note_segment,U.S.,business_100,U.S.,FY2026,4064735
note_segment,number of reportable segments,business_100,number of reportable segments,FY2026,4064736
note_tax,Accumulated non-capital losses of the Business' Canadian subsidiaries,business_100,Accumulated non-capital losses of the Business' Canadian subsidiaries,FY2025,4064735
note_tax,Accumulated non-capital losses of the Business' Canadian subsidiaries,business_100,Accumulated non-capital losses of the Business' Canadian subsidiaries,FY2026,4064735
note_tax,Adjustments and assessments,business_100,Adjustments and assessments,FY2025,4064735
note_tax,Adjustments and assessments,business_100,Adjustments and assessments,FY2026,4064735
note_tax,Blended applicable tax rate,business_100,Blended applicable tax rate,FY2025,4064735
note_tax,Blended applicable tax rate,business_100,Blended applicable tax rate,FY2026,4064735
note_tax,Canadian statutory tax rate differences,business_100,Canadian statutory tax rate differences,FY2025,4064735
note_tax,Canadian statutory tax rate differences,business_100,Canadian statutory tax rate differences,FY2026,4064735
note_tax,Change in Canadian statutory tax rates,business_100,Change in Canadian statutory tax rates,FY2025,4064735
note_tax,Change in Canadian statutory tax rates,business_100,Change in Canadian statutory tax rates,FY2026,4064735
note_tax,Deferred financing costs,business_100,Deferred financing costs,FY2025,4064735
note_tax,Deferred financing costs,business_100,Deferred financing costs,FY2026,4064735
note_tax,Deferred gain on debt,business_100,Deferred gain on debt,FY2025,4064735
note_tax,Deferred gain on debt,business_100,Deferred gain on debt,FY2026,4064735
note_tax,Deferred income tax assets resulting from non-capital losses,business_100,Deferred income tax assets resulting from non-capital losses,FY2025,4064735
note_tax,Deferred income tax assets resulting from non-capital losses,business_100,Deferred income tax assets resulting from non-capital losses,FY2026,4064735
note_tax,Earnings before income taxes,business_100,Earnings before income taxes,FY2025,4064735
note_tax,Earnings before income taxes,business_100,Earnings before income taxes,FY2026,4064735
note_tax,Earnings of non-taxable entities,business_100,Earnings of non-taxable entities,FY2025,4064735
note_tax,Earnings of non-taxable entities,business_100,Earnings of non-taxable entities,FY2026,4064735
note_tax,Expected tax expense,business_100,Expected tax expense,FY2025,4064735
note_tax,Expected tax expense,business_100,Expected tax expense,FY2026,4064735
note_tax,Income tax expense (benefit),business_100,Income tax expense (benefit),FY2025,4064735
note_tax,Income tax expense (benefit),business_100,Income tax expense (benefit),FY2025,4064736
note_tax,Income tax expense (benefit),business_100,Income tax expense (benefit),FY2026,4064735
note_tax,Income tax expense (benefit),business_100,Income tax expense (benefit),FY2026,4064736
note_tax,Income tax expense (benefit),business_100,Income tax expense (benefit),Q4 FY2025,4064736
note_tax,Income tax expense (benefit),business_100,Income tax expense (benefit),Q4 FY2026,4064736
note_tax,Net deferred income tax liability,business_100,Net deferred income tax liability,FY2025,4064735
note_tax,Net deferred income tax liability,business_100,Net deferred income tax liability,FY2026,4064735
note_tax,Non-capital loss carry forwards,business_100,Non-capital loss carry forwards,FY2025,4064735
note_tax,Non-capital loss carry forwards,business_100,Non-capital loss carry forwards,FY2026,4064735
note_tax,Non-taxable income,business_100,Non-taxable income,FY2025,4064735
note_tax,Non-taxable income,business_100,Non-taxable income,FY2026,4064735
note_tax,Other,business_100,Other,FY2025,4064735
note_tax,Other,business_100,Other,FY2026,4064735
note_tax,Other comprehensive income relating to foreign currency translation adjustments that are non-taxable,business_100,Other comprehensive income relating to foreign currency translation adjustments that are non-taxable,FY2025,4064735
note_tax,Other comprehensive income relating to foreign currency translation adjustments that are non-taxable,business_100,Other comprehensive income relating to foreign currency translation adjustments that are non-taxable,FY2026,4064735
note_tax,"Property, plant and equipment",business_100,"Property, plant and equipment",FY2025,4064735
note_tax,"Property, plant and equipment",business_100,"Property, plant and equipment",FY2026,4064735
note_tax,Risk management assets,business_100,Risk management assets,FY2025,4064735
note_tax,Risk management assets,business_100,Risk management assets,FY2026,4064735
note_tax,Risk management liabilities,business_100,Risk management liabilities,FY2025,4064735
note_tax,Risk management liabilities,business_100,Risk management liabilities,FY2026,4064735
note_tax,Tax assets related to losses expiring at the end of 2034,business_100,Tax assets related to losses expiring at the end of 2034,FY2026,4064735
note_tax,Total deferred income tax assets,business_100,Total deferred income tax assets,FY2025,4064735
note_tax,Total deferred income tax assets,business_100,Total deferred income tax assets,FY2026,4064735
note_tax,Total deferred income tax liabilities,business_100,Total deferred income tax liabilities,FY2025,4064735
note_tax,Total deferred income tax liabilities,business_100,Total deferred income tax liabilities,FY2026,4064735
note_tax,Valuation allowance,business_100,Valuation allowance,FY2025,4064735
note_tax,Valuation allowance,business_100,Valuation allowance,FY2026,4064735
note_tax,[uncaptioned subtotal row],business_100,[uncaptioned subtotal row],FY2025,4064735
note_tax,[uncaptioned subtotal row],business_100,[uncaptioned subtotal row],FY2026,4064735
share_data,BIF II CalGas Carry (Delaware) LLC interest in BIF II CalGas (Delaware) LLC,company,BIF II CalGas Carry (Delaware) LLC interest in BIF II CalGas (Delaware) LLC,FY2026,3724816
share_data,BIP BIF II Swan AIV LP interest in Swan Equity Aggregator LP,company,BIP BIF II Swan AIV LP interest in Swan Equity Aggregator LP,FY2026,3724816
share_data,BIP BIF II U.S. Holdings (Delaware) LLC interest in BIF II CalGas (Delaware) LLC,company,BIP BIF II U.S. Holdings (Delaware) LLC interest in BIF II CalGas (Delaware) LLC,FY2026,3724816
share_data,Brookfield share of the aggregate number of outstanding Shares and voting interests in the Company,company,Brookfield share of the aggregate number of outstanding Shares and voting interests in the Company,FY2026,3724816
share_data,Brookfield share of the aggregate number of outstanding Shares and voting interests in the Company,company,Brookfield share of the aggregate number of outstanding Shares and voting interests in the Company,IPO closing,3724816
share_data,Brookfield share of the outstanding Class B Shares,company,Brookfield share of the outstanding Class B Shares,FY2026,3724816
share_data,Brookfield share of the outstanding OpCo Interests,company,Brookfield share of the outstanding OpCo Interests,FY2026,3724816
share_data,Brookfield share of votes attached to total outstanding shares,company,Brookfield share of votes attached to total outstanding shares,FY2026,4064736
share_data,Class A Shares (1) - # of Securities Subject to Contractual Restriction on Transfer,company,Class A Shares (1) - # of Securities Subject to Contractual Restriction on Transfer,FY2026,3724816
share_data,Class A Shares (1) - % of Class,company,Class A Shares (1) - % of Class,FY2026,3724816
share_data,Class A Shares acquired from the Selling Shareholders on full exercise of the over-allotment option,company,Class A Shares acquired from the Selling Shareholders on full exercise of the over-allotment option,FY2026,3724816
share_data,Class A Shares beneficially owned or controlled by directors and executive officers as a group,company,Class A Shares beneficially owned or controlled by directors and executive officers as a group,FY2026,3724816
share_data,Class A Shares issuable on exercise of outstanding options,company,Class A Shares issuable on exercise of outstanding options,FY2026,3724816
share_data,Class A Shares issued to the Selling Shareholders from treasury in partial satisfaction of the OpCo Interest Acquisition purchase price,company,Class A Shares issued to the Selling Shareholders from treasury in partial satisfaction of the OpCo Interest Acquisition purchase price,FY2026,3724816
share_data,Class A Shares issued to the public from treasury in the Initial Public Offering,company,Class A Shares issued to the public from treasury in the Initial Public Offering,FY2026,3724816
share_data,Class A Shares outstanding,company,Class A Shares outstanding,FY2026,3724816
share_data,Class A Shares outstanding,company,Class A Shares outstanding,FY2026,4064736
share_data,Class A Shares owned by Brookfield,company,Class A Shares owned by Brookfield,IPO closing,3724816
share_data,Class A Shares repurchased under the NCIB during fiscal 2026,company,Class A Shares repurchased under the NCIB during fiscal 2026,FY2026,4064736
share_data,Class A Shares sold by the Selling Shareholders in the February 2026 Secondary Offering,company,Class A Shares sold by the Selling Shareholders in the February 2026 Secondary Offering,FY2026,3724816
share_data,Class A Shares subject to 180-day IPO lock-up agreements,company,Class A Shares subject to 180-day IPO lock-up agreements,IPO closing,3724816
share_data,Class B Shares (3) - # of Securities Subject to Contractual Restriction on Transfer,company,Class B Shares (3) - # of Securities Subject to Contractual Restriction on Transfer,FY2026,3724816
share_data,Class B Shares (3) - % of Class,company,Class B Shares (3) - % of Class,FY2026,3724816
share_data,Class B Shares - Issue / Exercise Price (C$),company,Class B Shares - Issue / Exercise Price (C$),FY2026,3724816
share_data,Class B Shares - Number of Securities,company,Class B Shares - Number of Securities,FY2026,3724816
share_data,Class B Shares issued to Brookfield Holdings for nominal consideration,company,Class B Shares issued to Brookfield Holdings for nominal consideration,FY2026,3724816
share_data,Class B Shares outstanding,company,Class B Shares outstanding,FY2026,3724816
share_data,Class B Shares outstanding,company,Class B Shares outstanding,FY2026,4064736
share_data,Class B Shares owned by Brookfield,company,Class B Shares owned by Brookfield,IPO closing,3724816
share_data,Common Share - Issue / Exercise Price (C$),company,Common Share - Issue / Exercise Price (C$),FY2026,3724816
share_data,Common Share - Number of Securities,company,Common Share - Number of Securities,FY2026,3724816
share_data,Earnings per Class A Share (basic and diluted),company,Earnings per Class A Share (basic and diluted),Q3 FY2026,4064736
share_data,Earnings per Class A Share (basic and diluted),company,Earnings per Class A Share (basic and diluted),Q4 FY2026,4064736
share_data,February 2026 Secondary Offering - Class A Shares sold by Brookfield,company,February 2026 Secondary Offering - Class A Shares sold by Brookfield,"July 28, 2025 to March 31, 2026",4064736
share_data,February 2026 Secondary Offering price per Class A Share,company,February 2026 Secondary Offering price per Class A Share,FY2026,3724816
share_data,High (C$),company,High (C$),December 2025,3724816
share_data,High (C$),company,High (C$),February 2026,3724816
share_data,High (C$),company,High (C$),January 2026,3724816
share_data,High (C$),company,High (C$),March 2026,3724816
share_data,High (C$),company,High (C$),November 2025,3724816
share_data,High (C$),company,High (C$),October 2025,3724816
share_data,Initial Public Offering price per Class A Share,company,Initial Public Offering price per Class A Share,FY2026,3724816
share_data,Low (C$),company,Low (C$),December 2025,3724816
share_data,Low (C$),company,Low (C$),February 2026,3724816
share_data,Low (C$),company,Low (C$),January 2026,3724816
share_data,Low (C$),company,Low (C$),March 2026,3724816
share_data,Low (C$),company,Low (C$),November 2025,3724816
share_data,Low (C$),company,Low (C$),October 2025,3724816
share_data,NCIB - maximum Class A Shares acquirable on any one trading day,company,NCIB - maximum Class A Shares acquirable on any one trading day,FY2026,4064736
share_data,"NCIB - maximum Class A Shares purchasable (10% of public float as of March 23, 2026)",company,"NCIB - maximum Class A Shares purchasable (10% of public float as of March 23, 2026)",FY2026,4064736
share_data,October 2025 Secondary Offering - Class A Shares sold by Brookfield,company,October 2025 Secondary Offering - Class A Shares sold by Brookfield,"July 28, 2025 to March 31, 2026",4064736
share_data,October 2025 Secondary Offering - gross proceeds to Brookfield,company,October 2025 Secondary Offering - gross proceeds to Brookfield,"July 28, 2025 to March 31, 2026",4064736
share_data,Options - Issue / Exercise Price (C$),company,Options - Issue / Exercise Price (C$),FY2026,3724816
share_data,Options - Number of Securities,company,Options - Number of Securities,FY2026,3724816
share_data,Preferred Shares outstanding,company,Preferred Shares outstanding,FY2026,3724816
share_data,Rockpoint interest in the Business,company,Rockpoint interest in the Business,IPO closing,3724816
share_data,Swan Equity Carry LP interest in Swan Equity Aggregator LP,company,Swan Equity Carry LP interest in Swan Equity Aggregator LP,FY2026,3724816
share_data,Volume,company,Volume,December 2025,3724816
share_data,Volume,company,Volume,February 2026,3724816
share_data,Volume,company,Volume,January 2026,3724816
share_data,Volume,company,Volume,March 2026,3724816
share_data,Volume,company,Volume,November 2025,3724816
share_data,Volume,company,Volume,October 2025,3724816
share_data,Weighted average earnings per Class A Share (basic and diluted),company,Weighted average earnings per Class A Share (basic and diluted),"July 28, 2025 to March 31, 2026",4064736
share_data,aggregate gross proceeds of the Initial Public Offering,company,aggregate gross proceeds of the Initial Public Offering,FY2026,3724816
share_data,aggregate gross proceeds to the Selling Shareholders from the February 2026 Secondary Offering,company,aggregate gross proceeds to the Selling Shareholders from the February 2026 Secondary Offering,FY2026,3724816
share_data,aggregate gross proceeds to the Selling Shareholders from the October 2025 Secondary Offering,company,aggregate gross proceeds to the Selling Shareholders from the October 2025 Secondary Offering,FY2026,3724816
share_data,class 'B' voting shares issued to Brookfield Infrastructure Holdings (Canada) Inc.,company,class 'B' voting shares issued to Brookfield Infrastructure Holdings (Canada) Inc.,"July 28, 2025 to March 31, 2026",4064736
share_data,deemed price per Class A Share issued to the Selling Shareholders,company,deemed price per Class A Share issued to the Selling Shareholders,FY2026,3724816
share_data,directors and executive officers as a group - approximate % of outstanding Class A Shares,company,directors and executive officers as a group - approximate % of outstanding Class A Shares,FY2026,3724816
share_data,initial public offering - Class A Shares issued,company,initial public offering - Class A Shares issued,"July 28, 2025 to March 31, 2026",4064736
share_data,initial public offering - gross proceeds,company,initial public offering - gross proceeds,"July 28, 2025 to March 31, 2026",4064736
share_data,initial public offering - gross proceeds (USD),company,initial public offering - gross proceeds (USD),"July 28, 2025 to March 31, 2026",4064736
share_data,initial public offering - price per Class A Share,company,initial public offering - price per Class A Share,"July 28, 2025 to March 31, 2026",4064736
share_data,initial public offering - price per Class A Share (USD equivalent),company,initial public offering - price per Class A Share (USD equivalent),"July 28, 2025 to March 31, 2026",4064736
share_data,liquidation entitlement per Class B Share,company,liquidation entitlement per Class B Share,FY2026,3724816
share_data,maximum Class A Shares acquirable under the NCIB on any one trading day,company,maximum Class A Shares acquirable under the NCIB on any one trading day,FY2026,3724816
share_data,maximum Class A Shares that may be purchased for cancellation under the NCIB,company,maximum Class A Shares that may be purchased for cancellation under the NCIB,FY2026,3724816
share_data,over-allotment price per Class A Share,company,over-allotment price per Class A Share,FY2026,3724816
share_data,public share of the aggregate number of outstanding Shares and voting interests in the Company,company,public share of the aggregate number of outstanding Shares and voting interests in the Company,FY2026,3724816
share_data,the Company's share of the outstanding OpCo Interests,company,the Company's share of the outstanding OpCo Interests,FY2026,3724816
share_data,total Shares outstanding (Class A + Class B),company,total Shares outstanding (Class A + Class B),FY2026,3724816
share_data,total outstanding shares of the Company,company,total outstanding shares of the Company,FY2026,4064736
share_data,unvested stock options outstanding,company,unvested stock options outstanding,FY2026,4064736
