basis,source_doc,source_page,source_url,statement,period_label,period_end,period_type,section,line_item,value,unit,is_subtotal,is_comparative,order_index,note
business_100,4064736,3,https://web.quartr.com/companies/21558?companyId=21558&documentId=4064736&documentType=report&eventId=554427&navigation=external&utm_medium=referral&utm_source=mcp&rp=3,kpi,FY2026,2026-03-31,instant,Business Overview,total effective working gas storage capacity,279.2,bcf,0,0,1,stated in Business Overview narrative; not tied to a printed as-at date - dated to fiscal year end by extractor judgment
business_100,4064736,3,https://web.quartr.com/companies/21558?companyId=21558&documentId=4064736&documentType=report&eventId=554427&navigation=external&utm_medium=referral&utm_source=mcp&rp=3,kpi,FY2026,2026-03-31,instant,Business Overview,AECO Hub(TM) (Suffield and Countess) combined effective working gas storage capacity,154.0,bcf,0,0,2,stated in Business Overview narrative; not tied to a printed as-at date - dated to fiscal year end by extractor judgment; Alberta
business_100,4064736,3,https://web.quartr.com/companies/21558?companyId=21558&documentId=4064736&documentType=report&eventId=554427&navigation=external&utm_medium=referral&utm_source=mcp&rp=3,kpi,FY2026,2026-03-31,instant,Business Overview,Warwick storage facility effective working gas storage capacity,21.5,bcf,0,0,3,stated in Business Overview narrative; not tied to a printed as-at date - dated to fiscal year end by extractor judgment; Alberta
business_100,4064736,3,https://web.quartr.com/companies/21558?companyId=21558&documentId=4064736&documentType=report&eventId=554427&navigation=external&utm_medium=referral&utm_source=mcp&rp=3,kpi,FY2026,2026-03-31,instant,Business Overview,Wild Goose storage facility effective working gas storage capacity,75.0,bcf,0,0,4,stated in Business Overview narrative; not tied to a printed as-at date - dated to fiscal year end by extractor judgment; California
business_100,4064736,3,https://web.quartr.com/companies/21558?companyId=21558&documentId=4064736&documentType=report&eventId=554427&navigation=external&utm_medium=referral&utm_source=mcp&rp=3,kpi,FY2026,2026-03-31,instant,Business Overview,Lodi and Kirby Hills storage facilities combined effective working gas storage capacity,28.7,bcf,0,0,5,stated in Business Overview narrative; not tied to a printed as-at date - dated to fiscal year end by extractor judgment; California
business_100,4064736,3,https://web.quartr.com/companies/21558?companyId=21558&documentId=4064736&documentType=report&eventId=554427&navigation=external&utm_medium=referral&utm_source=mcp&rp=3,kpi,FY2026,2026-03-31,instant,Business Overview,number of storage facilities,6,count,0,0,6,stated in Business Overview narrative; not tied to a printed as-at date - dated to fiscal year end by extractor judgment; printed as 'six facilities located across California and Alberta'
business_100,4064736,3,https://web.quartr.com/companies/21558?companyId=21558&documentId=4064736&documentType=report&eventId=554427&navigation=external&utm_medium=referral&utm_source=mcp&rp=3,kpi,FY2026,2026-03-31,instant,Business Overview,share of combined Alberta and California storage market,approximately one third,text,0,0,7,stated in Business Overview narrative; not tied to a printed as-at date - dated to fiscal year end by extractor judgment
business_100,4064736,4,https://web.quartr.com/companies/21558?companyId=21558&documentId=4064736&documentType=report&eventId=554427&navigation=external&utm_medium=referral&utm_source=mcp&rp=4,kpi,FY2026,2026-03-31,instant,Outlook for our Business,long-term annual Adjusted EBITDA growth target,4% to 5%,text,0,0,8,"TARGET / forward-looking outlook, NOT a reported result"
business_100,4064736,4,https://web.quartr.com/companies/21558?companyId=21558&documentId=4064736&documentType=report&eventId=554427&navigation=external&utm_medium=referral&utm_source=mcp&rp=4,kpi,FY2026,2026-03-31,instant,Outlook for our Business,annual Distributable Cash Flow growth target,5% to 6%,text,0,0,9,"TARGET / forward-looking outlook, NOT a reported result"
business_100,4064736,4,https://web.quartr.com/companies/21558?companyId=21558&documentId=4064736&documentType=report&eventId=554427&navigation=external&utm_medium=referral&utm_source=mcp&rp=4,kpi,FY2026,2026-03-31,instant,Outlook for our Business,incremental annual Distributable Cash Flow growth target (growth projects/opportunities),4% to 5%,text,0,0,10,"TARGET / forward-looking outlook, NOT a reported result"
business_100,4064736,6,https://web.quartr.com/companies/21558?companyId=21558&documentId=4064736&documentType=report&eventId=554427&navigation=external&utm_medium=referral&utm_source=mcp&rp=6,kpi,FY2026,2026-03-31,instant,Financial Policy and Principles,target Fee-for-Service cash flows,85,pct,0,0,11,"TARGET / forward-looking outlook, NOT a reported result"
company,4064736,6,https://web.quartr.com/companies/21558?companyId=21558&documentId=4064736&documentType=report&eventId=554427&navigation=external&utm_medium=referral&utm_source=mcp&rp=6,kpi,FY2026,2026-03-31,instant,Financial Policy and Principles,targeted payout of Distributable Cash Flow to shareholders,50-60%,text,0,0,1,"TARGET / forward-looking outlook, NOT a reported result"
business_100,4064736,7,https://web.quartr.com/companies/21558?companyId=21558&documentId=4064736&documentType=report&eventId=554427&navigation=external&utm_medium=referral&utm_source=mcp&rp=7,kpi,FY2026,2026-03-31,instant,Financial Policy and Principles,target leverage - Net Debt to Adjusted EBITDA,3.5,count,0,0,12,"TARGET / forward-looking outlook, NOT a reported result; printed as 'at, or below, 3.5x'"
business_100,4064736,7,https://web.quartr.com/companies/21558?companyId=21558&documentId=4064736&documentType=report&eventId=554427&navigation=external&utm_medium=referral&utm_source=mcp&rp=7,kpi,FY2026,2026-03-31,instant,Financial Policy and Principles,S&P credit rating,BB (Stable outlook),text,0,0,13,
business_100,4064736,7,https://web.quartr.com/companies/21558?companyId=21558&documentId=4064736&documentType=report&eventId=554427&navigation=external&utm_medium=referral&utm_source=mcp&rp=7,kpi,FY2026,2026-03-31,instant,Financial Policy and Principles,Moody's credit rating,B1 (Positive outlook),text,0,0,14,
company,4064736,7,https://web.quartr.com/companies/21558?companyId=21558&documentId=4064736&documentType=report&eventId=554427&navigation=external&utm_medium=referral&utm_source=mcp&rp=7,share_data,"July 28, 2025 to March 31, 2026",2026-03-31,FY,Offerings,initial public offering - Class A Shares issued,32000000,shares,0,0,1,"Company inaugural reporting period from incorporation 2025-07-28 to 2026-03-31 (246 days, not a full 12 months); Company held no interest in the Business before 2025-10-15; no comparative period is presented for the Company (p.2); completed 2025-10-15"
company,4064736,7,https://web.quartr.com/companies/21558?companyId=21558&documentId=4064736&documentType=report&eventId=554427&navigation=external&utm_medium=referral&utm_source=mcp&rp=7,share_data,"July 28, 2025 to March 31, 2026",2026-03-31,FY,Offerings,initial public offering - price per Class A Share,22.0,usd_per_share,0,0,2,printed as C$22.00 per Class A Share (approximately $15.66); unit is CAD per share as printed
company,4064736,7,https://web.quartr.com/companies/21558?companyId=21558&documentId=4064736&documentType=report&eventId=554427&navigation=external&utm_medium=referral&utm_source=mcp&rp=7,share_data,"July 28, 2025 to March 31, 2026",2026-03-31,FY,Offerings,initial public offering - price per Class A Share (USD equivalent),15.66,usd_per_share,0,0,3,printed as 'approximately $15.66'
company,4064736,7,https://web.quartr.com/companies/21558?companyId=21558&documentId=4064736&documentType=report&eventId=554427&navigation=external&utm_medium=referral&utm_source=mcp&rp=7,share_data,"July 28, 2025 to March 31, 2026",2026-03-31,FY,Offerings,initial public offering - gross proceeds,704.0,cad_millions,0,0,4,printed C$704.0 million ($501.2 million)
company,4064736,7,https://web.quartr.com/companies/21558?companyId=21558&documentId=4064736&documentType=report&eventId=554427&navigation=external&utm_medium=referral&utm_source=mcp&rp=7,share_data,"July 28, 2025 to March 31, 2026",2026-03-31,FY,Offerings,initial public offering - gross proceeds (USD),501.2,usd_millions,0,0,5,
company,4064736,7,https://web.quartr.com/companies/21558?companyId=21558&documentId=4064736&documentType=report&eventId=554427&navigation=external&utm_medium=referral&utm_source=mcp&rp=7,share_data,"July 28, 2025 to March 31, 2026",2026-03-31,FY,Offerings,October 2025 Secondary Offering - Class A Shares sold by Brookfield,4800000,shares,0,0,6,over-allotment exercised in full; Company received no proceeds
company,4064736,7,https://web.quartr.com/companies/21558?companyId=21558&documentId=4064736&documentType=report&eventId=554427&navigation=external&utm_medium=referral&utm_source=mcp&rp=7,share_data,"July 28, 2025 to March 31, 2026",2026-03-31,FY,Offerings,October 2025 Secondary Offering - gross proceeds to Brookfield,105.6,cad_millions,0,0,7,Company received no proceeds
company,4064736,7,https://web.quartr.com/companies/21558?companyId=21558&documentId=4064736&documentType=report&eventId=554427&navigation=external&utm_medium=referral&utm_source=mcp&rp=7,share_data,"July 28, 2025 to March 31, 2026",2026-03-31,FY,Offerings,February 2026 Secondary Offering - Class A Shares sold by Brookfield,16400000,shares,0,0,8,2026-02-23; all of Brookfield's then remaining Class A Shares; Company received no proceeds
company,4064736,7,https://web.quartr.com/companies/21558?companyId=21558&documentId=4064736&documentType=report&eventId=554427&navigation=external&utm_medium=referral&utm_source=mcp&rp=7,note_related_party,"July 28, 2025 to March 31, 2026",2026-03-31,FY,Investment in and Reorganization of the Business,aggregate consideration for 40% interest in the Business,882.0,usd_millions,1,0,1,acquired from Brookfield on 2025-10-15
company,4064736,7,https://web.quartr.com/companies/21558?companyId=21558&documentId=4064736&documentType=report&eventId=554427&navigation=external&utm_medium=referral&utm_source=mcp&rp=7,note_related_party,"July 28, 2025 to March 31, 2026",2026-03-31,FY,Investment in and Reorganization of the Business,settlement of a payable,504.6,usd_millions,0,0,2,
company,4064736,7,https://web.quartr.com/companies/21558?companyId=21558&documentId=4064736&documentType=report&eventId=554427&navigation=external&utm_medium=referral&utm_source=mcp&rp=7,note_related_party,"July 28, 2025 to March 31, 2026",2026-03-31,FY,Investment in and Reorganization of the Business,foreign exchange gain realized on settlement of payable,3.4,usd_millions,0,0,3,
company,4064736,7,https://web.quartr.com/companies/21558?companyId=21558&documentId=4064736&documentType=report&eventId=554427&navigation=external&utm_medium=referral&utm_source=mcp&rp=7,note_related_party,"July 28, 2025 to March 31, 2026",2026-03-31,FY,Investment in and Reorganization of the Business,Class A Shares issued as consideration,21200000,shares,0,0,4,
company,4064736,7,https://web.quartr.com/companies/21558?companyId=21558&documentId=4064736&documentType=report&eventId=554427&navigation=external&utm_medium=referral&utm_source=mcp&rp=7,note_related_party,"July 28, 2025 to March 31, 2026",2026-03-31,FY,Investment in and Reorganization of the Business,fair market value of Class A Shares issued as consideration,377.4,usd_millions,0,0,5,
company,4064736,7,https://web.quartr.com/companies/21558?companyId=21558&documentId=4064736&documentType=report&eventId=554427&navigation=external&utm_medium=referral&utm_source=mcp&rp=7,share_data,"July 28, 2025 to March 31, 2026",2026-03-31,FY,Investment in and Reorganization of the Business,class 'B' voting shares issued to Brookfield Infrastructure Holdings (Canada) Inc.,79800000,shares,0,0,9,issued 2025-10-15 for nominal consideration
business_100,4064736,7,https://web.quartr.com/companies/21558?companyId=21558&documentId=4064736&documentType=report&eventId=554427&navigation=external&utm_medium=referral&utm_source=mcp&rp=7,note_debt,FY2025,2025-03-31,instant,Warwick Acquisition and Repayment and Termination of Warwick Credit Facility,Warwick Credit Facility - balance repaid,9.4,usd_millions,0,1,1,"printed $9.4 million (C$13.2 million); repaid 2025-10-14, facility subsequently cancelled"
business_100,4064736,7,https://web.quartr.com/companies/21558?companyId=21558&documentId=4064736&documentType=report&eventId=554427&navigation=external&utm_medium=referral&utm_source=mcp&rp=7,note_debt,FY2025,2025-03-31,instant,Warwick Acquisition and Repayment and Termination of Warwick Credit Facility,Warwick Credit Facility - aggregate principal amount available,37.5,cad_millions,0,1,2,
company,4064736,8,https://web.quartr.com/companies/21558?companyId=21558&documentId=4064736&documentType=report&eventId=554427&navigation=external&utm_medium=referral&utm_source=mcp&rp=8,share_data,FY2026,2026-03-31,instant,Investment in and Reorganization of the Business,total outstanding shares of the Company,133000000,shares,1,0,1,as of 2026-03-31
company,4064736,8,https://web.quartr.com/companies/21558?companyId=21558&documentId=4064736&documentType=report&eventId=554427&navigation=external&utm_medium=referral&utm_source=mcp&rp=8,share_data,FY2026,2026-03-31,instant,Investment in and Reorganization of the Business,Brookfield share of votes attached to total outstanding shares,60,pct,0,0,2,as of 2026-03-31; Brookfield owned 0% of Class A Shares and 100% of Class B Shares
business_100,4064736,8,https://web.quartr.com/companies/21558?companyId=21558&documentId=4064736&documentType=report&eventId=554427&navigation=external&utm_medium=referral&utm_source=mcp&rp=8,note_other,Q4 FY2026,2026-03-31,Q,Legacy Incentive Plan Payments,aggregate payments made under Legacy Incentive Plans,51.5,usd_millions,0,0,1,March 2026; recorded to other expenses of the Business; funded by Brookfield
business_100,4064736,8,https://web.quartr.com/companies/21558?companyId=21558&documentId=4064736&documentType=report&eventId=554427&navigation=external&utm_medium=referral&utm_source=mcp&rp=8,note_other,Q4 FY2026,2026-03-31,Q,Legacy Incentive Plan Payments,capital contribution from Brookfield funding Legacy Incentive Plan payments,51.5,usd_millions,0,0,2,March 2026; no additional rights to future earnings granted to Brookfield
business_100,4064736,8,https://web.quartr.com/companies/21558?companyId=21558&documentId=4064736&documentType=report&eventId=554427&navigation=external&utm_medium=referral&utm_source=mcp&rp=8,note_debt,FY2026,2026-03-31,instant,Term Loan due 2031 Hedging and Repricing,Term Loan due 2031 - original aggregate principal amount,1250.0,usd_millions,0,0,1,
business_100,4064736,8,https://web.quartr.com/companies/21558?companyId=21558&documentId=4064736&documentType=report&eventId=554427&navigation=external&utm_medium=referral&utm_source=mcp&rp=8,note_debt,FY2026,2026-03-31,instant,Term Loan due 2031 Hedging and Repricing,Term Loan due 2031 - effective all-in interest rate on SOFR drawn balances,5.9,pct,0,0,2,"as of 2026-03-31, after 2025-10-29 repricing and 2025-10-24 swaps"
business_100,4064736,8,https://web.quartr.com/companies/21558?companyId=21558&documentId=4064736&documentType=report&eventId=554427&navigation=external&utm_medium=referral&utm_source=mcp&rp=8,note_debt,FY2026,2026-03-31,instant,Term Loan due 2031 Hedging and Repricing,"expected annual interest cost reduction from May 7, 2026 repricing",3.0,usd_millions,0,0,3,SUBSEQUENT EVENT (effective 2026-05-07)
business_100,4064736,8,https://web.quartr.com/companies/21558?companyId=21558&documentId=4064736&documentType=report&eventId=554427&navigation=external&utm_medium=referral&utm_source=mcp&rp=8,note_debt,FY2026,2026-03-31,instant,Revolving Credit Facility and Repayment and Termination of ABL Facility,ABL Facility - maximum limit (cash drawings and letters of credit),250.0,usd_millions,0,0,4,repaid in full and terminated 2025-10-15
business_100,4064736,9,https://web.quartr.com/companies/21558?companyId=21558&documentId=4064736&documentType=report&eventId=554427&navigation=external&utm_medium=referral&utm_source=mcp&rp=9,income_statement,Q4 FY2026,2026-03-31,Q,REVENUES,Fee-for-Service revenue,103.0,usd_millions,0,0,1,column alignment reconstructed from PDF-extractor output and independently confirmed by arithmetic footing of the printed subtotals
business_100,4064736,9,https://web.quartr.com/companies/21558?companyId=21558&documentId=4064736&documentType=report&eventId=554427&navigation=external&utm_medium=referral&utm_source=mcp&rp=9,income_statement,Q4 FY2025,2025-03-31,Q,REVENUES,Fee-for-Service revenue,109.4,usd_millions,0,1,1,column alignment reconstructed from PDF-extractor output and independently confirmed by arithmetic footing of the printed subtotals
business_100,4064736,9,https://web.quartr.com/companies/21558?companyId=21558&documentId=4064736&documentType=report&eventId=554427&navigation=external&utm_medium=referral&utm_source=mcp&rp=9,income_statement,FY2026,2026-03-31,FY,REVENUES,Fee-for-Service revenue,388.5,usd_millions,0,0,1,column alignment reconstructed from PDF-extractor output and independently confirmed by arithmetic footing of the printed subtotals
business_100,4064736,9,https://web.quartr.com/companies/21558?companyId=21558&documentId=4064736&documentType=report&eventId=554427&navigation=external&utm_medium=referral&utm_source=mcp&rp=9,income_statement,FY2025,2025-03-31,FY,REVENUES,Fee-for-Service revenue,366.8,usd_millions,0,1,1,column alignment reconstructed from PDF-extractor output and independently confirmed by arithmetic footing of the printed subtotals
business_100,4064736,9,https://web.quartr.com/companies/21558?companyId=21558&documentId=4064736&documentType=report&eventId=554427&navigation=external&utm_medium=referral&utm_source=mcp&rp=9,income_statement,Q4 FY2026,2026-03-31,Q,REVENUES,"Optimization, net",21.9,usd_millions,0,0,2,column alignment reconstructed from PDF-extractor output and independently confirmed by arithmetic footing of the printed subtotals
business_100,4064736,9,https://web.quartr.com/companies/21558?companyId=21558&documentId=4064736&documentType=report&eventId=554427&navigation=external&utm_medium=referral&utm_source=mcp&rp=9,income_statement,Q4 FY2025,2025-03-31,Q,REVENUES,"Optimization, net",18.7,usd_millions,0,1,2,column alignment reconstructed from PDF-extractor output and independently confirmed by arithmetic footing of the printed subtotals
business_100,4064736,9,https://web.quartr.com/companies/21558?companyId=21558&documentId=4064736&documentType=report&eventId=554427&navigation=external&utm_medium=referral&utm_source=mcp&rp=9,income_statement,FY2026,2026-03-31,FY,REVENUES,"Optimization, net",90.9,usd_millions,0,0,2,column alignment reconstructed from PDF-extractor output and independently confirmed by arithmetic footing of the printed subtotals
business_100,4064736,9,https://web.quartr.com/companies/21558?companyId=21558&documentId=4064736&documentType=report&eventId=554427&navigation=external&utm_medium=referral&utm_source=mcp&rp=9,income_statement,FY2025,2025-03-31,FY,REVENUES,"Optimization, net",48.5,usd_millions,0,1,2,column alignment reconstructed from PDF-extractor output and independently confirmed by arithmetic footing of the printed subtotals
business_100,4064736,9,https://web.quartr.com/companies/21558?companyId=21558&documentId=4064736&documentType=report&eventId=554427&navigation=external&utm_medium=referral&utm_source=mcp&rp=9,income_statement,Q4 FY2026,2026-03-31,Q,REVENUES,Total revenues,124.9,usd_millions,1,0,3,column alignment reconstructed from PDF-extractor output and independently confirmed by arithmetic footing of the printed subtotals
business_100,4064736,9,https://web.quartr.com/companies/21558?companyId=21558&documentId=4064736&documentType=report&eventId=554427&navigation=external&utm_medium=referral&utm_source=mcp&rp=9,income_statement,Q4 FY2025,2025-03-31,Q,REVENUES,Total revenues,128.1,usd_millions,1,1,3,column alignment reconstructed from PDF-extractor output and independently confirmed by arithmetic footing of the printed subtotals
business_100,4064736,9,https://web.quartr.com/companies/21558?companyId=21558&documentId=4064736&documentType=report&eventId=554427&navigation=external&utm_medium=referral&utm_source=mcp&rp=9,income_statement,FY2026,2026-03-31,FY,REVENUES,Total revenues,479.4,usd_millions,1,0,3,column alignment reconstructed from PDF-extractor output and independently confirmed by arithmetic footing of the printed subtotals
business_100,4064736,9,https://web.quartr.com/companies/21558?companyId=21558&documentId=4064736&documentType=report&eventId=554427&navigation=external&utm_medium=referral&utm_source=mcp&rp=9,income_statement,FY2025,2025-03-31,FY,REVENUES,Total revenues,415.3,usd_millions,1,1,3,column alignment reconstructed from PDF-extractor output and independently confirmed by arithmetic footing of the printed subtotals
business_100,4064736,9,https://web.quartr.com/companies/21558?companyId=21558&documentId=4064736&documentType=report&eventId=554427&navigation=external&utm_medium=referral&utm_source=mcp&rp=9,income_statement,Q4 FY2026,2026-03-31,Q,EXPENSES (INCOME),Cost of gas storage services,3.6,usd_millions,0,0,4,column alignment reconstructed from PDF-extractor output and independently confirmed by arithmetic footing of the printed subtotals
business_100,4064736,9,https://web.quartr.com/companies/21558?companyId=21558&documentId=4064736&documentType=report&eventId=554427&navigation=external&utm_medium=referral&utm_source=mcp&rp=9,income_statement,Q4 FY2025,2025-03-31,Q,EXPENSES (INCOME),Cost of gas storage services,5.2,usd_millions,0,1,4,column alignment reconstructed from PDF-extractor output and independently confirmed by arithmetic footing of the printed subtotals
business_100,4064736,9,https://web.quartr.com/companies/21558?companyId=21558&documentId=4064736&documentType=report&eventId=554427&navigation=external&utm_medium=referral&utm_source=mcp&rp=9,income_statement,FY2026,2026-03-31,FY,EXPENSES (INCOME),Cost of gas storage services,8.2,usd_millions,0,0,4,column alignment reconstructed from PDF-extractor output and independently confirmed by arithmetic footing of the printed subtotals
business_100,4064736,9,https://web.quartr.com/companies/21558?companyId=21558&documentId=4064736&documentType=report&eventId=554427&navigation=external&utm_medium=referral&utm_source=mcp&rp=9,income_statement,FY2025,2025-03-31,FY,EXPENSES (INCOME),Cost of gas storage services,11.0,usd_millions,0,1,4,column alignment reconstructed from PDF-extractor output and independently confirmed by arithmetic footing of the printed subtotals
business_100,4064736,9,https://web.quartr.com/companies/21558?companyId=21558&documentId=4064736&documentType=report&eventId=554427&navigation=external&utm_medium=referral&utm_source=mcp&rp=9,income_statement,Q4 FY2026,2026-03-31,Q,EXPENSES (INCOME),Operating,13.2,usd_millions,0,0,5,column alignment reconstructed from PDF-extractor output and independently confirmed by arithmetic footing of the printed subtotals
business_100,4064736,9,https://web.quartr.com/companies/21558?companyId=21558&documentId=4064736&documentType=report&eventId=554427&navigation=external&utm_medium=referral&utm_source=mcp&rp=9,income_statement,Q4 FY2025,2025-03-31,Q,EXPENSES (INCOME),Operating,13.8,usd_millions,0,1,5,column alignment reconstructed from PDF-extractor output and independently confirmed by arithmetic footing of the printed subtotals
business_100,4064736,9,https://web.quartr.com/companies/21558?companyId=21558&documentId=4064736&documentType=report&eventId=554427&navigation=external&utm_medium=referral&utm_source=mcp&rp=9,income_statement,FY2026,2026-03-31,FY,EXPENSES (INCOME),Operating,50.8,usd_millions,0,0,5,column alignment reconstructed from PDF-extractor output and independently confirmed by arithmetic footing of the printed subtotals
business_100,4064736,9,https://web.quartr.com/companies/21558?companyId=21558&documentId=4064736&documentType=report&eventId=554427&navigation=external&utm_medium=referral&utm_source=mcp&rp=9,income_statement,FY2025,2025-03-31,FY,EXPENSES (INCOME),Operating,49.5,usd_millions,0,1,5,column alignment reconstructed from PDF-extractor output and independently confirmed by arithmetic footing of the printed subtotals
business_100,4064736,9,https://web.quartr.com/companies/21558?companyId=21558&documentId=4064736&documentType=report&eventId=554427&navigation=external&utm_medium=referral&utm_source=mcp&rp=9,income_statement,Q4 FY2026,2026-03-31,Q,EXPENSES (INCOME),General and administrative,6.5,usd_millions,0,0,6,column alignment reconstructed from PDF-extractor output and independently confirmed by arithmetic footing of the printed subtotals
business_100,4064736,9,https://web.quartr.com/companies/21558?companyId=21558&documentId=4064736&documentType=report&eventId=554427&navigation=external&utm_medium=referral&utm_source=mcp&rp=9,income_statement,Q4 FY2025,2025-03-31,Q,EXPENSES (INCOME),General and administrative,7.8,usd_millions,0,1,6,column alignment reconstructed from PDF-extractor output and independently confirmed by arithmetic footing of the printed subtotals
business_100,4064736,9,https://web.quartr.com/companies/21558?companyId=21558&documentId=4064736&documentType=report&eventId=554427&navigation=external&utm_medium=referral&utm_source=mcp&rp=9,income_statement,FY2026,2026-03-31,FY,EXPENSES (INCOME),General and administrative,22.2,usd_millions,0,0,6,column alignment reconstructed from PDF-extractor output and independently confirmed by arithmetic footing of the printed subtotals
business_100,4064736,9,https://web.quartr.com/companies/21558?companyId=21558&documentId=4064736&documentType=report&eventId=554427&navigation=external&utm_medium=referral&utm_source=mcp&rp=9,income_statement,FY2025,2025-03-31,FY,EXPENSES (INCOME),General and administrative,24.2,usd_millions,0,1,6,column alignment reconstructed from PDF-extractor output and independently confirmed by arithmetic footing of the printed subtotals
business_100,4064736,9,https://web.quartr.com/companies/21558?companyId=21558&documentId=4064736&documentType=report&eventId=554427&navigation=external&utm_medium=referral&utm_source=mcp&rp=9,income_statement,Q4 FY2026,2026-03-31,Q,EXPENSES (INCOME),Depreciation and amortization,7.7,usd_millions,0,0,7,column alignment reconstructed from PDF-extractor output and independently confirmed by arithmetic footing of the printed subtotals
business_100,4064736,9,https://web.quartr.com/companies/21558?companyId=21558&documentId=4064736&documentType=report&eventId=554427&navigation=external&utm_medium=referral&utm_source=mcp&rp=9,income_statement,Q4 FY2025,2025-03-31,Q,EXPENSES (INCOME),Depreciation and amortization,7.7,usd_millions,0,1,7,column alignment reconstructed from PDF-extractor output and independently confirmed by arithmetic footing of the printed subtotals
business_100,4064736,9,https://web.quartr.com/companies/21558?companyId=21558&documentId=4064736&documentType=report&eventId=554427&navigation=external&utm_medium=referral&utm_source=mcp&rp=9,income_statement,FY2026,2026-03-31,FY,EXPENSES (INCOME),Depreciation and amortization,34.1,usd_millions,0,0,7,column alignment reconstructed from PDF-extractor output and independently confirmed by arithmetic footing of the printed subtotals
business_100,4064736,9,https://web.quartr.com/companies/21558?companyId=21558&documentId=4064736&documentType=report&eventId=554427&navigation=external&utm_medium=referral&utm_source=mcp&rp=9,income_statement,FY2025,2025-03-31,FY,EXPENSES (INCOME),Depreciation and amortization,33.1,usd_millions,0,1,7,column alignment reconstructed from PDF-extractor output and independently confirmed by arithmetic footing of the printed subtotals
business_100,4064736,9,https://web.quartr.com/companies/21558?companyId=21558&documentId=4064736&documentType=report&eventId=554427&navigation=external&utm_medium=referral&utm_source=mcp&rp=9,income_statement,Q4 FY2026,2026-03-31,Q,EXPENSES (INCOME),Financing costs,16.2,usd_millions,0,0,8,column alignment reconstructed from PDF-extractor output and independently confirmed by arithmetic footing of the printed subtotals
business_100,4064736,9,https://web.quartr.com/companies/21558?companyId=21558&documentId=4064736&documentType=report&eventId=554427&navigation=external&utm_medium=referral&utm_source=mcp&rp=9,income_statement,Q4 FY2025,2025-03-31,Q,EXPENSES (INCOME),Financing costs,29.7,usd_millions,0,1,8,column alignment reconstructed from PDF-extractor output and independently confirmed by arithmetic footing of the printed subtotals
business_100,4064736,9,https://web.quartr.com/companies/21558?companyId=21558&documentId=4064736&documentType=report&eventId=554427&navigation=external&utm_medium=referral&utm_source=mcp&rp=9,income_statement,FY2026,2026-03-31,FY,EXPENSES (INCOME),Financing costs,89.8,usd_millions,0,0,8,column alignment reconstructed from PDF-extractor output and independently confirmed by arithmetic footing of the printed subtotals
business_100,4064736,9,https://web.quartr.com/companies/21558?companyId=21558&documentId=4064736&documentType=report&eventId=554427&navigation=external&utm_medium=referral&utm_source=mcp&rp=9,income_statement,FY2025,2025-03-31,FY,EXPENSES (INCOME),Financing costs,93.1,usd_millions,0,1,8,column alignment reconstructed from PDF-extractor output and independently confirmed by arithmetic footing of the printed subtotals
business_100,4064736,9,https://web.quartr.com/companies/21558?companyId=21558&documentId=4064736&documentType=report&eventId=554427&navigation=external&utm_medium=referral&utm_source=mcp&rp=9,income_statement,Q4 FY2026,2026-03-31,Q,EXPENSES (INCOME),"(Gain) loss on gas storage obligations, net",-1.4,usd_millions,0,0,9,"column alignment reconstructed from PDF-extractor output and independently confirmed by arithmetic footing of the printed subtotals; parentheses in print = gain, recorded negative"
business_100,4064736,9,https://web.quartr.com/companies/21558?companyId=21558&documentId=4064736&documentType=report&eventId=554427&navigation=external&utm_medium=referral&utm_source=mcp&rp=9,income_statement,Q4 FY2025,2025-03-31,Q,EXPENSES (INCOME),"(Gain) loss on gas storage obligations, net",0.3,usd_millions,0,1,9,"column alignment reconstructed from PDF-extractor output and independently confirmed by arithmetic footing of the printed subtotals; parentheses in print = gain, recorded negative"
business_100,4064736,9,https://web.quartr.com/companies/21558?companyId=21558&documentId=4064736&documentType=report&eventId=554427&navigation=external&utm_medium=referral&utm_source=mcp&rp=9,income_statement,FY2026,2026-03-31,FY,EXPENSES (INCOME),"(Gain) loss on gas storage obligations, net",-4.5,usd_millions,0,0,9,"column alignment reconstructed from PDF-extractor output and independently confirmed by arithmetic footing of the printed subtotals; parentheses in print = gain, recorded negative"
business_100,4064736,9,https://web.quartr.com/companies/21558?companyId=21558&documentId=4064736&documentType=report&eventId=554427&navigation=external&utm_medium=referral&utm_source=mcp&rp=9,income_statement,FY2025,2025-03-31,FY,EXPENSES (INCOME),"(Gain) loss on gas storage obligations, net",-1.3,usd_millions,0,1,9,"column alignment reconstructed from PDF-extractor output and independently confirmed by arithmetic footing of the printed subtotals; parentheses in print = gain, recorded negative"
business_100,4064736,9,https://web.quartr.com/companies/21558?companyId=21558&documentId=4064736&documentType=report&eventId=554427&navigation=external&utm_medium=referral&utm_source=mcp&rp=9,income_statement,Q4 FY2026,2026-03-31,Q,EXPENSES (INCOME),Other expenses,52.4,usd_millions,0,0,10,column alignment reconstructed from PDF-extractor output and independently confirmed by arithmetic footing of the printed subtotals
business_100,4064736,9,https://web.quartr.com/companies/21558?companyId=21558&documentId=4064736&documentType=report&eventId=554427&navigation=external&utm_medium=referral&utm_source=mcp&rp=9,income_statement,Q4 FY2025,2025-03-31,Q,EXPENSES (INCOME),Other expenses,1.7,usd_millions,0,1,10,column alignment reconstructed from PDF-extractor output and independently confirmed by arithmetic footing of the printed subtotals
business_100,4064736,9,https://web.quartr.com/companies/21558?companyId=21558&documentId=4064736&documentType=report&eventId=554427&navigation=external&utm_medium=referral&utm_source=mcp&rp=9,income_statement,FY2026,2026-03-31,FY,EXPENSES (INCOME),Other expenses,55.3,usd_millions,0,0,10,column alignment reconstructed from PDF-extractor output and independently confirmed by arithmetic footing of the printed subtotals
business_100,4064736,9,https://web.quartr.com/companies/21558?companyId=21558&documentId=4064736&documentType=report&eventId=554427&navigation=external&utm_medium=referral&utm_source=mcp&rp=9,income_statement,FY2025,2025-03-31,FY,EXPENSES (INCOME),Other expenses,6.9,usd_millions,0,1,10,column alignment reconstructed from PDF-extractor output and independently confirmed by arithmetic footing of the printed subtotals
business_100,4064736,9,https://web.quartr.com/companies/21558?companyId=21558&documentId=4064736&documentType=report&eventId=554427&navigation=external&utm_medium=referral&utm_source=mcp&rp=9,income_statement,Q4 FY2026,2026-03-31,Q,EXPENSES (INCOME),EARNINGS BEFORE INCOME TAXES,26.7,usd_millions,1,0,11,column alignment reconstructed from PDF-extractor output and independently confirmed by arithmetic footing of the printed subtotals
business_100,4064736,9,https://web.quartr.com/companies/21558?companyId=21558&documentId=4064736&documentType=report&eventId=554427&navigation=external&utm_medium=referral&utm_source=mcp&rp=9,income_statement,Q4 FY2025,2025-03-31,Q,EXPENSES (INCOME),EARNINGS BEFORE INCOME TAXES,61.9,usd_millions,1,1,11,column alignment reconstructed from PDF-extractor output and independently confirmed by arithmetic footing of the printed subtotals
business_100,4064736,9,https://web.quartr.com/companies/21558?companyId=21558&documentId=4064736&documentType=report&eventId=554427&navigation=external&utm_medium=referral&utm_source=mcp&rp=9,income_statement,FY2026,2026-03-31,FY,EXPENSES (INCOME),EARNINGS BEFORE INCOME TAXES,223.5,usd_millions,1,0,11,column alignment reconstructed from PDF-extractor output and independently confirmed by arithmetic footing of the printed subtotals
business_100,4064736,9,https://web.quartr.com/companies/21558?companyId=21558&documentId=4064736&documentType=report&eventId=554427&navigation=external&utm_medium=referral&utm_source=mcp&rp=9,income_statement,FY2025,2025-03-31,FY,EXPENSES (INCOME),EARNINGS BEFORE INCOME TAXES,198.8,usd_millions,1,1,11,column alignment reconstructed from PDF-extractor output and independently confirmed by arithmetic footing of the printed subtotals
business_100,4064736,9,https://web.quartr.com/companies/21558?companyId=21558&documentId=4064736&documentType=report&eventId=554427&navigation=external&utm_medium=referral&utm_source=mcp&rp=9,income_statement,Q4 FY2026,2026-03-31,Q,Income tax expense (benefit),Current,3.0,usd_millions,0,0,12,column alignment reconstructed from PDF-extractor output and independently confirmed by arithmetic footing of the printed subtotals; Q4 FY2025 printed_dash_zero
business_100,4064736,9,https://web.quartr.com/companies/21558?companyId=21558&documentId=4064736&documentType=report&eventId=554427&navigation=external&utm_medium=referral&utm_source=mcp&rp=9,income_statement,Q4 FY2025,2025-03-31,Q,Income tax expense (benefit),Current,0,usd_millions,0,1,12,column alignment reconstructed from PDF-extractor output and independently confirmed by arithmetic footing of the printed subtotals; Q4 FY2025 printed_dash_zero
business_100,4064736,9,https://web.quartr.com/companies/21558?companyId=21558&documentId=4064736&documentType=report&eventId=554427&navigation=external&utm_medium=referral&utm_source=mcp&rp=9,income_statement,FY2026,2026-03-31,FY,Income tax expense (benefit),Current,6.1,usd_millions,0,0,12,column alignment reconstructed from PDF-extractor output and independently confirmed by arithmetic footing of the printed subtotals; Q4 FY2025 printed_dash_zero
business_100,4064736,9,https://web.quartr.com/companies/21558?companyId=21558&documentId=4064736&documentType=report&eventId=554427&navigation=external&utm_medium=referral&utm_source=mcp&rp=9,income_statement,FY2025,2025-03-31,FY,Income tax expense (benefit),Current,0.6,usd_millions,0,1,12,column alignment reconstructed from PDF-extractor output and independently confirmed by arithmetic footing of the printed subtotals; Q4 FY2025 printed_dash_zero
business_100,4064736,9,https://web.quartr.com/companies/21558?companyId=21558&documentId=4064736&documentType=report&eventId=554427&navigation=external&utm_medium=referral&utm_source=mcp&rp=9,income_statement,Q4 FY2026,2026-03-31,Q,Income tax expense (benefit),Deferred,-0.7,usd_millions,0,0,13,column alignment reconstructed from PDF-extractor output and independently confirmed by arithmetic footing of the printed subtotals
business_100,4064736,9,https://web.quartr.com/companies/21558?companyId=21558&documentId=4064736&documentType=report&eventId=554427&navigation=external&utm_medium=referral&utm_source=mcp&rp=9,income_statement,Q4 FY2025,2025-03-31,Q,Income tax expense (benefit),Deferred,4.9,usd_millions,0,1,13,column alignment reconstructed from PDF-extractor output and independently confirmed by arithmetic footing of the printed subtotals
business_100,4064736,9,https://web.quartr.com/companies/21558?companyId=21558&documentId=4064736&documentType=report&eventId=554427&navigation=external&utm_medium=referral&utm_source=mcp&rp=9,income_statement,FY2026,2026-03-31,FY,Income tax expense (benefit),Deferred,10.5,usd_millions,0,0,13,column alignment reconstructed from PDF-extractor output and independently confirmed by arithmetic footing of the printed subtotals
business_100,4064736,9,https://web.quartr.com/companies/21558?companyId=21558&documentId=4064736&documentType=report&eventId=554427&navigation=external&utm_medium=referral&utm_source=mcp&rp=9,income_statement,FY2025,2025-03-31,FY,Income tax expense (benefit),Deferred,-11.2,usd_millions,0,1,13,column alignment reconstructed from PDF-extractor output and independently confirmed by arithmetic footing of the printed subtotals
business_100,4064736,9,https://web.quartr.com/companies/21558?companyId=21558&documentId=4064736&documentType=report&eventId=554427&navigation=external&utm_medium=referral&utm_source=mcp&rp=9,income_statement,Q4 FY2026,2026-03-31,Q,Income tax expense (benefit),NET EARNINGS,24.4,usd_millions,1,0,14,column alignment reconstructed from PDF-extractor output and independently confirmed by arithmetic footing of the printed subtotals
business_100,4064736,9,https://web.quartr.com/companies/21558?companyId=21558&documentId=4064736&documentType=report&eventId=554427&navigation=external&utm_medium=referral&utm_source=mcp&rp=9,income_statement,Q4 FY2025,2025-03-31,Q,Income tax expense (benefit),NET EARNINGS,57.0,usd_millions,1,1,14,column alignment reconstructed from PDF-extractor output and independently confirmed by arithmetic footing of the printed subtotals
business_100,4064736,9,https://web.quartr.com/companies/21558?companyId=21558&documentId=4064736&documentType=report&eventId=554427&navigation=external&utm_medium=referral&utm_source=mcp&rp=9,income_statement,FY2026,2026-03-31,FY,Income tax expense (benefit),NET EARNINGS,206.9,usd_millions,1,0,14,column alignment reconstructed from PDF-extractor output and independently confirmed by arithmetic footing of the printed subtotals
business_100,4064736,9,https://web.quartr.com/companies/21558?companyId=21558&documentId=4064736&documentType=report&eventId=554427&navigation=external&utm_medium=referral&utm_source=mcp&rp=9,income_statement,FY2025,2025-03-31,FY,Income tax expense (benefit),NET EARNINGS,209.4,usd_millions,1,1,14,column alignment reconstructed from PDF-extractor output and independently confirmed by arithmetic footing of the printed subtotals
business_100,4064736,9,https://web.quartr.com/companies/21558?companyId=21558&documentId=4064736&documentType=report&eventId=554427&navigation=external&utm_medium=referral&utm_source=mcp&rp=9,note_revenue,Q4 FY2026,2026-03-31,Q,Fee-for-Service revenue,Fee-for-Service revenue,103.0,usd_millions,1,0,1,column alignment reconstructed from PDF-extractor output and independently confirmed by arithmetic footing of the printed subtotals; subtotal of Take-or-Pay + Short-term Storage
business_100,4064736,9,https://web.quartr.com/companies/21558?companyId=21558&documentId=4064736&documentType=report&eventId=554427&navigation=external&utm_medium=referral&utm_source=mcp&rp=9,note_revenue,Q4 FY2025,2025-03-31,Q,Fee-for-Service revenue,Fee-for-Service revenue,109.4,usd_millions,1,1,1,column alignment reconstructed from PDF-extractor output and independently confirmed by arithmetic footing of the printed subtotals; subtotal of Take-or-Pay + Short-term Storage
business_100,4064736,9,https://web.quartr.com/companies/21558?companyId=21558&documentId=4064736&documentType=report&eventId=554427&navigation=external&utm_medium=referral&utm_source=mcp&rp=9,note_revenue,FY2026,2026-03-31,FY,Fee-for-Service revenue,Fee-for-Service revenue,388.5,usd_millions,1,0,1,column alignment reconstructed from PDF-extractor output and independently confirmed by arithmetic footing of the printed subtotals; subtotal of Take-or-Pay + Short-term Storage
business_100,4064736,9,https://web.quartr.com/companies/21558?companyId=21558&documentId=4064736&documentType=report&eventId=554427&navigation=external&utm_medium=referral&utm_source=mcp&rp=9,note_revenue,FY2025,2025-03-31,FY,Fee-for-Service revenue,Fee-for-Service revenue,366.8,usd_millions,1,1,1,column alignment reconstructed from PDF-extractor output and independently confirmed by arithmetic footing of the printed subtotals; subtotal of Take-or-Pay + Short-term Storage
business_100,4064736,9,https://web.quartr.com/companies/21558?companyId=21558&documentId=4064736&documentType=report&eventId=554427&navigation=external&utm_medium=referral&utm_source=mcp&rp=9,note_revenue,Q4 FY2026,2026-03-31,Q,Fee-for-Service revenue,Take-or-Pay contract revenue,58.7,usd_millions,0,0,2,column alignment reconstructed from PDF-extractor output and independently confirmed by arithmetic footing of the printed subtotals
business_100,4064736,9,https://web.quartr.com/companies/21558?companyId=21558&documentId=4064736&documentType=report&eventId=554427&navigation=external&utm_medium=referral&utm_source=mcp&rp=9,note_revenue,Q4 FY2025,2025-03-31,Q,Fee-for-Service revenue,Take-or-Pay contract revenue,46.5,usd_millions,0,1,2,column alignment reconstructed from PDF-extractor output and independently confirmed by arithmetic footing of the printed subtotals
business_100,4064736,9,https://web.quartr.com/companies/21558?companyId=21558&documentId=4064736&documentType=report&eventId=554427&navigation=external&utm_medium=referral&utm_source=mcp&rp=9,note_revenue,FY2026,2026-03-31,FY,Fee-for-Service revenue,Take-or-Pay contract revenue,233.6,usd_millions,0,0,2,column alignment reconstructed from PDF-extractor output and independently confirmed by arithmetic footing of the printed subtotals
business_100,4064736,9,https://web.quartr.com/companies/21558?companyId=21558&documentId=4064736&documentType=report&eventId=554427&navigation=external&utm_medium=referral&utm_source=mcp&rp=9,note_revenue,FY2025,2025-03-31,FY,Fee-for-Service revenue,Take-or-Pay contract revenue,185.0,usd_millions,0,1,2,column alignment reconstructed from PDF-extractor output and independently confirmed by arithmetic footing of the printed subtotals
business_100,4064736,9,https://web.quartr.com/companies/21558?companyId=21558&documentId=4064736&documentType=report&eventId=554427&navigation=external&utm_medium=referral&utm_source=mcp&rp=9,note_revenue,Q4 FY2026,2026-03-31,Q,Fee-for-Service revenue,Short-term Storage service revenue,44.3,usd_millions,0,0,3,"column alignment reconstructed from PDF-extractor output and independently confirmed by arithmetic footing of the printed subtotals; GROSS, i.e. before cost of gas storage services"
business_100,4064736,9,https://web.quartr.com/companies/21558?companyId=21558&documentId=4064736&documentType=report&eventId=554427&navigation=external&utm_medium=referral&utm_source=mcp&rp=9,note_revenue,Q4 FY2025,2025-03-31,Q,Fee-for-Service revenue,Short-term Storage service revenue,62.9,usd_millions,0,1,3,"column alignment reconstructed from PDF-extractor output and independently confirmed by arithmetic footing of the printed subtotals; GROSS, i.e. before cost of gas storage services"
business_100,4064736,9,https://web.quartr.com/companies/21558?companyId=21558&documentId=4064736&documentType=report&eventId=554427&navigation=external&utm_medium=referral&utm_source=mcp&rp=9,note_revenue,FY2026,2026-03-31,FY,Fee-for-Service revenue,Short-term Storage service revenue,154.9,usd_millions,0,0,3,"column alignment reconstructed from PDF-extractor output and independently confirmed by arithmetic footing of the printed subtotals; GROSS, i.e. before cost of gas storage services"
business_100,4064736,9,https://web.quartr.com/companies/21558?companyId=21558&documentId=4064736&documentType=report&eventId=554427&navigation=external&utm_medium=referral&utm_source=mcp&rp=9,note_revenue,FY2025,2025-03-31,FY,Fee-for-Service revenue,Short-term Storage service revenue,181.8,usd_millions,0,1,3,"column alignment reconstructed from PDF-extractor output and independently confirmed by arithmetic footing of the printed subtotals; GROSS, i.e. before cost of gas storage services"
business_100,4064736,9,https://web.quartr.com/companies/21558?companyId=21558&documentId=4064736&documentType=report&eventId=554427&navigation=external&utm_medium=referral&utm_source=mcp&rp=9,kpi,Q4 FY2026,2026-03-31,Q,Fee-for-Service revenue,Fee-for-Service revenue as % of total revenue,82,pct,0,0,1,"narrative text, not a printed table"
business_100,4064736,9,https://web.quartr.com/companies/21558?companyId=21558&documentId=4064736&documentType=report&eventId=554427&navigation=external&utm_medium=referral&utm_source=mcp&rp=9,kpi,FY2026,2026-03-31,FY,Fee-for-Service revenue,Fee-for-Service revenue as % of total revenue,81,pct,0,0,1,"narrative text, not a printed table"
business_100,4064736,9,https://web.quartr.com/companies/21558?companyId=21558&documentId=4064736&documentType=report&eventId=554427&navigation=external&utm_medium=referral&utm_source=mcp&rp=9,kpi,Q4 FY2026,2026-03-31,Q,Fee-for-Service revenue,revenue derived from optimization strategies as % of total revenue,18,pct,0,0,2,"narrative text, not a printed table"
business_100,4064736,9,https://web.quartr.com/companies/21558?companyId=21558&documentId=4064736&documentType=report&eventId=554427&navigation=external&utm_medium=referral&utm_source=mcp&rp=9,kpi,FY2026,2026-03-31,FY,Fee-for-Service revenue,revenue derived from optimization strategies as % of total revenue,19,pct,0,0,2,"narrative text, not a printed table"
business_100,4064736,9,https://web.quartr.com/companies/21558?companyId=21558&documentId=4064736&documentType=report&eventId=554427&navigation=external&utm_medium=referral&utm_source=mcp&rp=9,kpi,Q4 FY2026,2026-03-31,Q,Fee-for-Service revenue,Weighted average ToP contract fees,2.32,usd,0,0,3,narrative text; per decatherm (Dth); excludes fuel and commodity recovery (ties to p.19 note 1); unit usd_per_Dth not in SPEC list
business_100,4064736,9,https://web.quartr.com/companies/21558?companyId=21558&documentId=4064736&documentType=report&eventId=554427&navigation=external&utm_medium=referral&utm_source=mcp&rp=9,kpi,Q4 FY2025,2025-03-31,Q,Fee-for-Service revenue,Weighted average ToP contract fees,1.86,usd,0,1,1,narrative text; per decatherm (Dth); excludes fuel and commodity recovery (ties to p.19 note 1); unit usd_per_Dth not in SPEC list
business_100,4064736,9,https://web.quartr.com/companies/21558?companyId=21558&documentId=4064736&documentType=report&eventId=554427&navigation=external&utm_medium=referral&utm_source=mcp&rp=9,kpi,FY2026,2026-03-31,FY,Fee-for-Service revenue,Weighted average ToP contract fees,2.32,usd,0,0,3,narrative text; per decatherm (Dth); excludes fuel and commodity recovery (ties to p.19 note 1); unit usd_per_Dth not in SPEC list
business_100,4064736,9,https://web.quartr.com/companies/21558?companyId=21558&documentId=4064736&documentType=report&eventId=554427&navigation=external&utm_medium=referral&utm_source=mcp&rp=9,kpi,FY2025,2025-03-31,FY,Fee-for-Service revenue,Weighted average ToP contract fees,1.86,usd,0,1,1,narrative text; per decatherm (Dth); excludes fuel and commodity recovery (ties to p.19 note 1); unit usd_per_Dth not in SPEC list
business_100,4064736,9,https://web.quartr.com/companies/21558?companyId=21558&documentId=4064736&documentType=report&eventId=554427&navigation=external&utm_medium=referral&utm_source=mcp&rp=9,kpi,FY2026,2026-03-31,FY,Fee-for-Service revenue,Effective working gas storage capacity allocated to ToP contracts,98.6,count,0,0,4,narrative text; million Dth (MMDth); 'increased by 3%'; MMDth unit not in SPEC list
business_100,4064736,10,https://web.quartr.com/companies/21558?companyId=21558&documentId=4064736&documentType=report&eventId=554427&navigation=external&utm_medium=referral&utm_source=mcp&rp=10,note_revenue,Q4 FY2026,2026-03-31,Q,"Optimization, net","Optimization, net",21.9,usd_millions,1,0,4,column alignment reconstructed from PDF-extractor output and independently confirmed by arithmetic footing of the printed subtotals
business_100,4064736,10,https://web.quartr.com/companies/21558?companyId=21558&documentId=4064736&documentType=report&eventId=554427&navigation=external&utm_medium=referral&utm_source=mcp&rp=10,note_revenue,Q4 FY2025,2025-03-31,Q,"Optimization, net","Optimization, net",18.7,usd_millions,1,1,4,column alignment reconstructed from PDF-extractor output and independently confirmed by arithmetic footing of the printed subtotals
business_100,4064736,10,https://web.quartr.com/companies/21558?companyId=21558&documentId=4064736&documentType=report&eventId=554427&navigation=external&utm_medium=referral&utm_source=mcp&rp=10,note_revenue,FY2026,2026-03-31,FY,"Optimization, net","Optimization, net",90.9,usd_millions,1,0,4,column alignment reconstructed from PDF-extractor output and independently confirmed by arithmetic footing of the printed subtotals
business_100,4064736,10,https://web.quartr.com/companies/21558?companyId=21558&documentId=4064736&documentType=report&eventId=554427&navigation=external&utm_medium=referral&utm_source=mcp&rp=10,note_revenue,FY2025,2025-03-31,FY,"Optimization, net","Optimization, net",48.5,usd_millions,1,1,4,column alignment reconstructed from PDF-extractor output and independently confirmed by arithmetic footing of the printed subtotals
business_100,4064736,10,https://web.quartr.com/companies/21558?companyId=21558&documentId=4064736&documentType=report&eventId=554427&navigation=external&utm_medium=referral&utm_source=mcp&rp=10,note_revenue,Q4 FY2026,2026-03-31,Q,"Optimization, net","Realized optimization, net",29.3,usd_millions,0,0,5,column alignment reconstructed from PDF-extractor output and independently confirmed by arithmetic footing of the printed subtotals
business_100,4064736,10,https://web.quartr.com/companies/21558?companyId=21558&documentId=4064736&documentType=report&eventId=554427&navigation=external&utm_medium=referral&utm_source=mcp&rp=10,note_revenue,Q4 FY2025,2025-03-31,Q,"Optimization, net","Realized optimization, net",30.0,usd_millions,0,1,5,column alignment reconstructed from PDF-extractor output and independently confirmed by arithmetic footing of the printed subtotals
business_100,4064736,10,https://web.quartr.com/companies/21558?companyId=21558&documentId=4064736&documentType=report&eventId=554427&navigation=external&utm_medium=referral&utm_source=mcp&rp=10,note_revenue,FY2026,2026-03-31,FY,"Optimization, net","Realized optimization, net",78.8,usd_millions,0,0,5,column alignment reconstructed from PDF-extractor output and independently confirmed by arithmetic footing of the printed subtotals
business_100,4064736,10,https://web.quartr.com/companies/21558?companyId=21558&documentId=4064736&documentType=report&eventId=554427&navigation=external&utm_medium=referral&utm_source=mcp&rp=10,note_revenue,FY2025,2025-03-31,FY,"Optimization, net","Realized optimization, net",56.6,usd_millions,0,1,5,column alignment reconstructed from PDF-extractor output and independently confirmed by arithmetic footing of the printed subtotals
business_100,4064736,10,https://web.quartr.com/companies/21558?companyId=21558&documentId=4064736&documentType=report&eventId=554427&navigation=external&utm_medium=referral&utm_source=mcp&rp=10,note_revenue,Q4 FY2026,2026-03-31,Q,"Optimization, net","Unrealized optimization (losses) gains, net",-7.4,usd_millions,0,0,6,column alignment reconstructed from PDF-extractor output and independently confirmed by arithmetic footing of the printed subtotals
business_100,4064736,10,https://web.quartr.com/companies/21558?companyId=21558&documentId=4064736&documentType=report&eventId=554427&navigation=external&utm_medium=referral&utm_source=mcp&rp=10,note_revenue,Q4 FY2025,2025-03-31,Q,"Optimization, net","Unrealized optimization (losses) gains, net",-11.3,usd_millions,0,1,6,column alignment reconstructed from PDF-extractor output and independently confirmed by arithmetic footing of the printed subtotals
business_100,4064736,10,https://web.quartr.com/companies/21558?companyId=21558&documentId=4064736&documentType=report&eventId=554427&navigation=external&utm_medium=referral&utm_source=mcp&rp=10,note_revenue,FY2026,2026-03-31,FY,"Optimization, net","Unrealized optimization (losses) gains, net",12.1,usd_millions,0,0,6,column alignment reconstructed from PDF-extractor output and independently confirmed by arithmetic footing of the printed subtotals
business_100,4064736,10,https://web.quartr.com/companies/21558?companyId=21558&documentId=4064736&documentType=report&eventId=554427&navigation=external&utm_medium=referral&utm_source=mcp&rp=10,note_revenue,FY2025,2025-03-31,FY,"Optimization, net","Unrealized optimization (losses) gains, net",-8.1,usd_millions,0,1,6,column alignment reconstructed from PDF-extractor output and independently confirmed by arithmetic footing of the printed subtotals
business_100,4064736,10,https://web.quartr.com/companies/21558?companyId=21558&documentId=4064736&documentType=report&eventId=554427&navigation=external&utm_medium=referral&utm_source=mcp&rp=10,income_statement,FY2026,2026-03-31,FY,Results of Operations and Financial Results of the Business,Total revenues,479.4,usd_millions,1,0,15,column alignment reconstructed from PDF-extractor output and independently confirmed by arithmetic footing of the printed subtotals; three-most-recent-fiscal-years summary table
business_100,4064736,10,https://web.quartr.com/companies/21558?companyId=21558&documentId=4064736&documentType=report&eventId=554427&navigation=external&utm_medium=referral&utm_source=mcp&rp=10,income_statement,FY2025,2025-03-31,FY,Results of Operations and Financial Results of the Business,Total revenues,415.3,usd_millions,1,1,15,column alignment reconstructed from PDF-extractor output and independently confirmed by arithmetic footing of the printed subtotals; three-most-recent-fiscal-years summary table
business_100,4064736,10,https://web.quartr.com/companies/21558?companyId=21558&documentId=4064736&documentType=report&eventId=554427&navigation=external&utm_medium=referral&utm_source=mcp&rp=10,income_statement,FY2024,2024-03-31,FY,Results of Operations and Financial Results of the Business,Total revenues,348.6,usd_millions,1,1,1,column alignment reconstructed from PDF-extractor output and independently confirmed by arithmetic footing of the printed subtotals; three-most-recent-fiscal-years summary table
business_100,4064736,10,https://web.quartr.com/companies/21558?companyId=21558&documentId=4064736&documentType=report&eventId=554427&navigation=external&utm_medium=referral&utm_source=mcp&rp=10,income_statement,FY2026,2026-03-31,FY,Results of Operations and Financial Results of the Business,Net earnings,206.9,usd_millions,1,0,16,column alignment reconstructed from PDF-extractor output and independently confirmed by arithmetic footing of the printed subtotals; three-most-recent-fiscal-years summary table
business_100,4064736,10,https://web.quartr.com/companies/21558?companyId=21558&documentId=4064736&documentType=report&eventId=554427&navigation=external&utm_medium=referral&utm_source=mcp&rp=10,income_statement,FY2025,2025-03-31,FY,Results of Operations and Financial Results of the Business,Net earnings,209.4,usd_millions,1,1,16,column alignment reconstructed from PDF-extractor output and independently confirmed by arithmetic footing of the printed subtotals; three-most-recent-fiscal-years summary table
business_100,4064736,10,https://web.quartr.com/companies/21558?companyId=21558&documentId=4064736&documentType=report&eventId=554427&navigation=external&utm_medium=referral&utm_source=mcp&rp=10,income_statement,FY2024,2024-03-31,FY,Results of Operations and Financial Results of the Business,Net earnings,253.9,usd_millions,1,1,2,column alignment reconstructed from PDF-extractor output and independently confirmed by arithmetic footing of the printed subtotals; three-most-recent-fiscal-years summary table
business_100,4064736,10,https://web.quartr.com/companies/21558?companyId=21558&documentId=4064736&documentType=report&eventId=554427&navigation=external&utm_medium=referral&utm_source=mcp&rp=10,income_statement,FY2026,2026-03-31,FY,Results of Operations and Financial Results of the Business,Net earnings from continuing operations,206.9,usd_millions,1,0,17,column alignment reconstructed from PDF-extractor output and independently confirmed by arithmetic footing of the printed subtotals; three-most-recent-fiscal-years summary table; FY2026 and FY2025 equal Net earnings
business_100,4064736,10,https://web.quartr.com/companies/21558?companyId=21558&documentId=4064736&documentType=report&eventId=554427&navigation=external&utm_medium=referral&utm_source=mcp&rp=10,income_statement,FY2025,2025-03-31,FY,Results of Operations and Financial Results of the Business,Net earnings from continuing operations,209.4,usd_millions,1,1,17,column alignment reconstructed from PDF-extractor output and independently confirmed by arithmetic footing of the printed subtotals; three-most-recent-fiscal-years summary table; FY2026 and FY2025 equal Net earnings
business_100,4064736,10,https://web.quartr.com/companies/21558?companyId=21558&documentId=4064736&documentType=report&eventId=554427&navigation=external&utm_medium=referral&utm_source=mcp&rp=10,income_statement,FY2024,2024-03-31,FY,Results of Operations and Financial Results of the Business,Net earnings from continuing operations,138.6,usd_millions,1,1,3,column alignment reconstructed from PDF-extractor output and independently confirmed by arithmetic footing of the printed subtotals; three-most-recent-fiscal-years summary table; FY2026 and FY2025 equal Net earnings
business_100,4064736,11,https://web.quartr.com/companies/21558?companyId=21558&documentId=4064736&documentType=report&eventId=554427&navigation=external&utm_medium=referral&utm_source=mcp&rp=11,note_other,FY2024,2024-03-31,FY,Results of Operations and Financial Results of the Business,net earnings from sale of interests in the Tres Palacios and Salt Plains gas storage facilities,115.3,usd_millions,1,1,1,narrative text
business_100,4064736,11,https://web.quartr.com/companies/21558?companyId=21558&documentId=4064736&documentType=report&eventId=554427&navigation=external&utm_medium=referral&utm_source=mcp&rp=11,note_other,FY2024,2024-03-31,FY,Results of Operations and Financial Results of the Business,net gain on the sale of Tres Palacios and Salt Plains facilities,114.7,usd_millions,0,1,2,narrative text
business_100,4064736,11,https://web.quartr.com/companies/21558?companyId=21558&documentId=4064736&documentType=report&eventId=554427&navigation=external&utm_medium=referral&utm_source=mcp&rp=11,note_other,FY2024,2024-03-31,FY,Results of Operations and Financial Results of the Business,residual income from the related discontinued operations,0.6,usd_millions,0,1,3,narrative text
business_100,4064736,12,https://web.quartr.com/companies/21558?companyId=21558&documentId=4064736&documentType=report&eventId=554427&navigation=external&utm_medium=referral&utm_source=mcp&rp=12,note_tax,Q4 FY2026,2026-03-31,Q,"Income tax expense (benefit), net",Income tax expense (benefit),2.3,usd_millions,1,0,1,column alignment reconstructed from PDF-extractor output and independently confirmed by arithmetic footing of the printed subtotals; total of Current + Deferred per p.9
business_100,4064736,12,https://web.quartr.com/companies/21558?companyId=21558&documentId=4064736&documentType=report&eventId=554427&navigation=external&utm_medium=referral&utm_source=mcp&rp=12,note_tax,Q4 FY2025,2025-03-31,Q,"Income tax expense (benefit), net",Income tax expense (benefit),4.9,usd_millions,1,1,1,column alignment reconstructed from PDF-extractor output and independently confirmed by arithmetic footing of the printed subtotals; total of Current + Deferred per p.9
business_100,4064736,12,https://web.quartr.com/companies/21558?companyId=21558&documentId=4064736&documentType=report&eventId=554427&navigation=external&utm_medium=referral&utm_source=mcp&rp=12,note_tax,FY2026,2026-03-31,FY,"Income tax expense (benefit), net",Income tax expense (benefit),16.6,usd_millions,1,0,1,column alignment reconstructed from PDF-extractor output and independently confirmed by arithmetic footing of the printed subtotals; total of Current + Deferred per p.9
business_100,4064736,12,https://web.quartr.com/companies/21558?companyId=21558&documentId=4064736&documentType=report&eventId=554427&navigation=external&utm_medium=referral&utm_source=mcp&rp=12,note_tax,FY2025,2025-03-31,FY,"Income tax expense (benefit), net",Income tax expense (benefit),-10.6,usd_millions,1,1,1,column alignment reconstructed from PDF-extractor output and independently confirmed by arithmetic footing of the printed subtotals; total of Current + Deferred per p.9
business_100,4064736,12,https://web.quartr.com/companies/21558?companyId=21558&documentId=4064736&documentType=report&eventId=554427&navigation=external&utm_medium=referral&utm_source=mcp&rp=12,balance_sheet,FY2026,2026-03-31,instant,Statements of Financial Position of the Business,Total assets,1239.7,usd_millions,1,0,1,column alignment reconstructed from PDF-extractor output and independently confirmed by arithmetic footing of the printed subtotals; MD&A summary only - NOT a complete statement of financial position
business_100,4064736,12,https://web.quartr.com/companies/21558?companyId=21558&documentId=4064736&documentType=report&eventId=554427&navigation=external&utm_medium=referral&utm_source=mcp&rp=12,balance_sheet,FY2025,2025-03-31,instant,Statements of Financial Position of the Business,Total assets,1430.2,usd_millions,1,1,1,column alignment reconstructed from PDF-extractor output and independently confirmed by arithmetic footing of the printed subtotals; MD&A summary only - NOT a complete statement of financial position
business_100,4064736,12,https://web.quartr.com/companies/21558?companyId=21558&documentId=4064736&documentType=report&eventId=554427&navigation=external&utm_medium=referral&utm_source=mcp&rp=12,balance_sheet,FY2024,2024-03-31,instant,Statements of Financial Position of the Business,Total assets,1331.0,usd_millions,1,1,1,column alignment reconstructed from PDF-extractor output and independently confirmed by arithmetic footing of the printed subtotals; MD&A summary only - NOT a complete statement of financial position
business_100,4064736,12,https://web.quartr.com/companies/21558?companyId=21558&documentId=4064736&documentType=report&eventId=554427&navigation=external&utm_medium=referral&utm_source=mcp&rp=12,balance_sheet,FY2026,2026-03-31,instant,Statements of Financial Position of the Business,"Property, plant and equipment, net",888.1,usd_millions,0,0,2,column alignment reconstructed from PDF-extractor output and independently confirmed by arithmetic footing of the printed subtotals
business_100,4064736,12,https://web.quartr.com/companies/21558?companyId=21558&documentId=4064736&documentType=report&eventId=554427&navigation=external&utm_medium=referral&utm_source=mcp&rp=12,balance_sheet,FY2025,2025-03-31,instant,Statements of Financial Position of the Business,"Property, plant and equipment, net",884.6,usd_millions,0,1,2,column alignment reconstructed from PDF-extractor output and independently confirmed by arithmetic footing of the printed subtotals
business_100,4064736,12,https://web.quartr.com/companies/21558?companyId=21558&documentId=4064736&documentType=report&eventId=554427&navigation=external&utm_medium=referral&utm_source=mcp&rp=12,balance_sheet,FY2024,2024-03-31,instant,Statements of Financial Position of the Business,"Property, plant and equipment, net",881.5,usd_millions,0,1,2,column alignment reconstructed from PDF-extractor output and independently confirmed by arithmetic footing of the printed subtotals
business_100,4064736,12,https://web.quartr.com/companies/21558?companyId=21558&documentId=4064736&documentType=report&eventId=554427&navigation=external&utm_medium=referral&utm_source=mcp&rp=12,balance_sheet,FY2026,2026-03-31,instant,Statements of Financial Position of the Business,Long-term debt,1197.3,usd_millions,0,0,3,column alignment reconstructed from PDF-extractor output and independently confirmed by arithmetic footing of the printed subtotals
business_100,4064736,12,https://web.quartr.com/companies/21558?companyId=21558&documentId=4064736&documentType=report&eventId=554427&navigation=external&utm_medium=referral&utm_source=mcp&rp=12,balance_sheet,FY2025,2025-03-31,instant,Statements of Financial Position of the Business,Long-term debt,1208.1,usd_millions,0,1,3,column alignment reconstructed from PDF-extractor output and independently confirmed by arithmetic footing of the printed subtotals
business_100,4064736,12,https://web.quartr.com/companies/21558?companyId=21558&documentId=4064736&documentType=report&eventId=554427&navigation=external&utm_medium=referral&utm_source=mcp&rp=12,balance_sheet,FY2024,2024-03-31,instant,Statements of Financial Position of the Business,Long-term debt,464.7,usd_millions,0,1,3,column alignment reconstructed from PDF-extractor output and independently confirmed by arithmetic footing of the printed subtotals
business_100,4064736,12,https://web.quartr.com/companies/21558?companyId=21558&documentId=4064736&documentType=report&eventId=554427&navigation=external&utm_medium=referral&utm_source=mcp&rp=12,balance_sheet,FY2026,2026-03-31,instant,Statements of Financial Position of the Business,Total long-term liabilities,1398.6,usd_millions,1,0,4,column alignment reconstructed from PDF-extractor output and independently confirmed by arithmetic footing of the printed subtotals
business_100,4064736,12,https://web.quartr.com/companies/21558?companyId=21558&documentId=4064736&documentType=report&eventId=554427&navigation=external&utm_medium=referral&utm_source=mcp&rp=12,balance_sheet,FY2025,2025-03-31,instant,Statements of Financial Position of the Business,Total long-term liabilities,1403.1,usd_millions,1,1,4,column alignment reconstructed from PDF-extractor output and independently confirmed by arithmetic footing of the printed subtotals
business_100,4064736,12,https://web.quartr.com/companies/21558?companyId=21558&documentId=4064736&documentType=report&eventId=554427&navigation=external&utm_medium=referral&utm_source=mcp&rp=12,balance_sheet,FY2024,2024-03-31,instant,Statements of Financial Position of the Business,Total long-term liabilities,892.7,usd_millions,1,1,4,column alignment reconstructed from PDF-extractor output and independently confirmed by arithmetic footing of the printed subtotals
business_100,4064736,12,https://web.quartr.com/companies/21558?companyId=21558&documentId=4064736&documentType=report&eventId=554427&navigation=external&utm_medium=referral&utm_source=mcp&rp=12,balance_sheet,FY2026,2026-03-31,instant,Statements of Financial Position of the Business,Equity,-238.8,usd_millions,1,0,5,column alignment reconstructed from PDF-extractor output and independently confirmed by arithmetic footing of the printed subtotals; FY2026 and FY2025 are equity DEFICITS (printed in parentheses)
business_100,4064736,12,https://web.quartr.com/companies/21558?companyId=21558&documentId=4064736&documentType=report&eventId=554427&navigation=external&utm_medium=referral&utm_source=mcp&rp=12,balance_sheet,FY2025,2025-03-31,instant,Statements of Financial Position of the Business,Equity,-85.8,usd_millions,1,1,5,column alignment reconstructed from PDF-extractor output and independently confirmed by arithmetic footing of the printed subtotals; FY2026 and FY2025 are equity DEFICITS (printed in parentheses)
business_100,4064736,12,https://web.quartr.com/companies/21558?companyId=21558&documentId=4064736&documentType=report&eventId=554427&navigation=external&utm_medium=referral&utm_source=mcp&rp=12,balance_sheet,FY2024,2024-03-31,instant,Statements of Financial Position of the Business,Equity,335.5,usd_millions,1,1,5,column alignment reconstructed from PDF-extractor output and independently confirmed by arithmetic footing of the printed subtotals; FY2026 and FY2025 are equity DEFICITS (printed in parentheses)
business_100,4064736,13,https://web.quartr.com/companies/21558?companyId=21558&documentId=4064736&documentType=report&eventId=554427&navigation=external&utm_medium=referral&utm_source=mcp&rp=13,balance_sheet,FY2026,2026-03-31,instant,Statements of Financial Position of the Business,decrease in cash held (year over year),-161.8,usd_millions,0,0,6,narrative text p.13; cash 204.1 at 2025-03-31 to 42.3 at 2026-03-31
business_100,4064736,13,https://web.quartr.com/companies/21558?companyId=21558&documentId=4064736&documentType=report&eventId=554427&navigation=external&utm_medium=referral&utm_source=mcp&rp=13,balance_sheet,FY2026,2026-03-31,instant,Statements of Financial Position of the Business,reduction in amounts receivable from related parties,-83.0,usd_millions,0,0,7,narrative text p.13; settled by non-cash distributions during fiscal 2026
company,4064736,14,https://web.quartr.com/companies/21558?companyId=21558&documentId=4064736&documentType=report&eventId=554427&navigation=external&utm_medium=referral&utm_source=mcp&rp=14,income_statement,Q4 FY2026,2026-03-31,Q,INCOME (EXPENSES),Share of income from equity accounted investees,4.4,usd_millions,0,0,1,"column alignment reconstructed from PDF-extractor output and independently confirmed by arithmetic footing of the printed subtotals; Company inaugural reporting period from incorporation 2025-07-28 to 2026-03-31 (246 days, not a full 12 months); Company held no interest in the Business before 2025-10-15; no comparative period is presented for the Company (p.2)"
company,4064736,14,https://web.quartr.com/companies/21558?companyId=21558&documentId=4064736&documentType=report&eventId=554427&navigation=external&utm_medium=referral&utm_source=mcp&rp=14,income_statement,"July 28, 2025 to March 31, 2026",2026-03-31,FY,INCOME (EXPENSES),Share of income from equity accounted investees,31.9,usd_millions,0,0,1,"column alignment reconstructed from PDF-extractor output and independently confirmed by arithmetic footing of the printed subtotals; Company inaugural reporting period from incorporation 2025-07-28 to 2026-03-31 (246 days, not a full 12 months); Company held no interest in the Business before 2025-10-15; no comparative period is presented for the Company (p.2)"
company,4064736,14,https://web.quartr.com/companies/21558?companyId=21558&documentId=4064736&documentType=report&eventId=554427&navigation=external&utm_medium=referral&utm_source=mcp&rp=14,income_statement,Q4 FY2026,2026-03-31,Q,INCOME (EXPENSES),General and administrative,-0.6,usd_millions,0,0,2,"column alignment reconstructed from PDF-extractor output and independently confirmed by arithmetic footing of the printed subtotals; Company inaugural reporting period from incorporation 2025-07-28 to 2026-03-31 (246 days, not a full 12 months); Company held no interest in the Business before 2025-10-15; no comparative period is presented for the Company (p.2)"
company,4064736,14,https://web.quartr.com/companies/21558?companyId=21558&documentId=4064736&documentType=report&eventId=554427&navigation=external&utm_medium=referral&utm_source=mcp&rp=14,income_statement,"July 28, 2025 to March 31, 2026",2026-03-31,FY,INCOME (EXPENSES),General and administrative,-1.3,usd_millions,0,0,2,"column alignment reconstructed from PDF-extractor output and independently confirmed by arithmetic footing of the printed subtotals; Company inaugural reporting period from incorporation 2025-07-28 to 2026-03-31 (246 days, not a full 12 months); Company held no interest in the Business before 2025-10-15; no comparative period is presented for the Company (p.2)"
company,4064736,14,https://web.quartr.com/companies/21558?companyId=21558&documentId=4064736&documentType=report&eventId=554427&navigation=external&utm_medium=referral&utm_source=mcp&rp=14,income_statement,Q4 FY2026,2026-03-31,Q,INCOME (EXPENSES),Foreign exchange gains,0,usd_millions,0,0,3,"column alignment reconstructed from PDF-extractor output and independently confirmed by arithmetic footing of the printed subtotals; Q4 FY2026 printed_dash_zero; Company inaugural reporting period from incorporation 2025-07-28 to 2026-03-31 (246 days, not a full 12 months); Company held no interest in the Business before 2025-10-15; no comparative period is presented for the Company (p.2)"
company,4064736,14,https://web.quartr.com/companies/21558?companyId=21558&documentId=4064736&documentType=report&eventId=554427&navigation=external&utm_medium=referral&utm_source=mcp&rp=14,income_statement,"July 28, 2025 to March 31, 2026",2026-03-31,FY,INCOME (EXPENSES),Foreign exchange gains,3.4,usd_millions,0,0,3,"column alignment reconstructed from PDF-extractor output and independently confirmed by arithmetic footing of the printed subtotals; Q4 FY2026 printed_dash_zero; Company inaugural reporting period from incorporation 2025-07-28 to 2026-03-31 (246 days, not a full 12 months); Company held no interest in the Business before 2025-10-15; no comparative period is presented for the Company (p.2)"
company,4064736,14,https://web.quartr.com/companies/21558?companyId=21558&documentId=4064736&documentType=report&eventId=554427&navigation=external&utm_medium=referral&utm_source=mcp&rp=14,income_statement,Q4 FY2026,2026-03-31,Q,INCOME (EXPENSES),Other expenses,-1.0,usd_millions,0,0,4,"column alignment reconstructed from PDF-extractor output and independently confirmed by arithmetic footing of the printed subtotals; identical in both columns as printed; Company inaugural reporting period from incorporation 2025-07-28 to 2026-03-31 (246 days, not a full 12 months); Company held no interest in the Business before 2025-10-15; no comparative period is presented for the Company (p.2)"
company,4064736,14,https://web.quartr.com/companies/21558?companyId=21558&documentId=4064736&documentType=report&eventId=554427&navigation=external&utm_medium=referral&utm_source=mcp&rp=14,income_statement,"July 28, 2025 to March 31, 2026",2026-03-31,FY,INCOME (EXPENSES),Other expenses,-1.0,usd_millions,0,0,4,"column alignment reconstructed from PDF-extractor output and independently confirmed by arithmetic footing of the printed subtotals; identical in both columns as printed; Company inaugural reporting period from incorporation 2025-07-28 to 2026-03-31 (246 days, not a full 12 months); Company held no interest in the Business before 2025-10-15; no comparative period is presented for the Company (p.2)"
company,4064736,14,https://web.quartr.com/companies/21558?companyId=21558&documentId=4064736&documentType=report&eventId=554427&navigation=external&utm_medium=referral&utm_source=mcp&rp=14,income_statement,Q4 FY2026,2026-03-31,Q,INCOME (EXPENSES),EARNINGS BEFORE INCOME TAXES,2.8,usd_millions,1,0,5,"column alignment reconstructed from PDF-extractor output and independently confirmed by arithmetic footing of the printed subtotals; Company inaugural reporting period from incorporation 2025-07-28 to 2026-03-31 (246 days, not a full 12 months); Company held no interest in the Business before 2025-10-15; no comparative period is presented for the Company (p.2)"
company,4064736,14,https://web.quartr.com/companies/21558?companyId=21558&documentId=4064736&documentType=report&eventId=554427&navigation=external&utm_medium=referral&utm_source=mcp&rp=14,income_statement,"July 28, 2025 to March 31, 2026",2026-03-31,FY,INCOME (EXPENSES),EARNINGS BEFORE INCOME TAXES,33.0,usd_millions,1,0,5,"column alignment reconstructed from PDF-extractor output and independently confirmed by arithmetic footing of the printed subtotals; Company inaugural reporting period from incorporation 2025-07-28 to 2026-03-31 (246 days, not a full 12 months); Company held no interest in the Business before 2025-10-15; no comparative period is presented for the Company (p.2)"
company,4064736,14,https://web.quartr.com/companies/21558?companyId=21558&documentId=4064736&documentType=report&eventId=554427&navigation=external&utm_medium=referral&utm_source=mcp&rp=14,income_statement,Q4 FY2026,2026-03-31,Q,Income tax (benefit) expense,Current,-0.7,usd_millions,0,0,6,"column alignment reconstructed from PDF-extractor output and independently confirmed by arithmetic footing of the printed subtotals; benefits (negative); Company inaugural reporting period from incorporation 2025-07-28 to 2026-03-31 (246 days, not a full 12 months); Company held no interest in the Business before 2025-10-15; no comparative period is presented for the Company (p.2)"
company,4064736,14,https://web.quartr.com/companies/21558?companyId=21558&documentId=4064736&documentType=report&eventId=554427&navigation=external&utm_medium=referral&utm_source=mcp&rp=14,income_statement,"July 28, 2025 to March 31, 2026",2026-03-31,FY,Income tax (benefit) expense,Current,-0.1,usd_millions,0,0,6,"column alignment reconstructed from PDF-extractor output and independently confirmed by arithmetic footing of the printed subtotals; benefits (negative); Company inaugural reporting period from incorporation 2025-07-28 to 2026-03-31 (246 days, not a full 12 months); Company held no interest in the Business before 2025-10-15; no comparative period is presented for the Company (p.2)"
company,4064736,14,https://web.quartr.com/companies/21558?companyId=21558&documentId=4064736&documentType=report&eventId=554427&navigation=external&utm_medium=referral&utm_source=mcp&rp=14,income_statement,Q4 FY2026,2026-03-31,Q,Income tax (benefit) expense,Deferred,2.1,usd_millions,0,0,7,"column alignment reconstructed from PDF-extractor output and independently confirmed by arithmetic footing of the printed subtotals; Company inaugural reporting period from incorporation 2025-07-28 to 2026-03-31 (246 days, not a full 12 months); Company held no interest in the Business before 2025-10-15; no comparative period is presented for the Company (p.2)"
company,4064736,14,https://web.quartr.com/companies/21558?companyId=21558&documentId=4064736&documentType=report&eventId=554427&navigation=external&utm_medium=referral&utm_source=mcp&rp=14,income_statement,"July 28, 2025 to March 31, 2026",2026-03-31,FY,Income tax (benefit) expense,Deferred,6.6,usd_millions,0,0,7,"column alignment reconstructed from PDF-extractor output and independently confirmed by arithmetic footing of the printed subtotals; Company inaugural reporting period from incorporation 2025-07-28 to 2026-03-31 (246 days, not a full 12 months); Company held no interest in the Business before 2025-10-15; no comparative period is presented for the Company (p.2)"
company,4064736,14,https://web.quartr.com/companies/21558?companyId=21558&documentId=4064736&documentType=report&eventId=554427&navigation=external&utm_medium=referral&utm_source=mcp&rp=14,income_statement,Q4 FY2026,2026-03-31,Q,Income tax (benefit) expense,NET EARNINGS,1.4,usd_millions,1,0,8,"column alignment reconstructed from PDF-extractor output and independently confirmed by arithmetic footing of the printed subtotals; Company inaugural reporting period from incorporation 2025-07-28 to 2026-03-31 (246 days, not a full 12 months); Company held no interest in the Business before 2025-10-15; no comparative period is presented for the Company (p.2)"
company,4064736,14,https://web.quartr.com/companies/21558?companyId=21558&documentId=4064736&documentType=report&eventId=554427&navigation=external&utm_medium=referral&utm_source=mcp&rp=14,income_statement,"July 28, 2025 to March 31, 2026",2026-03-31,FY,Income tax (benefit) expense,NET EARNINGS,26.5,usd_millions,1,0,8,"column alignment reconstructed from PDF-extractor output and independently confirmed by arithmetic footing of the printed subtotals; Company inaugural reporting period from incorporation 2025-07-28 to 2026-03-31 (246 days, not a full 12 months); Company held no interest in the Business before 2025-10-15; no comparative period is presented for the Company (p.2)"
company,4064736,14,https://web.quartr.com/companies/21558?companyId=21558&documentId=4064736&documentType=report&eventId=554427&navigation=external&utm_medium=referral&utm_source=mcp&rp=14,share_data,"July 28, 2025 to March 31, 2026",2026-03-31,FY,Results of Operations,Weighted average earnings per Class A Share (basic and diluted),0.73,usd_per_share,0,0,10,"narrative text, not a printed table; Company inaugural reporting period from incorporation 2025-07-28 to 2026-03-31 (246 days, not a full 12 months); Company held no interest in the Business before 2025-10-15; no comparative period is presented for the Company (p.2)"
company,4064736,14,https://web.quartr.com/companies/21558?companyId=21558&documentId=4064736&documentType=report&eventId=554427&navigation=external&utm_medium=referral&utm_source=mcp&rp=14,share_data,Q4 FY2026,2026-03-31,Q,Results of Operations,Earnings per Class A Share (basic and diluted),0.03,usd_per_share,0,0,1,"narrative text, not a printed table"
company,4064736,14,https://web.quartr.com/companies/21558?companyId=21558&documentId=4064736&documentType=report&eventId=554427&navigation=external&utm_medium=referral&utm_source=mcp&rp=14,share_data,Q3 FY2026,2025-12-31,Q,Results of Operations,Earnings per Class A Share (basic and diluted),0.56,usd_per_share,0,0,1,"narrative text, not a printed table; quarter ended 2025-12-31"
company,4064736,14,https://web.quartr.com/companies/21558?companyId=21558&documentId=4064736&documentType=report&eventId=554427&navigation=external&utm_medium=referral&utm_source=mcp&rp=14,note_other,Q4 FY2026,2026-03-31,Q,Share of income from equity accounted investees,decline in equity earnings from Legacy Incentive Plan costs,-20.6,usd_millions,0,0,1,narrative text; 40% of the $51.5 million legacy incentive plan costs recorded in the Business
company,4064736,15,https://web.quartr.com/companies/21558?companyId=21558&documentId=4064736&documentType=report&eventId=554427&navigation=external&utm_medium=referral&utm_source=mcp&rp=15,balance_sheet,FY2026,2026-03-31,instant,Assets and Liabilities,investment in the Business - carrying value,900.9,usd_millions,1,0,1,"narrative text; Company inaugural reporting period from incorporation 2025-07-28 to 2026-03-31 (246 days, not a full 12 months); Company held no interest in the Business before 2025-10-15; no comparative period is presented for the Company (p.2)"
company,4064736,15,https://web.quartr.com/companies/21558?companyId=21558&documentId=4064736&documentType=report&eventId=554427&navigation=external&utm_medium=referral&utm_source=mcp&rp=15,balance_sheet,FY2026,2026-03-31,instant,Assets and Liabilities,investment in the Business - historical costs of acquisition,892.2,usd_millions,1,0,2,narrative text; transacted 2025-10-15; = 504.6 cash + 377.4 shares + 10.2 initial deferred tax liabilities
company,4064736,15,https://web.quartr.com/companies/21558?companyId=21558&documentId=4064736&documentType=report&eventId=554427&navigation=external&utm_medium=referral&utm_source=mcp&rp=15,balance_sheet,FY2026,2026-03-31,instant,Assets and Liabilities,investment in the Business - cash consideration paid,504.6,usd_millions,0,0,3,narrative text
company,4064736,15,https://web.quartr.com/companies/21558?companyId=21558&documentId=4064736&documentType=report&eventId=554427&navigation=external&utm_medium=referral&utm_source=mcp&rp=15,balance_sheet,FY2026,2026-03-31,instant,Assets and Liabilities,investment in the Business - shares issued,377.4,usd_millions,0,0,4,narrative text
company,4064736,15,https://web.quartr.com/companies/21558?companyId=21558&documentId=4064736&documentType=report&eventId=554427&navigation=external&utm_medium=referral&utm_source=mcp&rp=15,balance_sheet,FY2026,2026-03-31,instant,Assets and Liabilities,investment in the Business - initial deferred tax liabilities recognized,10.2,usd_millions,0,0,5,narrative text
company,4064736,15,https://web.quartr.com/companies/21558?companyId=21558&documentId=4064736&documentType=report&eventId=554427&navigation=external&utm_medium=referral&utm_source=mcp&rp=15,balance_sheet,FY2026,2026-03-31,instant,Assets and Liabilities,investment in the Business - share of net income and other comprehensive earnings since acquisition,32.1,usd_millions,0,0,6,narrative text
company,4064736,15,https://web.quartr.com/companies/21558?companyId=21558&documentId=4064736&documentType=report&eventId=554427&navigation=external&utm_medium=referral&utm_source=mcp&rp=15,balance_sheet,FY2026,2026-03-31,instant,Assets and Liabilities,investment in the Business - distributions received to date,-23.4,usd_millions,0,0,7,narrative text; printed as an offset
company,4064736,15,https://web.quartr.com/companies/21558?companyId=21558&documentId=4064736&documentType=report&eventId=554427&navigation=external&utm_medium=referral&utm_source=mcp&rp=15,balance_sheet,FY2026,2026-03-31,instant,Assets and Liabilities,cash withheld for tax purposes on behalf of certain Brookfield affiliates (restricted),14.8,usd_millions,0,0,8,narrative text; fully offset by a related party obligation; released subsequent to 2026-03-31
company,4064736,15,https://web.quartr.com/companies/21558?companyId=21558&documentId=4064736&documentType=report&eventId=554427&navigation=external&utm_medium=referral&utm_source=mcp&rp=15,balance_sheet,FY2026,2026-03-31,instant,Assets and Liabilities,Total assets,916.3,usd_millions,1,0,9,"narrative text; Company inaugural reporting period from incorporation 2025-07-28 to 2026-03-31 (246 days, not a full 12 months); Company held no interest in the Business before 2025-10-15; no comparative period is presented for the Company (p.2)"
company,4064736,15,https://web.quartr.com/companies/21558?companyId=21558&documentId=4064736&documentType=report&eventId=554427&navigation=external&utm_medium=referral&utm_source=mcp&rp=15,balance_sheet,FY2026,2026-03-31,instant,Assets and Liabilities,Total long-term liabilities,16.8,usd_millions,1,0,10,"narrative text; Company inaugural reporting period from incorporation 2025-07-28 to 2026-03-31 (246 days, not a full 12 months); Company held no interest in the Business before 2025-10-15; no comparative period is presented for the Company (p.2)"
business_100,4064736,17,https://web.quartr.com/companies/21558?companyId=21558&documentId=4064736&documentType=report&eventId=554427&navigation=external&utm_medium=referral&utm_source=mcp&rp=17,non_ifrs,Q4 FY2026,2026-03-31,Q,Non-IFRS Measures Utilized by Our Business,Net earnings,24.4,usd_millions,0,0,1,reconciliation of Adjusted EBITDA / Adjusted Gross Margin / Distributable Cash Flow to net earnings (IFRS); column alignment reconstructed from PDF-extractor output and independently confirmed by arithmetic footing of the printed subtotals; starting IFRS measure
business_100,4064736,17,https://web.quartr.com/companies/21558?companyId=21558&documentId=4064736&documentType=report&eventId=554427&navigation=external&utm_medium=referral&utm_source=mcp&rp=17,non_ifrs,Q4 FY2025,2025-03-31,Q,Non-IFRS Measures Utilized by Our Business,Net earnings,57.0,usd_millions,0,1,1,reconciliation of Adjusted EBITDA / Adjusted Gross Margin / Distributable Cash Flow to net earnings (IFRS); column alignment reconstructed from PDF-extractor output and independently confirmed by arithmetic footing of the printed subtotals; starting IFRS measure
business_100,4064736,17,https://web.quartr.com/companies/21558?companyId=21558&documentId=4064736&documentType=report&eventId=554427&navigation=external&utm_medium=referral&utm_source=mcp&rp=17,non_ifrs,FY2026,2026-03-31,FY,Non-IFRS Measures Utilized by Our Business,Net earnings,206.9,usd_millions,0,0,1,reconciliation of Adjusted EBITDA / Adjusted Gross Margin / Distributable Cash Flow to net earnings (IFRS); column alignment reconstructed from PDF-extractor output and independently confirmed by arithmetic footing of the printed subtotals; starting IFRS measure
business_100,4064736,17,https://web.quartr.com/companies/21558?companyId=21558&documentId=4064736&documentType=report&eventId=554427&navigation=external&utm_medium=referral&utm_source=mcp&rp=17,non_ifrs,FY2025,2025-03-31,FY,Non-IFRS Measures Utilized by Our Business,Net earnings,209.4,usd_millions,0,1,1,reconciliation of Adjusted EBITDA / Adjusted Gross Margin / Distributable Cash Flow to net earnings (IFRS); column alignment reconstructed from PDF-extractor output and independently confirmed by arithmetic footing of the printed subtotals; starting IFRS measure
business_100,4064736,17,https://web.quartr.com/companies/21558?companyId=21558&documentId=4064736&documentType=report&eventId=554427&navigation=external&utm_medium=referral&utm_source=mcp&rp=17,non_ifrs,Q4 FY2026,2026-03-31,Q,Add (deduct):,Financing costs,16.2,usd_millions,0,0,2,reconciliation of Adjusted EBITDA / Adjusted Gross Margin / Distributable Cash Flow to net earnings (IFRS); column alignment reconstructed from PDF-extractor output and independently confirmed by arithmetic footing of the printed subtotals
business_100,4064736,17,https://web.quartr.com/companies/21558?companyId=21558&documentId=4064736&documentType=report&eventId=554427&navigation=external&utm_medium=referral&utm_source=mcp&rp=17,non_ifrs,Q4 FY2025,2025-03-31,Q,Add (deduct):,Financing costs,29.7,usd_millions,0,1,2,reconciliation of Adjusted EBITDA / Adjusted Gross Margin / Distributable Cash Flow to net earnings (IFRS); column alignment reconstructed from PDF-extractor output and independently confirmed by arithmetic footing of the printed subtotals
business_100,4064736,17,https://web.quartr.com/companies/21558?companyId=21558&documentId=4064736&documentType=report&eventId=554427&navigation=external&utm_medium=referral&utm_source=mcp&rp=17,non_ifrs,FY2026,2026-03-31,FY,Add (deduct):,Financing costs,89.8,usd_millions,0,0,2,reconciliation of Adjusted EBITDA / Adjusted Gross Margin / Distributable Cash Flow to net earnings (IFRS); column alignment reconstructed from PDF-extractor output and independently confirmed by arithmetic footing of the printed subtotals
business_100,4064736,17,https://web.quartr.com/companies/21558?companyId=21558&documentId=4064736&documentType=report&eventId=554427&navigation=external&utm_medium=referral&utm_source=mcp&rp=17,non_ifrs,FY2025,2025-03-31,FY,Add (deduct):,Financing costs,93.1,usd_millions,0,1,2,reconciliation of Adjusted EBITDA / Adjusted Gross Margin / Distributable Cash Flow to net earnings (IFRS); column alignment reconstructed from PDF-extractor output and independently confirmed by arithmetic footing of the printed subtotals
business_100,4064736,17,https://web.quartr.com/companies/21558?companyId=21558&documentId=4064736&documentType=report&eventId=554427&navigation=external&utm_medium=referral&utm_source=mcp&rp=17,non_ifrs,Q4 FY2026,2026-03-31,Q,Add (deduct):,Income tax expense (benefit),2.3,usd_millions,0,0,3,reconciliation of Adjusted EBITDA / Adjusted Gross Margin / Distributable Cash Flow to net earnings (IFRS); column alignment reconstructed from PDF-extractor output and independently confirmed by arithmetic footing of the printed subtotals
business_100,4064736,17,https://web.quartr.com/companies/21558?companyId=21558&documentId=4064736&documentType=report&eventId=554427&navigation=external&utm_medium=referral&utm_source=mcp&rp=17,non_ifrs,Q4 FY2025,2025-03-31,Q,Add (deduct):,Income tax expense (benefit),4.9,usd_millions,0,1,3,reconciliation of Adjusted EBITDA / Adjusted Gross Margin / Distributable Cash Flow to net earnings (IFRS); column alignment reconstructed from PDF-extractor output and independently confirmed by arithmetic footing of the printed subtotals
business_100,4064736,17,https://web.quartr.com/companies/21558?companyId=21558&documentId=4064736&documentType=report&eventId=554427&navigation=external&utm_medium=referral&utm_source=mcp&rp=17,non_ifrs,FY2026,2026-03-31,FY,Add (deduct):,Income tax expense (benefit),16.6,usd_millions,0,0,3,reconciliation of Adjusted EBITDA / Adjusted Gross Margin / Distributable Cash Flow to net earnings (IFRS); column alignment reconstructed from PDF-extractor output and independently confirmed by arithmetic footing of the printed subtotals
business_100,4064736,17,https://web.quartr.com/companies/21558?companyId=21558&documentId=4064736&documentType=report&eventId=554427&navigation=external&utm_medium=referral&utm_source=mcp&rp=17,non_ifrs,FY2025,2025-03-31,FY,Add (deduct):,Income tax expense (benefit),-10.6,usd_millions,0,1,3,reconciliation of Adjusted EBITDA / Adjusted Gross Margin / Distributable Cash Flow to net earnings (IFRS); column alignment reconstructed from PDF-extractor output and independently confirmed by arithmetic footing of the printed subtotals
business_100,4064736,17,https://web.quartr.com/companies/21558?companyId=21558&documentId=4064736&documentType=report&eventId=554427&navigation=external&utm_medium=referral&utm_source=mcp&rp=17,non_ifrs,Q4 FY2026,2026-03-31,Q,Add (deduct):,Depreciation and amortization,7.7,usd_millions,0,0,4,reconciliation of Adjusted EBITDA / Adjusted Gross Margin / Distributable Cash Flow to net earnings (IFRS); column alignment reconstructed from PDF-extractor output and independently confirmed by arithmetic footing of the printed subtotals
business_100,4064736,17,https://web.quartr.com/companies/21558?companyId=21558&documentId=4064736&documentType=report&eventId=554427&navigation=external&utm_medium=referral&utm_source=mcp&rp=17,non_ifrs,Q4 FY2025,2025-03-31,Q,Add (deduct):,Depreciation and amortization,7.7,usd_millions,0,1,4,reconciliation of Adjusted EBITDA / Adjusted Gross Margin / Distributable Cash Flow to net earnings (IFRS); column alignment reconstructed from PDF-extractor output and independently confirmed by arithmetic footing of the printed subtotals
business_100,4064736,17,https://web.quartr.com/companies/21558?companyId=21558&documentId=4064736&documentType=report&eventId=554427&navigation=external&utm_medium=referral&utm_source=mcp&rp=17,non_ifrs,FY2026,2026-03-31,FY,Add (deduct):,Depreciation and amortization,34.1,usd_millions,0,0,4,reconciliation of Adjusted EBITDA / Adjusted Gross Margin / Distributable Cash Flow to net earnings (IFRS); column alignment reconstructed from PDF-extractor output and independently confirmed by arithmetic footing of the printed subtotals
business_100,4064736,17,https://web.quartr.com/companies/21558?companyId=21558&documentId=4064736&documentType=report&eventId=554427&navigation=external&utm_medium=referral&utm_source=mcp&rp=17,non_ifrs,FY2025,2025-03-31,FY,Add (deduct):,Depreciation and amortization,33.1,usd_millions,0,1,4,reconciliation of Adjusted EBITDA / Adjusted Gross Margin / Distributable Cash Flow to net earnings (IFRS); column alignment reconstructed from PDF-extractor output and independently confirmed by arithmetic footing of the printed subtotals
business_100,4064736,17,https://web.quartr.com/companies/21558?companyId=21558&documentId=4064736&documentType=report&eventId=554427&navigation=external&utm_medium=referral&utm_source=mcp&rp=17,non_ifrs,Q4 FY2026,2026-03-31,Q,Add (deduct):,Unrealized risk management losses (gains) (1),6.2,usd_millions,0,0,5,"reconciliation of Adjusted EBITDA / Adjusted Gross Margin / Distributable Cash Flow to net earnings (IFRS); column alignment reconstructed from PDF-extractor output and independently confirmed by arithmetic footing of the printed subtotals; footnote 1: 'Excludes the net unrealized impact from interest rate swaps, which are included within financing costs.'"
business_100,4064736,17,https://web.quartr.com/companies/21558?companyId=21558&documentId=4064736&documentType=report&eventId=554427&navigation=external&utm_medium=referral&utm_source=mcp&rp=17,non_ifrs,Q4 FY2025,2025-03-31,Q,Add (deduct):,Unrealized risk management losses (gains) (1),11.7,usd_millions,0,1,5,"reconciliation of Adjusted EBITDA / Adjusted Gross Margin / Distributable Cash Flow to net earnings (IFRS); column alignment reconstructed from PDF-extractor output and independently confirmed by arithmetic footing of the printed subtotals; footnote 1: 'Excludes the net unrealized impact from interest rate swaps, which are included within financing costs.'"
business_100,4064736,17,https://web.quartr.com/companies/21558?companyId=21558&documentId=4064736&documentType=report&eventId=554427&navigation=external&utm_medium=referral&utm_source=mcp&rp=17,non_ifrs,FY2026,2026-03-31,FY,Add (deduct):,Unrealized risk management losses (gains) (1),-16.8,usd_millions,0,0,5,"reconciliation of Adjusted EBITDA / Adjusted Gross Margin / Distributable Cash Flow to net earnings (IFRS); column alignment reconstructed from PDF-extractor output and independently confirmed by arithmetic footing of the printed subtotals; footnote 1: 'Excludes the net unrealized impact from interest rate swaps, which are included within financing costs.'"
business_100,4064736,17,https://web.quartr.com/companies/21558?companyId=21558&documentId=4064736&documentType=report&eventId=554427&navigation=external&utm_medium=referral&utm_source=mcp&rp=17,non_ifrs,FY2025,2025-03-31,FY,Add (deduct):,Unrealized risk management losses (gains) (1),6.9,usd_millions,0,1,5,"reconciliation of Adjusted EBITDA / Adjusted Gross Margin / Distributable Cash Flow to net earnings (IFRS); column alignment reconstructed from PDF-extractor output and independently confirmed by arithmetic footing of the printed subtotals; footnote 1: 'Excludes the net unrealized impact from interest rate swaps, which are included within financing costs.'"
business_100,4064736,17,https://web.quartr.com/companies/21558?companyId=21558&documentId=4064736&documentType=report&eventId=554427&navigation=external&utm_medium=referral&utm_source=mcp&rp=17,non_ifrs,Q4 FY2026,2026-03-31,Q,Add (deduct):,Other expenses,52.4,usd_millions,0,0,6,reconciliation of Adjusted EBITDA / Adjusted Gross Margin / Distributable Cash Flow to net earnings (IFRS); column alignment reconstructed from PDF-extractor output and independently confirmed by arithmetic footing of the printed subtotals
business_100,4064736,17,https://web.quartr.com/companies/21558?companyId=21558&documentId=4064736&documentType=report&eventId=554427&navigation=external&utm_medium=referral&utm_source=mcp&rp=17,non_ifrs,Q4 FY2025,2025-03-31,Q,Add (deduct):,Other expenses,1.7,usd_millions,0,1,6,reconciliation of Adjusted EBITDA / Adjusted Gross Margin / Distributable Cash Flow to net earnings (IFRS); column alignment reconstructed from PDF-extractor output and independently confirmed by arithmetic footing of the printed subtotals
business_100,4064736,17,https://web.quartr.com/companies/21558?companyId=21558&documentId=4064736&documentType=report&eventId=554427&navigation=external&utm_medium=referral&utm_source=mcp&rp=17,non_ifrs,FY2026,2026-03-31,FY,Add (deduct):,Other expenses,55.3,usd_millions,0,0,6,reconciliation of Adjusted EBITDA / Adjusted Gross Margin / Distributable Cash Flow to net earnings (IFRS); column alignment reconstructed from PDF-extractor output and independently confirmed by arithmetic footing of the printed subtotals
business_100,4064736,17,https://web.quartr.com/companies/21558?companyId=21558&documentId=4064736&documentType=report&eventId=554427&navigation=external&utm_medium=referral&utm_source=mcp&rp=17,non_ifrs,FY2025,2025-03-31,FY,Add (deduct):,Other expenses,6.9,usd_millions,0,1,6,reconciliation of Adjusted EBITDA / Adjusted Gross Margin / Distributable Cash Flow to net earnings (IFRS); column alignment reconstructed from PDF-extractor output and independently confirmed by arithmetic footing of the printed subtotals
business_100,4064736,17,https://web.quartr.com/companies/21558?companyId=21558&documentId=4064736&documentType=report&eventId=554427&navigation=external&utm_medium=referral&utm_source=mcp&rp=17,non_ifrs,Q4 FY2026,2026-03-31,Q,Non-IFRS Measures Utilized by Our Business,Adjusted EBITDA,109.2,usd_millions,1,0,7,reconciliation of Adjusted EBITDA / Adjusted Gross Margin / Distributable Cash Flow to net earnings (IFRS); column alignment reconstructed from PDF-extractor output and independently confirmed by arithmetic footing of the printed subtotals; NON-IFRS SUBTOTAL
business_100,4064736,17,https://web.quartr.com/companies/21558?companyId=21558&documentId=4064736&documentType=report&eventId=554427&navigation=external&utm_medium=referral&utm_source=mcp&rp=17,non_ifrs,Q4 FY2025,2025-03-31,Q,Non-IFRS Measures Utilized by Our Business,Adjusted EBITDA,112.7,usd_millions,1,1,7,reconciliation of Adjusted EBITDA / Adjusted Gross Margin / Distributable Cash Flow to net earnings (IFRS); column alignment reconstructed from PDF-extractor output and independently confirmed by arithmetic footing of the printed subtotals; NON-IFRS SUBTOTAL
business_100,4064736,17,https://web.quartr.com/companies/21558?companyId=21558&documentId=4064736&documentType=report&eventId=554427&navigation=external&utm_medium=referral&utm_source=mcp&rp=17,non_ifrs,FY2026,2026-03-31,FY,Non-IFRS Measures Utilized by Our Business,Adjusted EBITDA,385.9,usd_millions,1,0,7,reconciliation of Adjusted EBITDA / Adjusted Gross Margin / Distributable Cash Flow to net earnings (IFRS); column alignment reconstructed from PDF-extractor output and independently confirmed by arithmetic footing of the printed subtotals; NON-IFRS SUBTOTAL
business_100,4064736,17,https://web.quartr.com/companies/21558?companyId=21558&documentId=4064736&documentType=report&eventId=554427&navigation=external&utm_medium=referral&utm_source=mcp&rp=17,non_ifrs,FY2025,2025-03-31,FY,Non-IFRS Measures Utilized by Our Business,Adjusted EBITDA,338.8,usd_millions,1,1,7,reconciliation of Adjusted EBITDA / Adjusted Gross Margin / Distributable Cash Flow to net earnings (IFRS); column alignment reconstructed from PDF-extractor output and independently confirmed by arithmetic footing of the printed subtotals; NON-IFRS SUBTOTAL
business_100,4064736,17,https://web.quartr.com/companies/21558?companyId=21558&documentId=4064736&documentType=report&eventId=554427&navigation=external&utm_medium=referral&utm_source=mcp&rp=17,non_ifrs,Q4 FY2026,2026-03-31,Q,Non-IFRS Measures Utilized by Our Business,Operating,13.2,usd_millions,0,0,8,reconciliation of Adjusted EBITDA / Adjusted Gross Margin / Distributable Cash Flow to net earnings (IFRS); column alignment reconstructed from PDF-extractor output and independently confirmed by arithmetic footing of the printed subtotals; ADD-BACK toward Adjusted Gross Margin (first of two 'Operating' rows)
business_100,4064736,17,https://web.quartr.com/companies/21558?companyId=21558&documentId=4064736&documentType=report&eventId=554427&navigation=external&utm_medium=referral&utm_source=mcp&rp=17,non_ifrs,Q4 FY2025,2025-03-31,Q,Non-IFRS Measures Utilized by Our Business,Operating,13.8,usd_millions,0,1,8,reconciliation of Adjusted EBITDA / Adjusted Gross Margin / Distributable Cash Flow to net earnings (IFRS); column alignment reconstructed from PDF-extractor output and independently confirmed by arithmetic footing of the printed subtotals; ADD-BACK toward Adjusted Gross Margin (first of two 'Operating' rows)
business_100,4064736,17,https://web.quartr.com/companies/21558?companyId=21558&documentId=4064736&documentType=report&eventId=554427&navigation=external&utm_medium=referral&utm_source=mcp&rp=17,non_ifrs,FY2026,2026-03-31,FY,Non-IFRS Measures Utilized by Our Business,Operating,50.8,usd_millions,0,0,8,reconciliation of Adjusted EBITDA / Adjusted Gross Margin / Distributable Cash Flow to net earnings (IFRS); column alignment reconstructed from PDF-extractor output and independently confirmed by arithmetic footing of the printed subtotals; ADD-BACK toward Adjusted Gross Margin (first of two 'Operating' rows)
business_100,4064736,17,https://web.quartr.com/companies/21558?companyId=21558&documentId=4064736&documentType=report&eventId=554427&navigation=external&utm_medium=referral&utm_source=mcp&rp=17,non_ifrs,FY2025,2025-03-31,FY,Non-IFRS Measures Utilized by Our Business,Operating,49.5,usd_millions,0,1,8,reconciliation of Adjusted EBITDA / Adjusted Gross Margin / Distributable Cash Flow to net earnings (IFRS); column alignment reconstructed from PDF-extractor output and independently confirmed by arithmetic footing of the printed subtotals; ADD-BACK toward Adjusted Gross Margin (first of two 'Operating' rows)
business_100,4064736,17,https://web.quartr.com/companies/21558?companyId=21558&documentId=4064736&documentType=report&eventId=554427&navigation=external&utm_medium=referral&utm_source=mcp&rp=17,non_ifrs,Q4 FY2026,2026-03-31,Q,Non-IFRS Measures Utilized by Our Business,General and administrative,6.5,usd_millions,0,0,9,reconciliation of Adjusted EBITDA / Adjusted Gross Margin / Distributable Cash Flow to net earnings (IFRS); column alignment reconstructed from PDF-extractor output and independently confirmed by arithmetic footing of the printed subtotals; ADD-BACK toward Adjusted Gross Margin (first of two 'General and administrative' rows)
business_100,4064736,17,https://web.quartr.com/companies/21558?companyId=21558&documentId=4064736&documentType=report&eventId=554427&navigation=external&utm_medium=referral&utm_source=mcp&rp=17,non_ifrs,Q4 FY2025,2025-03-31,Q,Non-IFRS Measures Utilized by Our Business,General and administrative,7.8,usd_millions,0,1,9,reconciliation of Adjusted EBITDA / Adjusted Gross Margin / Distributable Cash Flow to net earnings (IFRS); column alignment reconstructed from PDF-extractor output and independently confirmed by arithmetic footing of the printed subtotals; ADD-BACK toward Adjusted Gross Margin (first of two 'General and administrative' rows)
business_100,4064736,17,https://web.quartr.com/companies/21558?companyId=21558&documentId=4064736&documentType=report&eventId=554427&navigation=external&utm_medium=referral&utm_source=mcp&rp=17,non_ifrs,FY2026,2026-03-31,FY,Non-IFRS Measures Utilized by Our Business,General and administrative,22.2,usd_millions,0,0,9,reconciliation of Adjusted EBITDA / Adjusted Gross Margin / Distributable Cash Flow to net earnings (IFRS); column alignment reconstructed from PDF-extractor output and independently confirmed by arithmetic footing of the printed subtotals; ADD-BACK toward Adjusted Gross Margin (first of two 'General and administrative' rows)
business_100,4064736,17,https://web.quartr.com/companies/21558?companyId=21558&documentId=4064736&documentType=report&eventId=554427&navigation=external&utm_medium=referral&utm_source=mcp&rp=17,non_ifrs,FY2025,2025-03-31,FY,Non-IFRS Measures Utilized by Our Business,General and administrative,24.2,usd_millions,0,1,9,reconciliation of Adjusted EBITDA / Adjusted Gross Margin / Distributable Cash Flow to net earnings (IFRS); column alignment reconstructed from PDF-extractor output and independently confirmed by arithmetic footing of the printed subtotals; ADD-BACK toward Adjusted Gross Margin (first of two 'General and administrative' rows)
business_100,4064736,17,https://web.quartr.com/companies/21558?companyId=21558&documentId=4064736&documentType=report&eventId=554427&navigation=external&utm_medium=referral&utm_source=mcp&rp=17,non_ifrs,Q4 FY2026,2026-03-31,Q,Non-IFRS Measures Utilized by Our Business,Other items (2),-0.2,usd_millions,0,0,10,reconciliation of Adjusted EBITDA / Adjusted Gross Margin / Distributable Cash Flow to net earnings (IFRS); column alignment reconstructed from PDF-extractor output and independently confirmed by arithmetic footing of the printed subtotals; first of two 'Other items (2)' rows; footnote 2: 'Other items consists of net unrealized electricity contract gains/losses.'
business_100,4064736,17,https://web.quartr.com/companies/21558?companyId=21558&documentId=4064736&documentType=report&eventId=554427&navigation=external&utm_medium=referral&utm_source=mcp&rp=17,non_ifrs,Q4 FY2025,2025-03-31,Q,Non-IFRS Measures Utilized by Our Business,Other items (2),-0.1,usd_millions,0,1,10,reconciliation of Adjusted EBITDA / Adjusted Gross Margin / Distributable Cash Flow to net earnings (IFRS); column alignment reconstructed from PDF-extractor output and independently confirmed by arithmetic footing of the printed subtotals; first of two 'Other items (2)' rows; footnote 2: 'Other items consists of net unrealized electricity contract gains/losses.'
business_100,4064736,17,https://web.quartr.com/companies/21558?companyId=21558&documentId=4064736&documentType=report&eventId=554427&navigation=external&utm_medium=referral&utm_source=mcp&rp=17,non_ifrs,FY2026,2026-03-31,FY,Non-IFRS Measures Utilized by Our Business,Other items (2),0.2,usd_millions,0,0,10,reconciliation of Adjusted EBITDA / Adjusted Gross Margin / Distributable Cash Flow to net earnings (IFRS); column alignment reconstructed from PDF-extractor output and independently confirmed by arithmetic footing of the printed subtotals; first of two 'Other items (2)' rows; footnote 2: 'Other items consists of net unrealized electricity contract gains/losses.'
business_100,4064736,17,https://web.quartr.com/companies/21558?companyId=21558&documentId=4064736&documentType=report&eventId=554427&navigation=external&utm_medium=referral&utm_source=mcp&rp=17,non_ifrs,FY2025,2025-03-31,FY,Non-IFRS Measures Utilized by Our Business,Other items (2),-0.1,usd_millions,0,1,10,reconciliation of Adjusted EBITDA / Adjusted Gross Margin / Distributable Cash Flow to net earnings (IFRS); column alignment reconstructed from PDF-extractor output and independently confirmed by arithmetic footing of the printed subtotals; first of two 'Other items (2)' rows; footnote 2: 'Other items consists of net unrealized electricity contract gains/losses.'
business_100,4064736,17,https://web.quartr.com/companies/21558?companyId=21558&documentId=4064736&documentType=report&eventId=554427&navigation=external&utm_medium=referral&utm_source=mcp&rp=17,non_ifrs,Q4 FY2026,2026-03-31,Q,Non-IFRS Measures Utilized by Our Business,Adjusted Gross Margin,128.7,usd_millions,1,0,11,reconciliation of Adjusted EBITDA / Adjusted Gross Margin / Distributable Cash Flow to net earnings (IFRS); column alignment reconstructed from PDF-extractor output and independently confirmed by arithmetic footing of the printed subtotals; NON-IFRS SUBTOTAL
business_100,4064736,17,https://web.quartr.com/companies/21558?companyId=21558&documentId=4064736&documentType=report&eventId=554427&navigation=external&utm_medium=referral&utm_source=mcp&rp=17,non_ifrs,Q4 FY2025,2025-03-31,Q,Non-IFRS Measures Utilized by Our Business,Adjusted Gross Margin,134.2,usd_millions,1,1,11,reconciliation of Adjusted EBITDA / Adjusted Gross Margin / Distributable Cash Flow to net earnings (IFRS); column alignment reconstructed from PDF-extractor output and independently confirmed by arithmetic footing of the printed subtotals; NON-IFRS SUBTOTAL
business_100,4064736,17,https://web.quartr.com/companies/21558?companyId=21558&documentId=4064736&documentType=report&eventId=554427&navigation=external&utm_medium=referral&utm_source=mcp&rp=17,non_ifrs,FY2026,2026-03-31,FY,Non-IFRS Measures Utilized by Our Business,Adjusted Gross Margin,459.1,usd_millions,1,0,11,reconciliation of Adjusted EBITDA / Adjusted Gross Margin / Distributable Cash Flow to net earnings (IFRS); column alignment reconstructed from PDF-extractor output and independently confirmed by arithmetic footing of the printed subtotals; NON-IFRS SUBTOTAL
business_100,4064736,17,https://web.quartr.com/companies/21558?companyId=21558&documentId=4064736&documentType=report&eventId=554427&navigation=external&utm_medium=referral&utm_source=mcp&rp=17,non_ifrs,FY2025,2025-03-31,FY,Non-IFRS Measures Utilized by Our Business,Adjusted Gross Margin,412.4,usd_millions,1,1,11,reconciliation of Adjusted EBITDA / Adjusted Gross Margin / Distributable Cash Flow to net earnings (IFRS); column alignment reconstructed from PDF-extractor output and independently confirmed by arithmetic footing of the printed subtotals; NON-IFRS SUBTOTAL
business_100,4064736,17,https://web.quartr.com/companies/21558?companyId=21558&documentId=4064736&documentType=report&eventId=554427&navigation=external&utm_medium=referral&utm_source=mcp&rp=17,non_ifrs,Q4 FY2026,2026-03-31,Q,Non-IFRS Measures Utilized by Our Business,Operating,-13.2,usd_millions,0,0,12,reconciliation of Adjusted EBITDA / Adjusted Gross Margin / Distributable Cash Flow to net earnings (IFRS); column alignment reconstructed from PDF-extractor output and independently confirmed by arithmetic footing of the printed subtotals; DEDUCTION toward Distributable Cash Flow (second of two 'Operating' rows)
business_100,4064736,17,https://web.quartr.com/companies/21558?companyId=21558&documentId=4064736&documentType=report&eventId=554427&navigation=external&utm_medium=referral&utm_source=mcp&rp=17,non_ifrs,Q4 FY2025,2025-03-31,Q,Non-IFRS Measures Utilized by Our Business,Operating,-13.8,usd_millions,0,1,12,reconciliation of Adjusted EBITDA / Adjusted Gross Margin / Distributable Cash Flow to net earnings (IFRS); column alignment reconstructed from PDF-extractor output and independently confirmed by arithmetic footing of the printed subtotals; DEDUCTION toward Distributable Cash Flow (second of two 'Operating' rows)
business_100,4064736,17,https://web.quartr.com/companies/21558?companyId=21558&documentId=4064736&documentType=report&eventId=554427&navigation=external&utm_medium=referral&utm_source=mcp&rp=17,non_ifrs,FY2026,2026-03-31,FY,Non-IFRS Measures Utilized by Our Business,Operating,-50.8,usd_millions,0,0,12,reconciliation of Adjusted EBITDA / Adjusted Gross Margin / Distributable Cash Flow to net earnings (IFRS); column alignment reconstructed from PDF-extractor output and independently confirmed by arithmetic footing of the printed subtotals; DEDUCTION toward Distributable Cash Flow (second of two 'Operating' rows)
business_100,4064736,17,https://web.quartr.com/companies/21558?companyId=21558&documentId=4064736&documentType=report&eventId=554427&navigation=external&utm_medium=referral&utm_source=mcp&rp=17,non_ifrs,FY2025,2025-03-31,FY,Non-IFRS Measures Utilized by Our Business,Operating,-49.5,usd_millions,0,1,12,reconciliation of Adjusted EBITDA / Adjusted Gross Margin / Distributable Cash Flow to net earnings (IFRS); column alignment reconstructed from PDF-extractor output and independently confirmed by arithmetic footing of the printed subtotals; DEDUCTION toward Distributable Cash Flow (second of two 'Operating' rows)
business_100,4064736,17,https://web.quartr.com/companies/21558?companyId=21558&documentId=4064736&documentType=report&eventId=554427&navigation=external&utm_medium=referral&utm_source=mcp&rp=17,non_ifrs,Q4 FY2026,2026-03-31,Q,Non-IFRS Measures Utilized by Our Business,General and administrative,-6.5,usd_millions,0,0,13,reconciliation of Adjusted EBITDA / Adjusted Gross Margin / Distributable Cash Flow to net earnings (IFRS); column alignment reconstructed from PDF-extractor output and independently confirmed by arithmetic footing of the printed subtotals; DEDUCTION toward Distributable Cash Flow (second of two 'General and administrative' rows)
business_100,4064736,17,https://web.quartr.com/companies/21558?companyId=21558&documentId=4064736&documentType=report&eventId=554427&navigation=external&utm_medium=referral&utm_source=mcp&rp=17,non_ifrs,Q4 FY2025,2025-03-31,Q,Non-IFRS Measures Utilized by Our Business,General and administrative,-7.8,usd_millions,0,1,13,reconciliation of Adjusted EBITDA / Adjusted Gross Margin / Distributable Cash Flow to net earnings (IFRS); column alignment reconstructed from PDF-extractor output and independently confirmed by arithmetic footing of the printed subtotals; DEDUCTION toward Distributable Cash Flow (second of two 'General and administrative' rows)
business_100,4064736,17,https://web.quartr.com/companies/21558?companyId=21558&documentId=4064736&documentType=report&eventId=554427&navigation=external&utm_medium=referral&utm_source=mcp&rp=17,non_ifrs,FY2026,2026-03-31,FY,Non-IFRS Measures Utilized by Our Business,General and administrative,-22.2,usd_millions,0,0,13,reconciliation of Adjusted EBITDA / Adjusted Gross Margin / Distributable Cash Flow to net earnings (IFRS); column alignment reconstructed from PDF-extractor output and independently confirmed by arithmetic footing of the printed subtotals; DEDUCTION toward Distributable Cash Flow (second of two 'General and administrative' rows)
business_100,4064736,17,https://web.quartr.com/companies/21558?companyId=21558&documentId=4064736&documentType=report&eventId=554427&navigation=external&utm_medium=referral&utm_source=mcp&rp=17,non_ifrs,FY2025,2025-03-31,FY,Non-IFRS Measures Utilized by Our Business,General and administrative,-24.2,usd_millions,0,1,13,reconciliation of Adjusted EBITDA / Adjusted Gross Margin / Distributable Cash Flow to net earnings (IFRS); column alignment reconstructed from PDF-extractor output and independently confirmed by arithmetic footing of the printed subtotals; DEDUCTION toward Distributable Cash Flow (second of two 'General and administrative' rows)
business_100,4064736,17,https://web.quartr.com/companies/21558?companyId=21558&documentId=4064736&documentType=report&eventId=554427&navigation=external&utm_medium=referral&utm_source=mcp&rp=17,non_ifrs,Q4 FY2026,2026-03-31,Q,Non-IFRS Measures Utilized by Our Business,Interest expense (3),-18.6,usd_millions,0,0,14,"reconciliation of Adjusted EBITDA / Adjusted Gross Margin / Distributable Cash Flow to net earnings (IFRS); column alignment reconstructed from PDF-extractor output and independently confirmed by arithmetic footing of the printed subtotals; footnote 3: 'Interest expense includes interest on non-affiliated debt obligations, including the Term Loan due 2026, Term Loan due 2031, the ABL Facility, the Warwick Credit Facility and other interest income (expense), net of realized gains on interest rate swaps.'"
business_100,4064736,17,https://web.quartr.com/companies/21558?companyId=21558&documentId=4064736&documentType=report&eventId=554427&navigation=external&utm_medium=referral&utm_source=mcp&rp=17,non_ifrs,Q4 FY2025,2025-03-31,Q,Non-IFRS Measures Utilized by Our Business,Interest expense (3),-22.7,usd_millions,0,1,14,"reconciliation of Adjusted EBITDA / Adjusted Gross Margin / Distributable Cash Flow to net earnings (IFRS); column alignment reconstructed from PDF-extractor output and independently confirmed by arithmetic footing of the printed subtotals; footnote 3: 'Interest expense includes interest on non-affiliated debt obligations, including the Term Loan due 2026, Term Loan due 2031, the ABL Facility, the Warwick Credit Facility and other interest income (expense), net of realized gains on interest rate swaps.'"
business_100,4064736,17,https://web.quartr.com/companies/21558?companyId=21558&documentId=4064736&documentType=report&eventId=554427&navigation=external&utm_medium=referral&utm_source=mcp&rp=17,non_ifrs,FY2026,2026-03-31,FY,Non-IFRS Measures Utilized by Our Business,Interest expense (3),-80.7,usd_millions,0,0,14,"reconciliation of Adjusted EBITDA / Adjusted Gross Margin / Distributable Cash Flow to net earnings (IFRS); column alignment reconstructed from PDF-extractor output and independently confirmed by arithmetic footing of the printed subtotals; footnote 3: 'Interest expense includes interest on non-affiliated debt obligations, including the Term Loan due 2026, Term Loan due 2031, the ABL Facility, the Warwick Credit Facility and other interest income (expense), net of realized gains on interest rate swaps.'"
business_100,4064736,17,https://web.quartr.com/companies/21558?companyId=21558&documentId=4064736&documentType=report&eventId=554427&navigation=external&utm_medium=referral&utm_source=mcp&rp=17,non_ifrs,FY2025,2025-03-31,FY,Non-IFRS Measures Utilized by Our Business,Interest expense (3),-70.0,usd_millions,0,1,14,"reconciliation of Adjusted EBITDA / Adjusted Gross Margin / Distributable Cash Flow to net earnings (IFRS); column alignment reconstructed from PDF-extractor output and independently confirmed by arithmetic footing of the printed subtotals; footnote 3: 'Interest expense includes interest on non-affiliated debt obligations, including the Term Loan due 2026, Term Loan due 2031, the ABL Facility, the Warwick Credit Facility and other interest income (expense), net of realized gains on interest rate swaps.'"
business_100,4064736,17,https://web.quartr.com/companies/21558?companyId=21558&documentId=4064736&documentType=report&eventId=554427&navigation=external&utm_medium=referral&utm_source=mcp&rp=17,non_ifrs,Q4 FY2026,2026-03-31,Q,Non-IFRS Measures Utilized by Our Business,Mandatory debt repayments,-3.1,usd_millions,0,0,15,reconciliation of Adjusted EBITDA / Adjusted Gross Margin / Distributable Cash Flow to net earnings (IFRS); column alignment reconstructed from PDF-extractor output and independently confirmed by arithmetic footing of the printed subtotals
business_100,4064736,17,https://web.quartr.com/companies/21558?companyId=21558&documentId=4064736&documentType=report&eventId=554427&navigation=external&utm_medium=referral&utm_source=mcp&rp=17,non_ifrs,Q4 FY2025,2025-03-31,Q,Non-IFRS Measures Utilized by Our Business,Mandatory debt repayments,-3.1,usd_millions,0,1,15,reconciliation of Adjusted EBITDA / Adjusted Gross Margin / Distributable Cash Flow to net earnings (IFRS); column alignment reconstructed from PDF-extractor output and independently confirmed by arithmetic footing of the printed subtotals
business_100,4064736,17,https://web.quartr.com/companies/21558?companyId=21558&documentId=4064736&documentType=report&eventId=554427&navigation=external&utm_medium=referral&utm_source=mcp&rp=17,non_ifrs,FY2026,2026-03-31,FY,Non-IFRS Measures Utilized by Our Business,Mandatory debt repayments,-12.5,usd_millions,0,0,15,reconciliation of Adjusted EBITDA / Adjusted Gross Margin / Distributable Cash Flow to net earnings (IFRS); column alignment reconstructed from PDF-extractor output and independently confirmed by arithmetic footing of the printed subtotals
business_100,4064736,17,https://web.quartr.com/companies/21558?companyId=21558&documentId=4064736&documentType=report&eventId=554427&navigation=external&utm_medium=referral&utm_source=mcp&rp=17,non_ifrs,FY2025,2025-03-31,FY,Non-IFRS Measures Utilized by Our Business,Mandatory debt repayments,-3.1,usd_millions,0,1,15,reconciliation of Adjusted EBITDA / Adjusted Gross Margin / Distributable Cash Flow to net earnings (IFRS); column alignment reconstructed from PDF-extractor output and independently confirmed by arithmetic footing of the printed subtotals
business_100,4064736,17,https://web.quartr.com/companies/21558?companyId=21558&documentId=4064736&documentType=report&eventId=554427&navigation=external&utm_medium=referral&utm_source=mcp&rp=17,non_ifrs,Q4 FY2026,2026-03-31,Q,Non-IFRS Measures Utilized by Our Business,Current taxes,-3.0,usd_millions,0,0,16,reconciliation of Adjusted EBITDA / Adjusted Gross Margin / Distributable Cash Flow to net earnings (IFRS); column alignment reconstructed from PDF-extractor output and independently confirmed by arithmetic footing of the printed subtotals; Q4 FY2025 printed_dash_zero
business_100,4064736,17,https://web.quartr.com/companies/21558?companyId=21558&documentId=4064736&documentType=report&eventId=554427&navigation=external&utm_medium=referral&utm_source=mcp&rp=17,non_ifrs,Q4 FY2025,2025-03-31,Q,Non-IFRS Measures Utilized by Our Business,Current taxes,0,usd_millions,0,1,16,reconciliation of Adjusted EBITDA / Adjusted Gross Margin / Distributable Cash Flow to net earnings (IFRS); column alignment reconstructed from PDF-extractor output and independently confirmed by arithmetic footing of the printed subtotals; Q4 FY2025 printed_dash_zero
business_100,4064736,17,https://web.quartr.com/companies/21558?companyId=21558&documentId=4064736&documentType=report&eventId=554427&navigation=external&utm_medium=referral&utm_source=mcp&rp=17,non_ifrs,FY2026,2026-03-31,FY,Non-IFRS Measures Utilized by Our Business,Current taxes,-6.1,usd_millions,0,0,16,reconciliation of Adjusted EBITDA / Adjusted Gross Margin / Distributable Cash Flow to net earnings (IFRS); column alignment reconstructed from PDF-extractor output and independently confirmed by arithmetic footing of the printed subtotals; Q4 FY2025 printed_dash_zero
business_100,4064736,17,https://web.quartr.com/companies/21558?companyId=21558&documentId=4064736&documentType=report&eventId=554427&navigation=external&utm_medium=referral&utm_source=mcp&rp=17,non_ifrs,FY2025,2025-03-31,FY,Non-IFRS Measures Utilized by Our Business,Current taxes,-0.6,usd_millions,0,1,16,reconciliation of Adjusted EBITDA / Adjusted Gross Margin / Distributable Cash Flow to net earnings (IFRS); column alignment reconstructed from PDF-extractor output and independently confirmed by arithmetic footing of the printed subtotals; Q4 FY2025 printed_dash_zero
business_100,4064736,17,https://web.quartr.com/companies/21558?companyId=21558&documentId=4064736&documentType=report&eventId=554427&navigation=external&utm_medium=referral&utm_source=mcp&rp=17,non_ifrs,Q4 FY2026,2026-03-31,Q,Non-IFRS Measures Utilized by Our Business,Cash lease payments (4),-3.4,usd_millions,0,0,17,"reconciliation of Adjusted EBITDA / Adjusted Gross Margin / Distributable Cash Flow to net earnings (IFRS); column alignment reconstructed from PDF-extractor output and independently confirmed by arithmetic footing of the printed subtotals; footnote 4: 'Excludes a one-time payment of $19.3 million made during the three months ended September 30, 2025 related to modified storage leases. All future payments for the related leases were eliminated in exchange for one upfront payment. Excludes variable lease payments included in operating.'"
business_100,4064736,17,https://web.quartr.com/companies/21558?companyId=21558&documentId=4064736&documentType=report&eventId=554427&navigation=external&utm_medium=referral&utm_source=mcp&rp=17,non_ifrs,Q4 FY2025,2025-03-31,Q,Non-IFRS Measures Utilized by Our Business,Cash lease payments (4),-3.1,usd_millions,0,1,17,"reconciliation of Adjusted EBITDA / Adjusted Gross Margin / Distributable Cash Flow to net earnings (IFRS); column alignment reconstructed from PDF-extractor output and independently confirmed by arithmetic footing of the printed subtotals; footnote 4: 'Excludes a one-time payment of $19.3 million made during the three months ended September 30, 2025 related to modified storage leases. All future payments for the related leases were eliminated in exchange for one upfront payment. Excludes variable lease payments included in operating.'"
business_100,4064736,17,https://web.quartr.com/companies/21558?companyId=21558&documentId=4064736&documentType=report&eventId=554427&navigation=external&utm_medium=referral&utm_source=mcp&rp=17,non_ifrs,FY2026,2026-03-31,FY,Non-IFRS Measures Utilized by Our Business,Cash lease payments (4),-8.6,usd_millions,0,0,17,"reconciliation of Adjusted EBITDA / Adjusted Gross Margin / Distributable Cash Flow to net earnings (IFRS); column alignment reconstructed from PDF-extractor output and independently confirmed by arithmetic footing of the printed subtotals; footnote 4: 'Excludes a one-time payment of $19.3 million made during the three months ended September 30, 2025 related to modified storage leases. All future payments for the related leases were eliminated in exchange for one upfront payment. Excludes variable lease payments included in operating.'"
business_100,4064736,17,https://web.quartr.com/companies/21558?companyId=21558&documentId=4064736&documentType=report&eventId=554427&navigation=external&utm_medium=referral&utm_source=mcp&rp=17,non_ifrs,FY2025,2025-03-31,FY,Non-IFRS Measures Utilized by Our Business,Cash lease payments (4),-9.3,usd_millions,0,1,17,"reconciliation of Adjusted EBITDA / Adjusted Gross Margin / Distributable Cash Flow to net earnings (IFRS); column alignment reconstructed from PDF-extractor output and independently confirmed by arithmetic footing of the printed subtotals; footnote 4: 'Excludes a one-time payment of $19.3 million made during the three months ended September 30, 2025 related to modified storage leases. All future payments for the related leases were eliminated in exchange for one upfront payment. Excludes variable lease payments included in operating.'"
business_100,4064736,17,https://web.quartr.com/companies/21558?companyId=21558&documentId=4064736&documentType=report&eventId=554427&navigation=external&utm_medium=referral&utm_source=mcp&rp=17,non_ifrs,Q4 FY2026,2026-03-31,Q,Non-IFRS Measures Utilized by Our Business,Maintenance capital expenditures (5),-6.3,usd_millions,0,0,18,reconciliation of Adjusted EBITDA / Adjusted Gross Margin / Distributable Cash Flow to net earnings (IFRS); column alignment reconstructed from PDF-extractor output and independently confirmed by arithmetic footing of the printed subtotals; footnote 5: 'Fiscal 2025 maintenance capital expenditures were adjusted downwards to reflect $5.5 million in one-time costs associated with historical heat imbalances and cushion gas migration.' FY2025 26.8 (p.26 capex table) less 5.5 = 21.3 - DEFINITION ADJUSTMENT to the comparative
business_100,4064736,17,https://web.quartr.com/companies/21558?companyId=21558&documentId=4064736&documentType=report&eventId=554427&navigation=external&utm_medium=referral&utm_source=mcp&rp=17,non_ifrs,Q4 FY2025,2025-03-31,Q,Non-IFRS Measures Utilized by Our Business,Maintenance capital expenditures (5),-5.8,usd_millions,0,1,18,reconciliation of Adjusted EBITDA / Adjusted Gross Margin / Distributable Cash Flow to net earnings (IFRS); column alignment reconstructed from PDF-extractor output and independently confirmed by arithmetic footing of the printed subtotals; footnote 5: 'Fiscal 2025 maintenance capital expenditures were adjusted downwards to reflect $5.5 million in one-time costs associated with historical heat imbalances and cushion gas migration.' FY2025 26.8 (p.26 capex table) less 5.5 = 21.3 - DEFINITION ADJUSTMENT to the comparative
business_100,4064736,17,https://web.quartr.com/companies/21558?companyId=21558&documentId=4064736&documentType=report&eventId=554427&navigation=external&utm_medium=referral&utm_source=mcp&rp=17,non_ifrs,FY2026,2026-03-31,FY,Non-IFRS Measures Utilized by Our Business,Maintenance capital expenditures (5),-26.4,usd_millions,0,0,18,reconciliation of Adjusted EBITDA / Adjusted Gross Margin / Distributable Cash Flow to net earnings (IFRS); column alignment reconstructed from PDF-extractor output and independently confirmed by arithmetic footing of the printed subtotals; footnote 5: 'Fiscal 2025 maintenance capital expenditures were adjusted downwards to reflect $5.5 million in one-time costs associated with historical heat imbalances and cushion gas migration.' FY2025 26.8 (p.26 capex table) less 5.5 = 21.3 - DEFINITION ADJUSTMENT to the comparative
business_100,4064736,17,https://web.quartr.com/companies/21558?companyId=21558&documentId=4064736&documentType=report&eventId=554427&navigation=external&utm_medium=referral&utm_source=mcp&rp=17,non_ifrs,FY2025,2025-03-31,FY,Non-IFRS Measures Utilized by Our Business,Maintenance capital expenditures (5),-21.3,usd_millions,0,1,18,reconciliation of Adjusted EBITDA / Adjusted Gross Margin / Distributable Cash Flow to net earnings (IFRS); column alignment reconstructed from PDF-extractor output and independently confirmed by arithmetic footing of the printed subtotals; footnote 5: 'Fiscal 2025 maintenance capital expenditures were adjusted downwards to reflect $5.5 million in one-time costs associated with historical heat imbalances and cushion gas migration.' FY2025 26.8 (p.26 capex table) less 5.5 = 21.3 - DEFINITION ADJUSTMENT to the comparative
business_100,4064736,17,https://web.quartr.com/companies/21558?companyId=21558&documentId=4064736&documentType=report&eventId=554427&navigation=external&utm_medium=referral&utm_source=mcp&rp=17,non_ifrs,Q4 FY2026,2026-03-31,Q,Non-IFRS Measures Utilized by Our Business,Other items (2),0.2,usd_millions,0,0,19,reconciliation of Adjusted EBITDA / Adjusted Gross Margin / Distributable Cash Flow to net earnings (IFRS); column alignment reconstructed from PDF-extractor output and independently confirmed by arithmetic footing of the printed subtotals; second of two 'Other items (2)' rows
business_100,4064736,17,https://web.quartr.com/companies/21558?companyId=21558&documentId=4064736&documentType=report&eventId=554427&navigation=external&utm_medium=referral&utm_source=mcp&rp=17,non_ifrs,Q4 FY2025,2025-03-31,Q,Non-IFRS Measures Utilized by Our Business,Other items (2),0.1,usd_millions,0,1,19,reconciliation of Adjusted EBITDA / Adjusted Gross Margin / Distributable Cash Flow to net earnings (IFRS); column alignment reconstructed from PDF-extractor output and independently confirmed by arithmetic footing of the printed subtotals; second of two 'Other items (2)' rows
business_100,4064736,17,https://web.quartr.com/companies/21558?companyId=21558&documentId=4064736&documentType=report&eventId=554427&navigation=external&utm_medium=referral&utm_source=mcp&rp=17,non_ifrs,FY2026,2026-03-31,FY,Non-IFRS Measures Utilized by Our Business,Other items (2),-0.2,usd_millions,0,0,19,reconciliation of Adjusted EBITDA / Adjusted Gross Margin / Distributable Cash Flow to net earnings (IFRS); column alignment reconstructed from PDF-extractor output and independently confirmed by arithmetic footing of the printed subtotals; second of two 'Other items (2)' rows
business_100,4064736,17,https://web.quartr.com/companies/21558?companyId=21558&documentId=4064736&documentType=report&eventId=554427&navigation=external&utm_medium=referral&utm_source=mcp&rp=17,non_ifrs,FY2025,2025-03-31,FY,Non-IFRS Measures Utilized by Our Business,Other items (2),0.1,usd_millions,0,1,19,reconciliation of Adjusted EBITDA / Adjusted Gross Margin / Distributable Cash Flow to net earnings (IFRS); column alignment reconstructed from PDF-extractor output and independently confirmed by arithmetic footing of the printed subtotals; second of two 'Other items (2)' rows
business_100,4064736,17,https://web.quartr.com/companies/21558?companyId=21558&documentId=4064736&documentType=report&eventId=554427&navigation=external&utm_medium=referral&utm_source=mcp&rp=17,non_ifrs,Q4 FY2026,2026-03-31,Q,Non-IFRS Measures Utilized by Our Business,Distributable Cash Flow,74.8,usd_millions,1,0,20,reconciliation of Adjusted EBITDA / Adjusted Gross Margin / Distributable Cash Flow to net earnings (IFRS); column alignment reconstructed from PDF-extractor output and independently confirmed by arithmetic footing of the printed subtotals; NON-IFRS SUBTOTAL
business_100,4064736,17,https://web.quartr.com/companies/21558?companyId=21558&documentId=4064736&documentType=report&eventId=554427&navigation=external&utm_medium=referral&utm_source=mcp&rp=17,non_ifrs,Q4 FY2025,2025-03-31,Q,Non-IFRS Measures Utilized by Our Business,Distributable Cash Flow,78.0,usd_millions,1,1,20,reconciliation of Adjusted EBITDA / Adjusted Gross Margin / Distributable Cash Flow to net earnings (IFRS); column alignment reconstructed from PDF-extractor output and independently confirmed by arithmetic footing of the printed subtotals; NON-IFRS SUBTOTAL
business_100,4064736,17,https://web.quartr.com/companies/21558?companyId=21558&documentId=4064736&documentType=report&eventId=554427&navigation=external&utm_medium=referral&utm_source=mcp&rp=17,non_ifrs,FY2026,2026-03-31,FY,Non-IFRS Measures Utilized by Our Business,Distributable Cash Flow,251.6,usd_millions,1,0,20,reconciliation of Adjusted EBITDA / Adjusted Gross Margin / Distributable Cash Flow to net earnings (IFRS); column alignment reconstructed from PDF-extractor output and independently confirmed by arithmetic footing of the printed subtotals; NON-IFRS SUBTOTAL
business_100,4064736,17,https://web.quartr.com/companies/21558?companyId=21558&documentId=4064736&documentType=report&eventId=554427&navigation=external&utm_medium=referral&utm_source=mcp&rp=17,non_ifrs,FY2025,2025-03-31,FY,Non-IFRS Measures Utilized by Our Business,Distributable Cash Flow,234.5,usd_millions,1,1,20,reconciliation of Adjusted EBITDA / Adjusted Gross Margin / Distributable Cash Flow to net earnings (IFRS); column alignment reconstructed from PDF-extractor output and independently confirmed by arithmetic footing of the printed subtotals; NON-IFRS SUBTOTAL
business_100,4064736,17,https://web.quartr.com/companies/21558?companyId=21558&documentId=4064736&documentType=report&eventId=554427&navigation=external&utm_medium=referral&utm_source=mcp&rp=17,non_ifrs,FY2026,2026-03-31,instant,Non-IFRS Measures Utilized by Our Business,Short-term debt,12.2,usd_millions,0,0,1,reconciliation of net debt to total debt outstanding (IFRS); column alignment reconstructed from PDF-extractor output and independently confirmed by arithmetic footing of the printed subtotals
business_100,4064736,17,https://web.quartr.com/companies/21558?companyId=21558&documentId=4064736&documentType=report&eventId=554427&navigation=external&utm_medium=referral&utm_source=mcp&rp=17,non_ifrs,FY2025,2025-03-31,instant,Non-IFRS Measures Utilized by Our Business,Short-term debt,25.8,usd_millions,0,1,1,reconciliation of net debt to total debt outstanding (IFRS); column alignment reconstructed from PDF-extractor output and independently confirmed by arithmetic footing of the printed subtotals
business_100,4064736,17,https://web.quartr.com/companies/21558?companyId=21558&documentId=4064736&documentType=report&eventId=554427&navigation=external&utm_medium=referral&utm_source=mcp&rp=17,non_ifrs,FY2026,2026-03-31,instant,Non-IFRS Measures Utilized by Our Business,Long-term debt,1197.3,usd_millions,0,0,2,reconciliation of net debt to total debt outstanding (IFRS); column alignment reconstructed from PDF-extractor output and independently confirmed by arithmetic footing of the printed subtotals
business_100,4064736,17,https://web.quartr.com/companies/21558?companyId=21558&documentId=4064736&documentType=report&eventId=554427&navigation=external&utm_medium=referral&utm_source=mcp&rp=17,non_ifrs,FY2025,2025-03-31,instant,Non-IFRS Measures Utilized by Our Business,Long-term debt,1208.1,usd_millions,0,1,2,reconciliation of net debt to total debt outstanding (IFRS); column alignment reconstructed from PDF-extractor output and independently confirmed by arithmetic footing of the printed subtotals
business_100,4064736,17,https://web.quartr.com/companies/21558?companyId=21558&documentId=4064736&documentType=report&eventId=554427&navigation=external&utm_medium=referral&utm_source=mcp&rp=17,non_ifrs,FY2026,2026-03-31,instant,Non-IFRS Measures Utilized by Our Business,Total debt outstanding,1209.5,usd_millions,1,0,3,reconciliation of net debt to total debt outstanding (IFRS); column alignment reconstructed from PDF-extractor output and independently confirmed by arithmetic footing of the printed subtotals; IFRS measure
business_100,4064736,17,https://web.quartr.com/companies/21558?companyId=21558&documentId=4064736&documentType=report&eventId=554427&navigation=external&utm_medium=referral&utm_source=mcp&rp=17,non_ifrs,FY2025,2025-03-31,instant,Non-IFRS Measures Utilized by Our Business,Total debt outstanding,1233.9,usd_millions,1,1,3,reconciliation of net debt to total debt outstanding (IFRS); column alignment reconstructed from PDF-extractor output and independently confirmed by arithmetic footing of the printed subtotals; IFRS measure
business_100,4064736,17,https://web.quartr.com/companies/21558?companyId=21558&documentId=4064736&documentType=report&eventId=554427&navigation=external&utm_medium=referral&utm_source=mcp&rp=17,non_ifrs,FY2026,2026-03-31,instant,Non-IFRS Measures Utilized by Our Business,Add: Unamortized discount and deferred financing costs,24.9,usd_millions,0,0,4,reconciliation of net debt to total debt outstanding (IFRS); column alignment reconstructed from PDF-extractor output and independently confirmed by arithmetic footing of the printed subtotals
business_100,4064736,17,https://web.quartr.com/companies/21558?companyId=21558&documentId=4064736&documentType=report&eventId=554427&navigation=external&utm_medium=referral&utm_source=mcp&rp=17,non_ifrs,FY2025,2025-03-31,instant,Non-IFRS Measures Utilized by Our Business,Add: Unamortized discount and deferred financing costs,26.5,usd_millions,0,1,4,reconciliation of net debt to total debt outstanding (IFRS); column alignment reconstructed from PDF-extractor output and independently confirmed by arithmetic footing of the printed subtotals
business_100,4064736,17,https://web.quartr.com/companies/21558?companyId=21558&documentId=4064736&documentType=report&eventId=554427&navigation=external&utm_medium=referral&utm_source=mcp&rp=17,non_ifrs,FY2026,2026-03-31,instant,Non-IFRS Measures Utilized by Our Business,Less: Cash and cash equivalents,-42.3,usd_millions,0,0,5,reconciliation of net debt to total debt outstanding (IFRS); column alignment reconstructed from PDF-extractor output and independently confirmed by arithmetic footing of the printed subtotals
business_100,4064736,17,https://web.quartr.com/companies/21558?companyId=21558&documentId=4064736&documentType=report&eventId=554427&navigation=external&utm_medium=referral&utm_source=mcp&rp=17,non_ifrs,FY2025,2025-03-31,instant,Non-IFRS Measures Utilized by Our Business,Less: Cash and cash equivalents,-204.1,usd_millions,0,1,5,reconciliation of net debt to total debt outstanding (IFRS); column alignment reconstructed from PDF-extractor output and independently confirmed by arithmetic footing of the printed subtotals
business_100,4064736,17,https://web.quartr.com/companies/21558?companyId=21558&documentId=4064736&documentType=report&eventId=554427&navigation=external&utm_medium=referral&utm_source=mcp&rp=17,non_ifrs,FY2026,2026-03-31,instant,Non-IFRS Measures Utilized by Our Business,Net debt,1192.1,usd_millions,1,0,6,reconciliation of net debt to total debt outstanding (IFRS); column alignment reconstructed from PDF-extractor output and independently confirmed by arithmetic footing of the printed subtotals; NON-IFRS SUBTOTAL
business_100,4064736,17,https://web.quartr.com/companies/21558?companyId=21558&documentId=4064736&documentType=report&eventId=554427&navigation=external&utm_medium=referral&utm_source=mcp&rp=17,non_ifrs,FY2025,2025-03-31,instant,Non-IFRS Measures Utilized by Our Business,Net debt,1056.3,usd_millions,1,1,6,reconciliation of net debt to total debt outstanding (IFRS); column alignment reconstructed from PDF-extractor output and independently confirmed by arithmetic footing of the printed subtotals; NON-IFRS SUBTOTAL
business_100,4064736,17,https://web.quartr.com/companies/21558?companyId=21558&documentId=4064736&documentType=report&eventId=554427&navigation=external&utm_medium=referral&utm_source=mcp&rp=17,non_ifrs,FY2026,2026-03-31,instant,Non-IFRS Measures Utilized by Our Business,Net debt to Adjusted EBITDA,3.1,count,0,0,7,reconciliation of net debt to total debt outstanding (IFRS); column alignment reconstructed from PDF-extractor output and independently confirmed by arithmetic footing of the printed subtotals; printed as '3.1x'; ratio unit not in SPEC list
business_100,4064736,17,https://web.quartr.com/companies/21558?companyId=21558&documentId=4064736&documentType=report&eventId=554427&navigation=external&utm_medium=referral&utm_source=mcp&rp=17,non_ifrs,FY2025,2025-03-31,instant,Non-IFRS Measures Utilized by Our Business,Net debt to Adjusted EBITDA,3.1,count,0,1,7,reconciliation of net debt to total debt outstanding (IFRS); column alignment reconstructed from PDF-extractor output and independently confirmed by arithmetic footing of the printed subtotals; printed as '3.1x'; ratio unit not in SPEC list
business_100,4064736,18,https://web.quartr.com/companies/21558?companyId=21558&documentId=4064736&documentType=report&eventId=554427&navigation=external&utm_medium=referral&utm_source=mcp&rp=18,kpi,FY2026,2026-03-31,FY,Contracted Fee-for-Service Revenue Backlog - California,Opening balance,737.7,usd_millions,0,0,5,geography label taken from the narrative introducing the table ('changes in our California contracted Fee-for-Service revenue backlog'); the extracted table itself carries no printed geography caption Footnote 1: 'Contracted Fee-for-Service revenue backlog excludes fuel and commodity recovery associated with ToP contracts.'
business_100,4064736,18,https://web.quartr.com/companies/21558?companyId=21558&documentId=4064736&documentType=report&eventId=554427&navigation=external&utm_medium=referral&utm_source=mcp&rp=18,kpi,FY2025,2025-03-31,FY,Contracted Fee-for-Service Revenue Backlog - California,Opening balance,452.0,usd_millions,0,1,2,geography label taken from the narrative introducing the table ('changes in our California contracted Fee-for-Service revenue backlog'); the extracted table itself carries no printed geography caption Footnote 1: 'Contracted Fee-for-Service revenue backlog excludes fuel and commodity recovery associated with ToP contracts.'
business_100,4064736,18,https://web.quartr.com/companies/21558?companyId=21558&documentId=4064736&documentType=report&eventId=554427&navigation=external&utm_medium=referral&utm_source=mcp&rp=18,kpi,FY2026,2026-03-31,FY,Contracted Fee-for-Service Revenue Backlog - California,Fee-for-Service contracts signed during the fiscal period,307.6,usd_millions,0,0,6,geography label taken from the narrative introducing the table ('changes in our California contracted Fee-for-Service revenue backlog'); the extracted table itself carries no printed geography caption
business_100,4064736,18,https://web.quartr.com/companies/21558?companyId=21558&documentId=4064736&documentType=report&eventId=554427&navigation=external&utm_medium=referral&utm_source=mcp&rp=18,kpi,FY2025,2025-03-31,FY,Contracted Fee-for-Service Revenue Backlog - California,Fee-for-Service contracts signed during the fiscal period,521.5,usd_millions,0,1,3,geography label taken from the narrative introducing the table ('changes in our California contracted Fee-for-Service revenue backlog'); the extracted table itself carries no printed geography caption
business_100,4064736,18,https://web.quartr.com/companies/21558?companyId=21558&documentId=4064736&documentType=report&eventId=554427&navigation=external&utm_medium=referral&utm_source=mcp&rp=18,kpi,FY2026,2026-03-31,FY,Contracted Fee-for-Service Revenue Backlog - California,Fee-for-Service contracted backlog recognized in revenue,-260.9,usd_millions,0,0,7,geography label taken from the narrative introducing the table ('changes in our California contracted Fee-for-Service revenue backlog'); the extracted table itself carries no printed geography caption
business_100,4064736,18,https://web.quartr.com/companies/21558?companyId=21558&documentId=4064736&documentType=report&eventId=554427&navigation=external&utm_medium=referral&utm_source=mcp&rp=18,kpi,FY2025,2025-03-31,FY,Contracted Fee-for-Service Revenue Backlog - California,Fee-for-Service contracted backlog recognized in revenue,-235.8,usd_millions,0,1,4,geography label taken from the narrative introducing the table ('changes in our California contracted Fee-for-Service revenue backlog'); the extracted table itself carries no printed geography caption
business_100,4064736,18,https://web.quartr.com/companies/21558?companyId=21558&documentId=4064736&documentType=report&eventId=554427&navigation=external&utm_medium=referral&utm_source=mcp&rp=18,kpi,FY2026,2026-03-31,FY,Contracted Fee-for-Service Revenue Backlog - California,Ending balance,784.4,usd_millions,1,0,8,geography label taken from the narrative introducing the table ('changes in our California contracted Fee-for-Service revenue backlog'); the extracted table itself carries no printed geography caption
business_100,4064736,18,https://web.quartr.com/companies/21558?companyId=21558&documentId=4064736&documentType=report&eventId=554427&navigation=external&utm_medium=referral&utm_source=mcp&rp=18,kpi,FY2025,2025-03-31,FY,Contracted Fee-for-Service Revenue Backlog - California,Ending balance,737.7,usd_millions,1,1,5,geography label taken from the narrative introducing the table ('changes in our California contracted Fee-for-Service revenue backlog'); the extracted table itself carries no printed geography caption
business_100,4064736,18,https://web.quartr.com/companies/21558?companyId=21558&documentId=4064736&documentType=report&eventId=554427&navigation=external&utm_medium=referral&utm_source=mcp&rp=18,kpi,FY2026,2026-03-31,FY,Contracted Fee-for-Service Revenue Backlog - Alberta,Opening balance,155.5,usd_millions,0,0,9,geography label taken from the narrative introducing the table ('changes in our Alberta contracted Fee-for-Service revenue backlog'); the extracted table itself carries no printed geography caption Footnote 1: 'Contracted Fee-for-Service revenue backlog excludes fuel and commodity recovery associated with ToP contracts.'
business_100,4064736,18,https://web.quartr.com/companies/21558?companyId=21558&documentId=4064736&documentType=report&eventId=554427&navigation=external&utm_medium=referral&utm_source=mcp&rp=18,kpi,FY2025,2025-03-31,FY,Contracted Fee-for-Service Revenue Backlog - Alberta,Opening balance,115.6,usd_millions,0,1,6,geography label taken from the narrative introducing the table ('changes in our Alberta contracted Fee-for-Service revenue backlog'); the extracted table itself carries no printed geography caption Footnote 1: 'Contracted Fee-for-Service revenue backlog excludes fuel and commodity recovery associated with ToP contracts.'
business_100,4064736,18,https://web.quartr.com/companies/21558?companyId=21558&documentId=4064736&documentType=report&eventId=554427&navigation=external&utm_medium=referral&utm_source=mcp&rp=18,kpi,FY2026,2026-03-31,FY,Contracted Fee-for-Service Revenue Backlog - Alberta,Fee-for-Service contracts signed during the fiscal period,125.7,usd_millions,0,0,10,geography label taken from the narrative introducing the table ('changes in our Alberta contracted Fee-for-Service revenue backlog'); the extracted table itself carries no printed geography caption
business_100,4064736,18,https://web.quartr.com/companies/21558?companyId=21558&documentId=4064736&documentType=report&eventId=554427&navigation=external&utm_medium=referral&utm_source=mcp&rp=18,kpi,FY2025,2025-03-31,FY,Contracted Fee-for-Service Revenue Backlog - Alberta,Fee-for-Service contracts signed during the fiscal period,166.5,usd_millions,0,1,7,geography label taken from the narrative introducing the table ('changes in our Alberta contracted Fee-for-Service revenue backlog'); the extracted table itself carries no printed geography caption
business_100,4064736,18,https://web.quartr.com/companies/21558?companyId=21558&documentId=4064736&documentType=report&eventId=554427&navigation=external&utm_medium=referral&utm_source=mcp&rp=18,kpi,FY2026,2026-03-31,FY,Contracted Fee-for-Service Revenue Backlog - Alberta,Fee-for-Service contracted backlog recognized in revenue,-121.7,usd_millions,0,0,11,geography label taken from the narrative introducing the table ('changes in our Alberta contracted Fee-for-Service revenue backlog'); the extracted table itself carries no printed geography caption
business_100,4064736,18,https://web.quartr.com/companies/21558?companyId=21558&documentId=4064736&documentType=report&eventId=554427&navigation=external&utm_medium=referral&utm_source=mcp&rp=18,kpi,FY2025,2025-03-31,FY,Contracted Fee-for-Service Revenue Backlog - Alberta,Fee-for-Service contracted backlog recognized in revenue,-124.6,usd_millions,0,1,8,geography label taken from the narrative introducing the table ('changes in our Alberta contracted Fee-for-Service revenue backlog'); the extracted table itself carries no printed geography caption
business_100,4064736,18,https://web.quartr.com/companies/21558?companyId=21558&documentId=4064736&documentType=report&eventId=554427&navigation=external&utm_medium=referral&utm_source=mcp&rp=18,kpi,FY2026,2026-03-31,FY,Contracted Fee-for-Service Revenue Backlog - Alberta,Foreign currency adjustments and other,3.2,usd_millions,0,0,12,geography label taken from the narrative introducing the table ('changes in our Alberta contracted Fee-for-Service revenue backlog'); the extracted table itself carries no printed geography caption
business_100,4064736,18,https://web.quartr.com/companies/21558?companyId=21558&documentId=4064736&documentType=report&eventId=554427&navigation=external&utm_medium=referral&utm_source=mcp&rp=18,kpi,FY2025,2025-03-31,FY,Contracted Fee-for-Service Revenue Backlog - Alberta,Foreign currency adjustments and other,-2.0,usd_millions,0,1,9,geography label taken from the narrative introducing the table ('changes in our Alberta contracted Fee-for-Service revenue backlog'); the extracted table itself carries no printed geography caption
business_100,4064736,18,https://web.quartr.com/companies/21558?companyId=21558&documentId=4064736&documentType=report&eventId=554427&navigation=external&utm_medium=referral&utm_source=mcp&rp=18,kpi,FY2026,2026-03-31,FY,Contracted Fee-for-Service Revenue Backlog - Alberta,Ending balance,162.7,usd_millions,1,0,13,geography label taken from the narrative introducing the table ('changes in our Alberta contracted Fee-for-Service revenue backlog'); the extracted table itself carries no printed geography caption
business_100,4064736,18,https://web.quartr.com/companies/21558?companyId=21558&documentId=4064736&documentType=report&eventId=554427&navigation=external&utm_medium=referral&utm_source=mcp&rp=18,kpi,FY2025,2025-03-31,FY,Contracted Fee-for-Service Revenue Backlog - Alberta,Ending balance,155.5,usd_millions,1,1,10,geography label taken from the narrative introducing the table ('changes in our Alberta contracted Fee-for-Service revenue backlog'); the extracted table itself carries no printed geography caption
business_100,4064736,18,https://web.quartr.com/companies/21558?companyId=21558&documentId=4064736&documentType=report&eventId=554427&navigation=external&utm_medium=referral&utm_source=mcp&rp=18,kpi,FY2026,2026-03-31,instant,Contracted Fee-for-Service Revenue Backlog,weighted average remaining contract life of all ToP contracts across the portfolio,3.5,count,0,0,15,narrative text; years; unit 'years' not in SPEC list
business_100,4064736,18,https://web.quartr.com/companies/21558?companyId=21558&documentId=4064736&documentType=report&eventId=554427&navigation=external&utm_medium=referral&utm_source=mcp&rp=18,kpi,FY2025,2025-03-31,instant,Contracted Fee-for-Service Revenue Backlog,weighted average remaining contract life of all ToP contracts across the portfolio,3.5,count,0,1,1,narrative text; years; unit 'years' not in SPEC list
business_100,4064736,19,https://web.quartr.com/companies/21558?companyId=21558&documentId=4064736&documentType=report&eventId=554427&navigation=external&utm_medium=referral&utm_source=mcp&rp=19,kpi,FY2026,2026-03-31,FY,Analysis of Key Financial and Operating Measures - ToP Contracts,California - Contract Rate ($/Dth (1)),2.93,usd,0,0,14,line_item is a composite of the printed row caption and the printed column header of a matrix table (row caption + ' - ' + column header); column alignment reconstructed from PDF-extractor output and independently confirmed by arithmetic footing of the printed subtotals per decatherm; INCLUDES fuel and commodity recovery (cf. footnote 1)
business_100,4064736,19,https://web.quartr.com/companies/21558?companyId=21558&documentId=4064736&documentType=report&eventId=554427&navigation=external&utm_medium=referral&utm_source=mcp&rp=19,kpi,FY2025,2025-03-31,FY,Analysis of Key Financial and Operating Measures - ToP Contracts,California - Contract Rate ($/Dth (1)),2.37,usd,0,1,11,line_item is a composite of the printed row caption and the printed column header of a matrix table (row caption + ' - ' + column header); column alignment reconstructed from PDF-extractor output and independently confirmed by arithmetic footing of the printed subtotals per decatherm; INCLUDES fuel and commodity recovery (cf. footnote 1)
business_100,4064736,19,https://web.quartr.com/companies/21558?companyId=21558&documentId=4064736&documentType=report&eventId=554427&navigation=external&utm_medium=referral&utm_source=mcp&rp=19,kpi,FY2026,2026-03-31,FY,Analysis of Key Financial and Operating Measures - ToP Contracts,California - Working Gas Capacity Contribution (MMDth),70.0,count,0,0,15,line_item is a composite of the printed row caption and the printed column header of a matrix table (row caption + ' - ' + column header); column alignment reconstructed from PDF-extractor output and independently confirmed by arithmetic footing of the printed subtotals MMDth (million decatherms); unit not in SPEC list
business_100,4064736,19,https://web.quartr.com/companies/21558?companyId=21558&documentId=4064736&documentType=report&eventId=554427&navigation=external&utm_medium=referral&utm_source=mcp&rp=19,kpi,FY2025,2025-03-31,FY,Analysis of Key Financial and Operating Measures - ToP Contracts,California - Working Gas Capacity Contribution (MMDth),68.9,count,0,1,12,line_item is a composite of the printed row caption and the printed column header of a matrix table (row caption + ' - ' + column header); column alignment reconstructed from PDF-extractor output and independently confirmed by arithmetic footing of the printed subtotals MMDth (million decatherms); unit not in SPEC list
business_100,4064736,19,https://web.quartr.com/companies/21558?companyId=21558&documentId=4064736&documentType=report&eventId=554427&navigation=external&utm_medium=referral&utm_source=mcp&rp=19,kpi,FY2026,2026-03-31,FY,Analysis of Key Financial and Operating Measures - ToP Contracts,California - Fee-for- Service Gross Margin (in millions of $),204.9,usd_millions,0,0,16,line_item is a composite of the printed row caption and the printed column header of a matrix table (row caption + ' - ' + column header); column alignment reconstructed from PDF-extractor output and independently confirmed by arithmetic footing of the printed subtotals
business_100,4064736,19,https://web.quartr.com/companies/21558?companyId=21558&documentId=4064736&documentType=report&eventId=554427&navigation=external&utm_medium=referral&utm_source=mcp&rp=19,kpi,FY2025,2025-03-31,FY,Analysis of Key Financial and Operating Measures - ToP Contracts,California - Fee-for- Service Gross Margin (in millions of $),163.3,usd_millions,0,1,13,line_item is a composite of the printed row caption and the printed column header of a matrix table (row caption + ' - ' + column header); column alignment reconstructed from PDF-extractor output and independently confirmed by arithmetic footing of the printed subtotals
business_100,4064736,19,https://web.quartr.com/companies/21558?companyId=21558&documentId=4064736&documentType=report&eventId=554427&navigation=external&utm_medium=referral&utm_source=mcp&rp=19,kpi,FY2026,2026-03-31,FY,Analysis of Key Financial and Operating Measures - ToP Contracts,Alberta - Contract Rate ($/Dth (1)),1.0,usd,0,0,17,line_item is a composite of the printed row caption and the printed column header of a matrix table (row caption + ' - ' + column header); column alignment reconstructed from PDF-extractor output and independently confirmed by arithmetic footing of the printed subtotals per decatherm; INCLUDES fuel and commodity recovery (cf. footnote 1)
business_100,4064736,19,https://web.quartr.com/companies/21558?companyId=21558&documentId=4064736&documentType=report&eventId=554427&navigation=external&utm_medium=referral&utm_source=mcp&rp=19,kpi,FY2025,2025-03-31,FY,Analysis of Key Financial and Operating Measures - ToP Contracts,Alberta - Contract Rate ($/Dth (1)),0.8,usd,0,1,14,line_item is a composite of the printed row caption and the printed column header of a matrix table (row caption + ' - ' + column header); column alignment reconstructed from PDF-extractor output and independently confirmed by arithmetic footing of the printed subtotals per decatherm; INCLUDES fuel and commodity recovery (cf. footnote 1)
business_100,4064736,19,https://web.quartr.com/companies/21558?companyId=21558&documentId=4064736&documentType=report&eventId=554427&navigation=external&utm_medium=referral&utm_source=mcp&rp=19,kpi,FY2026,2026-03-31,FY,Analysis of Key Financial and Operating Measures - ToP Contracts,Alberta - Working Gas Capacity Contribution (MMDth),28.6,count,0,0,18,line_item is a composite of the printed row caption and the printed column header of a matrix table (row caption + ' - ' + column header); column alignment reconstructed from PDF-extractor output and independently confirmed by arithmetic footing of the printed subtotals MMDth (million decatherms); unit not in SPEC list
business_100,4064736,19,https://web.quartr.com/companies/21558?companyId=21558&documentId=4064736&documentType=report&eventId=554427&navigation=external&utm_medium=referral&utm_source=mcp&rp=19,kpi,FY2025,2025-03-31,FY,Analysis of Key Financial and Operating Measures - ToP Contracts,Alberta - Working Gas Capacity Contribution (MMDth),27.2,count,0,1,15,line_item is a composite of the printed row caption and the printed column header of a matrix table (row caption + ' - ' + column header); column alignment reconstructed from PDF-extractor output and independently confirmed by arithmetic footing of the printed subtotals MMDth (million decatherms); unit not in SPEC list
business_100,4064736,19,https://web.quartr.com/companies/21558?companyId=21558&documentId=4064736&documentType=report&eventId=554427&navigation=external&utm_medium=referral&utm_source=mcp&rp=19,kpi,FY2026,2026-03-31,FY,Analysis of Key Financial and Operating Measures - ToP Contracts,Alberta - Fee-for- Service Gross Margin (in millions of $),28.7,usd_millions,0,0,19,line_item is a composite of the printed row caption and the printed column header of a matrix table (row caption + ' - ' + column header); column alignment reconstructed from PDF-extractor output and independently confirmed by arithmetic footing of the printed subtotals
business_100,4064736,19,https://web.quartr.com/companies/21558?companyId=21558&documentId=4064736&documentType=report&eventId=554427&navigation=external&utm_medium=referral&utm_source=mcp&rp=19,kpi,FY2025,2025-03-31,FY,Analysis of Key Financial and Operating Measures - ToP Contracts,Alberta - Fee-for- Service Gross Margin (in millions of $),21.7,usd_millions,0,1,16,line_item is a composite of the printed row caption and the printed column header of a matrix table (row caption + ' - ' + column header); column alignment reconstructed from PDF-extractor output and independently confirmed by arithmetic footing of the printed subtotals
business_100,4064736,19,https://web.quartr.com/companies/21558?companyId=21558&documentId=4064736&documentType=report&eventId=554427&navigation=external&utm_medium=referral&utm_source=mcp&rp=19,kpi,FY2026,2026-03-31,FY,Analysis of Key Financial and Operating Measures - ToP Contracts,[unlabelled total row] - Fee-for- Service Gross Margin (in millions of $),233.6,usd_millions,1,0,20,line_item is a composite of the printed row caption and the printed column header of a matrix table (row caption + ' - ' + column header); column alignment reconstructed from PDF-extractor output and independently confirmed by arithmetic footing of the printed subtotals total row carries no printed caption; equals Take-or-Pay contract revenue per p.9
business_100,4064736,19,https://web.quartr.com/companies/21558?companyId=21558&documentId=4064736&documentType=report&eventId=554427&navigation=external&utm_medium=referral&utm_source=mcp&rp=19,kpi,FY2025,2025-03-31,FY,Analysis of Key Financial and Operating Measures - ToP Contracts,[unlabelled total row] - Fee-for- Service Gross Margin (in millions of $),185.0,usd_millions,1,1,17,line_item is a composite of the printed row caption and the printed column header of a matrix table (row caption + ' - ' + column header); column alignment reconstructed from PDF-extractor output and independently confirmed by arithmetic footing of the printed subtotals total row carries no printed caption; equals Take-or-Pay contract revenue per p.9
business_100,4064736,19,https://web.quartr.com/companies/21558?companyId=21558&documentId=4064736&documentType=report&eventId=554427&navigation=external&utm_medium=referral&utm_source=mcp&rp=19,kpi,FY2026,2026-03-31,FY,Analysis of Key Financial and Operating Measures - STS Contracts (2),California - Fee-for- Service Gross Margin (in millions of $),57.4,usd_millions,0,0,21,line_item is a composite of the printed row caption and the printed column header of a matrix table (row caption + ' - ' + column header); column alignment reconstructed from PDF-extractor output and independently confirmed by arithmetic footing of the printed subtotals Footnote 2 on the STS block: 'Net of cost of gas storage services.'
business_100,4064736,19,https://web.quartr.com/companies/21558?companyId=21558&documentId=4064736&documentType=report&eventId=554427&navigation=external&utm_medium=referral&utm_source=mcp&rp=19,kpi,FY2025,2025-03-31,FY,Analysis of Key Financial and Operating Measures - STS Contracts (2),California - Fee-for- Service Gross Margin (in millions of $),69.5,usd_millions,0,1,18,line_item is a composite of the printed row caption and the printed column header of a matrix table (row caption + ' - ' + column header); column alignment reconstructed from PDF-extractor output and independently confirmed by arithmetic footing of the printed subtotals Footnote 2 on the STS block: 'Net of cost of gas storage services.'
business_100,4064736,19,https://web.quartr.com/companies/21558?companyId=21558&documentId=4064736&documentType=report&eventId=554427&navigation=external&utm_medium=referral&utm_source=mcp&rp=19,kpi,FY2026,2026-03-31,FY,Analysis of Key Financial and Operating Measures - STS Contracts (2),Alberta - Fee-for- Service Gross Margin (in millions of $),89.3,usd_millions,0,0,22,line_item is a composite of the printed row caption and the printed column header of a matrix table (row caption + ' - ' + column header); column alignment reconstructed from PDF-extractor output and independently confirmed by arithmetic footing of the printed subtotals Footnote 2 on the STS block: 'Net of cost of gas storage services.'
business_100,4064736,19,https://web.quartr.com/companies/21558?companyId=21558&documentId=4064736&documentType=report&eventId=554427&navigation=external&utm_medium=referral&utm_source=mcp&rp=19,kpi,FY2025,2025-03-31,FY,Analysis of Key Financial and Operating Measures - STS Contracts (2),Alberta - Fee-for- Service Gross Margin (in millions of $),101.3,usd_millions,0,1,19,line_item is a composite of the printed row caption and the printed column header of a matrix table (row caption + ' - ' + column header); column alignment reconstructed from PDF-extractor output and independently confirmed by arithmetic footing of the printed subtotals Footnote 2 on the STS block: 'Net of cost of gas storage services.'
business_100,4064736,19,https://web.quartr.com/companies/21558?companyId=21558&documentId=4064736&documentType=report&eventId=554427&navigation=external&utm_medium=referral&utm_source=mcp&rp=19,kpi,FY2026,2026-03-31,FY,Analysis of Key Financial and Operating Measures - STS Contracts (2),[unlabelled total row] - Fee-for- Service Gross Margin (in millions of $),146.7,usd_millions,1,0,23,line_item is a composite of the printed row caption and the printed column header of a matrix table (row caption + ' - ' + column header); column alignment reconstructed from PDF-extractor output and independently confirmed by arithmetic footing of the printed subtotals Footnote 2 on the STS block: 'Net of cost of gas storage services.' total row carries no printed caption; equals Short-term Storage service revenue less cost of gas storage services per p.9
business_100,4064736,19,https://web.quartr.com/companies/21558?companyId=21558&documentId=4064736&documentType=report&eventId=554427&navigation=external&utm_medium=referral&utm_source=mcp&rp=19,kpi,FY2025,2025-03-31,FY,Analysis of Key Financial and Operating Measures - STS Contracts (2),[unlabelled total row] - Fee-for- Service Gross Margin (in millions of $),170.8,usd_millions,1,1,20,line_item is a composite of the printed row caption and the printed column header of a matrix table (row caption + ' - ' + column header); column alignment reconstructed from PDF-extractor output and independently confirmed by arithmetic footing of the printed subtotals Footnote 2 on the STS block: 'Net of cost of gas storage services.' total row carries no printed caption; equals Short-term Storage service revenue less cost of gas storage services per p.9
business_100,4064736,19,https://web.quartr.com/companies/21558?companyId=21558&documentId=4064736&documentType=report&eventId=554427&navigation=external&utm_medium=referral&utm_source=mcp&rp=19,kpi,FY2026,2026-03-31,FY,Analysis of Key Financial and Operating Measures,"ToP contracted demand charges, excluding fuel and commodity recovery - California",2.87,usd,0,0,24,footnote 1 to the ToP/STS contract table; EXCLUDES fuel and commodity recovery; per decatherm
business_100,4064736,19,https://web.quartr.com/companies/21558?companyId=21558&documentId=4064736&documentType=report&eventId=554427&navigation=external&utm_medium=referral&utm_source=mcp&rp=19,kpi,FY2025,2025-03-31,FY,Analysis of Key Financial and Operating Measures,"ToP contracted demand charges, excluding fuel and commodity recovery - California",2.3,usd,0,1,21,footnote 1 to the ToP/STS contract table; EXCLUDES fuel and commodity recovery; per decatherm
business_100,4064736,19,https://web.quartr.com/companies/21558?companyId=21558&documentId=4064736&documentType=report&eventId=554427&navigation=external&utm_medium=referral&utm_source=mcp&rp=19,kpi,FY2026,2026-03-31,FY,Analysis of Key Financial and Operating Measures,"ToP contracted demand charges, excluding fuel and commodity recovery - Alberta",0.95,usd,0,0,25,footnote 1 to the ToP/STS contract table; EXCLUDES fuel and commodity recovery; per decatherm
business_100,4064736,19,https://web.quartr.com/companies/21558?companyId=21558&documentId=4064736&documentType=report&eventId=554427&navigation=external&utm_medium=referral&utm_source=mcp&rp=19,kpi,FY2025,2025-03-31,FY,Analysis of Key Financial and Operating Measures,"ToP contracted demand charges, excluding fuel and commodity recovery - Alberta",0.75,usd,0,1,22,footnote 1 to the ToP/STS contract table; EXCLUDES fuel and commodity recovery; per decatherm
business_100,4064736,20,https://web.quartr.com/companies/21558?companyId=21558&documentId=4064736&documentType=report&eventId=554427&navigation=external&utm_medium=referral&utm_source=mcp&rp=20,non_ifrs,Q4 FY2026,2026-03-31,Q,"Supplementary Adjusted EBITDA, Adjusted Gross Margin and Distributable Cash Flow",ToP,58.7,usd_millions,0,0,21,supplementary non-IFRS build-up table; column alignment reconstructed from PDF-extractor output and independently confirmed by arithmetic footing of the printed subtotals; under printed stub heading 'Fee-for-Service gross margin'
business_100,4064736,20,https://web.quartr.com/companies/21558?companyId=21558&documentId=4064736&documentType=report&eventId=554427&navigation=external&utm_medium=referral&utm_source=mcp&rp=20,non_ifrs,Q4 FY2025,2025-03-31,Q,"Supplementary Adjusted EBITDA, Adjusted Gross Margin and Distributable Cash Flow",ToP,46.5,usd_millions,0,1,21,supplementary non-IFRS build-up table; column alignment reconstructed from PDF-extractor output and independently confirmed by arithmetic footing of the printed subtotals; under printed stub heading 'Fee-for-Service gross margin'
business_100,4064736,20,https://web.quartr.com/companies/21558?companyId=21558&documentId=4064736&documentType=report&eventId=554427&navigation=external&utm_medium=referral&utm_source=mcp&rp=20,non_ifrs,FY2026,2026-03-31,FY,"Supplementary Adjusted EBITDA, Adjusted Gross Margin and Distributable Cash Flow",ToP,233.6,usd_millions,0,0,21,supplementary non-IFRS build-up table; column alignment reconstructed from PDF-extractor output and independently confirmed by arithmetic footing of the printed subtotals; under printed stub heading 'Fee-for-Service gross margin'
business_100,4064736,20,https://web.quartr.com/companies/21558?companyId=21558&documentId=4064736&documentType=report&eventId=554427&navigation=external&utm_medium=referral&utm_source=mcp&rp=20,non_ifrs,FY2025,2025-03-31,FY,"Supplementary Adjusted EBITDA, Adjusted Gross Margin and Distributable Cash Flow",ToP,185.0,usd_millions,0,1,21,supplementary non-IFRS build-up table; column alignment reconstructed from PDF-extractor output and independently confirmed by arithmetic footing of the printed subtotals; under printed stub heading 'Fee-for-Service gross margin'
business_100,4064736,20,https://web.quartr.com/companies/21558?companyId=21558&documentId=4064736&documentType=report&eventId=554427&navigation=external&utm_medium=referral&utm_source=mcp&rp=20,non_ifrs,Q4 FY2026,2026-03-31,Q,"Supplementary Adjusted EBITDA, Adjusted Gross Margin and Distributable Cash Flow","STS, net of cost of gas storage services",40.7,usd_millions,0,0,22,supplementary non-IFRS build-up table; column alignment reconstructed from PDF-extractor output and independently confirmed by arithmetic footing of the printed subtotals; under printed stub heading 'Fee-for-Service gross margin'
business_100,4064736,20,https://web.quartr.com/companies/21558?companyId=21558&documentId=4064736&documentType=report&eventId=554427&navigation=external&utm_medium=referral&utm_source=mcp&rp=20,non_ifrs,Q4 FY2025,2025-03-31,Q,"Supplementary Adjusted EBITDA, Adjusted Gross Margin and Distributable Cash Flow","STS, net of cost of gas storage services",57.7,usd_millions,0,1,22,supplementary non-IFRS build-up table; column alignment reconstructed from PDF-extractor output and independently confirmed by arithmetic footing of the printed subtotals; under printed stub heading 'Fee-for-Service gross margin'
business_100,4064736,20,https://web.quartr.com/companies/21558?companyId=21558&documentId=4064736&documentType=report&eventId=554427&navigation=external&utm_medium=referral&utm_source=mcp&rp=20,non_ifrs,FY2026,2026-03-31,FY,"Supplementary Adjusted EBITDA, Adjusted Gross Margin and Distributable Cash Flow","STS, net of cost of gas storage services",146.7,usd_millions,0,0,22,supplementary non-IFRS build-up table; column alignment reconstructed from PDF-extractor output and independently confirmed by arithmetic footing of the printed subtotals; under printed stub heading 'Fee-for-Service gross margin'
business_100,4064736,20,https://web.quartr.com/companies/21558?companyId=21558&documentId=4064736&documentType=report&eventId=554427&navigation=external&utm_medium=referral&utm_source=mcp&rp=20,non_ifrs,FY2025,2025-03-31,FY,"Supplementary Adjusted EBITDA, Adjusted Gross Margin and Distributable Cash Flow","STS, net of cost of gas storage services",170.8,usd_millions,0,1,22,supplementary non-IFRS build-up table; column alignment reconstructed from PDF-extractor output and independently confirmed by arithmetic footing of the printed subtotals; under printed stub heading 'Fee-for-Service gross margin'
business_100,4064736,20,https://web.quartr.com/companies/21558?companyId=21558&documentId=4064736&documentType=report&eventId=554427&navigation=external&utm_medium=referral&utm_source=mcp&rp=20,non_ifrs,Q4 FY2026,2026-03-31,Q,"Supplementary Adjusted EBITDA, Adjusted Gross Margin and Distributable Cash Flow",Total Fee-for-Service gross margin,99.4,usd_millions,1,0,23,supplementary non-IFRS build-up table; column alignment reconstructed from PDF-extractor output and independently confirmed by arithmetic footing of the printed subtotals
business_100,4064736,20,https://web.quartr.com/companies/21558?companyId=21558&documentId=4064736&documentType=report&eventId=554427&navigation=external&utm_medium=referral&utm_source=mcp&rp=20,non_ifrs,Q4 FY2025,2025-03-31,Q,"Supplementary Adjusted EBITDA, Adjusted Gross Margin and Distributable Cash Flow",Total Fee-for-Service gross margin,104.2,usd_millions,1,1,23,supplementary non-IFRS build-up table; column alignment reconstructed from PDF-extractor output and independently confirmed by arithmetic footing of the printed subtotals
business_100,4064736,20,https://web.quartr.com/companies/21558?companyId=21558&documentId=4064736&documentType=report&eventId=554427&navigation=external&utm_medium=referral&utm_source=mcp&rp=20,non_ifrs,FY2026,2026-03-31,FY,"Supplementary Adjusted EBITDA, Adjusted Gross Margin and Distributable Cash Flow",Total Fee-for-Service gross margin,380.3,usd_millions,1,0,23,supplementary non-IFRS build-up table; column alignment reconstructed from PDF-extractor output and independently confirmed by arithmetic footing of the printed subtotals
business_100,4064736,20,https://web.quartr.com/companies/21558?companyId=21558&documentId=4064736&documentType=report&eventId=554427&navigation=external&utm_medium=referral&utm_source=mcp&rp=20,non_ifrs,FY2025,2025-03-31,FY,"Supplementary Adjusted EBITDA, Adjusted Gross Margin and Distributable Cash Flow",Total Fee-for-Service gross margin,355.8,usd_millions,1,1,23,supplementary non-IFRS build-up table; column alignment reconstructed from PDF-extractor output and independently confirmed by arithmetic footing of the printed subtotals
business_100,4064736,20,https://web.quartr.com/companies/21558?companyId=21558&documentId=4064736&documentType=report&eventId=554427&navigation=external&utm_medium=referral&utm_source=mcp&rp=20,non_ifrs,Q4 FY2026,2026-03-31,Q,"Supplementary Adjusted EBITDA, Adjusted Gross Margin and Distributable Cash Flow","Realized optimization, net",29.3,usd_millions,0,0,24,supplementary non-IFRS build-up table; column alignment reconstructed from PDF-extractor output and independently confirmed by arithmetic footing of the printed subtotals
business_100,4064736,20,https://web.quartr.com/companies/21558?companyId=21558&documentId=4064736&documentType=report&eventId=554427&navigation=external&utm_medium=referral&utm_source=mcp&rp=20,non_ifrs,Q4 FY2025,2025-03-31,Q,"Supplementary Adjusted EBITDA, Adjusted Gross Margin and Distributable Cash Flow","Realized optimization, net",30.0,usd_millions,0,1,24,supplementary non-IFRS build-up table; column alignment reconstructed from PDF-extractor output and independently confirmed by arithmetic footing of the printed subtotals
business_100,4064736,20,https://web.quartr.com/companies/21558?companyId=21558&documentId=4064736&documentType=report&eventId=554427&navigation=external&utm_medium=referral&utm_source=mcp&rp=20,non_ifrs,FY2026,2026-03-31,FY,"Supplementary Adjusted EBITDA, Adjusted Gross Margin and Distributable Cash Flow","Realized optimization, net",78.8,usd_millions,0,0,24,supplementary non-IFRS build-up table; column alignment reconstructed from PDF-extractor output and independently confirmed by arithmetic footing of the printed subtotals
business_100,4064736,20,https://web.quartr.com/companies/21558?companyId=21558&documentId=4064736&documentType=report&eventId=554427&navigation=external&utm_medium=referral&utm_source=mcp&rp=20,non_ifrs,FY2025,2025-03-31,FY,"Supplementary Adjusted EBITDA, Adjusted Gross Margin and Distributable Cash Flow","Realized optimization, net",56.6,usd_millions,0,1,24,supplementary non-IFRS build-up table; column alignment reconstructed from PDF-extractor output and independently confirmed by arithmetic footing of the printed subtotals
business_100,4064736,20,https://web.quartr.com/companies/21558?companyId=21558&documentId=4064736&documentType=report&eventId=554427&navigation=external&utm_medium=referral&utm_source=mcp&rp=20,non_ifrs,Q4 FY2026,2026-03-31,Q,"Supplementary Adjusted EBITDA, Adjusted Gross Margin and Distributable Cash Flow",Adjusted Gross Margin,128.7,usd_millions,1,0,25,supplementary non-IFRS build-up table; column alignment reconstructed from PDF-extractor output and independently confirmed by arithmetic footing of the printed subtotals
business_100,4064736,20,https://web.quartr.com/companies/21558?companyId=21558&documentId=4064736&documentType=report&eventId=554427&navigation=external&utm_medium=referral&utm_source=mcp&rp=20,non_ifrs,Q4 FY2025,2025-03-31,Q,"Supplementary Adjusted EBITDA, Adjusted Gross Margin and Distributable Cash Flow",Adjusted Gross Margin,134.2,usd_millions,1,1,25,supplementary non-IFRS build-up table; column alignment reconstructed from PDF-extractor output and independently confirmed by arithmetic footing of the printed subtotals
business_100,4064736,20,https://web.quartr.com/companies/21558?companyId=21558&documentId=4064736&documentType=report&eventId=554427&navigation=external&utm_medium=referral&utm_source=mcp&rp=20,non_ifrs,FY2026,2026-03-31,FY,"Supplementary Adjusted EBITDA, Adjusted Gross Margin and Distributable Cash Flow",Adjusted Gross Margin,459.1,usd_millions,1,0,25,supplementary non-IFRS build-up table; column alignment reconstructed from PDF-extractor output and independently confirmed by arithmetic footing of the printed subtotals
business_100,4064736,20,https://web.quartr.com/companies/21558?companyId=21558&documentId=4064736&documentType=report&eventId=554427&navigation=external&utm_medium=referral&utm_source=mcp&rp=20,non_ifrs,FY2025,2025-03-31,FY,"Supplementary Adjusted EBITDA, Adjusted Gross Margin and Distributable Cash Flow",Adjusted Gross Margin,412.4,usd_millions,1,1,25,supplementary non-IFRS build-up table; column alignment reconstructed from PDF-extractor output and independently confirmed by arithmetic footing of the printed subtotals
business_100,4064736,20,https://web.quartr.com/companies/21558?companyId=21558&documentId=4064736&documentType=report&eventId=554427&navigation=external&utm_medium=referral&utm_source=mcp&rp=20,non_ifrs,Q4 FY2026,2026-03-31,Q,"Supplementary Adjusted EBITDA, Adjusted Gross Margin and Distributable Cash Flow","Operating, general and administrative expense and other",-19.5,usd_millions,0,0,26,supplementary non-IFRS build-up table; column alignment reconstructed from PDF-extractor output and independently confirmed by arithmetic footing of the printed subtotals
business_100,4064736,20,https://web.quartr.com/companies/21558?companyId=21558&documentId=4064736&documentType=report&eventId=554427&navigation=external&utm_medium=referral&utm_source=mcp&rp=20,non_ifrs,Q4 FY2025,2025-03-31,Q,"Supplementary Adjusted EBITDA, Adjusted Gross Margin and Distributable Cash Flow","Operating, general and administrative expense and other",-21.5,usd_millions,0,1,26,supplementary non-IFRS build-up table; column alignment reconstructed from PDF-extractor output and independently confirmed by arithmetic footing of the printed subtotals
business_100,4064736,20,https://web.quartr.com/companies/21558?companyId=21558&documentId=4064736&documentType=report&eventId=554427&navigation=external&utm_medium=referral&utm_source=mcp&rp=20,non_ifrs,FY2026,2026-03-31,FY,"Supplementary Adjusted EBITDA, Adjusted Gross Margin and Distributable Cash Flow","Operating, general and administrative expense and other",-73.2,usd_millions,0,0,26,supplementary non-IFRS build-up table; column alignment reconstructed from PDF-extractor output and independently confirmed by arithmetic footing of the printed subtotals
business_100,4064736,20,https://web.quartr.com/companies/21558?companyId=21558&documentId=4064736&documentType=report&eventId=554427&navigation=external&utm_medium=referral&utm_source=mcp&rp=20,non_ifrs,FY2025,2025-03-31,FY,"Supplementary Adjusted EBITDA, Adjusted Gross Margin and Distributable Cash Flow","Operating, general and administrative expense and other",-73.6,usd_millions,0,1,26,supplementary non-IFRS build-up table; column alignment reconstructed from PDF-extractor output and independently confirmed by arithmetic footing of the printed subtotals
business_100,4064736,20,https://web.quartr.com/companies/21558?companyId=21558&documentId=4064736&documentType=report&eventId=554427&navigation=external&utm_medium=referral&utm_source=mcp&rp=20,non_ifrs,Q4 FY2026,2026-03-31,Q,"Supplementary Adjusted EBITDA, Adjusted Gross Margin and Distributable Cash Flow",Adjusted EBITDA,109.2,usd_millions,1,0,27,supplementary non-IFRS build-up table; column alignment reconstructed from PDF-extractor output and independently confirmed by arithmetic footing of the printed subtotals
business_100,4064736,20,https://web.quartr.com/companies/21558?companyId=21558&documentId=4064736&documentType=report&eventId=554427&navigation=external&utm_medium=referral&utm_source=mcp&rp=20,non_ifrs,Q4 FY2025,2025-03-31,Q,"Supplementary Adjusted EBITDA, Adjusted Gross Margin and Distributable Cash Flow",Adjusted EBITDA,112.7,usd_millions,1,1,27,supplementary non-IFRS build-up table; column alignment reconstructed from PDF-extractor output and independently confirmed by arithmetic footing of the printed subtotals
business_100,4064736,20,https://web.quartr.com/companies/21558?companyId=21558&documentId=4064736&documentType=report&eventId=554427&navigation=external&utm_medium=referral&utm_source=mcp&rp=20,non_ifrs,FY2026,2026-03-31,FY,"Supplementary Adjusted EBITDA, Adjusted Gross Margin and Distributable Cash Flow",Adjusted EBITDA,385.9,usd_millions,1,0,27,supplementary non-IFRS build-up table; column alignment reconstructed from PDF-extractor output and independently confirmed by arithmetic footing of the printed subtotals
business_100,4064736,20,https://web.quartr.com/companies/21558?companyId=21558&documentId=4064736&documentType=report&eventId=554427&navigation=external&utm_medium=referral&utm_source=mcp&rp=20,non_ifrs,FY2025,2025-03-31,FY,"Supplementary Adjusted EBITDA, Adjusted Gross Margin and Distributable Cash Flow",Adjusted EBITDA,338.8,usd_millions,1,1,27,supplementary non-IFRS build-up table; column alignment reconstructed from PDF-extractor output and independently confirmed by arithmetic footing of the printed subtotals
business_100,4064736,20,https://web.quartr.com/companies/21558?companyId=21558&documentId=4064736&documentType=report&eventId=554427&navigation=external&utm_medium=referral&utm_source=mcp&rp=20,non_ifrs,Q4 FY2026,2026-03-31,Q,"Supplementary Adjusted EBITDA, Adjusted Gross Margin and Distributable Cash Flow",Distributable Cash Flow,74.8,usd_millions,1,0,28,supplementary non-IFRS build-up table; column alignment reconstructed from PDF-extractor output and independently confirmed by arithmetic footing of the printed subtotals
business_100,4064736,20,https://web.quartr.com/companies/21558?companyId=21558&documentId=4064736&documentType=report&eventId=554427&navigation=external&utm_medium=referral&utm_source=mcp&rp=20,non_ifrs,Q4 FY2025,2025-03-31,Q,"Supplementary Adjusted EBITDA, Adjusted Gross Margin and Distributable Cash Flow",Distributable Cash Flow,78.0,usd_millions,1,1,28,supplementary non-IFRS build-up table; column alignment reconstructed from PDF-extractor output and independently confirmed by arithmetic footing of the printed subtotals
business_100,4064736,20,https://web.quartr.com/companies/21558?companyId=21558&documentId=4064736&documentType=report&eventId=554427&navigation=external&utm_medium=referral&utm_source=mcp&rp=20,non_ifrs,FY2026,2026-03-31,FY,"Supplementary Adjusted EBITDA, Adjusted Gross Margin and Distributable Cash Flow",Distributable Cash Flow,251.6,usd_millions,1,0,28,supplementary non-IFRS build-up table; column alignment reconstructed from PDF-extractor output and independently confirmed by arithmetic footing of the printed subtotals
business_100,4064736,20,https://web.quartr.com/companies/21558?companyId=21558&documentId=4064736&documentType=report&eventId=554427&navigation=external&utm_medium=referral&utm_source=mcp&rp=20,non_ifrs,FY2025,2025-03-31,FY,"Supplementary Adjusted EBITDA, Adjusted Gross Margin and Distributable Cash Flow",Distributable Cash Flow,234.5,usd_millions,1,1,28,supplementary non-IFRS build-up table; column alignment reconstructed from PDF-extractor output and independently confirmed by arithmetic footing of the printed subtotals
business_100,4064736,20,https://web.quartr.com/companies/21558?companyId=21558&documentId=4064736&documentType=report&eventId=554427&navigation=external&utm_medium=referral&utm_source=mcp&rp=20,non_ifrs,Q4 FY2026,2026-03-31,Q,"Supplementary Adjusted EBITDA, Adjusted Gross Margin and Distributable Cash Flow",Fee-for-Service as a %of Adjusted Gross Margin,77,pct,0,0,29,supplementary non-IFRS build-up table; column alignment reconstructed from PDF-extractor output and independently confirmed by arithmetic footing of the printed subtotals; caption printed without a space in '%of' - transcribed verbatim
business_100,4064736,20,https://web.quartr.com/companies/21558?companyId=21558&documentId=4064736&documentType=report&eventId=554427&navigation=external&utm_medium=referral&utm_source=mcp&rp=20,non_ifrs,Q4 FY2025,2025-03-31,Q,"Supplementary Adjusted EBITDA, Adjusted Gross Margin and Distributable Cash Flow",Fee-for-Service as a %of Adjusted Gross Margin,78,pct,0,1,29,supplementary non-IFRS build-up table; column alignment reconstructed from PDF-extractor output and independently confirmed by arithmetic footing of the printed subtotals; caption printed without a space in '%of' - transcribed verbatim
business_100,4064736,20,https://web.quartr.com/companies/21558?companyId=21558&documentId=4064736&documentType=report&eventId=554427&navigation=external&utm_medium=referral&utm_source=mcp&rp=20,non_ifrs,FY2026,2026-03-31,FY,"Supplementary Adjusted EBITDA, Adjusted Gross Margin and Distributable Cash Flow",Fee-for-Service as a %of Adjusted Gross Margin,83,pct,0,0,29,supplementary non-IFRS build-up table; column alignment reconstructed from PDF-extractor output and independently confirmed by arithmetic footing of the printed subtotals; caption printed without a space in '%of' - transcribed verbatim
business_100,4064736,20,https://web.quartr.com/companies/21558?companyId=21558&documentId=4064736&documentType=report&eventId=554427&navigation=external&utm_medium=referral&utm_source=mcp&rp=20,non_ifrs,FY2025,2025-03-31,FY,"Supplementary Adjusted EBITDA, Adjusted Gross Margin and Distributable Cash Flow",Fee-for-Service as a %of Adjusted Gross Margin,86,pct,0,1,29,supplementary non-IFRS build-up table; column alignment reconstructed from PDF-extractor output and independently confirmed by arithmetic footing of the printed subtotals; caption printed without a space in '%of' - transcribed verbatim
business_100,4064736,20,https://web.quartr.com/companies/21558?companyId=21558&documentId=4064736&documentType=report&eventId=554427&navigation=external&utm_medium=referral&utm_source=mcp&rp=20,non_ifrs,Q4 FY2026,2026-03-31,Q,"Supplementary Adjusted EBITDA, Adjusted Gross Margin and Distributable Cash Flow",Adjusted EBITDA Margin,85,pct,0,0,30,supplementary non-IFRS build-up table; column alignment reconstructed from PDF-extractor output and independently confirmed by arithmetic footing of the printed subtotals
business_100,4064736,20,https://web.quartr.com/companies/21558?companyId=21558&documentId=4064736&documentType=report&eventId=554427&navigation=external&utm_medium=referral&utm_source=mcp&rp=20,non_ifrs,Q4 FY2025,2025-03-31,Q,"Supplementary Adjusted EBITDA, Adjusted Gross Margin and Distributable Cash Flow",Adjusted EBITDA Margin,84,pct,0,1,30,supplementary non-IFRS build-up table; column alignment reconstructed from PDF-extractor output and independently confirmed by arithmetic footing of the printed subtotals
business_100,4064736,20,https://web.quartr.com/companies/21558?companyId=21558&documentId=4064736&documentType=report&eventId=554427&navigation=external&utm_medium=referral&utm_source=mcp&rp=20,non_ifrs,FY2026,2026-03-31,FY,"Supplementary Adjusted EBITDA, Adjusted Gross Margin and Distributable Cash Flow",Adjusted EBITDA Margin,84,pct,0,0,30,supplementary non-IFRS build-up table; column alignment reconstructed from PDF-extractor output and independently confirmed by arithmetic footing of the printed subtotals
business_100,4064736,20,https://web.quartr.com/companies/21558?companyId=21558&documentId=4064736&documentType=report&eventId=554427&navigation=external&utm_medium=referral&utm_source=mcp&rp=20,non_ifrs,FY2025,2025-03-31,FY,"Supplementary Adjusted EBITDA, Adjusted Gross Margin and Distributable Cash Flow",Adjusted EBITDA Margin,82,pct,0,1,30,supplementary non-IFRS build-up table; column alignment reconstructed from PDF-extractor output and independently confirmed by arithmetic footing of the printed subtotals
business_100,4064736,21,https://web.quartr.com/companies/21558?companyId=21558&documentId=4064736&documentType=report&eventId=554427&navigation=external&utm_medium=referral&utm_source=mcp&rp=21,income_statement,Q4 FY2026,2026-03-31,Q,Quarterly Results Summary,Revenue,124.9,usd_millions,1,0,15,"quarterly summary table; fiscal-year header labels were dropped/shifted by the PDF extractor - the first four columns are fiscal 2026 Q4-Q1 and the last four fiscal 2025 Q4-Q1, confirmed by the four quarters summing exactly to each printed fiscal-year total"
business_100,4064736,21,https://web.quartr.com/companies/21558?companyId=21558&documentId=4064736&documentType=report&eventId=554427&navigation=external&utm_medium=referral&utm_source=mcp&rp=21,income_statement,Q3 FY2026,2025-12-31,Q,Quarterly Results Summary,Revenue,147.2,usd_millions,1,0,1,"quarterly summary table; fiscal-year header labels were dropped/shifted by the PDF extractor - the first four columns are fiscal 2026 Q4-Q1 and the last four fiscal 2025 Q4-Q1, confirmed by the four quarters summing exactly to each printed fiscal-year total"
business_100,4064736,21,https://web.quartr.com/companies/21558?companyId=21558&documentId=4064736&documentType=report&eventId=554427&navigation=external&utm_medium=referral&utm_source=mcp&rp=21,income_statement,Q2 FY2026,2025-09-30,Q,Quarterly Results Summary,Revenue,103.2,usd_millions,1,0,1,"quarterly summary table; fiscal-year header labels were dropped/shifted by the PDF extractor - the first four columns are fiscal 2026 Q4-Q1 and the last four fiscal 2025 Q4-Q1, confirmed by the four quarters summing exactly to each printed fiscal-year total"
business_100,4064736,21,https://web.quartr.com/companies/21558?companyId=21558&documentId=4064736&documentType=report&eventId=554427&navigation=external&utm_medium=referral&utm_source=mcp&rp=21,income_statement,Q1 FY2026,2025-06-30,Q,Quarterly Results Summary,Revenue,104.1,usd_millions,1,0,1,"quarterly summary table; fiscal-year header labels were dropped/shifted by the PDF extractor - the first four columns are fiscal 2026 Q4-Q1 and the last four fiscal 2025 Q4-Q1, confirmed by the four quarters summing exactly to each printed fiscal-year total"
business_100,4064736,21,https://web.quartr.com/companies/21558?companyId=21558&documentId=4064736&documentType=report&eventId=554427&navigation=external&utm_medium=referral&utm_source=mcp&rp=21,income_statement,Q4 FY2025,2025-03-31,Q,Quarterly Results Summary,Revenue,128.1,usd_millions,1,1,15,"quarterly summary table; fiscal-year header labels were dropped/shifted by the PDF extractor - the first four columns are fiscal 2026 Q4-Q1 and the last four fiscal 2025 Q4-Q1, confirmed by the four quarters summing exactly to each printed fiscal-year total"
business_100,4064736,21,https://web.quartr.com/companies/21558?companyId=21558&documentId=4064736&documentType=report&eventId=554427&navigation=external&utm_medium=referral&utm_source=mcp&rp=21,income_statement,Q3 FY2025,2024-12-31,Q,Quarterly Results Summary,Revenue,112.4,usd_millions,1,1,1,"quarterly summary table; fiscal-year header labels were dropped/shifted by the PDF extractor - the first four columns are fiscal 2026 Q4-Q1 and the last four fiscal 2025 Q4-Q1, confirmed by the four quarters summing exactly to each printed fiscal-year total"
business_100,4064736,21,https://web.quartr.com/companies/21558?companyId=21558&documentId=4064736&documentType=report&eventId=554427&navigation=external&utm_medium=referral&utm_source=mcp&rp=21,income_statement,Q2 FY2025,2024-09-30,Q,Quarterly Results Summary,Revenue,83.1,usd_millions,1,1,1,"quarterly summary table; fiscal-year header labels were dropped/shifted by the PDF extractor - the first four columns are fiscal 2026 Q4-Q1 and the last four fiscal 2025 Q4-Q1, confirmed by the four quarters summing exactly to each printed fiscal-year total"
business_100,4064736,21,https://web.quartr.com/companies/21558?companyId=21558&documentId=4064736&documentType=report&eventId=554427&navigation=external&utm_medium=referral&utm_source=mcp&rp=21,income_statement,Q1 FY2025,2024-06-30,Q,Quarterly Results Summary,Revenue,91.7,usd_millions,1,1,1,"quarterly summary table; fiscal-year header labels were dropped/shifted by the PDF extractor - the first four columns are fiscal 2026 Q4-Q1 and the last four fiscal 2025 Q4-Q1, confirmed by the four quarters summing exactly to each printed fiscal-year total"
business_100,4064736,21,https://web.quartr.com/companies/21558?companyId=21558&documentId=4064736&documentType=report&eventId=554427&navigation=external&utm_medium=referral&utm_source=mcp&rp=21,income_statement,Q4 FY2026,2026-03-31,Q,Quarterly Results Summary,Net earnings,24.4,usd_millions,1,0,16,"quarterly summary table; fiscal-year header labels were dropped/shifted by the PDF extractor - the first four columns are fiscal 2026 Q4-Q1 and the last four fiscal 2025 Q4-Q1, confirmed by the four quarters summing exactly to each printed fiscal-year total"
business_100,4064736,21,https://web.quartr.com/companies/21558?companyId=21558&documentId=4064736&documentType=report&eventId=554427&navigation=external&utm_medium=referral&utm_source=mcp&rp=21,income_statement,Q3 FY2026,2025-12-31,Q,Quarterly Results Summary,Net earnings,88.4,usd_millions,1,0,2,"quarterly summary table; fiscal-year header labels were dropped/shifted by the PDF extractor - the first four columns are fiscal 2026 Q4-Q1 and the last four fiscal 2025 Q4-Q1, confirmed by the four quarters summing exactly to each printed fiscal-year total"
business_100,4064736,21,https://web.quartr.com/companies/21558?companyId=21558&documentId=4064736&documentType=report&eventId=554427&navigation=external&utm_medium=referral&utm_source=mcp&rp=21,income_statement,Q2 FY2026,2025-09-30,Q,Quarterly Results Summary,Net earnings,45.8,usd_millions,1,0,2,"quarterly summary table; fiscal-year header labels were dropped/shifted by the PDF extractor - the first four columns are fiscal 2026 Q4-Q1 and the last four fiscal 2025 Q4-Q1, confirmed by the four quarters summing exactly to each printed fiscal-year total"
business_100,4064736,21,https://web.quartr.com/companies/21558?companyId=21558&documentId=4064736&documentType=report&eventId=554427&navigation=external&utm_medium=referral&utm_source=mcp&rp=21,income_statement,Q1 FY2026,2025-06-30,Q,Quarterly Results Summary,Net earnings,48.3,usd_millions,1,0,2,"quarterly summary table; fiscal-year header labels were dropped/shifted by the PDF extractor - the first four columns are fiscal 2026 Q4-Q1 and the last four fiscal 2025 Q4-Q1, confirmed by the four quarters summing exactly to each printed fiscal-year total"
business_100,4064736,21,https://web.quartr.com/companies/21558?companyId=21558&documentId=4064736&documentType=report&eventId=554427&navigation=external&utm_medium=referral&utm_source=mcp&rp=21,income_statement,Q4 FY2025,2025-03-31,Q,Quarterly Results Summary,Net earnings,57.0,usd_millions,1,1,16,"quarterly summary table; fiscal-year header labels were dropped/shifted by the PDF extractor - the first four columns are fiscal 2026 Q4-Q1 and the last four fiscal 2025 Q4-Q1, confirmed by the four quarters summing exactly to each printed fiscal-year total"
business_100,4064736,21,https://web.quartr.com/companies/21558?companyId=21558&documentId=4064736&documentType=report&eventId=554427&navigation=external&utm_medium=referral&utm_source=mcp&rp=21,income_statement,Q3 FY2025,2024-12-31,Q,Quarterly Results Summary,Net earnings,58.1,usd_millions,1,1,2,"quarterly summary table; fiscal-year header labels were dropped/shifted by the PDF extractor - the first four columns are fiscal 2026 Q4-Q1 and the last four fiscal 2025 Q4-Q1, confirmed by the four quarters summing exactly to each printed fiscal-year total"
business_100,4064736,21,https://web.quartr.com/companies/21558?companyId=21558&documentId=4064736&documentType=report&eventId=554427&navigation=external&utm_medium=referral&utm_source=mcp&rp=21,income_statement,Q2 FY2025,2024-09-30,Q,Quarterly Results Summary,Net earnings,48.7,usd_millions,1,1,2,"quarterly summary table; fiscal-year header labels were dropped/shifted by the PDF extractor - the first four columns are fiscal 2026 Q4-Q1 and the last four fiscal 2025 Q4-Q1, confirmed by the four quarters summing exactly to each printed fiscal-year total"
business_100,4064736,21,https://web.quartr.com/companies/21558?companyId=21558&documentId=4064736&documentType=report&eventId=554427&navigation=external&utm_medium=referral&utm_source=mcp&rp=21,income_statement,Q1 FY2025,2024-06-30,Q,Quarterly Results Summary,Net earnings,45.6,usd_millions,1,1,2,"quarterly summary table; fiscal-year header labels were dropped/shifted by the PDF extractor - the first four columns are fiscal 2026 Q4-Q1 and the last four fiscal 2025 Q4-Q1, confirmed by the four quarters summing exactly to each printed fiscal-year total"
business_100,4064736,21,https://web.quartr.com/companies/21558?companyId=21558&documentId=4064736&documentType=report&eventId=554427&navigation=external&utm_medium=referral&utm_source=mcp&rp=21,non_ifrs,Q4 FY2026,2026-03-31,Q,Quarterly Results Summary,Adjusted EBITDA,109.2,usd_millions,1,0,31,"quarterly summary table; fiscal-year header labels were dropped/shifted by the PDF extractor - the first four columns are fiscal 2026 Q4-Q1 and the last four fiscal 2025 Q4-Q1, confirmed by the four quarters summing exactly to each printed fiscal-year total"
business_100,4064736,21,https://web.quartr.com/companies/21558?companyId=21558&documentId=4064736&documentType=report&eventId=554427&navigation=external&utm_medium=referral&utm_source=mcp&rp=21,non_ifrs,Q3 FY2026,2025-12-31,Q,Quarterly Results Summary,Adjusted EBITDA,116.4,usd_millions,1,0,1,"quarterly summary table; fiscal-year header labels were dropped/shifted by the PDF extractor - the first four columns are fiscal 2026 Q4-Q1 and the last four fiscal 2025 Q4-Q1, confirmed by the four quarters summing exactly to each printed fiscal-year total"
business_100,4064736,21,https://web.quartr.com/companies/21558?companyId=21558&documentId=4064736&documentType=report&eventId=554427&navigation=external&utm_medium=referral&utm_source=mcp&rp=21,non_ifrs,Q2 FY2026,2025-09-30,Q,Quarterly Results Summary,Adjusted EBITDA,83.2,usd_millions,1,0,1,"quarterly summary table; fiscal-year header labels were dropped/shifted by the PDF extractor - the first four columns are fiscal 2026 Q4-Q1 and the last four fiscal 2025 Q4-Q1, confirmed by the four quarters summing exactly to each printed fiscal-year total"
business_100,4064736,21,https://web.quartr.com/companies/21558?companyId=21558&documentId=4064736&documentType=report&eventId=554427&navigation=external&utm_medium=referral&utm_source=mcp&rp=21,non_ifrs,Q1 FY2026,2025-06-30,Q,Quarterly Results Summary,Adjusted EBITDA,77.1,usd_millions,1,0,1,"quarterly summary table; fiscal-year header labels were dropped/shifted by the PDF extractor - the first four columns are fiscal 2026 Q4-Q1 and the last four fiscal 2025 Q4-Q1, confirmed by the four quarters summing exactly to each printed fiscal-year total"
business_100,4064736,21,https://web.quartr.com/companies/21558?companyId=21558&documentId=4064736&documentType=report&eventId=554427&navigation=external&utm_medium=referral&utm_source=mcp&rp=21,non_ifrs,Q4 FY2025,2025-03-31,Q,Quarterly Results Summary,Adjusted EBITDA,112.7,usd_millions,1,1,31,"quarterly summary table; fiscal-year header labels were dropped/shifted by the PDF extractor - the first four columns are fiscal 2026 Q4-Q1 and the last four fiscal 2025 Q4-Q1, confirmed by the four quarters summing exactly to each printed fiscal-year total"
business_100,4064736,21,https://web.quartr.com/companies/21558?companyId=21558&documentId=4064736&documentType=report&eventId=554427&navigation=external&utm_medium=referral&utm_source=mcp&rp=21,non_ifrs,Q3 FY2025,2024-12-31,Q,Quarterly Results Summary,Adjusted EBITDA,96.6,usd_millions,1,1,1,"quarterly summary table; fiscal-year header labels were dropped/shifted by the PDF extractor - the first four columns are fiscal 2026 Q4-Q1 and the last four fiscal 2025 Q4-Q1, confirmed by the four quarters summing exactly to each printed fiscal-year total"
business_100,4064736,21,https://web.quartr.com/companies/21558?companyId=21558&documentId=4064736&documentType=report&eventId=554427&navigation=external&utm_medium=referral&utm_source=mcp&rp=21,non_ifrs,Q2 FY2025,2024-09-30,Q,Quarterly Results Summary,Adjusted EBITDA,65.5,usd_millions,1,1,1,"quarterly summary table; fiscal-year header labels were dropped/shifted by the PDF extractor - the first four columns are fiscal 2026 Q4-Q1 and the last four fiscal 2025 Q4-Q1, confirmed by the four quarters summing exactly to each printed fiscal-year total"
business_100,4064736,21,https://web.quartr.com/companies/21558?companyId=21558&documentId=4064736&documentType=report&eventId=554427&navigation=external&utm_medium=referral&utm_source=mcp&rp=21,non_ifrs,Q1 FY2025,2024-06-30,Q,Quarterly Results Summary,Adjusted EBITDA,64.0,usd_millions,1,1,1,"quarterly summary table; fiscal-year header labels were dropped/shifted by the PDF extractor - the first four columns are fiscal 2026 Q4-Q1 and the last four fiscal 2025 Q4-Q1, confirmed by the four quarters summing exactly to each printed fiscal-year total"
business_100,4064736,21,https://web.quartr.com/companies/21558?companyId=21558&documentId=4064736&documentType=report&eventId=554427&navigation=external&utm_medium=referral&utm_source=mcp&rp=21,non_ifrs,Q4 FY2026,2026-03-31,Q,Quarterly Results Summary,Adjusted Gross Margin,128.7,usd_millions,1,0,32,"quarterly summary table; fiscal-year header labels were dropped/shifted by the PDF extractor - the first four columns are fiscal 2026 Q4-Q1 and the last four fiscal 2025 Q4-Q1, confirmed by the four quarters summing exactly to each printed fiscal-year total"
business_100,4064736,21,https://web.quartr.com/companies/21558?companyId=21558&documentId=4064736&documentType=report&eventId=554427&navigation=external&utm_medium=referral&utm_source=mcp&rp=21,non_ifrs,Q3 FY2026,2025-12-31,Q,Quarterly Results Summary,Adjusted Gross Margin,133.3,usd_millions,1,0,2,"quarterly summary table; fiscal-year header labels were dropped/shifted by the PDF extractor - the first four columns are fiscal 2026 Q4-Q1 and the last four fiscal 2025 Q4-Q1, confirmed by the four quarters summing exactly to each printed fiscal-year total"
business_100,4064736,21,https://web.quartr.com/companies/21558?companyId=21558&documentId=4064736&documentType=report&eventId=554427&navigation=external&utm_medium=referral&utm_source=mcp&rp=21,non_ifrs,Q2 FY2026,2025-09-30,Q,Quarterly Results Summary,Adjusted Gross Margin,101.3,usd_millions,1,0,2,"quarterly summary table; fiscal-year header labels were dropped/shifted by the PDF extractor - the first four columns are fiscal 2026 Q4-Q1 and the last four fiscal 2025 Q4-Q1, confirmed by the four quarters summing exactly to each printed fiscal-year total"
business_100,4064736,21,https://web.quartr.com/companies/21558?companyId=21558&documentId=4064736&documentType=report&eventId=554427&navigation=external&utm_medium=referral&utm_source=mcp&rp=21,non_ifrs,Q1 FY2026,2025-06-30,Q,Quarterly Results Summary,Adjusted Gross Margin,95.8,usd_millions,1,0,2,"quarterly summary table; fiscal-year header labels were dropped/shifted by the PDF extractor - the first four columns are fiscal 2026 Q4-Q1 and the last four fiscal 2025 Q4-Q1, confirmed by the four quarters summing exactly to each printed fiscal-year total"
business_100,4064736,21,https://web.quartr.com/companies/21558?companyId=21558&documentId=4064736&documentType=report&eventId=554427&navigation=external&utm_medium=referral&utm_source=mcp&rp=21,non_ifrs,Q4 FY2025,2025-03-31,Q,Quarterly Results Summary,Adjusted Gross Margin,134.2,usd_millions,1,1,32,"quarterly summary table; fiscal-year header labels were dropped/shifted by the PDF extractor - the first four columns are fiscal 2026 Q4-Q1 and the last four fiscal 2025 Q4-Q1, confirmed by the four quarters summing exactly to each printed fiscal-year total"
business_100,4064736,21,https://web.quartr.com/companies/21558?companyId=21558&documentId=4064736&documentType=report&eventId=554427&navigation=external&utm_medium=referral&utm_source=mcp&rp=21,non_ifrs,Q3 FY2025,2024-12-31,Q,Quarterly Results Summary,Adjusted Gross Margin,113.0,usd_millions,1,1,2,"quarterly summary table; fiscal-year header labels were dropped/shifted by the PDF extractor - the first four columns are fiscal 2026 Q4-Q1 and the last four fiscal 2025 Q4-Q1, confirmed by the four quarters summing exactly to each printed fiscal-year total"
business_100,4064736,21,https://web.quartr.com/companies/21558?companyId=21558&documentId=4064736&documentType=report&eventId=554427&navigation=external&utm_medium=referral&utm_source=mcp&rp=21,non_ifrs,Q2 FY2025,2024-09-30,Q,Quarterly Results Summary,Adjusted Gross Margin,82.8,usd_millions,1,1,2,"quarterly summary table; fiscal-year header labels were dropped/shifted by the PDF extractor - the first four columns are fiscal 2026 Q4-Q1 and the last four fiscal 2025 Q4-Q1, confirmed by the four quarters summing exactly to each printed fiscal-year total"
business_100,4064736,21,https://web.quartr.com/companies/21558?companyId=21558&documentId=4064736&documentType=report&eventId=554427&navigation=external&utm_medium=referral&utm_source=mcp&rp=21,non_ifrs,Q1 FY2025,2024-06-30,Q,Quarterly Results Summary,Adjusted Gross Margin,82.4,usd_millions,1,1,2,"quarterly summary table; fiscal-year header labels were dropped/shifted by the PDF extractor - the first four columns are fiscal 2026 Q4-Q1 and the last four fiscal 2025 Q4-Q1, confirmed by the four quarters summing exactly to each printed fiscal-year total"
business_100,4064736,21,https://web.quartr.com/companies/21558?companyId=21558&documentId=4064736&documentType=report&eventId=554427&navigation=external&utm_medium=referral&utm_source=mcp&rp=21,non_ifrs,Q4 FY2026,2026-03-31,Q,Quarterly Results Summary,Distributable Cash Flow,74.8,usd_millions,1,0,33,"quarterly summary table; fiscal-year header labels were dropped/shifted by the PDF extractor - the first four columns are fiscal 2026 Q4-Q1 and the last four fiscal 2025 Q4-Q1, confirmed by the four quarters summing exactly to each printed fiscal-year total"
business_100,4064736,21,https://web.quartr.com/companies/21558?companyId=21558&documentId=4064736&documentType=report&eventId=554427&navigation=external&utm_medium=referral&utm_source=mcp&rp=21,non_ifrs,Q3 FY2026,2025-12-31,Q,Quarterly Results Summary,Distributable Cash Flow,82.2,usd_millions,1,0,3,"quarterly summary table; fiscal-year header labels were dropped/shifted by the PDF extractor - the first four columns are fiscal 2026 Q4-Q1 and the last four fiscal 2025 Q4-Q1, confirmed by the four quarters summing exactly to each printed fiscal-year total"
business_100,4064736,21,https://web.quartr.com/companies/21558?companyId=21558&documentId=4064736&documentType=report&eventId=554427&navigation=external&utm_medium=referral&utm_source=mcp&rp=21,non_ifrs,Q2 FY2026,2025-09-30,Q,Quarterly Results Summary,Distributable Cash Flow,48.0,usd_millions,1,0,3,"quarterly summary table; fiscal-year header labels were dropped/shifted by the PDF extractor - the first four columns are fiscal 2026 Q4-Q1 and the last four fiscal 2025 Q4-Q1, confirmed by the four quarters summing exactly to each printed fiscal-year total"
business_100,4064736,21,https://web.quartr.com/companies/21558?companyId=21558&documentId=4064736&documentType=report&eventId=554427&navigation=external&utm_medium=referral&utm_source=mcp&rp=21,non_ifrs,Q1 FY2026,2025-06-30,Q,Quarterly Results Summary,Distributable Cash Flow,46.6,usd_millions,1,0,3,"quarterly summary table; fiscal-year header labels were dropped/shifted by the PDF extractor - the first four columns are fiscal 2026 Q4-Q1 and the last four fiscal 2025 Q4-Q1, confirmed by the four quarters summing exactly to each printed fiscal-year total"
business_100,4064736,21,https://web.quartr.com/companies/21558?companyId=21558&documentId=4064736&documentType=report&eventId=554427&navigation=external&utm_medium=referral&utm_source=mcp&rp=21,non_ifrs,Q4 FY2025,2025-03-31,Q,Quarterly Results Summary,Distributable Cash Flow,78.0,usd_millions,1,1,33,"quarterly summary table; fiscal-year header labels were dropped/shifted by the PDF extractor - the first four columns are fiscal 2026 Q4-Q1 and the last four fiscal 2025 Q4-Q1, confirmed by the four quarters summing exactly to each printed fiscal-year total"
business_100,4064736,21,https://web.quartr.com/companies/21558?companyId=21558&documentId=4064736&documentType=report&eventId=554427&navigation=external&utm_medium=referral&utm_source=mcp&rp=21,non_ifrs,Q3 FY2025,2024-12-31,Q,Quarterly Results Summary,Distributable Cash Flow,61.5,usd_millions,1,1,3,"quarterly summary table; fiscal-year header labels were dropped/shifted by the PDF extractor - the first four columns are fiscal 2026 Q4-Q1 and the last four fiscal 2025 Q4-Q1, confirmed by the four quarters summing exactly to each printed fiscal-year total"
business_100,4064736,21,https://web.quartr.com/companies/21558?companyId=21558&documentId=4064736&documentType=report&eventId=554427&navigation=external&utm_medium=referral&utm_source=mcp&rp=21,non_ifrs,Q2 FY2025,2024-09-30,Q,Quarterly Results Summary,Distributable Cash Flow,45.3,usd_millions,1,1,3,"quarterly summary table; fiscal-year header labels were dropped/shifted by the PDF extractor - the first four columns are fiscal 2026 Q4-Q1 and the last four fiscal 2025 Q4-Q1, confirmed by the four quarters summing exactly to each printed fiscal-year total"
business_100,4064736,21,https://web.quartr.com/companies/21558?companyId=21558&documentId=4064736&documentType=report&eventId=554427&navigation=external&utm_medium=referral&utm_source=mcp&rp=21,non_ifrs,Q1 FY2025,2024-06-30,Q,Quarterly Results Summary,Distributable Cash Flow,49.7,usd_millions,1,1,3,"quarterly summary table; fiscal-year header labels were dropped/shifted by the PDF extractor - the first four columns are fiscal 2026 Q4-Q1 and the last four fiscal 2025 Q4-Q1, confirmed by the four quarters summing exactly to each printed fiscal-year total"
business_100,4064736,21,https://web.quartr.com/companies/21558?companyId=21558&documentId=4064736&documentType=report&eventId=554427&navigation=external&utm_medium=referral&utm_source=mcp&rp=21,note_debt,FY2026,2026-03-31,instant,Sources of Liquidity,Cash and cash equivalents (1),42.3,usd_millions,0,0,5,"table caption reads 'the combined available liquidity for the Business and the Company'; p.7 and p.21 narrative both attribute the same $361.2 million to the Business - BASIS AMBIGUOUS, tagged business_100; footnote 1: 'Excludes restricted cash.' footnote 2: 'March 31, 2025 excludes the ABL Facility borrowing base attributable to cash on hand.'"
business_100,4064736,21,https://web.quartr.com/companies/21558?companyId=21558&documentId=4064736&documentType=report&eventId=554427&navigation=external&utm_medium=referral&utm_source=mcp&rp=21,note_debt,FY2025,2025-03-31,instant,Sources of Liquidity,Cash and cash equivalents (1),204.1,usd_millions,0,1,3,"table caption reads 'the combined available liquidity for the Business and the Company'; p.7 and p.21 narrative both attribute the same $361.2 million to the Business - BASIS AMBIGUOUS, tagged business_100; footnote 1: 'Excludes restricted cash.' footnote 2: 'March 31, 2025 excludes the ABL Facility borrowing base attributable to cash on hand.'"
business_100,4064736,21,https://web.quartr.com/companies/21558?companyId=21558&documentId=4064736&documentType=report&eventId=554427&navigation=external&utm_medium=referral&utm_source=mcp&rp=21,note_debt,FY2026,2026-03-31,instant,Sources of Liquidity,Undrawn and available committed credit facilities (2),318.9,usd_millions,0,0,6,"table caption reads 'the combined available liquidity for the Business and the Company'; p.7 and p.21 narrative both attribute the same $361.2 million to the Business - BASIS AMBIGUOUS, tagged business_100; footnote 1: 'Excludes restricted cash.' footnote 2: 'March 31, 2025 excludes the ABL Facility borrowing base attributable to cash on hand.'"
business_100,4064736,21,https://web.quartr.com/companies/21558?companyId=21558&documentId=4064736&documentType=report&eventId=554427&navigation=external&utm_medium=referral&utm_source=mcp&rp=21,note_debt,FY2025,2025-03-31,instant,Sources of Liquidity,Undrawn and available committed credit facilities (2),112.7,usd_millions,0,1,4,"table caption reads 'the combined available liquidity for the Business and the Company'; p.7 and p.21 narrative both attribute the same $361.2 million to the Business - BASIS AMBIGUOUS, tagged business_100; footnote 1: 'Excludes restricted cash.' footnote 2: 'March 31, 2025 excludes the ABL Facility borrowing base attributable to cash on hand.'"
business_100,4064736,21,https://web.quartr.com/companies/21558?companyId=21558&documentId=4064736&documentType=report&eventId=554427&navigation=external&utm_medium=referral&utm_source=mcp&rp=21,note_debt,FY2026,2026-03-31,instant,Sources of Liquidity,Total available liquidity,361.2,usd_millions,1,0,7,"table caption reads 'the combined available liquidity for the Business and the Company'; p.7 and p.21 narrative both attribute the same $361.2 million to the Business - BASIS AMBIGUOUS, tagged business_100; footnote 1: 'Excludes restricted cash.' footnote 2: 'March 31, 2025 excludes the ABL Facility borrowing base attributable to cash on hand.'"
business_100,4064736,21,https://web.quartr.com/companies/21558?companyId=21558&documentId=4064736&documentType=report&eventId=554427&navigation=external&utm_medium=referral&utm_source=mcp&rp=21,note_debt,FY2025,2025-03-31,instant,Sources of Liquidity,Total available liquidity,316.8,usd_millions,1,1,5,"table caption reads 'the combined available liquidity for the Business and the Company'; p.7 and p.21 narrative both attribute the same $361.2 million to the Business - BASIS AMBIGUOUS, tagged business_100; footnote 1: 'Excludes restricted cash.' footnote 2: 'March 31, 2025 excludes the ABL Facility borrowing base attributable to cash on hand.'"
business_100,4064736,22,https://web.quartr.com/companies/21558?companyId=21558&documentId=4064736&documentType=report&eventId=554427&navigation=external&utm_medium=referral&utm_source=mcp&rp=22,note_debt,FY2026,2026-03-31,instant,Liquidity and Capital Resources,Revolving Credit Facility - aggregate commitment available,350.0,usd_millions,0,0,8,entered into 2025-10-15; matures 2030-10-15
business_100,4064736,22,https://web.quartr.com/companies/21558?companyId=21558&documentId=4064736&documentType=report&eventId=554427&navigation=external&utm_medium=referral&utm_source=mcp&rp=22,note_debt,FY2026,2026-03-31,instant,Liquidity and Capital Resources,Revolving Credit Facility - letters of credit sub-limit,175.0,usd_millions,0,0,9,
business_100,4064736,22,https://web.quartr.com/companies/21558?companyId=21558&documentId=4064736&documentType=report&eventId=554427&navigation=external&utm_medium=referral&utm_source=mcp&rp=22,note_debt,FY2026,2026-03-31,instant,Liquidity and Capital Resources,Revolving Credit Facility - maturity date,"October 15, 2030",text,0,0,10,
business_100,4064736,22,https://web.quartr.com/companies/21558?companyId=21558&documentId=4064736&documentType=report&eventId=554427&navigation=external&utm_medium=referral&utm_source=mcp&rp=22,note_debt,FY2026,2026-03-31,instant,Liquidity and Capital Resources,"Revolving Credit Facility - initial drawings on October 15, 2025",55.0,usd_millions,0,0,11,used with cash on hand to repay $55.8 million of ABL Facility cash drawings
business_100,4064736,22,https://web.quartr.com/companies/21558?companyId=21558&documentId=4064736&documentType=report&eventId=554427&navigation=external&utm_medium=referral&utm_source=mcp&rp=22,note_debt,FY2026,2026-03-31,instant,Liquidity and Capital Resources,"ABL Facility - cash drawings repaid on October 15, 2025",55.8,usd_millions,0,0,12,
business_100,4064736,22,https://web.quartr.com/companies/21558?companyId=21558&documentId=4064736&documentType=report&eventId=554427&navigation=external&utm_medium=referral&utm_source=mcp&rp=22,note_debt,FY2026,2026-03-31,instant,Liquidity and Capital Resources,letters of credit transferred from ABL Facility to Revolving Credit Facility,37.2,usd_millions,0,0,13,as at 2025-10-15
business_100,4064736,22,https://web.quartr.com/companies/21558?companyId=21558&documentId=4064736&documentType=report&eventId=554427&navigation=external&utm_medium=referral&utm_source=mcp&rp=22,note_debt,FY2026,2026-03-31,instant,Liquidity and Capital Resources,Revolving Credit Facility covenant - maximum consolidated total net debt to consolidated EBITDA,5.0,count,0,0,14,"printed as 'no more than 5.00 to 1.00', tested quarterly beginning with the quarter ended 2025-12-31; in compliance at 2026-03-31"
business_100,4064736,22,https://web.quartr.com/companies/21558?companyId=21558&documentId=4064736&documentType=report&eventId=554427&navigation=external&utm_medium=referral&utm_source=mcp&rp=22,note_debt,FY2026,2026-03-31,instant,Liquidity and Capital Resources,interest rate swaps - blended SOFR rate locked in,3.4,pct,0,0,15,effective 2025-10-24
business_100,4064736,22,https://web.quartr.com/companies/21558?companyId=21558&documentId=4064736&documentType=report&eventId=554427&navigation=external&utm_medium=referral&utm_source=mcp&rp=22,note_debt,FY2026,2026-03-31,instant,Liquidity and Capital Resources,"Term Loan due 2031 - SOFR margin after October 29, 2025 repricing",2.5,pct,0,0,16,reduced from SOFR plus 3.00%
business_100,4064736,22,https://web.quartr.com/companies/21558?companyId=21558&documentId=4064736&documentType=report&eventId=554427&navigation=external&utm_medium=referral&utm_source=mcp&rp=22,note_debt,FY2026,2026-03-31,instant,Liquidity and Capital Resources,"Term Loan due 2031 - base rate margin after October 29, 2025 repricing",1.5,pct,0,0,17,reduced from base rate plus 2.00%
business_100,4064736,23,https://web.quartr.com/companies/21558?companyId=21558&documentId=4064736&documentType=report&eventId=554427&navigation=external&utm_medium=referral&utm_source=mcp&rp=23,note_debt,FY2026,2026-03-31,instant,Liquidity and Capital Resources,"Term Loan due 2031 - SOFR margin after May 7, 2026 repricing",2.25,pct,0,0,18,SUBSEQUENT EVENT
business_100,4064736,23,https://web.quartr.com/companies/21558?companyId=21558&documentId=4064736&documentType=report&eventId=554427&navigation=external&utm_medium=referral&utm_source=mcp&rp=23,note_debt,FY2026,2026-03-31,instant,Liquidity and Capital Resources,"Term Loan due 2031 - base rate margin after May 7, 2026 repricing",1.25,pct,0,0,19,SUBSEQUENT EVENT
business_100,4064736,23,https://web.quartr.com/companies/21558?companyId=21558&documentId=4064736&documentType=report&eventId=554427&navigation=external&utm_medium=referral&utm_source=mcp&rp=23,note_debt,FY2026,2026-03-31,instant,Liquidity and Capital Resources,"Term Loan due 2031 - all-in interest rate on SOFR drawn balances after May 7, 2026 repricing",5.65,pct,0,0,20,SUBSEQUENT EVENT
business_100,4064736,23,https://web.quartr.com/companies/21558?companyId=21558&documentId=4064736&documentType=report&eventId=554427&navigation=external&utm_medium=referral&utm_source=mcp&rp=23,note_debt,FY2026,2026-03-31,instant,Liquidity and Capital Resources,Term Loan due 2031 - excess cash flow prepayment threshold,63.1,usd_millions,0,0,21,printed as 'the greater of $63.1 million or 25.0% of Consolidated EBITDA'; no excess cash flow payments were required as of 2026-03-31
business_100,4064736,23,https://web.quartr.com/companies/21558?companyId=21558&documentId=4064736&documentType=report&eventId=554427&navigation=external&utm_medium=referral&utm_source=mcp&rp=23,note_debt,FY2026,2026-03-31,instant,Liquidity and Capital Resources,Term Loan due 2031 covenant - minimum Debt Service Coverage Ratio,1.1,count,0,0,22,"printed as 'at least 1.10 to 1.00', tested quarterly; in compliance at 2026-03-31"
business_100,4064736,23,https://web.quartr.com/companies/21558?companyId=21558&documentId=4064736&documentType=report&eventId=554427&navigation=external&utm_medium=referral&utm_source=mcp&rp=23,cash_flow,FY2026,2026-03-31,FY,Operating activities:,Net earnings,206.9,usd_millions,0,0,1,MD&A summary of cash flows; column alignment reconstructed from PDF-extractor output and independently confirmed by arithmetic footing of the printed subtotals
business_100,4064736,23,https://web.quartr.com/companies/21558?companyId=21558&documentId=4064736&documentType=report&eventId=554427&navigation=external&utm_medium=referral&utm_source=mcp&rp=23,cash_flow,FY2025,2025-03-31,FY,Operating activities:,Net earnings,209.4,usd_millions,0,1,1,MD&A summary of cash flows; column alignment reconstructed from PDF-extractor output and independently confirmed by arithmetic footing of the printed subtotals
business_100,4064736,23,https://web.quartr.com/companies/21558?companyId=21558&documentId=4064736&documentType=report&eventId=554427&navigation=external&utm_medium=referral&utm_source=mcp&rp=23,cash_flow,FY2026,2026-03-31,FY,Adjustments to reconcile net earnings to net cash provided by operating activities:,Deferred income tax expense (benefit),10.5,usd_millions,0,0,2,MD&A summary of cash flows; column alignment reconstructed from PDF-extractor output and independently confirmed by arithmetic footing of the printed subtotals
business_100,4064736,23,https://web.quartr.com/companies/21558?companyId=21558&documentId=4064736&documentType=report&eventId=554427&navigation=external&utm_medium=referral&utm_source=mcp&rp=23,cash_flow,FY2025,2025-03-31,FY,Adjustments to reconcile net earnings to net cash provided by operating activities:,Deferred income tax expense (benefit),-11.2,usd_millions,0,1,2,MD&A summary of cash flows; column alignment reconstructed from PDF-extractor output and independently confirmed by arithmetic footing of the printed subtotals
business_100,4064736,23,https://web.quartr.com/companies/21558?companyId=21558&documentId=4064736&documentType=report&eventId=554427&navigation=external&utm_medium=referral&utm_source=mcp&rp=23,cash_flow,FY2026,2026-03-31,FY,Adjustments to reconcile net earnings to net cash provided by operating activities:,Unrealized risk management (gains) losses,-25.0,usd_millions,0,0,3,MD&A summary of cash flows; column alignment reconstructed from PDF-extractor output and independently confirmed by arithmetic footing of the printed subtotals
business_100,4064736,23,https://web.quartr.com/companies/21558?companyId=21558&documentId=4064736&documentType=report&eventId=554427&navigation=external&utm_medium=referral&utm_source=mcp&rp=23,cash_flow,FY2025,2025-03-31,FY,Adjustments to reconcile net earnings to net cash provided by operating activities:,Unrealized risk management (gains) losses,4.0,usd_millions,0,1,3,MD&A summary of cash flows; column alignment reconstructed from PDF-extractor output and independently confirmed by arithmetic footing of the printed subtotals
business_100,4064736,23,https://web.quartr.com/companies/21558?companyId=21558&documentId=4064736&documentType=report&eventId=554427&navigation=external&utm_medium=referral&utm_source=mcp&rp=23,cash_flow,FY2026,2026-03-31,FY,Adjustments to reconcile net earnings to net cash provided by operating activities:,Depreciation and amortization,34.1,usd_millions,0,0,4,MD&A summary of cash flows; column alignment reconstructed from PDF-extractor output and independently confirmed by arithmetic footing of the printed subtotals
business_100,4064736,23,https://web.quartr.com/companies/21558?companyId=21558&documentId=4064736&documentType=report&eventId=554427&navigation=external&utm_medium=referral&utm_source=mcp&rp=23,cash_flow,FY2025,2025-03-31,FY,Adjustments to reconcile net earnings to net cash provided by operating activities:,Depreciation and amortization,33.1,usd_millions,0,1,4,MD&A summary of cash flows; column alignment reconstructed from PDF-extractor output and independently confirmed by arithmetic footing of the printed subtotals
business_100,4064736,23,https://web.quartr.com/companies/21558?companyId=21558&documentId=4064736&documentType=report&eventId=554427&navigation=external&utm_medium=referral&utm_source=mcp&rp=23,cash_flow,FY2026,2026-03-31,FY,Adjustments to reconcile net earnings to net cash provided by operating activities:,Amortization of deferred financing costs,7.4,usd_millions,0,0,5,MD&A summary of cash flows; column alignment reconstructed from PDF-extractor output and independently confirmed by arithmetic footing of the printed subtotals
business_100,4064736,23,https://web.quartr.com/companies/21558?companyId=21558&documentId=4064736&documentType=report&eventId=554427&navigation=external&utm_medium=referral&utm_source=mcp&rp=23,cash_flow,FY2025,2025-03-31,FY,Adjustments to reconcile net earnings to net cash provided by operating activities:,Amortization of deferred financing costs,6.8,usd_millions,0,1,5,MD&A summary of cash flows; column alignment reconstructed from PDF-extractor output and independently confirmed by arithmetic footing of the printed subtotals
business_100,4064736,23,https://web.quartr.com/companies/21558?companyId=21558&documentId=4064736&documentType=report&eventId=554427&navigation=external&utm_medium=referral&utm_source=mcp&rp=23,cash_flow,FY2026,2026-03-31,FY,Adjustments to reconcile net earnings to net cash provided by operating activities:,Other,1.8,usd_millions,0,0,6,MD&A summary of cash flows; column alignment reconstructed from PDF-extractor output and independently confirmed by arithmetic footing of the printed subtotals
business_100,4064736,23,https://web.quartr.com/companies/21558?companyId=21558&documentId=4064736&documentType=report&eventId=554427&navigation=external&utm_medium=referral&utm_source=mcp&rp=23,cash_flow,FY2025,2025-03-31,FY,Adjustments to reconcile net earnings to net cash provided by operating activities:,Other,0.1,usd_millions,0,1,6,MD&A summary of cash flows; column alignment reconstructed from PDF-extractor output and independently confirmed by arithmetic footing of the printed subtotals
business_100,4064736,23,https://web.quartr.com/companies/21558?companyId=21558&documentId=4064736&documentType=report&eventId=554427&navigation=external&utm_medium=referral&utm_source=mcp&rp=23,cash_flow,FY2026,2026-03-31,FY,Adjustments to reconcile net earnings to net cash provided by operating activities:,Changes in non-cash working capital,-45.6,usd_millions,0,0,7,MD&A summary of cash flows; column alignment reconstructed from PDF-extractor output and independently confirmed by arithmetic footing of the printed subtotals
business_100,4064736,23,https://web.quartr.com/companies/21558?companyId=21558&documentId=4064736&documentType=report&eventId=554427&navigation=external&utm_medium=referral&utm_source=mcp&rp=23,cash_flow,FY2025,2025-03-31,FY,Adjustments to reconcile net earnings to net cash provided by operating activities:,Changes in non-cash working capital,71.5,usd_millions,0,1,7,MD&A summary of cash flows; column alignment reconstructed from PDF-extractor output and independently confirmed by arithmetic footing of the printed subtotals
business_100,4064736,23,https://web.quartr.com/companies/21558?companyId=21558&documentId=4064736&documentType=report&eventId=554427&navigation=external&utm_medium=referral&utm_source=mcp&rp=23,cash_flow,FY2026,2026-03-31,FY,Adjustments to reconcile net earnings to net cash provided by operating activities:,Net cash provided by operating activities,190.1,usd_millions,1,0,8,MD&A summary of cash flows; column alignment reconstructed from PDF-extractor output and independently confirmed by arithmetic footing of the printed subtotals
business_100,4064736,23,https://web.quartr.com/companies/21558?companyId=21558&documentId=4064736&documentType=report&eventId=554427&navigation=external&utm_medium=referral&utm_source=mcp&rp=23,cash_flow,FY2025,2025-03-31,FY,Adjustments to reconcile net earnings to net cash provided by operating activities:,Net cash provided by operating activities,313.7,usd_millions,1,1,8,MD&A summary of cash flows; column alignment reconstructed from PDF-extractor output and independently confirmed by arithmetic footing of the printed subtotals
business_100,4064736,23,https://web.quartr.com/companies/21558?companyId=21558&documentId=4064736&documentType=report&eventId=554427&navigation=external&utm_medium=referral&utm_source=mcp&rp=23,cash_flow,FY2026,2026-03-31,FY,Statements of Cash Flows Summary,Net cash used in investing activities,-32.9,usd_millions,1,0,9,MD&A summary of cash flows; column alignment reconstructed from PDF-extractor output and independently confirmed by arithmetic footing of the printed subtotals
business_100,4064736,23,https://web.quartr.com/companies/21558?companyId=21558&documentId=4064736&documentType=report&eventId=554427&navigation=external&utm_medium=referral&utm_source=mcp&rp=23,cash_flow,FY2025,2025-03-31,FY,Statements of Cash Flows Summary,Net cash used in investing activities,-34.9,usd_millions,1,1,9,MD&A summary of cash flows; column alignment reconstructed from PDF-extractor output and independently confirmed by arithmetic footing of the printed subtotals
business_100,4064736,23,https://web.quartr.com/companies/21558?companyId=21558&documentId=4064736&documentType=report&eventId=554427&navigation=external&utm_medium=referral&utm_source=mcp&rp=23,cash_flow,FY2026,2026-03-31,FY,Statements of Cash Flows Summary,Net cash used in financing activities,-319.8,usd_millions,1,0,10,MD&A summary of cash flows; column alignment reconstructed from PDF-extractor output and independently confirmed by arithmetic footing of the printed subtotals
business_100,4064736,23,https://web.quartr.com/companies/21558?companyId=21558&documentId=4064736&documentType=report&eventId=554427&navigation=external&utm_medium=referral&utm_source=mcp&rp=23,cash_flow,FY2025,2025-03-31,FY,Statements of Cash Flows Summary,Net cash used in financing activities,-174.2,usd_millions,1,1,10,MD&A summary of cash flows; column alignment reconstructed from PDF-extractor output and independently confirmed by arithmetic footing of the printed subtotals
business_100,4064736,24,https://web.quartr.com/companies/21558?companyId=21558&documentId=4064736&documentType=report&eventId=554427&navigation=external&utm_medium=referral&utm_source=mcp&rp=24,cash_flow,FY2026,2026-03-31,FY,Net cash used in financing activities,cash distributions and advances to Brookfield and Rockpoint,-456.9,usd_millions,0,0,11,narrative text
business_100,4064736,24,https://web.quartr.com/companies/21558?companyId=21558&documentId=4064736&documentType=report&eventId=554427&navigation=external&utm_medium=referral&utm_source=mcp&rp=24,cash_flow,FY2026,2026-03-31,FY,Net cash used in financing activities,lease principal repayments,-17.7,usd_millions,0,0,12,narrative text
business_100,4064736,24,https://web.quartr.com/companies/21558?companyId=21558&documentId=4064736&documentType=report&eventId=554427&navigation=external&utm_medium=referral&utm_source=mcp&rp=24,cash_flow,FY2026,2026-03-31,FY,Net cash used in financing activities,net repayments on the Business' revolving credit facilities,-14.0,usd_millions,0,0,13,narrative text
business_100,4064736,24,https://web.quartr.com/companies/21558?companyId=21558&documentId=4064736&documentType=report&eventId=554427&navigation=external&utm_medium=referral&utm_source=mcp&rp=24,cash_flow,FY2026,2026-03-31,FY,Net cash used in financing activities,mandatory payments on the Term Loan due 2031,-12.5,usd_millions,0,0,14,narrative text
business_100,4064736,24,https://web.quartr.com/companies/21558?companyId=21558&documentId=4064736&documentType=report&eventId=554427&navigation=external&utm_medium=referral&utm_source=mcp&rp=24,cash_flow,FY2026,2026-03-31,FY,Net cash used in financing activities,refinancing and repricing charges,-5.8,usd_millions,0,0,15,narrative text
business_100,4064736,24,https://web.quartr.com/companies/21558?companyId=21558&documentId=4064736&documentType=report&eventId=554427&navigation=external&utm_medium=referral&utm_source=mcp&rp=24,cash_flow,FY2026,2026-03-31,FY,Net cash used in financing activities,loan received from Brookfield affiliates later contributed as capital,135.6,usd_millions,0,0,16,narrative text
business_100,4064736,24,https://web.quartr.com/companies/21558?companyId=21558&documentId=4064736&documentType=report&eventId=554427&navigation=external&utm_medium=referral&utm_source=mcp&rp=24,cash_flow,FY2026,2026-03-31,FY,Net cash used in financing activities,capital contribution received to fund partial payments on the Legacy Incentive Plans,51.5,usd_millions,0,0,17,narrative text
business_100,4064736,24,https://web.quartr.com/companies/21558?companyId=21558&documentId=4064736&documentType=report&eventId=554427&navigation=external&utm_medium=referral&utm_source=mcp&rp=24,cash_flow,FY2025,2025-03-31,FY,Net cash used in financing activities,repayments of non-affiliated long-term debt,-453.1,usd_millions,0,1,11,narrative text
business_100,4064736,24,https://web.quartr.com/companies/21558?companyId=21558&documentId=4064736&documentType=report&eventId=554427&navigation=external&utm_medium=referral&utm_source=mcp&rp=24,cash_flow,FY2025,2025-03-31,FY,Net cash used in financing activities,repayments of Brookfield affiliated debt,-224.9,usd_millions,0,1,12,narrative text
business_100,4064736,24,https://web.quartr.com/companies/21558?companyId=21558&documentId=4064736&documentType=report&eventId=554427&navigation=external&utm_medium=referral&utm_source=mcp&rp=24,cash_flow,FY2025,2025-03-31,FY,Net cash used in financing activities,cash distributions and advances to Brookfield,-711.9,usd_millions,0,1,13,narrative text
company,4064736,24,https://web.quartr.com/companies/21558?companyId=21558&documentId=4064736&documentType=report&eventId=554427&navigation=external&utm_medium=referral&utm_source=mcp&rp=24,cash_flow,"July 28, 2025 to March 31, 2026",2026-03-31,FY,Statements of Cash Flows Summary,Net cash provided by operating activities,0,usd_millions,1,0,1,"MD&A summary of the Company's cash flows; Company inaugural reporting period from incorporation 2025-07-28 to 2026-03-31 (246 days, not a full 12 months); Company held no interest in the Business before 2025-10-15; no comparative period is presented for the Company (p.2); printed_dash_zero"
company,4064736,24,https://web.quartr.com/companies/21558?companyId=21558&documentId=4064736&documentType=report&eventId=554427&navigation=external&utm_medium=referral&utm_source=mcp&rp=24,cash_flow,"July 28, 2025 to March 31, 2026",2026-03-31,FY,Statements of Cash Flows Summary,Net cash used in investing activities,-489.5,usd_millions,1,0,2,"MD&A summary of the Company's cash flows; Company inaugural reporting period from incorporation 2025-07-28 to 2026-03-31 (246 days, not a full 12 months); Company held no interest in the Business before 2025-10-15; no comparative period is presented for the Company (p.2)"
company,4064736,24,https://web.quartr.com/companies/21558?companyId=21558&documentId=4064736&documentType=report&eventId=554427&navigation=external&utm_medium=referral&utm_source=mcp&rp=24,cash_flow,"July 28, 2025 to March 31, 2026",2026-03-31,FY,Statements of Cash Flows Summary,Net cash provided by financing activities,489.5,usd_millions,1,0,3,"MD&A summary of the Company's cash flows; Company inaugural reporting period from incorporation 2025-07-28 to 2026-03-31 (246 days, not a full 12 months); Company held no interest in the Business before 2025-10-15; no comparative period is presented for the Company (p.2)"
company,4064736,24,https://web.quartr.com/companies/21558?companyId=21558&documentId=4064736&documentType=report&eventId=554427&navigation=external&utm_medium=referral&utm_source=mcp&rp=24,cash_flow,"July 28, 2025 to March 31, 2026",2026-03-31,FY,Net cash used in investing activities,cash paid to Brookfield as partial consideration for the 40% interest in the Business,-501.2,usd_millions,0,0,4,narrative text; value on transaction date 2025-10-15
company,4064736,24,https://web.quartr.com/companies/21558?companyId=21558&documentId=4064736&documentType=report&eventId=554427&navigation=external&utm_medium=referral&utm_source=mcp&rp=24,cash_flow,"July 28, 2025 to March 31, 2026",2026-03-31,FY,Net cash used in investing activities,cash distribution received from the Business,11.7,usd_millions,0,0,5,narrative text
company,4064736,25,https://web.quartr.com/companies/21558?companyId=21558&documentId=4064736&documentType=report&eventId=554427&navigation=external&utm_medium=referral&utm_source=mcp&rp=25,cash_flow,"July 28, 2025 to March 31, 2026",2026-03-31,FY,Net cash provided by financing activities,advance received from the Business,11.7,usd_millions,0,0,6,narrative text; used to fund a distribution to Class A Shareholders; later settled non-cash
company,4064736,25,https://web.quartr.com/companies/21558?companyId=21558&documentId=4064736&documentType=report&eventId=554427&navigation=external&utm_medium=referral&utm_source=mcp&rp=25,cash_flow,"July 28, 2025 to March 31, 2026",2026-03-31,FY,Net cash provided by financing activities,funds raised from the initial public offering of Class A Shares,501.2,usd_millions,0,0,7,narrative text; 2025-10-15
business_100,4064736,25,https://web.quartr.com/companies/21558?companyId=21558&documentId=4064736&documentType=report&eventId=554427&navigation=external&utm_medium=referral&utm_source=mcp&rp=25,note_commitments,FY2026,2026-03-31,instant,Contractual Obligations and Commitments,Debt obligations - Total,1234.4,usd_millions,1,0,1,contractual obligations of the Business as of 2026-03-31; line_item is a composite of the printed row caption and the printed maturity-bucket column header; column alignment reconstructed from PDF-extractor output and independently confirmed by arithmetic footing of the printed subtotals; consisted entirely of Term Loan due 2031 debt; no cash drawings outstanding on the Revolving Credit Facility
business_100,4064736,25,https://web.quartr.com/companies/21558?companyId=21558&documentId=4064736&documentType=report&eventId=554427&navigation=external&utm_medium=referral&utm_source=mcp&rp=25,note_commitments,FY2026,2026-03-31,instant,Contractual Obligations and Commitments,Debt obligations - Less than 1 year,12.5,usd_millions,0,0,2,contractual obligations of the Business as of 2026-03-31; line_item is a composite of the printed row caption and the printed maturity-bucket column header; column alignment reconstructed from PDF-extractor output and independently confirmed by arithmetic footing of the printed subtotals; consisted entirely of Term Loan due 2031 debt; no cash drawings outstanding on the Revolving Credit Facility
business_100,4064736,25,https://web.quartr.com/companies/21558?companyId=21558&documentId=4064736&documentType=report&eventId=554427&navigation=external&utm_medium=referral&utm_source=mcp&rp=25,note_commitments,FY2026,2026-03-31,instant,Contractual Obligations and Commitments,Debt obligations - 1 - 3 years,25.0,usd_millions,0,0,3,contractual obligations of the Business as of 2026-03-31; line_item is a composite of the printed row caption and the printed maturity-bucket column header; column alignment reconstructed from PDF-extractor output and independently confirmed by arithmetic footing of the printed subtotals; consisted entirely of Term Loan due 2031 debt; no cash drawings outstanding on the Revolving Credit Facility
business_100,4064736,25,https://web.quartr.com/companies/21558?companyId=21558&documentId=4064736&documentType=report&eventId=554427&navigation=external&utm_medium=referral&utm_source=mcp&rp=25,note_commitments,FY2026,2026-03-31,instant,Contractual Obligations and Commitments,Debt obligations - 3 - 5 years,25.0,usd_millions,0,0,4,contractual obligations of the Business as of 2026-03-31; line_item is a composite of the printed row caption and the printed maturity-bucket column header; column alignment reconstructed from PDF-extractor output and independently confirmed by arithmetic footing of the printed subtotals; consisted entirely of Term Loan due 2031 debt; no cash drawings outstanding on the Revolving Credit Facility
business_100,4064736,25,https://web.quartr.com/companies/21558?companyId=21558&documentId=4064736&documentType=report&eventId=554427&navigation=external&utm_medium=referral&utm_source=mcp&rp=25,note_commitments,FY2026,2026-03-31,instant,Contractual Obligations and Commitments,Debt obligations - More than 5 years,1171.9,usd_millions,0,0,5,contractual obligations of the Business as of 2026-03-31; line_item is a composite of the printed row caption and the printed maturity-bucket column header; column alignment reconstructed from PDF-extractor output and independently confirmed by arithmetic footing of the printed subtotals; consisted entirely of Term Loan due 2031 debt; no cash drawings outstanding on the Revolving Credit Facility
business_100,4064736,25,https://web.quartr.com/companies/21558?companyId=21558&documentId=4064736&documentType=report&eventId=554427&navigation=external&utm_medium=referral&utm_source=mcp&rp=25,note_commitments,FY2026,2026-03-31,instant,Contractual Obligations and Commitments,Interest on debt obligations - Total,393.8,usd_millions,1,0,6,contractual obligations of the Business as of 2026-03-31; line_item is a composite of the printed row caption and the printed maturity-bucket column header; column alignment reconstructed from PDF-extractor output and independently confirmed by arithmetic footing of the printed subtotals
business_100,4064736,25,https://web.quartr.com/companies/21558?companyId=21558&documentId=4064736&documentType=report&eventId=554427&navigation=external&utm_medium=referral&utm_source=mcp&rp=25,note_commitments,FY2026,2026-03-31,instant,Contractual Obligations and Commitments,Interest on debt obligations - Less than 1 year,73.8,usd_millions,0,0,7,contractual obligations of the Business as of 2026-03-31; line_item is a composite of the printed row caption and the printed maturity-bucket column header; column alignment reconstructed from PDF-extractor output and independently confirmed by arithmetic footing of the printed subtotals
business_100,4064736,25,https://web.quartr.com/companies/21558?companyId=21558&documentId=4064736&documentType=report&eventId=554427&navigation=external&utm_medium=referral&utm_source=mcp&rp=25,note_commitments,FY2026,2026-03-31,instant,Contractual Obligations and Commitments,Interest on debt obligations - 1 - 3 years,145.2,usd_millions,0,0,8,contractual obligations of the Business as of 2026-03-31; line_item is a composite of the printed row caption and the printed maturity-bucket column header; column alignment reconstructed from PDF-extractor output and independently confirmed by arithmetic footing of the printed subtotals
business_100,4064736,25,https://web.quartr.com/companies/21558?companyId=21558&documentId=4064736&documentType=report&eventId=554427&navigation=external&utm_medium=referral&utm_source=mcp&rp=25,note_commitments,FY2026,2026-03-31,instant,Contractual Obligations and Commitments,Interest on debt obligations - 3 - 5 years,142.0,usd_millions,0,0,9,contractual obligations of the Business as of 2026-03-31; line_item is a composite of the printed row caption and the printed maturity-bucket column header; column alignment reconstructed from PDF-extractor output and independently confirmed by arithmetic footing of the printed subtotals
business_100,4064736,25,https://web.quartr.com/companies/21558?companyId=21558&documentId=4064736&documentType=report&eventId=554427&navigation=external&utm_medium=referral&utm_source=mcp&rp=25,note_commitments,FY2026,2026-03-31,instant,Contractual Obligations and Commitments,Interest on debt obligations - More than 5 years,32.8,usd_millions,0,0,10,contractual obligations of the Business as of 2026-03-31; line_item is a composite of the printed row caption and the printed maturity-bucket column header; column alignment reconstructed from PDF-extractor output and independently confirmed by arithmetic footing of the printed subtotals
business_100,4064736,25,https://web.quartr.com/companies/21558?companyId=21558&documentId=4064736&documentType=report&eventId=554427&navigation=external&utm_medium=referral&utm_source=mcp&rp=25,note_commitments,FY2026,2026-03-31,instant,Contractual Obligations and Commitments,Lease obligations - Total,347.3,usd_millions,1,0,11,contractual obligations of the Business as of 2026-03-31; line_item is a composite of the printed row caption and the printed maturity-bucket column header; column alignment reconstructed from PDF-extractor output and independently confirmed by arithmetic footing of the printed subtotals; undiscounted; total DISCOUNTED lease obligation was $99.5 million at 2026-03-31
business_100,4064736,25,https://web.quartr.com/companies/21558?companyId=21558&documentId=4064736&documentType=report&eventId=554427&navigation=external&utm_medium=referral&utm_source=mcp&rp=25,note_commitments,FY2026,2026-03-31,instant,Contractual Obligations and Commitments,Lease obligations - Less than 1 year,8.9,usd_millions,0,0,12,contractual obligations of the Business as of 2026-03-31; line_item is a composite of the printed row caption and the printed maturity-bucket column header; column alignment reconstructed from PDF-extractor output and independently confirmed by arithmetic footing of the printed subtotals; undiscounted; total DISCOUNTED lease obligation was $99.5 million at 2026-03-31
business_100,4064736,25,https://web.quartr.com/companies/21558?companyId=21558&documentId=4064736&documentType=report&eventId=554427&navigation=external&utm_medium=referral&utm_source=mcp&rp=25,note_commitments,FY2026,2026-03-31,instant,Contractual Obligations and Commitments,Lease obligations - 1 - 3 years,17.3,usd_millions,0,0,13,contractual obligations of the Business as of 2026-03-31; line_item is a composite of the printed row caption and the printed maturity-bucket column header; column alignment reconstructed from PDF-extractor output and independently confirmed by arithmetic footing of the printed subtotals; undiscounted; total DISCOUNTED lease obligation was $99.5 million at 2026-03-31
business_100,4064736,25,https://web.quartr.com/companies/21558?companyId=21558&documentId=4064736&documentType=report&eventId=554427&navigation=external&utm_medium=referral&utm_source=mcp&rp=25,note_commitments,FY2026,2026-03-31,instant,Contractual Obligations and Commitments,Lease obligations - 3 - 5 years,18.3,usd_millions,0,0,14,contractual obligations of the Business as of 2026-03-31; line_item is a composite of the printed row caption and the printed maturity-bucket column header; column alignment reconstructed from PDF-extractor output and independently confirmed by arithmetic footing of the printed subtotals; undiscounted; total DISCOUNTED lease obligation was $99.5 million at 2026-03-31
business_100,4064736,25,https://web.quartr.com/companies/21558?companyId=21558&documentId=4064736&documentType=report&eventId=554427&navigation=external&utm_medium=referral&utm_source=mcp&rp=25,note_commitments,FY2026,2026-03-31,instant,Contractual Obligations and Commitments,Lease obligations - More than 5 years,302.8,usd_millions,0,0,15,contractual obligations of the Business as of 2026-03-31; line_item is a composite of the printed row caption and the printed maturity-bucket column header; column alignment reconstructed from PDF-extractor output and independently confirmed by arithmetic footing of the printed subtotals; undiscounted; total DISCOUNTED lease obligation was $99.5 million at 2026-03-31
business_100,4064736,25,https://web.quartr.com/companies/21558?companyId=21558&documentId=4064736&documentType=report&eventId=554427&navigation=external&utm_medium=referral&utm_source=mcp&rp=25,note_commitments,FY2026,2026-03-31,instant,Contractual Obligations and Commitments,Gas storage obligations - Total,17.1,usd_millions,1,0,16,contractual obligations of the Business as of 2026-03-31; line_item is a composite of the printed row caption and the printed maturity-bucket column header; column alignment reconstructed from PDF-extractor output and independently confirmed by arithmetic footing of the printed subtotals
business_100,4064736,25,https://web.quartr.com/companies/21558?companyId=21558&documentId=4064736&documentType=report&eventId=554427&navigation=external&utm_medium=referral&utm_source=mcp&rp=25,note_commitments,FY2026,2026-03-31,instant,Contractual Obligations and Commitments,Gas storage obligations - Less than 1 year,0.2,usd_millions,0,0,17,contractual obligations of the Business as of 2026-03-31; line_item is a composite of the printed row caption and the printed maturity-bucket column header; column alignment reconstructed from PDF-extractor output and independently confirmed by arithmetic footing of the printed subtotals
business_100,4064736,25,https://web.quartr.com/companies/21558?companyId=21558&documentId=4064736&documentType=report&eventId=554427&navigation=external&utm_medium=referral&utm_source=mcp&rp=25,note_commitments,FY2026,2026-03-31,instant,Contractual Obligations and Commitments,Gas storage obligations - 1 - 3 years,2.3,usd_millions,0,0,18,contractual obligations of the Business as of 2026-03-31; line_item is a composite of the printed row caption and the printed maturity-bucket column header; column alignment reconstructed from PDF-extractor output and independently confirmed by arithmetic footing of the printed subtotals
business_100,4064736,25,https://web.quartr.com/companies/21558?companyId=21558&documentId=4064736&documentType=report&eventId=554427&navigation=external&utm_medium=referral&utm_source=mcp&rp=25,note_commitments,FY2026,2026-03-31,instant,Contractual Obligations and Commitments,Gas storage obligations - 3 - 5 years,14.6,usd_millions,0,0,19,contractual obligations of the Business as of 2026-03-31; line_item is a composite of the printed row caption and the printed maturity-bucket column header; column alignment reconstructed from PDF-extractor output and independently confirmed by arithmetic footing of the printed subtotals
business_100,4064736,25,https://web.quartr.com/companies/21558?companyId=21558&documentId=4064736&documentType=report&eventId=554427&navigation=external&utm_medium=referral&utm_source=mcp&rp=25,note_commitments,FY2026,2026-03-31,instant,Contractual Obligations and Commitments,Gas storage obligations - More than 5 years,0,usd_millions,0,0,20,contractual obligations of the Business as of 2026-03-31; line_item is a composite of the printed row caption and the printed maturity-bucket column header; column alignment reconstructed from PDF-extractor output and independently confirmed by arithmetic footing of the printed subtotals; printed_dash_zero
business_100,4064736,25,https://web.quartr.com/companies/21558?companyId=21558&documentId=4064736&documentType=report&eventId=554427&navigation=external&utm_medium=referral&utm_source=mcp&rp=25,note_commitments,FY2026,2026-03-31,instant,Contractual Obligations and Commitments,Decommissioning obligations - Total,253.4,usd_millions,1,0,21,contractual obligations of the Business as of 2026-03-31; line_item is a composite of the printed row caption and the printed maturity-bucket column header; column alignment reconstructed from PDF-extractor output and independently confirmed by arithmetic footing of the printed subtotals; undiscounted
business_100,4064736,25,https://web.quartr.com/companies/21558?companyId=21558&documentId=4064736&documentType=report&eventId=554427&navigation=external&utm_medium=referral&utm_source=mcp&rp=25,note_commitments,FY2026,2026-03-31,instant,Contractual Obligations and Commitments,Decommissioning obligations - Less than 1 year,0,usd_millions,0,0,22,contractual obligations of the Business as of 2026-03-31; line_item is a composite of the printed row caption and the printed maturity-bucket column header; column alignment reconstructed from PDF-extractor output and independently confirmed by arithmetic footing of the printed subtotals; undiscounted; printed_dash_zero
business_100,4064736,25,https://web.quartr.com/companies/21558?companyId=21558&documentId=4064736&documentType=report&eventId=554427&navigation=external&utm_medium=referral&utm_source=mcp&rp=25,note_commitments,FY2026,2026-03-31,instant,Contractual Obligations and Commitments,Decommissioning obligations - 1 - 3 years,0.7,usd_millions,0,0,23,contractual obligations of the Business as of 2026-03-31; line_item is a composite of the printed row caption and the printed maturity-bucket column header; column alignment reconstructed from PDF-extractor output and independently confirmed by arithmetic footing of the printed subtotals; undiscounted
business_100,4064736,25,https://web.quartr.com/companies/21558?companyId=21558&documentId=4064736&documentType=report&eventId=554427&navigation=external&utm_medium=referral&utm_source=mcp&rp=25,note_commitments,FY2026,2026-03-31,instant,Contractual Obligations and Commitments,Decommissioning obligations - 3 - 5 years,0,usd_millions,0,0,24,contractual obligations of the Business as of 2026-03-31; line_item is a composite of the printed row caption and the printed maturity-bucket column header; column alignment reconstructed from PDF-extractor output and independently confirmed by arithmetic footing of the printed subtotals; undiscounted; printed_dash_zero
business_100,4064736,25,https://web.quartr.com/companies/21558?companyId=21558&documentId=4064736&documentType=report&eventId=554427&navigation=external&utm_medium=referral&utm_source=mcp&rp=25,note_commitments,FY2026,2026-03-31,instant,Contractual Obligations and Commitments,Decommissioning obligations - More than 5 years,252.7,usd_millions,0,0,25,contractual obligations of the Business as of 2026-03-31; line_item is a composite of the printed row caption and the printed maturity-bucket column header; column alignment reconstructed from PDF-extractor output and independently confirmed by arithmetic footing of the printed subtotals; undiscounted
business_100,4064736,25,https://web.quartr.com/companies/21558?companyId=21558&documentId=4064736&documentType=report&eventId=554427&navigation=external&utm_medium=referral&utm_source=mcp&rp=25,note_commitments,FY2026,2026-03-31,instant,Contractual Obligations and Commitments,Purchase obligations (1) - Total,110.4,usd_millions,1,0,26,contractual obligations of the Business as of 2026-03-31; line_item is a composite of the printed row caption and the printed maturity-bucket column header; column alignment reconstructed from PDF-extractor output and independently confirmed by arithmetic footing of the printed subtotals; footnote 1: 'Our Business economically hedges substantially all of its natural gas purchases with forward sales obligations.'
business_100,4064736,25,https://web.quartr.com/companies/21558?companyId=21558&documentId=4064736&documentType=report&eventId=554427&navigation=external&utm_medium=referral&utm_source=mcp&rp=25,note_commitments,FY2026,2026-03-31,instant,Contractual Obligations and Commitments,Purchase obligations (1) - Less than 1 year,83.4,usd_millions,0,0,27,contractual obligations of the Business as of 2026-03-31; line_item is a composite of the printed row caption and the printed maturity-bucket column header; column alignment reconstructed from PDF-extractor output and independently confirmed by arithmetic footing of the printed subtotals; footnote 1: 'Our Business economically hedges substantially all of its natural gas purchases with forward sales obligations.'
business_100,4064736,25,https://web.quartr.com/companies/21558?companyId=21558&documentId=4064736&documentType=report&eventId=554427&navigation=external&utm_medium=referral&utm_source=mcp&rp=25,note_commitments,FY2026,2026-03-31,instant,Contractual Obligations and Commitments,Purchase obligations (1) - 1 - 3 years,27.0,usd_millions,0,0,28,contractual obligations of the Business as of 2026-03-31; line_item is a composite of the printed row caption and the printed maturity-bucket column header; column alignment reconstructed from PDF-extractor output and independently confirmed by arithmetic footing of the printed subtotals; footnote 1: 'Our Business economically hedges substantially all of its natural gas purchases with forward sales obligations.'
business_100,4064736,25,https://web.quartr.com/companies/21558?companyId=21558&documentId=4064736&documentType=report&eventId=554427&navigation=external&utm_medium=referral&utm_source=mcp&rp=25,note_commitments,FY2026,2026-03-31,instant,Contractual Obligations and Commitments,Purchase obligations (1) - 3 - 5 years,0,usd_millions,0,0,29,contractual obligations of the Business as of 2026-03-31; line_item is a composite of the printed row caption and the printed maturity-bucket column header; column alignment reconstructed from PDF-extractor output and independently confirmed by arithmetic footing of the printed subtotals; footnote 1: 'Our Business economically hedges substantially all of its natural gas purchases with forward sales obligations.'; printed_dash_zero
business_100,4064736,25,https://web.quartr.com/companies/21558?companyId=21558&documentId=4064736&documentType=report&eventId=554427&navigation=external&utm_medium=referral&utm_source=mcp&rp=25,note_commitments,FY2026,2026-03-31,instant,Contractual Obligations and Commitments,Purchase obligations (1) - More than 5 years,0,usd_millions,0,0,30,contractual obligations of the Business as of 2026-03-31; line_item is a composite of the printed row caption and the printed maturity-bucket column header; column alignment reconstructed from PDF-extractor output and independently confirmed by arithmetic footing of the printed subtotals; footnote 1: 'Our Business economically hedges substantially all of its natural gas purchases with forward sales obligations.'; printed_dash_zero
business_100,4064736,25,https://web.quartr.com/companies/21558?companyId=21558&documentId=4064736&documentType=report&eventId=554427&navigation=external&utm_medium=referral&utm_source=mcp&rp=25,note_commitments,FY2026,2026-03-31,instant,Contractual Obligations and Commitments,Other (2) - Total,72.2,usd_millions,1,0,31,"contractual obligations of the Business as of 2026-03-31; line_item is a composite of the printed row caption and the printed maturity-bucket column header; column alignment reconstructed from PDF-extractor output and independently confirmed by arithmetic footing of the printed subtotals; footnote 2: 'Other includes trade payables and accrued liabilities not included in separate categories above, committed costs of gas storage services, compensation obligations and firm storage transportation costs.'"
business_100,4064736,25,https://web.quartr.com/companies/21558?companyId=21558&documentId=4064736&documentType=report&eventId=554427&navigation=external&utm_medium=referral&utm_source=mcp&rp=25,note_commitments,FY2026,2026-03-31,instant,Contractual Obligations and Commitments,Other (2) - Less than 1 year,56.2,usd_millions,0,0,32,"contractual obligations of the Business as of 2026-03-31; line_item is a composite of the printed row caption and the printed maturity-bucket column header; column alignment reconstructed from PDF-extractor output and independently confirmed by arithmetic footing of the printed subtotals; footnote 2: 'Other includes trade payables and accrued liabilities not included in separate categories above, committed costs of gas storage services, compensation obligations and firm storage transportation costs.'"
business_100,4064736,25,https://web.quartr.com/companies/21558?companyId=21558&documentId=4064736&documentType=report&eventId=554427&navigation=external&utm_medium=referral&utm_source=mcp&rp=25,note_commitments,FY2026,2026-03-31,instant,Contractual Obligations and Commitments,Other (2) - 1 - 3 years,14.4,usd_millions,0,0,33,"contractual obligations of the Business as of 2026-03-31; line_item is a composite of the printed row caption and the printed maturity-bucket column header; column alignment reconstructed from PDF-extractor output and independently confirmed by arithmetic footing of the printed subtotals; footnote 2: 'Other includes trade payables and accrued liabilities not included in separate categories above, committed costs of gas storage services, compensation obligations and firm storage transportation costs.'"
business_100,4064736,25,https://web.quartr.com/companies/21558?companyId=21558&documentId=4064736&documentType=report&eventId=554427&navigation=external&utm_medium=referral&utm_source=mcp&rp=25,note_commitments,FY2026,2026-03-31,instant,Contractual Obligations and Commitments,Other (2) - 3 - 5 years,1.6,usd_millions,0,0,34,"contractual obligations of the Business as of 2026-03-31; line_item is a composite of the printed row caption and the printed maturity-bucket column header; column alignment reconstructed from PDF-extractor output and independently confirmed by arithmetic footing of the printed subtotals; footnote 2: 'Other includes trade payables and accrued liabilities not included in separate categories above, committed costs of gas storage services, compensation obligations and firm storage transportation costs.'"
business_100,4064736,25,https://web.quartr.com/companies/21558?companyId=21558&documentId=4064736&documentType=report&eventId=554427&navigation=external&utm_medium=referral&utm_source=mcp&rp=25,note_commitments,FY2026,2026-03-31,instant,Contractual Obligations and Commitments,Other (2) - More than 5 years,0,usd_millions,0,0,35,"contractual obligations of the Business as of 2026-03-31; line_item is a composite of the printed row caption and the printed maturity-bucket column header; column alignment reconstructed from PDF-extractor output and independently confirmed by arithmetic footing of the printed subtotals; footnote 2: 'Other includes trade payables and accrued liabilities not included in separate categories above, committed costs of gas storage services, compensation obligations and firm storage transportation costs.'; printed_dash_zero"
business_100,4064736,25,https://web.quartr.com/companies/21558?companyId=21558&documentId=4064736&documentType=report&eventId=554427&navigation=external&utm_medium=referral&utm_source=mcp&rp=25,note_commitments,FY2026,2026-03-31,instant,Contractual Obligations and Commitments,Total - Total,2428.6,usd_millions,1,0,36,contractual obligations of the Business as of 2026-03-31; line_item is a composite of the printed row caption and the printed maturity-bucket column header; column alignment reconstructed from PDF-extractor output and independently confirmed by arithmetic footing of the printed subtotals
business_100,4064736,25,https://web.quartr.com/companies/21558?companyId=21558&documentId=4064736&documentType=report&eventId=554427&navigation=external&utm_medium=referral&utm_source=mcp&rp=25,note_commitments,FY2026,2026-03-31,instant,Contractual Obligations and Commitments,Total - Less than 1 year,235.0,usd_millions,1,0,37,contractual obligations of the Business as of 2026-03-31; line_item is a composite of the printed row caption and the printed maturity-bucket column header; column alignment reconstructed from PDF-extractor output and independently confirmed by arithmetic footing of the printed subtotals
business_100,4064736,25,https://web.quartr.com/companies/21558?companyId=21558&documentId=4064736&documentType=report&eventId=554427&navigation=external&utm_medium=referral&utm_source=mcp&rp=25,note_commitments,FY2026,2026-03-31,instant,Contractual Obligations and Commitments,Total - 1 - 3 years,231.9,usd_millions,1,0,38,contractual obligations of the Business as of 2026-03-31; line_item is a composite of the printed row caption and the printed maturity-bucket column header; column alignment reconstructed from PDF-extractor output and independently confirmed by arithmetic footing of the printed subtotals
business_100,4064736,25,https://web.quartr.com/companies/21558?companyId=21558&documentId=4064736&documentType=report&eventId=554427&navigation=external&utm_medium=referral&utm_source=mcp&rp=25,note_commitments,FY2026,2026-03-31,instant,Contractual Obligations and Commitments,Total - 3 - 5 years,201.5,usd_millions,1,0,39,contractual obligations of the Business as of 2026-03-31; line_item is a composite of the printed row caption and the printed maturity-bucket column header; column alignment reconstructed from PDF-extractor output and independently confirmed by arithmetic footing of the printed subtotals
business_100,4064736,25,https://web.quartr.com/companies/21558?companyId=21558&documentId=4064736&documentType=report&eventId=554427&navigation=external&utm_medium=referral&utm_source=mcp&rp=25,note_commitments,FY2026,2026-03-31,instant,Contractual Obligations and Commitments,Total - More than 5 years,1760.2,usd_millions,1,0,40,contractual obligations of the Business as of 2026-03-31; line_item is a composite of the printed row caption and the printed maturity-bucket column header; column alignment reconstructed from PDF-extractor output and independently confirmed by arithmetic footing of the printed subtotals
business_100,4064736,25,https://web.quartr.com/companies/21558?companyId=21558&documentId=4064736&documentType=report&eventId=554427&navigation=external&utm_medium=referral&utm_source=mcp&rp=25,note_leases,FY2026,2026-03-31,instant,Contractual Obligations and Commitments,total discounted lease obligation,99.5,usd_millions,1,0,1,narrative text
business_100,4064736,25,https://web.quartr.com/companies/21558?companyId=21558&documentId=4064736&documentType=report&eventId=554427&navigation=external&utm_medium=referral&utm_source=mcp&rp=25,note_leases,FY2025,2025-03-31,instant,Contractual Obligations and Commitments,total discounted lease obligation,108.8,usd_millions,1,1,1,narrative text
business_100,4064736,25,https://web.quartr.com/companies/21558?companyId=21558&documentId=4064736&documentType=report&eventId=554427&navigation=external&utm_medium=referral&utm_source=mcp&rp=25,note_leases,FY2026,2026-03-31,instant,Contractual Obligations and Commitments,lease obligation classified as long-term,90.9,usd_millions,0,0,2,narrative text
business_100,4064736,25,https://web.quartr.com/companies/21558?companyId=21558&documentId=4064736&documentType=report&eventId=554427&navigation=external&utm_medium=referral&utm_source=mcp&rp=25,note_leases,FY2025,2025-03-31,instant,Contractual Obligations and Commitments,lease obligation classified as long-term,99.7,usd_millions,0,1,2,narrative text
business_100,4064736,25,https://web.quartr.com/companies/21558?companyId=21558&documentId=4064736&documentType=report&eventId=554427&navigation=external&utm_medium=referral&utm_source=mcp&rp=25,note_commitments,FY2026,2026-03-31,instant,Contractual Obligations and Commitments,estimated undiscounted cash flows required to settle decommissioning obligations,253.4,usd_millions,0,0,41,narrative text
business_100,4064736,25,https://web.quartr.com/companies/21558?companyId=21558&documentId=4064736&documentType=report&eventId=554427&navigation=external&utm_medium=referral&utm_source=mcp&rp=25,note_commitments,FY2025,2025-03-31,instant,Contractual Obligations and Commitments,estimated undiscounted cash flows required to settle decommissioning obligations,258.2,usd_millions,0,1,1,narrative text
business_100,4064736,25,https://web.quartr.com/companies/21558?companyId=21558&documentId=4064736&documentType=report&eventId=554427&navigation=external&utm_medium=referral&utm_source=mcp&rp=25,note_commitments,FY2026,2026-03-31,instant,Contractual Obligations and Commitments,expected timing of payment for settlement of decommissioning obligations,54,count,0,0,42,"narrative text; years, aside from certain short-term well and other abandonment obligations"
business_100,4064736,26,https://web.quartr.com/companies/21558?companyId=21558&documentId=4064736&documentType=report&eventId=554427&navigation=external&utm_medium=referral&utm_source=mcp&rp=26,note_commitments,FY2026,2026-03-31,instant,Contractual Obligations and Commitments,BIF II Finco Borrower (Bermuda) L.P. facility guaranteed by Swan OpCo,175.0,usd_millions,0,0,43,no amounts called; guarantee terminated 2025-09-26
business_100,4064736,26,https://web.quartr.com/companies/21558?companyId=21558&documentId=4064736&documentType=report&eventId=554427&navigation=external&utm_medium=referral&utm_source=mcp&rp=26,kpi,FY2026,2026-03-31,FY,Capital Expenditures,Growth capital expenditures,0.9,usd_millions,0,0,26,capital expenditures incurred; per p.24 narrative these differ from investing cash outflows due to payment-timing differences; column alignment reconstructed from PDF-extractor output and independently confirmed by arithmetic footing of the printed subtotals
business_100,4064736,26,https://web.quartr.com/companies/21558?companyId=21558&documentId=4064736&documentType=report&eventId=554427&navigation=external&utm_medium=referral&utm_source=mcp&rp=26,kpi,FY2025,2025-03-31,FY,Capital Expenditures,Growth capital expenditures,13.9,usd_millions,0,1,23,capital expenditures incurred; per p.24 narrative these differ from investing cash outflows due to payment-timing differences; column alignment reconstructed from PDF-extractor output and independently confirmed by arithmetic footing of the printed subtotals
business_100,4064736,26,https://web.quartr.com/companies/21558?companyId=21558&documentId=4064736&documentType=report&eventId=554427&navigation=external&utm_medium=referral&utm_source=mcp&rp=26,kpi,FY2026,2026-03-31,FY,Capital Expenditures,Maintenance capital expenditures,26.4,usd_millions,0,0,27,capital expenditures incurred; per p.24 narrative these differ from investing cash outflows due to payment-timing differences; column alignment reconstructed from PDF-extractor output and independently confirmed by arithmetic footing of the printed subtotals; NOTE the FY2025 figure here (26.8) differs from the FY2025 maintenance capital expenditures used in the Distributable Cash Flow reconciliation on p.17 (21.3) by the $5.5 million adjustment described in footnote 5 there
business_100,4064736,26,https://web.quartr.com/companies/21558?companyId=21558&documentId=4064736&documentType=report&eventId=554427&navigation=external&utm_medium=referral&utm_source=mcp&rp=26,kpi,FY2025,2025-03-31,FY,Capital Expenditures,Maintenance capital expenditures,26.8,usd_millions,0,1,24,capital expenditures incurred; per p.24 narrative these differ from investing cash outflows due to payment-timing differences; column alignment reconstructed from PDF-extractor output and independently confirmed by arithmetic footing of the printed subtotals; NOTE the FY2025 figure here (26.8) differs from the FY2025 maintenance capital expenditures used in the Distributable Cash Flow reconciliation on p.17 (21.3) by the $5.5 million adjustment described in footnote 5 there
business_100,4064736,26,https://web.quartr.com/companies/21558?companyId=21558&documentId=4064736&documentType=report&eventId=554427&navigation=external&utm_medium=referral&utm_source=mcp&rp=26,kpi,FY2026,2026-03-31,FY,Capital Expenditures,Total capital expenditures,27.3,usd_millions,1,0,28,capital expenditures incurred; per p.24 narrative these differ from investing cash outflows due to payment-timing differences; column alignment reconstructed from PDF-extractor output and independently confirmed by arithmetic footing of the printed subtotals
business_100,4064736,26,https://web.quartr.com/companies/21558?companyId=21558&documentId=4064736&documentType=report&eventId=554427&navigation=external&utm_medium=referral&utm_source=mcp&rp=26,kpi,FY2025,2025-03-31,FY,Capital Expenditures,Total capital expenditures,40.7,usd_millions,1,1,25,capital expenditures incurred; per p.24 narrative these differ from investing cash outflows due to payment-timing differences; column alignment reconstructed from PDF-extractor output and independently confirmed by arithmetic footing of the printed subtotals
business_100,4064736,26,https://web.quartr.com/companies/21558?companyId=21558&documentId=4064736&documentType=report&eventId=554427&navigation=external&utm_medium=referral&utm_source=mcp&rp=26,kpi,FY2027,2027-03-31,FY,Capital Expenditures,planned growth capital - battery energy storage project at Warwick facility,11,count,0,0,1,"TARGET / forward-looking outlook, NOT a reported result; megawatts (MW); unit not in SPEC list"
business_100,4064736,26,https://web.quartr.com/companies/21558?companyId=21558&documentId=4064736&documentType=report&eventId=554427&navigation=external&utm_medium=referral&utm_source=mcp&rp=26,kpi,FY2027,2027-03-31,FY,Capital Expenditures,potential expansion of Warwick natural gas storage facility capacity,5,bcf,0,0,2,"TARGET / forward-looking outlook, NOT a reported result; printed as 'up to 5 Bcf'"
company,4064736,27,https://web.quartr.com/companies/21558?companyId=21558&documentId=4064736&documentType=report&eventId=554427&navigation=external&utm_medium=referral&utm_source=mcp&rp=27,share_data,FY2026,2026-03-31,instant,Share Capital of Rockpoint Gas Storage Inc.,Class A Shares outstanding,53200000,shares,0,0,3,as of both 2026-03-31 and 2026-05-27; all held by the public
company,4064736,27,https://web.quartr.com/companies/21558?companyId=21558&documentId=4064736&documentType=report&eventId=554427&navigation=external&utm_medium=referral&utm_source=mcp&rp=27,share_data,FY2026,2026-03-31,instant,Share Capital of Rockpoint Gas Storage Inc.,Class B Shares outstanding,79800000,shares,0,0,4,as of both 2026-03-31 and 2026-05-27; all held by Brookfield
company,4064736,27,https://web.quartr.com/companies/21558?companyId=21558&documentId=4064736&documentType=report&eventId=554427&navigation=external&utm_medium=referral&utm_source=mcp&rp=27,share_data,FY2026,2026-03-31,instant,Share Capital of Rockpoint Gas Storage Inc.,unvested stock options outstanding,132844,count,0,0,5,as of both 2026-03-31 and 2026-05-27; each option exercisable for one Class A Share on vesting
company,4064736,27,https://web.quartr.com/companies/21558?companyId=21558&documentId=4064736&documentType=report&eventId=554427&navigation=external&utm_medium=referral&utm_source=mcp&rp=27,share_data,FY2026,2026-03-31,instant,Share Capital of Rockpoint Gas Storage Inc.,"NCIB - maximum Class A Shares purchasable (10% of public float as of March 23, 2026)",5300000,shares,0,0,6,"printed as 'approximately 5.3 million Class A Shares'; NCIB commenced 2026-03-27, terminates no later than 2027-03-26"
company,4064736,27,https://web.quartr.com/companies/21558?companyId=21558&documentId=4064736&documentType=report&eventId=554427&navigation=external&utm_medium=referral&utm_source=mcp&rp=27,share_data,FY2026,2026-03-31,instant,Share Capital of Rockpoint Gas Storage Inc.,NCIB - maximum Class A Shares acquirable on any one trading day,53277,shares,0,0,7,subject to certain exceptions for block purchases
company,4064736,27,https://web.quartr.com/companies/21558?companyId=21558&documentId=4064736&documentType=report&eventId=554427&navigation=external&utm_medium=referral&utm_source=mcp&rp=27,share_data,FY2026,2026-03-31,FY,Share Capital of Rockpoint Gas Storage Inc.,Class A Shares repurchased under the NCIB during fiscal 2026,0,shares,0,0,1,printed as 'The Company did not repurchase any shares under its NCIB during fiscal 2026.'
company,4064736,27,https://web.quartr.com/companies/21558?companyId=21558&documentId=4064736&documentType=report&eventId=554427&navigation=external&utm_medium=referral&utm_source=mcp&rp=27,dividends,Q3 FY2026,2025-12-31,Q,Share Capital of Rockpoint Gas Storage Inc.,quarterly dividend per Class A Share,0.22,usd_per_share,0,0,1,inaugural quarterly dividend declared 2025-11-05; paid 2025-12-31 to holders of record 2025-12-15
company,4064736,27,https://web.quartr.com/companies/21558?companyId=21558&documentId=4064736&documentType=report&eventId=554427&navigation=external&utm_medium=referral&utm_source=mcp&rp=27,dividends,Q4 FY2026,2026-03-31,Q,Share Capital of Rockpoint Gas Storage Inc.,quarterly dividend per Class A Share,0.22,usd_per_share,0,0,1,approved 2026-02-09; paid 2026-03-31 to holders of record 2026-03-16
company,4064736,28,https://web.quartr.com/companies/21558?companyId=21558&documentId=4064736&documentType=report&eventId=554427&navigation=external&utm_medium=referral&utm_source=mcp&rp=28,dividends,Q1 FY2027,2026-06-30,Q,Share Capital of Rockpoint Gas Storage Inc.,quarterly dividend per Class A Share,0.231,usd_per_share,0,0,1,"SUBSEQUENT EVENT: approved 2026-05-27, payable 2026-06-30 to holders of record 2026-06-15"
company,4064736,28,https://web.quartr.com/companies/21558?companyId=21558&documentId=4064736&documentType=report&eventId=554427&navigation=external&utm_medium=referral&utm_source=mcp&rp=28,note_related_party,"July 28, 2025 to March 31, 2026",2026-03-31,FY,Transactions Between the Business and Rockpoint Gas Storage Inc.,management fees charged by Rockpoint Gas Storage Canada Ltd. to the Company,1.6,usd_millions,0,0,6,"all receivable by the Business as of 2026-03-31; Company inaugural reporting period from incorporation 2025-07-28 to 2026-03-31 (246 days, not a full 12 months); Company held no interest in the Business before 2025-10-15; no comparative period is presented for the Company (p.2)"
business_100,4064736,28,https://web.quartr.com/companies/21558?companyId=21558&documentId=4064736&documentType=report&eventId=554427&navigation=external&utm_medium=referral&utm_source=mcp&rp=28,note_related_party,FY2026,2026-03-31,FY,Transactions Between the Business and Rockpoint Gas Storage Inc.,payments made by the Business for the day-to-day expenses of the Company,0.8,usd_millions,0,0,1,
business_100,4064736,28,https://web.quartr.com/companies/21558?companyId=21558&documentId=4064736&documentType=report&eventId=554427&navigation=external&utm_medium=referral&utm_source=mcp&rp=28,note_related_party,FY2026,2026-03-31,FY,Transactions Between the Business and Rockpoint Gas Storage Inc.,cash advanced by the Business to the Company in exchange for a non-interest-bearing promissory note,11.7,usd_millions,0,0,2,advanced 2025-12-30; settled 2026-03-31 via non-cash distribution of the promissory note
business_100,4064736,28,https://web.quartr.com/companies/21558?companyId=21558&documentId=4064736&documentType=report&eventId=554427&navigation=external&utm_medium=referral&utm_source=mcp&rp=28,note_related_party,FY2025,2025-03-31,FY,Transactions Between the Business and Brookfield,principal and interest payments on the 8.25% Promissory Note due 2026,233.5,usd_millions,1,1,1,paid 2024-09-18 from Term Loan due 2031 proceeds
business_100,4064736,28,https://web.quartr.com/companies/21558?companyId=21558&documentId=4064736&documentType=report&eventId=554427&navigation=external&utm_medium=referral&utm_source=mcp&rp=28,note_related_party,FY2025,2025-03-31,FY,Transactions Between the Business and Brookfield,8.25% Promissory Note due 2026 - principal balance repaid,224.9,usd_millions,0,1,2,
business_100,4064736,28,https://web.quartr.com/companies/21558?companyId=21558&documentId=4064736&documentType=report&eventId=554427&navigation=external&utm_medium=referral&utm_source=mcp&rp=28,note_related_party,FY2025,2025-03-31,FY,Transactions Between the Business and Brookfield,8.25% Promissory Note due 2026 - accrued interest paid,8.6,usd_millions,0,1,3,
business_100,4064736,28,https://web.quartr.com/companies/21558?companyId=21558&documentId=4064736&documentType=report&eventId=554427&navigation=external&utm_medium=referral&utm_source=mcp&rp=28,note_related_party,FY2026,2026-03-31,FY,Transactions Between the Business and Brookfield,"advance to Brookfield parent entities - December 30, 2025",17.6,usd_millions,0,0,3,"unsecured, non-interest-bearing promissory note; settled non-cash 2026-03-31"
business_100,4064736,28,https://web.quartr.com/companies/21558?companyId=21558&documentId=4064736&documentType=report&eventId=554427&navigation=external&utm_medium=referral&utm_source=mcp&rp=28,note_related_party,FY2026,2026-03-31,FY,Transactions Between the Business and Brookfield,"advance to Brookfield parent entities - October 10, 2025",40.0,usd_millions,0,0,4,"unsecured, non-interest-bearing promissory note; settled non-cash 2026-03-31"
business_100,4064736,28,https://web.quartr.com/companies/21558?companyId=21558&documentId=4064736&documentType=report&eventId=554427&navigation=external&utm_medium=referral&utm_source=mcp&rp=28,note_related_party,FY2026,2026-03-31,FY,Transactions Between the Business and Brookfield,"advance to Brookfield parent entities - May 29, 2025",37.0,usd_millions,0,0,5,"unsecured, non-interest-bearing promissory note; settled non-cash 2026-03-31"
business_100,4064736,28,https://web.quartr.com/companies/21558?companyId=21558&documentId=4064736&documentType=report&eventId=554427&navigation=external&utm_medium=referral&utm_source=mcp&rp=28,note_related_party,FY2026,2026-03-31,FY,Transactions Between the Business and Brookfield,promissory notes receivable from Brookfield settled by distributing earnings in the form of promissory notes,83.0,usd_millions,0,0,6,settled 2025-08-31; balance was outstanding as of 2025-03-31
business_100,4064736,29,https://web.quartr.com/companies/21558?companyId=21558&documentId=4064736&documentType=report&eventId=554427&navigation=external&utm_medium=referral&utm_source=mcp&rp=29,note_related_party,FY2025,2025-03-31,FY,Transactions Between the Business and Brookfield,"advance to certain Brookfield parent entities - June 13, 2024",50.0,usd_millions,0,1,4,
business_100,4064736,29,https://web.quartr.com/companies/21558?companyId=21558&documentId=4064736&documentType=report&eventId=554427&navigation=external&utm_medium=referral&utm_source=mcp&rp=29,note_related_party,FY2025,2025-03-31,FY,Transactions Between the Business and Brookfield,"advance to certain Brookfield parent entities - September 18, 2024",472.2,usd_millions,0,1,5,
business_100,4064736,29,https://web.quartr.com/companies/21558?companyId=21558&documentId=4064736&documentType=report&eventId=554427&navigation=external&utm_medium=referral&utm_source=mcp&rp=29,note_related_party,FY2025,2025-03-31,FY,Transactions Between the Business and Brookfield,promissory notes settled through non-cash distributions during the fourth quarter of fiscal 2025,439.2,usd_millions,0,1,6,
business_100,4064736,29,https://web.quartr.com/companies/21558?companyId=21558&documentId=4064736&documentType=report&eventId=554427&navigation=external&utm_medium=referral&utm_source=mcp&rp=29,note_related_party,FY2026,2026-03-31,FY,Other Related Party Transactions,costs incurred for electricity from a utility company related to Brookfield,2.4,usd_millions,0,0,7,
business_100,4064736,29,https://web.quartr.com/companies/21558?companyId=21558&documentId=4064736&documentType=report&eventId=554427&navigation=external&utm_medium=referral&utm_source=mcp&rp=29,note_related_party,FY2025,2025-03-31,FY,Other Related Party Transactions,costs incurred for electricity from a utility company related to Brookfield,3.0,usd_millions,0,1,7,
business_100,4064736,29,https://web.quartr.com/companies/21558?companyId=21558&documentId=4064736&documentType=report&eventId=554427&navigation=external&utm_medium=referral&utm_source=mcp&rp=29,note_related_party,FY2026,2026-03-31,instant,Other Related Party Transactions,current liabilities recognized with the related-party utility counterparty,0.4,usd_millions,0,0,1,
business_100,4064736,29,https://web.quartr.com/companies/21558?companyId=21558&documentId=4064736&documentType=report&eventId=554427&navigation=external&utm_medium=referral&utm_source=mcp&rp=29,note_related_party,FY2025,2025-03-31,instant,Other Related Party Transactions,current liabilities recognized with the related-party utility counterparty,0.4,usd_millions,0,1,1,
business_100,4064736,29,https://web.quartr.com/companies/21558?companyId=21558&documentId=4064736&documentType=report&eventId=554427&navigation=external&utm_medium=referral&utm_source=mcp&rp=29,note_related_party,FY2026,2026-03-31,FY,Other Related Party Transactions,amount paid to a Brookfield affiliated entity for financing related services,0.1,usd_millions,0,0,8,charged at a market rate
company,4064736,29,https://web.quartr.com/companies/21558?companyId=21558&documentId=4064736&documentType=report&eventId=554427&navigation=external&utm_medium=referral&utm_source=mcp&rp=29,note_related_party,"July 28, 2025 to March 31, 2026",2026-03-31,FY,Transactions Between Rockpoint Gas Storage Inc. and Brookfield,withholding taxes held in escrow at the time of the acquisition (October 2025),57.5,usd_millions,0,0,7,
company,4064736,29,https://web.quartr.com/companies/21558?companyId=21558&documentId=4064736&documentType=report&eventId=554427&navigation=external&utm_medium=referral&utm_source=mcp&rp=29,note_related_party,"July 28, 2025 to March 31, 2026",2026-03-31,FY,Transactions Between Rockpoint Gas Storage Inc. and Brookfield,"amount remitted to taxation authorities up to March 31, 2026",43.5,usd_millions,0,0,8,
company,4064736,29,https://web.quartr.com/companies/21558?companyId=21558&documentId=4064736&documentType=report&eventId=554427&navigation=external&utm_medium=referral&utm_source=mcp&rp=29,note_related_party,"July 28, 2025 to March 31, 2026",2026-03-31,FY,Transactions Between Rockpoint Gas Storage Inc. and Brookfield,interest income collected on behalf of Brookfield,0.3,usd_millions,0,0,9,
company,4064736,29,https://web.quartr.com/companies/21558?companyId=21558&documentId=4064736&documentType=report&eventId=554427&navigation=external&utm_medium=referral&utm_source=mcp&rp=29,note_related_party,FY2026,2026-03-31,instant,Transactions Between Rockpoint Gas Storage Inc. and Brookfield,restricted cash balance,14.8,usd_millions,0,0,1,includes a positive change of $0.5 million due to a strengthening of the Canadian dollar; offset by an equal related party payable; settled subsequent to 2026-03-31
company,4064736,29,https://web.quartr.com/companies/21558?companyId=21558&documentId=4064736&documentType=report&eventId=554427&navigation=external&utm_medium=referral&utm_source=mcp&rp=29,note_related_party,FY2026,2026-03-31,instant,Transactions Between Rockpoint Gas Storage Inc. and Brookfield,foreign exchange change included in the restricted cash balance,0.5,usd_millions,0,0,2,
business_100,4064736,29,https://web.quartr.com/companies/21558?companyId=21558&documentId=4064736&documentType=report&eventId=554427&navigation=external&utm_medium=referral&utm_source=mcp&rp=29,note_related_party,FY2026,2026-03-31,FY,Compensation of Key Management Personnel,compensation provided to key management personnel,46.1,usd_millions,0,0,9,
business_100,4064736,29,https://web.quartr.com/companies/21558?companyId=21558&documentId=4064736&documentType=report&eventId=554427&navigation=external&utm_medium=referral&utm_source=mcp&rp=29,note_related_party,FY2025,2025-03-31,FY,Compensation of Key Management Personnel,compensation provided to key management personnel,5.5,usd_millions,0,1,8,
business_100,4064736,29,https://web.quartr.com/companies/21558?companyId=21558&documentId=4064736&documentType=report&eventId=554427&navigation=external&utm_medium=referral&utm_source=mcp&rp=29,note_related_party,FY2026,2026-03-31,FY,Compensation of Key Management Personnel,portion of key management compensation related to Legacy Incentive Plans payments,42.2,usd_millions,0,0,10,
company,4064736,29,https://web.quartr.com/companies/21558?companyId=21558&documentId=4064736&documentType=report&eventId=554427&navigation=external&utm_medium=referral&utm_source=mcp&rp=29,note_related_party,"July 28, 2025 to March 31, 2026",2026-03-31,FY,Compensation of Key Management Personnel,director cash fees and deferred share units incurred by the Company,0.4,usd_millions,0,0,10,"Company inaugural reporting period from incorporation 2025-07-28 to 2026-03-31 (246 days, not a full 12 months); Company held no interest in the Business before 2025-10-15; no comparative period is presented for the Company (p.2)"
business_100,4064736,30,https://web.quartr.com/companies/21558?companyId=21558&documentId=4064736&documentType=report&eventId=554427&navigation=external&utm_medium=referral&utm_source=mcp&rp=30,note_financial_instruments,Q4 FY2026,2026-03-31,Q,Risk Management Assets and Liabilities,Energy contracts,29.4,usd_millions,0,0,1,net realized gains/(losses) block; column alignment reconstructed from PDF-extractor output and independently confirmed by arithmetic footing of the printed subtotals
business_100,4064736,30,https://web.quartr.com/companies/21558?companyId=21558&documentId=4064736&documentType=report&eventId=554427&navigation=external&utm_medium=referral&utm_source=mcp&rp=30,note_financial_instruments,Q4 FY2025,2025-03-31,Q,Risk Management Assets and Liabilities,Energy contracts,29.5,usd_millions,0,1,1,net realized gains/(losses) block; column alignment reconstructed from PDF-extractor output and independently confirmed by arithmetic footing of the printed subtotals
business_100,4064736,30,https://web.quartr.com/companies/21558?companyId=21558&documentId=4064736&documentType=report&eventId=554427&navigation=external&utm_medium=referral&utm_source=mcp&rp=30,note_financial_instruments,FY2026,2026-03-31,FY,Risk Management Assets and Liabilities,Energy contracts,79.3,usd_millions,0,0,1,net realized gains/(losses) block; column alignment reconstructed from PDF-extractor output and independently confirmed by arithmetic footing of the printed subtotals
business_100,4064736,30,https://web.quartr.com/companies/21558?companyId=21558&documentId=4064736&documentType=report&eventId=554427&navigation=external&utm_medium=referral&utm_source=mcp&rp=30,note_financial_instruments,FY2025,2025-03-31,FY,Risk Management Assets and Liabilities,Energy contracts,55.5,usd_millions,0,1,1,net realized gains/(losses) block; column alignment reconstructed from PDF-extractor output and independently confirmed by arithmetic footing of the printed subtotals
business_100,4064736,30,https://web.quartr.com/companies/21558?companyId=21558&documentId=4064736&documentType=report&eventId=554427&navigation=external&utm_medium=referral&utm_source=mcp&rp=30,note_financial_instruments,Q4 FY2026,2026-03-31,Q,Risk Management Assets and Liabilities,Electricity contracts,-0.1,usd_millions,0,0,2,net realized gains/(losses) block; column alignment reconstructed from PDF-extractor output and independently confirmed by arithmetic footing of the printed subtotals
business_100,4064736,30,https://web.quartr.com/companies/21558?companyId=21558&documentId=4064736&documentType=report&eventId=554427&navigation=external&utm_medium=referral&utm_source=mcp&rp=30,note_financial_instruments,Q4 FY2025,2025-03-31,Q,Risk Management Assets and Liabilities,Electricity contracts,-0.2,usd_millions,0,1,2,net realized gains/(losses) block; column alignment reconstructed from PDF-extractor output and independently confirmed by arithmetic footing of the printed subtotals
business_100,4064736,30,https://web.quartr.com/companies/21558?companyId=21558&documentId=4064736&documentType=report&eventId=554427&navigation=external&utm_medium=referral&utm_source=mcp&rp=30,note_financial_instruments,FY2026,2026-03-31,FY,Risk Management Assets and Liabilities,Electricity contracts,-0.2,usd_millions,0,0,2,net realized gains/(losses) block; column alignment reconstructed from PDF-extractor output and independently confirmed by arithmetic footing of the printed subtotals
business_100,4064736,30,https://web.quartr.com/companies/21558?companyId=21558&documentId=4064736&documentType=report&eventId=554427&navigation=external&utm_medium=referral&utm_source=mcp&rp=30,note_financial_instruments,FY2025,2025-03-31,FY,Risk Management Assets and Liabilities,Electricity contracts,-0.6,usd_millions,0,1,2,net realized gains/(losses) block; column alignment reconstructed from PDF-extractor output and independently confirmed by arithmetic footing of the printed subtotals
business_100,4064736,30,https://web.quartr.com/companies/21558?companyId=21558&documentId=4064736&documentType=report&eventId=554427&navigation=external&utm_medium=referral&utm_source=mcp&rp=30,note_financial_instruments,Q4 FY2026,2026-03-31,Q,Risk Management Assets and Liabilities,Interest rate swaps,0.8,usd_millions,0,0,3,net realized gains/(losses) block; column alignment reconstructed from PDF-extractor output and independently confirmed by arithmetic footing of the printed subtotals
business_100,4064736,30,https://web.quartr.com/companies/21558?companyId=21558&documentId=4064736&documentType=report&eventId=554427&navigation=external&utm_medium=referral&utm_source=mcp&rp=30,note_financial_instruments,Q4 FY2025,2025-03-31,Q,Risk Management Assets and Liabilities,Interest rate swaps,1.4,usd_millions,0,1,3,net realized gains/(losses) block; column alignment reconstructed from PDF-extractor output and independently confirmed by arithmetic footing of the printed subtotals
business_100,4064736,30,https://web.quartr.com/companies/21558?companyId=21558&documentId=4064736&documentType=report&eventId=554427&navigation=external&utm_medium=referral&utm_source=mcp&rp=30,note_financial_instruments,FY2026,2026-03-31,FY,Risk Management Assets and Liabilities,Interest rate swaps,6.7,usd_millions,0,0,3,net realized gains/(losses) block; column alignment reconstructed from PDF-extractor output and independently confirmed by arithmetic footing of the printed subtotals
business_100,4064736,30,https://web.quartr.com/companies/21558?companyId=21558&documentId=4064736&documentType=report&eventId=554427&navigation=external&utm_medium=referral&utm_source=mcp&rp=30,note_financial_instruments,FY2025,2025-03-31,FY,Risk Management Assets and Liabilities,Interest rate swaps,3.8,usd_millions,0,1,3,net realized gains/(losses) block; column alignment reconstructed from PDF-extractor output and independently confirmed by arithmetic footing of the printed subtotals
business_100,4064736,30,https://web.quartr.com/companies/21558?companyId=21558&documentId=4064736&documentType=report&eventId=554427&navigation=external&utm_medium=referral&utm_source=mcp&rp=30,note_financial_instruments,Q4 FY2026,2026-03-31,Q,Risk Management Assets and Liabilities,Currency contracts,-0.1,usd_millions,0,0,4,net realized gains/(losses) block; column alignment reconstructed from PDF-extractor output and independently confirmed by arithmetic footing of the printed subtotals
business_100,4064736,30,https://web.quartr.com/companies/21558?companyId=21558&documentId=4064736&documentType=report&eventId=554427&navigation=external&utm_medium=referral&utm_source=mcp&rp=30,note_financial_instruments,Q4 FY2025,2025-03-31,Q,Risk Management Assets and Liabilities,Currency contracts,0.4,usd_millions,0,1,4,net realized gains/(losses) block; column alignment reconstructed from PDF-extractor output and independently confirmed by arithmetic footing of the printed subtotals
business_100,4064736,30,https://web.quartr.com/companies/21558?companyId=21558&documentId=4064736&documentType=report&eventId=554427&navigation=external&utm_medium=referral&utm_source=mcp&rp=30,note_financial_instruments,FY2026,2026-03-31,FY,Risk Management Assets and Liabilities,Currency contracts,-0.5,usd_millions,0,0,4,net realized gains/(losses) block; column alignment reconstructed from PDF-extractor output and independently confirmed by arithmetic footing of the printed subtotals
business_100,4064736,30,https://web.quartr.com/companies/21558?companyId=21558&documentId=4064736&documentType=report&eventId=554427&navigation=external&utm_medium=referral&utm_source=mcp&rp=30,note_financial_instruments,FY2025,2025-03-31,FY,Risk Management Assets and Liabilities,Currency contracts,1.1,usd_millions,0,1,4,net realized gains/(losses) block; column alignment reconstructed from PDF-extractor output and independently confirmed by arithmetic footing of the printed subtotals
business_100,4064736,30,https://web.quartr.com/companies/21558?companyId=21558&documentId=4064736&documentType=report&eventId=554427&navigation=external&utm_medium=referral&utm_source=mcp&rp=30,note_financial_instruments,Q4 FY2026,2026-03-31,Q,Risk Management Assets and Liabilities,Net realized gains,30.0,usd_millions,1,0,5,net realized gains/(losses) block; column alignment reconstructed from PDF-extractor output and independently confirmed by arithmetic footing of the printed subtotals
business_100,4064736,30,https://web.quartr.com/companies/21558?companyId=21558&documentId=4064736&documentType=report&eventId=554427&navigation=external&utm_medium=referral&utm_source=mcp&rp=30,note_financial_instruments,Q4 FY2025,2025-03-31,Q,Risk Management Assets and Liabilities,Net realized gains,31.1,usd_millions,1,1,5,net realized gains/(losses) block; column alignment reconstructed from PDF-extractor output and independently confirmed by arithmetic footing of the printed subtotals
business_100,4064736,30,https://web.quartr.com/companies/21558?companyId=21558&documentId=4064736&documentType=report&eventId=554427&navigation=external&utm_medium=referral&utm_source=mcp&rp=30,note_financial_instruments,FY2026,2026-03-31,FY,Risk Management Assets and Liabilities,Net realized gains,85.3,usd_millions,1,0,5,net realized gains/(losses) block; column alignment reconstructed from PDF-extractor output and independently confirmed by arithmetic footing of the printed subtotals
business_100,4064736,30,https://web.quartr.com/companies/21558?companyId=21558&documentId=4064736&documentType=report&eventId=554427&navigation=external&utm_medium=referral&utm_source=mcp&rp=30,note_financial_instruments,FY2025,2025-03-31,FY,Risk Management Assets and Liabilities,Net realized gains,59.8,usd_millions,1,1,5,net realized gains/(losses) block; column alignment reconstructed from PDF-extractor output and independently confirmed by arithmetic footing of the printed subtotals
business_100,4064736,30,https://web.quartr.com/companies/21558?companyId=21558&documentId=4064736&documentType=report&eventId=554427&navigation=external&utm_medium=referral&utm_source=mcp&rp=30,note_financial_instruments,Q4 FY2026,2026-03-31,Q,Risk Management Assets and Liabilities,Energy contracts,-8.1,usd_millions,0,0,6,net unrealized gains/(losses) block; column alignment reconstructed from PDF-extractor output and independently confirmed by arithmetic footing of the printed subtotals
business_100,4064736,30,https://web.quartr.com/companies/21558?companyId=21558&documentId=4064736&documentType=report&eventId=554427&navigation=external&utm_medium=referral&utm_source=mcp&rp=30,note_financial_instruments,Q4 FY2025,2025-03-31,Q,Risk Management Assets and Liabilities,Energy contracts,-10.8,usd_millions,0,1,6,net unrealized gains/(losses) block; column alignment reconstructed from PDF-extractor output and independently confirmed by arithmetic footing of the printed subtotals
business_100,4064736,30,https://web.quartr.com/companies/21558?companyId=21558&documentId=4064736&documentType=report&eventId=554427&navigation=external&utm_medium=referral&utm_source=mcp&rp=30,note_financial_instruments,FY2026,2026-03-31,FY,Risk Management Assets and Liabilities,Energy contracts,11.7,usd_millions,0,0,6,net unrealized gains/(losses) block; column alignment reconstructed from PDF-extractor output and independently confirmed by arithmetic footing of the printed subtotals
business_100,4064736,30,https://web.quartr.com/companies/21558?companyId=21558&documentId=4064736&documentType=report&eventId=554427&navigation=external&utm_medium=referral&utm_source=mcp&rp=30,note_financial_instruments,FY2025,2025-03-31,FY,Risk Management Assets and Liabilities,Energy contracts,-8.1,usd_millions,0,1,6,net unrealized gains/(losses) block; column alignment reconstructed from PDF-extractor output and independently confirmed by arithmetic footing of the printed subtotals
business_100,4064736,30,https://web.quartr.com/companies/21558?companyId=21558&documentId=4064736&documentType=report&eventId=554427&navigation=external&utm_medium=referral&utm_source=mcp&rp=30,note_financial_instruments,Q4 FY2026,2026-03-31,Q,Risk Management Assets and Liabilities,Electricity contracts,-0.2,usd_millions,0,0,7,net unrealized gains/(losses) block; column alignment reconstructed from PDF-extractor output and independently confirmed by arithmetic footing of the printed subtotals
business_100,4064736,30,https://web.quartr.com/companies/21558?companyId=21558&documentId=4064736&documentType=report&eventId=554427&navigation=external&utm_medium=referral&utm_source=mcp&rp=30,note_financial_instruments,Q4 FY2025,2025-03-31,Q,Risk Management Assets and Liabilities,Electricity contracts,-0.2,usd_millions,0,1,7,net unrealized gains/(losses) block; column alignment reconstructed from PDF-extractor output and independently confirmed by arithmetic footing of the printed subtotals
business_100,4064736,30,https://web.quartr.com/companies/21558?companyId=21558&documentId=4064736&documentType=report&eventId=554427&navigation=external&utm_medium=referral&utm_source=mcp&rp=30,note_financial_instruments,FY2026,2026-03-31,FY,Risk Management Assets and Liabilities,Electricity contracts,0.2,usd_millions,0,0,7,net unrealized gains/(losses) block; column alignment reconstructed from PDF-extractor output and independently confirmed by arithmetic footing of the printed subtotals
business_100,4064736,30,https://web.quartr.com/companies/21558?companyId=21558&documentId=4064736&documentType=report&eventId=554427&navigation=external&utm_medium=referral&utm_source=mcp&rp=30,note_financial_instruments,FY2025,2025-03-31,FY,Risk Management Assets and Liabilities,Electricity contracts,-0.1,usd_millions,0,1,7,net unrealized gains/(losses) block; column alignment reconstructed from PDF-extractor output and independently confirmed by arithmetic footing of the printed subtotals
business_100,4064736,30,https://web.quartr.com/companies/21558?companyId=21558&documentId=4064736&documentType=report&eventId=554427&navigation=external&utm_medium=referral&utm_source=mcp&rp=30,note_financial_instruments,Q4 FY2026,2026-03-31,Q,Risk Management Assets and Liabilities,Gas storage obligations,1.4,usd_millions,0,0,8,net unrealized gains/(losses) block; column alignment reconstructed from PDF-extractor output and independently confirmed by arithmetic footing of the printed subtotals
business_100,4064736,30,https://web.quartr.com/companies/21558?companyId=21558&documentId=4064736&documentType=report&eventId=554427&navigation=external&utm_medium=referral&utm_source=mcp&rp=30,note_financial_instruments,Q4 FY2025,2025-03-31,Q,Risk Management Assets and Liabilities,Gas storage obligations,-0.3,usd_millions,0,1,8,net unrealized gains/(losses) block; column alignment reconstructed from PDF-extractor output and independently confirmed by arithmetic footing of the printed subtotals
business_100,4064736,30,https://web.quartr.com/companies/21558?companyId=21558&documentId=4064736&documentType=report&eventId=554427&navigation=external&utm_medium=referral&utm_source=mcp&rp=30,note_financial_instruments,FY2026,2026-03-31,FY,Risk Management Assets and Liabilities,Gas storage obligations,4.5,usd_millions,0,0,8,net unrealized gains/(losses) block; column alignment reconstructed from PDF-extractor output and independently confirmed by arithmetic footing of the printed subtotals
business_100,4064736,30,https://web.quartr.com/companies/21558?companyId=21558&documentId=4064736&documentType=report&eventId=554427&navigation=external&utm_medium=referral&utm_source=mcp&rp=30,note_financial_instruments,FY2025,2025-03-31,FY,Risk Management Assets and Liabilities,Gas storage obligations,1.3,usd_millions,0,1,8,net unrealized gains/(losses) block; column alignment reconstructed from PDF-extractor output and independently confirmed by arithmetic footing of the printed subtotals
business_100,4064736,30,https://web.quartr.com/companies/21558?companyId=21558&documentId=4064736&documentType=report&eventId=554427&navigation=external&utm_medium=referral&utm_source=mcp&rp=30,note_financial_instruments,Q4 FY2026,2026-03-31,Q,Risk Management Assets and Liabilities,Interest rate swaps,7.3,usd_millions,0,0,9,net unrealized gains/(losses) block; column alignment reconstructed from PDF-extractor output and independently confirmed by arithmetic footing of the printed subtotals
business_100,4064736,30,https://web.quartr.com/companies/21558?companyId=21558&documentId=4064736&documentType=report&eventId=554427&navigation=external&utm_medium=referral&utm_source=mcp&rp=30,note_financial_instruments,Q4 FY2025,2025-03-31,Q,Risk Management Assets and Liabilities,Interest rate swaps,-3.3,usd_millions,0,1,9,net unrealized gains/(losses) block; column alignment reconstructed from PDF-extractor output and independently confirmed by arithmetic footing of the printed subtotals
business_100,4064736,30,https://web.quartr.com/companies/21558?companyId=21558&documentId=4064736&documentType=report&eventId=554427&navigation=external&utm_medium=referral&utm_source=mcp&rp=30,note_financial_instruments,FY2026,2026-03-31,FY,Risk Management Assets and Liabilities,Interest rate swaps,8.2,usd_millions,0,0,9,net unrealized gains/(losses) block; column alignment reconstructed from PDF-extractor output and independently confirmed by arithmetic footing of the printed subtotals
business_100,4064736,30,https://web.quartr.com/companies/21558?companyId=21558&documentId=4064736&documentType=report&eventId=554427&navigation=external&utm_medium=referral&utm_source=mcp&rp=30,note_financial_instruments,FY2025,2025-03-31,FY,Risk Management Assets and Liabilities,Interest rate swaps,2.9,usd_millions,0,1,9,net unrealized gains/(losses) block; column alignment reconstructed from PDF-extractor output and independently confirmed by arithmetic footing of the printed subtotals
business_100,4064736,30,https://web.quartr.com/companies/21558?companyId=21558&documentId=4064736&documentType=report&eventId=554427&navigation=external&utm_medium=referral&utm_source=mcp&rp=30,note_financial_instruments,Q4 FY2026,2026-03-31,Q,Risk Management Assets and Liabilities,Currency contracts,0.7,usd_millions,0,0,10,net unrealized gains/(losses) block; column alignment reconstructed from PDF-extractor output and independently confirmed by arithmetic footing of the printed subtotals; FY2025 printed_dash_zero
business_100,4064736,30,https://web.quartr.com/companies/21558?companyId=21558&documentId=4064736&documentType=report&eventId=554427&navigation=external&utm_medium=referral&utm_source=mcp&rp=30,note_financial_instruments,Q4 FY2025,2025-03-31,Q,Risk Management Assets and Liabilities,Currency contracts,-0.4,usd_millions,0,1,10,net unrealized gains/(losses) block; column alignment reconstructed from PDF-extractor output and independently confirmed by arithmetic footing of the printed subtotals; FY2025 printed_dash_zero
business_100,4064736,30,https://web.quartr.com/companies/21558?companyId=21558&documentId=4064736&documentType=report&eventId=554427&navigation=external&utm_medium=referral&utm_source=mcp&rp=30,note_financial_instruments,FY2026,2026-03-31,FY,Risk Management Assets and Liabilities,Currency contracts,0.4,usd_millions,0,0,10,net unrealized gains/(losses) block; column alignment reconstructed from PDF-extractor output and independently confirmed by arithmetic footing of the printed subtotals; FY2025 printed_dash_zero
business_100,4064736,30,https://web.quartr.com/companies/21558?companyId=21558&documentId=4064736&documentType=report&eventId=554427&navigation=external&utm_medium=referral&utm_source=mcp&rp=30,note_financial_instruments,FY2025,2025-03-31,FY,Risk Management Assets and Liabilities,Currency contracts,0,usd_millions,0,1,10,net unrealized gains/(losses) block; column alignment reconstructed from PDF-extractor output and independently confirmed by arithmetic footing of the printed subtotals; FY2025 printed_dash_zero
business_100,4064736,30,https://web.quartr.com/companies/21558?companyId=21558&documentId=4064736&documentType=report&eventId=554427&navigation=external&utm_medium=referral&utm_source=mcp&rp=30,note_financial_instruments,Q4 FY2026,2026-03-31,Q,Risk Management Assets and Liabilities,Net unrealized gains (losses),1.1,usd_millions,1,0,11,net unrealized gains/(losses) block; column alignment reconstructed from PDF-extractor output and independently confirmed by arithmetic footing of the printed subtotals
business_100,4064736,30,https://web.quartr.com/companies/21558?companyId=21558&documentId=4064736&documentType=report&eventId=554427&navigation=external&utm_medium=referral&utm_source=mcp&rp=30,note_financial_instruments,Q4 FY2025,2025-03-31,Q,Risk Management Assets and Liabilities,Net unrealized gains (losses),-15.0,usd_millions,1,1,11,net unrealized gains/(losses) block; column alignment reconstructed from PDF-extractor output and independently confirmed by arithmetic footing of the printed subtotals
business_100,4064736,30,https://web.quartr.com/companies/21558?companyId=21558&documentId=4064736&documentType=report&eventId=554427&navigation=external&utm_medium=referral&utm_source=mcp&rp=30,note_financial_instruments,FY2026,2026-03-31,FY,Risk Management Assets and Liabilities,Net unrealized gains (losses),25.0,usd_millions,1,0,11,net unrealized gains/(losses) block; column alignment reconstructed from PDF-extractor output and independently confirmed by arithmetic footing of the printed subtotals
business_100,4064736,30,https://web.quartr.com/companies/21558?companyId=21558&documentId=4064736&documentType=report&eventId=554427&navigation=external&utm_medium=referral&utm_source=mcp&rp=30,note_financial_instruments,FY2025,2025-03-31,FY,Risk Management Assets and Liabilities,Net unrealized gains (losses),-4.0,usd_millions,1,1,11,net unrealized gains/(losses) block; column alignment reconstructed from PDF-extractor output and independently confirmed by arithmetic footing of the printed subtotals
business_100,4064736,33,https://web.quartr.com/companies/21558?companyId=21558&documentId=4064736&documentType=report&eventId=554427&navigation=external&utm_medium=referral&utm_source=mcp&rp=33,note_segment,FY2026,2026-03-31,FY,Reportable Segments,number of reportable segments,1,count,0,0,1,"printed as 'a single reportable segment, natural gas storage'; CEO and CFO are the chief operating decision makers"
