basis,source_doc,source_page,source_url,statement,period_label,period_end,period_type,section,line_item,value,unit,is_subtotal,is_comparative,order_index,note
company,4064731,2,https://web.quartr.com/companies/21558?companyId=21558&documentId=4064731&documentType=report&eventId=405757&navigation=external&utm_medium=referral&utm_source=mcp&rp=2,balance_sheet,"As at Sep 30, 2025",2025-09-30,instant,Current Assets,Cash and cash equivalents,0,usd_millions,0,0,1,printed_dash_zero
company,4064731,2,https://web.quartr.com/companies/21558?companyId=21558&documentId=4064731&documentType=report&eventId=405757&navigation=external&utm_medium=referral&utm_source=mcp&rp=2,balance_sheet,"As at Sep 30, 2025",2025-09-30,instant,Long-term Assets,Equity accounted investments,0,usd_millions,0,0,2,printed_dash_zero
company,4064731,2,https://web.quartr.com/companies/21558?companyId=21558&documentId=4064731&documentType=report&eventId=405757&navigation=external&utm_medium=referral&utm_source=mcp&rp=2,balance_sheet,"As at Sep 30, 2025",2025-09-30,instant,,TOTAL,0,usd_millions,1,0,3,printed_dash_zero
company,4064731,2,https://web.quartr.com/companies/21558?companyId=21558&documentId=4064731&documentType=report&eventId=405757&navigation=external&utm_medium=referral&utm_source=mcp&rp=2,balance_sheet,"As at Sep 30, 2025",2025-09-30,instant,Current Liabilities,Accounts payable and accrued liabilities,0,usd_millions,0,0,4,printed_dash_zero
company,4064731,2,https://web.quartr.com/companies/21558?companyId=21558&documentId=4064731&documentType=report&eventId=405757&navigation=external&utm_medium=referral&utm_source=mcp&rp=2,balance_sheet,"As at Sep 30, 2025",2025-09-30,instant,Equity,Share capital,0,usd_millions,0,0,5,printed_dash_zero
company,4064731,2,https://web.quartr.com/companies/21558?companyId=21558&documentId=4064731&documentType=report&eventId=405757&navigation=external&utm_medium=referral&utm_source=mcp&rp=2,balance_sheet,"As at Sep 30, 2025",2025-09-30,instant,Equity,Retained earnings,0,usd_millions,0,0,6,printed_dash_zero
company,4064731,2,https://web.quartr.com/companies/21558?companyId=21558&documentId=4064731&documentType=report&eventId=405757&navigation=external&utm_medium=referral&utm_source=mcp&rp=2,balance_sheet,"As at Sep 30, 2025",2025-09-30,instant,,TOTAL,0,usd_millions,1,0,7,printed_dash_zero
company,4064731,2,https://web.quartr.com/companies/21558?companyId=21558&documentId=4064731&documentType=report&eventId=405757&navigation=external&utm_medium=referral&utm_source=mcp&rp=2,balance_sheet,"As at Jul 28, 2025 (inception)",2025-07-28,instant,Current Assets,Cash and cash equivalents,0,usd_millions,0,1,1,printed_dash_zero
company,4064731,2,https://web.quartr.com/companies/21558?companyId=21558&documentId=4064731&documentType=report&eventId=405757&navigation=external&utm_medium=referral&utm_source=mcp&rp=2,balance_sheet,"As at Jul 28, 2025 (inception)",2025-07-28,instant,Long-term Assets,Equity accounted investments,0,usd_millions,0,1,2,printed_dash_zero
company,4064731,2,https://web.quartr.com/companies/21558?companyId=21558&documentId=4064731&documentType=report&eventId=405757&navigation=external&utm_medium=referral&utm_source=mcp&rp=2,balance_sheet,"As at Jul 28, 2025 (inception)",2025-07-28,instant,,TOTAL,0,usd_millions,1,1,3,printed_dash_zero
company,4064731,2,https://web.quartr.com/companies/21558?companyId=21558&documentId=4064731&documentType=report&eventId=405757&navigation=external&utm_medium=referral&utm_source=mcp&rp=2,balance_sheet,"As at Jul 28, 2025 (inception)",2025-07-28,instant,Current Liabilities,Accounts payable and accrued liabilities,0,usd_millions,0,1,4,printed_dash_zero
company,4064731,2,https://web.quartr.com/companies/21558?companyId=21558&documentId=4064731&documentType=report&eventId=405757&navigation=external&utm_medium=referral&utm_source=mcp&rp=2,balance_sheet,"As at Jul 28, 2025 (inception)",2025-07-28,instant,Equity,Share capital,0,usd_millions,0,1,5,printed_dash_zero
company,4064731,2,https://web.quartr.com/companies/21558?companyId=21558&documentId=4064731&documentType=report&eventId=405757&navigation=external&utm_medium=referral&utm_source=mcp&rp=2,balance_sheet,"As at Jul 28, 2025 (inception)",2025-07-28,instant,Equity,Retained earnings,0,usd_millions,0,1,6,printed_dash_zero
company,4064731,2,https://web.quartr.com/companies/21558?companyId=21558&documentId=4064731&documentType=report&eventId=405757&navigation=external&utm_medium=referral&utm_source=mcp&rp=2,balance_sheet,"As at Jul 28, 2025 (inception)",2025-07-28,instant,,TOTAL,0,usd_millions,1,1,7,printed_dash_zero
company,4064731,3,https://web.quartr.com/companies/21558?companyId=21558&documentId=4064731&documentType=report&eventId=405757&navigation=external&utm_medium=referral&utm_source=mcp&rp=3,income_statement,"Jul 28 - Sep 30, 2025 (stub)",2025-09-30,YTD,INCOME (EXPENSES),Share of income from equity accounted investees,0,usd_millions,0,0,1,printed_dash_zero; stub period from incorporation 2025-07-28
company,4064731,3,https://web.quartr.com/companies/21558?companyId=21558&documentId=4064731&documentType=report&eventId=405757&navigation=external&utm_medium=referral&utm_source=mcp&rp=3,income_statement,"Jul 28 - Sep 30, 2025 (stub)",2025-09-30,YTD,INCOME (EXPENSES),General and administrative,0,usd_millions,0,0,2,printed_dash_zero; stub period from incorporation 2025-07-28
company,4064731,3,https://web.quartr.com/companies/21558?companyId=21558&documentId=4064731&documentType=report&eventId=405757&navigation=external&utm_medium=referral&utm_source=mcp&rp=3,income_statement,"Jul 28 - Sep 30, 2025 (stub)",2025-09-30,YTD,,EARNINGS BEFORE INCOME TAXES,0,usd_millions,1,0,3,printed_dash_zero; stub period from incorporation 2025-07-28
company,4064731,3,https://web.quartr.com/companies/21558?companyId=21558&documentId=4064731&documentType=report&eventId=405757&navigation=external&utm_medium=referral&utm_source=mcp&rp=3,income_statement,"Jul 28 - Sep 30, 2025 (stub)",2025-09-30,YTD,,Income tax expense,0,usd_millions,0,0,4,printed_dash_zero; stub period from incorporation 2025-07-28
company,4064731,3,https://web.quartr.com/companies/21558?companyId=21558&documentId=4064731&documentType=report&eventId=405757&navigation=external&utm_medium=referral&utm_source=mcp&rp=3,comprehensive_income,"Jul 28 - Sep 30, 2025 (stub)",2025-09-30,YTD,,NET EARNINGS AND COMPREHENSIVE EARNINGS,0,usd_millions,1,0,5,printed_dash_zero; stub period from incorporation 2025-07-28; combined net earnings & comprehensive earnings line
business_100,4064731,9,https://web.quartr.com/companies/21558?companyId=21558&documentId=4064731&documentType=report&eventId=405757&navigation=external&utm_medium=referral&utm_source=mcp&rp=9,income_statement,Q2 FY2026,2025-09-30,Q,REVENUES,Fee for service revenue,96.7,usd_millions,0,0,1,
business_100,4064731,9,https://web.quartr.com/companies/21558?companyId=21558&documentId=4064731&documentType=report&eventId=405757&navigation=external&utm_medium=referral&utm_source=mcp&rp=9,income_statement,Q2 FY2025,2024-09-30,Q,REVENUES,Fee for service revenue,81.4,usd_millions,0,1,1,
business_100,4064731,9,https://web.quartr.com/companies/21558?companyId=21558&documentId=4064731&documentType=report&eventId=405757&navigation=external&utm_medium=referral&utm_source=mcp&rp=9,income_statement,6M FY2026,2025-09-30,YTD,REVENUES,Fee for service revenue,188.9,usd_millions,0,0,1,
business_100,4064731,9,https://web.quartr.com/companies/21558?companyId=21558&documentId=4064731&documentType=report&eventId=405757&navigation=external&utm_medium=referral&utm_source=mcp&rp=9,income_statement,6M FY2025,2024-09-30,YTD,REVENUES,Fee for service revenue,171.0,usd_millions,0,1,1,
business_100,4064731,9,https://web.quartr.com/companies/21558?companyId=21558&documentId=4064731&documentType=report&eventId=405757&navigation=external&utm_medium=referral&utm_source=mcp&rp=9,income_statement,Q2 FY2026,2025-09-30,Q,REVENUES,"Optimization, net",6.5,usd_millions,0,0,2,
business_100,4064731,9,https://web.quartr.com/companies/21558?companyId=21558&documentId=4064731&documentType=report&eventId=405757&navigation=external&utm_medium=referral&utm_source=mcp&rp=9,income_statement,Q2 FY2025,2024-09-30,Q,REVENUES,"Optimization, net",1.7,usd_millions,0,1,2,
business_100,4064731,9,https://web.quartr.com/companies/21558?companyId=21558&documentId=4064731&documentType=report&eventId=405757&navigation=external&utm_medium=referral&utm_source=mcp&rp=9,income_statement,6M FY2026,2025-09-30,YTD,REVENUES,"Optimization, net",18.4,usd_millions,0,0,2,
business_100,4064731,9,https://web.quartr.com/companies/21558?companyId=21558&documentId=4064731&documentType=report&eventId=405757&navigation=external&utm_medium=referral&utm_source=mcp&rp=9,income_statement,6M FY2025,2024-09-30,YTD,REVENUES,"Optimization, net",3.8,usd_millions,0,1,2,
business_100,4064731,9,https://web.quartr.com/companies/21558?companyId=21558&documentId=4064731&documentType=report&eventId=405757&navigation=external&utm_medium=referral&utm_source=mcp&rp=9,income_statement,Q2 FY2026,2025-09-30,Q,REVENUES,Total revenues,103.2,usd_millions,1,0,3,
business_100,4064731,9,https://web.quartr.com/companies/21558?companyId=21558&documentId=4064731&documentType=report&eventId=405757&navigation=external&utm_medium=referral&utm_source=mcp&rp=9,income_statement,Q2 FY2025,2024-09-30,Q,REVENUES,Total revenues,83.1,usd_millions,1,1,3,
business_100,4064731,9,https://web.quartr.com/companies/21558?companyId=21558&documentId=4064731&documentType=report&eventId=405757&navigation=external&utm_medium=referral&utm_source=mcp&rp=9,income_statement,6M FY2026,2025-09-30,YTD,REVENUES,Total revenues,207.3,usd_millions,1,0,3,
business_100,4064731,9,https://web.quartr.com/companies/21558?companyId=21558&documentId=4064731&documentType=report&eventId=405757&navigation=external&utm_medium=referral&utm_source=mcp&rp=9,income_statement,6M FY2025,2024-09-30,YTD,REVENUES,Total revenues,174.8,usd_millions,1,1,3,
business_100,4064731,9,https://web.quartr.com/companies/21558?companyId=21558&documentId=4064731&documentType=report&eventId=405757&navigation=external&utm_medium=referral&utm_source=mcp&rp=9,income_statement,Q2 FY2026,2025-09-30,Q,EXPENSES (INCOME),Cost of gas storage services,1.1,usd_millions,0,0,4,
business_100,4064731,9,https://web.quartr.com/companies/21558?companyId=21558&documentId=4064731&documentType=report&eventId=405757&navigation=external&utm_medium=referral&utm_source=mcp&rp=9,income_statement,Q2 FY2025,2024-09-30,Q,EXPENSES (INCOME),Cost of gas storage services,0.8,usd_millions,0,1,4,
business_100,4064731,9,https://web.quartr.com/companies/21558?companyId=21558&documentId=4064731&documentType=report&eventId=405757&navigation=external&utm_medium=referral&utm_source=mcp&rp=9,income_statement,6M FY2026,2025-09-30,YTD,EXPENSES (INCOME),Cost of gas storage services,2.3,usd_millions,0,0,4,
business_100,4064731,9,https://web.quartr.com/companies/21558?companyId=21558&documentId=4064731&documentType=report&eventId=405757&navigation=external&utm_medium=referral&utm_source=mcp&rp=9,income_statement,6M FY2025,2024-09-30,YTD,EXPENSES (INCOME),Cost of gas storage services,2.3,usd_millions,0,1,4,
business_100,4064731,9,https://web.quartr.com/companies/21558?companyId=21558&documentId=4064731&documentType=report&eventId=405757&navigation=external&utm_medium=referral&utm_source=mcp&rp=9,income_statement,Q2 FY2026,2025-09-30,Q,EXPENSES (INCOME),Operating,13.1,usd_millions,0,0,5,
business_100,4064731,9,https://web.quartr.com/companies/21558?companyId=21558&documentId=4064731&documentType=report&eventId=405757&navigation=external&utm_medium=referral&utm_source=mcp&rp=9,income_statement,Q2 FY2025,2024-09-30,Q,EXPENSES (INCOME),Operating,12.4,usd_millions,0,1,5,
business_100,4064731,9,https://web.quartr.com/companies/21558?companyId=21558&documentId=4064731&documentType=report&eventId=405757&navigation=external&utm_medium=referral&utm_source=mcp&rp=9,income_statement,6M FY2026,2025-09-30,YTD,EXPENSES (INCOME),Operating,25.8,usd_millions,0,0,5,
business_100,4064731,9,https://web.quartr.com/companies/21558?companyId=21558&documentId=4064731&documentType=report&eventId=405757&navigation=external&utm_medium=referral&utm_source=mcp&rp=9,income_statement,6M FY2025,2024-09-30,YTD,EXPENSES (INCOME),Operating,24.3,usd_millions,0,1,5,
business_100,4064731,9,https://web.quartr.com/companies/21558?companyId=21558&documentId=4064731&documentType=report&eventId=405757&navigation=external&utm_medium=referral&utm_source=mcp&rp=9,income_statement,Q2 FY2026,2025-09-30,Q,EXPENSES (INCOME),General and administrative,5.1,usd_millions,0,0,6,
business_100,4064731,9,https://web.quartr.com/companies/21558?companyId=21558&documentId=4064731&documentType=report&eventId=405757&navigation=external&utm_medium=referral&utm_source=mcp&rp=9,income_statement,Q2 FY2025,2024-09-30,Q,EXPENSES (INCOME),General and administrative,5.1,usd_millions,0,1,6,
business_100,4064731,9,https://web.quartr.com/companies/21558?companyId=21558&documentId=4064731&documentType=report&eventId=405757&navigation=external&utm_medium=referral&utm_source=mcp&rp=9,income_statement,6M FY2026,2025-09-30,YTD,EXPENSES (INCOME),General and administrative,10.6,usd_millions,0,0,6,
business_100,4064731,9,https://web.quartr.com/companies/21558?companyId=21558&documentId=4064731&documentType=report&eventId=405757&navigation=external&utm_medium=referral&utm_source=mcp&rp=9,income_statement,6M FY2025,2024-09-30,YTD,EXPENSES (INCOME),General and administrative,11.6,usd_millions,0,1,6,
business_100,4064731,9,https://web.quartr.com/companies/21558?companyId=21558&documentId=4064731&documentType=report&eventId=405757&navigation=external&utm_medium=referral&utm_source=mcp&rp=9,income_statement,Q2 FY2026,2025-09-30,Q,EXPENSES (INCOME),Depreciation and amortization,8.9,usd_millions,0,0,7,
business_100,4064731,9,https://web.quartr.com/companies/21558?companyId=21558&documentId=4064731&documentType=report&eventId=405757&navigation=external&utm_medium=referral&utm_source=mcp&rp=9,income_statement,Q2 FY2025,2024-09-30,Q,EXPENSES (INCOME),Depreciation and amortization,8.5,usd_millions,0,1,7,
business_100,4064731,9,https://web.quartr.com/companies/21558?companyId=21558&documentId=4064731&documentType=report&eventId=405757&navigation=external&utm_medium=referral&utm_source=mcp&rp=9,income_statement,6M FY2026,2025-09-30,YTD,EXPENSES (INCOME),Depreciation and amortization,17.0,usd_millions,0,0,7,
business_100,4064731,9,https://web.quartr.com/companies/21558?companyId=21558&documentId=4064731&documentType=report&eventId=405757&navigation=external&utm_medium=referral&utm_source=mcp&rp=9,income_statement,6M FY2025,2024-09-30,YTD,EXPENSES (INCOME),Depreciation and amortization,16.4,usd_millions,0,1,7,
business_100,4064731,9,https://web.quartr.com/companies/21558?companyId=21558&documentId=4064731&documentType=report&eventId=405757&navigation=external&utm_medium=referral&utm_source=mcp&rp=9,income_statement,Q2 FY2026,2025-09-30,Q,EXPENSES (INCOME),Financing costs,27.2,usd_millions,0,0,8,
business_100,4064731,9,https://web.quartr.com/companies/21558?companyId=21558&documentId=4064731&documentType=report&eventId=405757&navigation=external&utm_medium=referral&utm_source=mcp&rp=9,income_statement,Q2 FY2025,2024-09-30,Q,EXPENSES (INCOME),Financing costs,30.3,usd_millions,0,1,8,
business_100,4064731,9,https://web.quartr.com/companies/21558?companyId=21558&documentId=4064731&documentType=report&eventId=405757&navigation=external&utm_medium=referral&utm_source=mcp&rp=9,income_statement,6M FY2026,2025-09-30,YTD,EXPENSES (INCOME),Financing costs,52.8,usd_millions,0,0,8,
business_100,4064731,9,https://web.quartr.com/companies/21558?companyId=21558&documentId=4064731&documentType=report&eventId=405757&navigation=external&utm_medium=referral&utm_source=mcp&rp=9,income_statement,6M FY2025,2024-09-30,YTD,EXPENSES (INCOME),Financing costs,46.1,usd_millions,0,1,8,
business_100,4064731,9,https://web.quartr.com/companies/21558?companyId=21558&documentId=4064731&documentType=report&eventId=405757&navigation=external&utm_medium=referral&utm_source=mcp&rp=9,income_statement,Q2 FY2026,2025-09-30,Q,EXPENSES (INCOME),"Gain on gas storage obligations, net",-1.0,usd_millions,0,0,9,
business_100,4064731,9,https://web.quartr.com/companies/21558?companyId=21558&documentId=4064731&documentType=report&eventId=405757&navigation=external&utm_medium=referral&utm_source=mcp&rp=9,income_statement,Q2 FY2025,2024-09-30,Q,EXPENSES (INCOME),"Gain on gas storage obligations, net",-1.5,usd_millions,0,1,9,
business_100,4064731,9,https://web.quartr.com/companies/21558?companyId=21558&documentId=4064731&documentType=report&eventId=405757&navigation=external&utm_medium=referral&utm_source=mcp&rp=9,income_statement,6M FY2026,2025-09-30,YTD,EXPENSES (INCOME),"Gain on gas storage obligations, net",-2.6,usd_millions,0,0,9,
business_100,4064731,9,https://web.quartr.com/companies/21558?companyId=21558&documentId=4064731&documentType=report&eventId=405757&navigation=external&utm_medium=referral&utm_source=mcp&rp=9,income_statement,6M FY2025,2024-09-30,YTD,EXPENSES (INCOME),"Gain on gas storage obligations, net",-2.4,usd_millions,0,1,9,
business_100,4064731,9,https://web.quartr.com/companies/21558?companyId=21558&documentId=4064731&documentType=report&eventId=405757&navigation=external&utm_medium=referral&utm_source=mcp&rp=9,income_statement,Q2 FY2026,2025-09-30,Q,EXPENSES (INCOME),Other expenses,2.1,usd_millions,0,0,10,
business_100,4064731,9,https://web.quartr.com/companies/21558?companyId=21558&documentId=4064731&documentType=report&eventId=405757&navigation=external&utm_medium=referral&utm_source=mcp&rp=9,income_statement,Q2 FY2025,2024-09-30,Q,EXPENSES (INCOME),Other expenses,0.8,usd_millions,0,1,10,
business_100,4064731,9,https://web.quartr.com/companies/21558?companyId=21558&documentId=4064731&documentType=report&eventId=405757&navigation=external&utm_medium=referral&utm_source=mcp&rp=9,income_statement,6M FY2026,2025-09-30,YTD,EXPENSES (INCOME),Other expenses,3.1,usd_millions,0,0,10,
business_100,4064731,9,https://web.quartr.com/companies/21558?companyId=21558&documentId=4064731&documentType=report&eventId=405757&navigation=external&utm_medium=referral&utm_source=mcp&rp=9,income_statement,6M FY2025,2024-09-30,YTD,EXPENSES (INCOME),Other expenses,1.9,usd_millions,0,1,10,
business_100,4064731,9,https://web.quartr.com/companies/21558?companyId=21558&documentId=4064731&documentType=report&eventId=405757&navigation=external&utm_medium=referral&utm_source=mcp&rp=9,income_statement,Q2 FY2026,2025-09-30,Q,EXPENSES (INCOME),(unlabelled subtotal),56.5,usd_millions,1,0,11,unlabelled subtotal row - no caption printed in source - total expenses (income)
business_100,4064731,9,https://web.quartr.com/companies/21558?companyId=21558&documentId=4064731&documentType=report&eventId=405757&navigation=external&utm_medium=referral&utm_source=mcp&rp=9,income_statement,Q2 FY2025,2024-09-30,Q,EXPENSES (INCOME),(unlabelled subtotal),56.4,usd_millions,1,1,11,unlabelled subtotal row - no caption printed in source - total expenses (income)
business_100,4064731,9,https://web.quartr.com/companies/21558?companyId=21558&documentId=4064731&documentType=report&eventId=405757&navigation=external&utm_medium=referral&utm_source=mcp&rp=9,income_statement,6M FY2026,2025-09-30,YTD,EXPENSES (INCOME),(unlabelled subtotal),109.0,usd_millions,1,0,11,unlabelled subtotal row - no caption printed in source - total expenses (income)
business_100,4064731,9,https://web.quartr.com/companies/21558?companyId=21558&documentId=4064731&documentType=report&eventId=405757&navigation=external&utm_medium=referral&utm_source=mcp&rp=9,income_statement,6M FY2025,2024-09-30,YTD,EXPENSES (INCOME),(unlabelled subtotal),100.2,usd_millions,1,1,11,unlabelled subtotal row - no caption printed in source - total expenses (income)
business_100,4064731,9,https://web.quartr.com/companies/21558?companyId=21558&documentId=4064731&documentType=report&eventId=405757&navigation=external&utm_medium=referral&utm_source=mcp&rp=9,income_statement,Q2 FY2026,2025-09-30,Q,,EARNINGS BEFORE INCOME TAXES,46.7,usd_millions,1,0,12,
business_100,4064731,9,https://web.quartr.com/companies/21558?companyId=21558&documentId=4064731&documentType=report&eventId=405757&navigation=external&utm_medium=referral&utm_source=mcp&rp=9,income_statement,Q2 FY2025,2024-09-30,Q,,EARNINGS BEFORE INCOME TAXES,26.7,usd_millions,1,1,12,
business_100,4064731,9,https://web.quartr.com/companies/21558?companyId=21558&documentId=4064731&documentType=report&eventId=405757&navigation=external&utm_medium=referral&utm_source=mcp&rp=9,income_statement,6M FY2026,2025-09-30,YTD,,EARNINGS BEFORE INCOME TAXES,98.3,usd_millions,1,0,12,
business_100,4064731,9,https://web.quartr.com/companies/21558?companyId=21558&documentId=4064731&documentType=report&eventId=405757&navigation=external&utm_medium=referral&utm_source=mcp&rp=9,income_statement,6M FY2025,2024-09-30,YTD,,EARNINGS BEFORE INCOME TAXES,74.6,usd_millions,1,1,12,
business_100,4064731,9,https://web.quartr.com/companies/21558?companyId=21558&documentId=4064731&documentType=report&eventId=405757&navigation=external&utm_medium=referral&utm_source=mcp&rp=9,income_statement,Q2 FY2026,2025-09-30,Q,Income tax expense (benefit),Deferred,0.9,usd_millions,0,0,13,printed under sub-heading 'Income tax expense (benefit)'
business_100,4064731,9,https://web.quartr.com/companies/21558?companyId=21558&documentId=4064731&documentType=report&eventId=405757&navigation=external&utm_medium=referral&utm_source=mcp&rp=9,income_statement,Q2 FY2025,2024-09-30,Q,Income tax expense (benefit),Deferred,-22.0,usd_millions,0,1,13,printed under sub-heading 'Income tax expense (benefit)'
business_100,4064731,9,https://web.quartr.com/companies/21558?companyId=21558&documentId=4064731&documentType=report&eventId=405757&navigation=external&utm_medium=referral&utm_source=mcp&rp=9,income_statement,6M FY2026,2025-09-30,YTD,Income tax expense (benefit),Deferred,4.2,usd_millions,0,0,13,printed under sub-heading 'Income tax expense (benefit)'
business_100,4064731,9,https://web.quartr.com/companies/21558?companyId=21558&documentId=4064731&documentType=report&eventId=405757&navigation=external&utm_medium=referral&utm_source=mcp&rp=9,income_statement,6M FY2025,2024-09-30,YTD,Income tax expense (benefit),Deferred,-19.7,usd_millions,0,1,13,printed under sub-heading 'Income tax expense (benefit)'
business_100,4064731,9,https://web.quartr.com/companies/21558?companyId=21558&documentId=4064731&documentType=report&eventId=405757&navigation=external&utm_medium=referral&utm_source=mcp&rp=9,income_statement,Q2 FY2026,2025-09-30,Q,,NET EARNINGS,45.8,usd_millions,1,0,14,
business_100,4064731,9,https://web.quartr.com/companies/21558?companyId=21558&documentId=4064731&documentType=report&eventId=405757&navigation=external&utm_medium=referral&utm_source=mcp&rp=9,income_statement,Q2 FY2025,2024-09-30,Q,,NET EARNINGS,48.7,usd_millions,1,1,14,
business_100,4064731,9,https://web.quartr.com/companies/21558?companyId=21558&documentId=4064731&documentType=report&eventId=405757&navigation=external&utm_medium=referral&utm_source=mcp&rp=9,income_statement,6M FY2026,2025-09-30,YTD,,NET EARNINGS,94.1,usd_millions,1,0,14,
business_100,4064731,9,https://web.quartr.com/companies/21558?companyId=21558&documentId=4064731&documentType=report&eventId=405757&navigation=external&utm_medium=referral&utm_source=mcp&rp=9,income_statement,6M FY2025,2024-09-30,YTD,,NET EARNINGS,94.3,usd_millions,1,1,14,
business_100,4064731,9,https://web.quartr.com/companies/21558?companyId=21558&documentId=4064731&documentType=report&eventId=405757&navigation=external&utm_medium=referral&utm_source=mcp&rp=9,comprehensive_income,Q2 FY2026,2025-09-30,Q,"OTHER COMPREHENSIVE (LOSS) INCOME, NET OF TAX",Foreign currency translation adjustment,-0.8,usd_millions,0,0,15,
business_100,4064731,9,https://web.quartr.com/companies/21558?companyId=21558&documentId=4064731&documentType=report&eventId=405757&navigation=external&utm_medium=referral&utm_source=mcp&rp=9,comprehensive_income,Q2 FY2025,2024-09-30,Q,"OTHER COMPREHENSIVE (LOSS) INCOME, NET OF TAX",Foreign currency translation adjustment,0.4,usd_millions,0,1,15,
business_100,4064731,9,https://web.quartr.com/companies/21558?companyId=21558&documentId=4064731&documentType=report&eventId=405757&navigation=external&utm_medium=referral&utm_source=mcp&rp=9,comprehensive_income,6M FY2026,2025-09-30,YTD,"OTHER COMPREHENSIVE (LOSS) INCOME, NET OF TAX",Foreign currency translation adjustment,1.0,usd_millions,0,0,15,
business_100,4064731,9,https://web.quartr.com/companies/21558?companyId=21558&documentId=4064731&documentType=report&eventId=405757&navigation=external&utm_medium=referral&utm_source=mcp&rp=9,comprehensive_income,6M FY2025,2024-09-30,YTD,"OTHER COMPREHENSIVE (LOSS) INCOME, NET OF TAX",Foreign currency translation adjustment,0.1,usd_millions,0,1,15,
business_100,4064731,9,https://web.quartr.com/companies/21558?companyId=21558&documentId=4064731&documentType=report&eventId=405757&navigation=external&utm_medium=referral&utm_source=mcp&rp=9,comprehensive_income,Q2 FY2026,2025-09-30,Q,,NET EARNINGS AND COMPREHENSIVE EARNINGS,45.0,usd_millions,1,0,16,
business_100,4064731,9,https://web.quartr.com/companies/21558?companyId=21558&documentId=4064731&documentType=report&eventId=405757&navigation=external&utm_medium=referral&utm_source=mcp&rp=9,comprehensive_income,Q2 FY2025,2024-09-30,Q,,NET EARNINGS AND COMPREHENSIVE EARNINGS,49.1,usd_millions,1,1,16,
business_100,4064731,9,https://web.quartr.com/companies/21558?companyId=21558&documentId=4064731&documentType=report&eventId=405757&navigation=external&utm_medium=referral&utm_source=mcp&rp=9,comprehensive_income,6M FY2026,2025-09-30,YTD,,NET EARNINGS AND COMPREHENSIVE EARNINGS,95.1,usd_millions,1,0,16,
business_100,4064731,9,https://web.quartr.com/companies/21558?companyId=21558&documentId=4064731&documentType=report&eventId=405757&navigation=external&utm_medium=referral&utm_source=mcp&rp=9,comprehensive_income,6M FY2025,2024-09-30,YTD,,NET EARNINGS AND COMPREHENSIVE EARNINGS,94.4,usd_millions,1,1,16,
business_100,4064731,10,https://web.quartr.com/companies/21558?companyId=21558&documentId=4064731&documentType=report&eventId=405757&navigation=external&utm_medium=referral&utm_source=mcp&rp=10,balance_sheet,"As at Sep 30, 2025",2025-09-30,instant,Current Assets,Cash and cash equivalents,30.5,usd_millions,0,0,1,
business_100,4064731,10,https://web.quartr.com/companies/21558?companyId=21558&documentId=4064731&documentType=report&eventId=405757&navigation=external&utm_medium=referral&utm_source=mcp&rp=10,balance_sheet,"As at Mar 31, 2025",2025-03-31,instant,Current Assets,Cash and cash equivalents,204.1,usd_millions,0,1,1,
business_100,4064731,10,https://web.quartr.com/companies/21558?companyId=21558&documentId=4064731&documentType=report&eventId=405757&navigation=external&utm_medium=referral&utm_source=mcp&rp=10,balance_sheet,"As at Sep 30, 2025",2025-09-30,instant,Current Assets,Trade and accrued receivables,49.8,usd_millions,0,0,2,
business_100,4064731,10,https://web.quartr.com/companies/21558?companyId=21558&documentId=4064731&documentType=report&eventId=405757&navigation=external&utm_medium=referral&utm_source=mcp&rp=10,balance_sheet,"As at Mar 31, 2025",2025-03-31,instant,Current Assets,Trade and accrued receivables,76.7,usd_millions,0,1,2,
business_100,4064731,10,https://web.quartr.com/companies/21558?companyId=21558&documentId=4064731&documentType=report&eventId=405757&navigation=external&utm_medium=referral&utm_source=mcp&rp=10,balance_sheet,"As at Sep 30, 2025",2025-09-30,instant,Current Assets,Natural gas inventory,50.3,usd_millions,0,0,3,
business_100,4064731,10,https://web.quartr.com/companies/21558?companyId=21558&documentId=4064731&documentType=report&eventId=405757&navigation=external&utm_medium=referral&utm_source=mcp&rp=10,balance_sheet,"As at Mar 31, 2025",2025-03-31,instant,Current Assets,Natural gas inventory,28.6,usd_millions,0,1,3,
business_100,4064731,10,https://web.quartr.com/companies/21558?companyId=21558&documentId=4064731&documentType=report&eventId=405757&navigation=external&utm_medium=referral&utm_source=mcp&rp=10,balance_sheet,"As at Sep 30, 2025",2025-09-30,instant,Current Assets,Short-term risk management assets,19.0,usd_millions,0,0,4,
business_100,4064731,10,https://web.quartr.com/companies/21558?companyId=21558&documentId=4064731&documentType=report&eventId=405757&navigation=external&utm_medium=referral&utm_source=mcp&rp=10,balance_sheet,"As at Mar 31, 2025",2025-03-31,instant,Current Assets,Short-term risk management assets,19.5,usd_millions,0,1,4,
business_100,4064731,10,https://web.quartr.com/companies/21558?companyId=21558&documentId=4064731&documentType=report&eventId=405757&navigation=external&utm_medium=referral&utm_source=mcp&rp=10,balance_sheet,"As at Sep 30, 2025",2025-09-30,instant,Current Assets,Margin deposits,5.2,usd_millions,0,0,5,
business_100,4064731,10,https://web.quartr.com/companies/21558?companyId=21558&documentId=4064731&documentType=report&eventId=405757&navigation=external&utm_medium=referral&utm_source=mcp&rp=10,balance_sheet,"As at Mar 31, 2025",2025-03-31,instant,Current Assets,Margin deposits,0.9,usd_millions,0,1,5,
business_100,4064731,10,https://web.quartr.com/companies/21558?companyId=21558&documentId=4064731&documentType=report&eventId=405757&navigation=external&utm_medium=referral&utm_source=mcp&rp=10,balance_sheet,"As at Sep 30, 2025",2025-09-30,instant,Current Assets,Prepaid expenses and other current assets,5.7,usd_millions,0,0,6,
business_100,4064731,10,https://web.quartr.com/companies/21558?companyId=21558&documentId=4064731&documentType=report&eventId=405757&navigation=external&utm_medium=referral&utm_source=mcp&rp=10,balance_sheet,"As at Mar 31, 2025",2025-03-31,instant,Current Assets,Prepaid expenses and other current assets,1.8,usd_millions,0,1,6,
business_100,4064731,10,https://web.quartr.com/companies/21558?companyId=21558&documentId=4064731&documentType=report&eventId=405757&navigation=external&utm_medium=referral&utm_source=mcp&rp=10,balance_sheet,"As at Sep 30, 2025",2025-09-30,instant,Current Assets,Due from affiliates,37.0,usd_millions,0,0,7,
business_100,4064731,10,https://web.quartr.com/companies/21558?companyId=21558&documentId=4064731&documentType=report&eventId=405757&navigation=external&utm_medium=referral&utm_source=mcp&rp=10,balance_sheet,"As at Mar 31, 2025",2025-03-31,instant,Current Assets,Due from affiliates,83.0,usd_millions,0,1,7,
business_100,4064731,10,https://web.quartr.com/companies/21558?companyId=21558&documentId=4064731&documentType=report&eventId=405757&navigation=external&utm_medium=referral&utm_source=mcp&rp=10,balance_sheet,"As at Sep 30, 2025",2025-09-30,instant,Current Assets,(unlabelled subtotal),197.5,usd_millions,1,0,8,unlabelled subtotal row - no caption printed in source - total current assets
business_100,4064731,10,https://web.quartr.com/companies/21558?companyId=21558&documentId=4064731&documentType=report&eventId=405757&navigation=external&utm_medium=referral&utm_source=mcp&rp=10,balance_sheet,"As at Mar 31, 2025",2025-03-31,instant,Current Assets,(unlabelled subtotal),414.6,usd_millions,1,1,8,unlabelled subtotal row - no caption printed in source - total current assets
business_100,4064731,10,https://web.quartr.com/companies/21558?companyId=21558&documentId=4064731&documentType=report&eventId=405757&navigation=external&utm_medium=referral&utm_source=mcp&rp=10,balance_sheet,"As at Sep 30, 2025",2025-09-30,instant,Long-term Assets,"Property, plant and equipment, net",893.7,usd_millions,0,0,9,
business_100,4064731,10,https://web.quartr.com/companies/21558?companyId=21558&documentId=4064731&documentType=report&eventId=405757&navigation=external&utm_medium=referral&utm_source=mcp&rp=10,balance_sheet,"As at Mar 31, 2025",2025-03-31,instant,Long-term Assets,"Property, plant and equipment, net",884.6,usd_millions,0,1,9,
business_100,4064731,10,https://web.quartr.com/companies/21558?companyId=21558&documentId=4064731&documentType=report&eventId=405757&navigation=external&utm_medium=referral&utm_source=mcp&rp=10,balance_sheet,"As at Sep 30, 2025",2025-09-30,instant,Long-term Assets,Goodwill,117.2,usd_millions,0,0,10,
business_100,4064731,10,https://web.quartr.com/companies/21558?companyId=21558&documentId=4064731&documentType=report&eventId=405757&navigation=external&utm_medium=referral&utm_source=mcp&rp=10,balance_sheet,"As at Mar 31, 2025",2025-03-31,instant,Long-term Assets,Goodwill,117.2,usd_millions,0,1,10,
business_100,4064731,10,https://web.quartr.com/companies/21558?companyId=21558&documentId=4064731&documentType=report&eventId=405757&navigation=external&utm_medium=referral&utm_source=mcp&rp=10,balance_sheet,"As at Sep 30, 2025",2025-09-30,instant,Long-term Assets,Long-term risk management assets,9.3,usd_millions,0,0,11,
business_100,4064731,10,https://web.quartr.com/companies/21558?companyId=21558&documentId=4064731&documentType=report&eventId=405757&navigation=external&utm_medium=referral&utm_source=mcp&rp=10,balance_sheet,"As at Mar 31, 2025",2025-03-31,instant,Long-term Assets,Long-term risk management assets,9.3,usd_millions,0,1,11,
business_100,4064731,10,https://web.quartr.com/companies/21558?companyId=21558&documentId=4064731&documentType=report&eventId=405757&navigation=external&utm_medium=referral&utm_source=mcp&rp=10,balance_sheet,"As at Sep 30, 2025",2025-09-30,instant,Long-term Assets,Other assets,5.9,usd_millions,0,0,12,
business_100,4064731,10,https://web.quartr.com/companies/21558?companyId=21558&documentId=4064731&documentType=report&eventId=405757&navigation=external&utm_medium=referral&utm_source=mcp&rp=10,balance_sheet,"As at Mar 31, 2025",2025-03-31,instant,Long-term Assets,Other assets,4.5,usd_millions,0,1,12,
business_100,4064731,10,https://web.quartr.com/companies/21558?companyId=21558&documentId=4064731&documentType=report&eventId=405757&navigation=external&utm_medium=referral&utm_source=mcp&rp=10,balance_sheet,"As at Sep 30, 2025",2025-09-30,instant,Long-term Assets,(unlabelled subtotal),1026.1,usd_millions,1,0,13,unlabelled subtotal row - no caption printed in source - total long-term assets
business_100,4064731,10,https://web.quartr.com/companies/21558?companyId=21558&documentId=4064731&documentType=report&eventId=405757&navigation=external&utm_medium=referral&utm_source=mcp&rp=10,balance_sheet,"As at Mar 31, 2025",2025-03-31,instant,Long-term Assets,(unlabelled subtotal),1015.6,usd_millions,1,1,13,unlabelled subtotal row - no caption printed in source - total long-term assets
business_100,4064731,10,https://web.quartr.com/companies/21558?companyId=21558&documentId=4064731&documentType=report&eventId=405757&navigation=external&utm_medium=referral&utm_source=mcp&rp=10,balance_sheet,"As at Sep 30, 2025",2025-09-30,instant,Current Liabilities,Trade payables and accrued liabilities,43.9,usd_millions,0,0,14,
business_100,4064731,10,https://web.quartr.com/companies/21558?companyId=21558&documentId=4064731&documentType=report&eventId=405757&navigation=external&utm_medium=referral&utm_source=mcp&rp=10,balance_sheet,"As at Mar 31, 2025",2025-03-31,instant,Current Liabilities,Trade payables and accrued liabilities,59.5,usd_millions,0,1,14,
business_100,4064731,10,https://web.quartr.com/companies/21558?companyId=21558&documentId=4064731&documentType=report&eventId=405757&navigation=external&utm_medium=referral&utm_source=mcp&rp=10,balance_sheet,"As at Sep 30, 2025",2025-09-30,instant,Current Liabilities,Short-term debt,22.2,usd_millions,0,0,15,
business_100,4064731,10,https://web.quartr.com/companies/21558?companyId=21558&documentId=4064731&documentType=report&eventId=405757&navigation=external&utm_medium=referral&utm_source=mcp&rp=10,balance_sheet,"As at Mar 31, 2025",2025-03-31,instant,Current Liabilities,Short-term debt,25.8,usd_millions,0,1,15,
business_100,4064731,10,https://web.quartr.com/companies/21558?companyId=21558&documentId=4064731&documentType=report&eventId=405757&navigation=external&utm_medium=referral&utm_source=mcp&rp=10,balance_sheet,"As at Sep 30, 2025",2025-09-30,instant,Current Liabilities,Short-term risk management liabilities,10.3,usd_millions,0,0,16,
business_100,4064731,10,https://web.quartr.com/companies/21558?companyId=21558&documentId=4064731&documentType=report&eventId=405757&navigation=external&utm_medium=referral&utm_source=mcp&rp=10,balance_sheet,"As at Mar 31, 2025",2025-03-31,instant,Current Liabilities,Short-term risk management liabilities,13.9,usd_millions,0,1,16,
business_100,4064731,10,https://web.quartr.com/companies/21558?companyId=21558&documentId=4064731&documentType=report&eventId=405757&navigation=external&utm_medium=referral&utm_source=mcp&rp=10,balance_sheet,"As at Sep 30, 2025",2025-09-30,instant,Current Liabilities,Short-term lease liabilities,8.0,usd_millions,0,0,17,
business_100,4064731,10,https://web.quartr.com/companies/21558?companyId=21558&documentId=4064731&documentType=report&eventId=405757&navigation=external&utm_medium=referral&utm_source=mcp&rp=10,balance_sheet,"As at Mar 31, 2025",2025-03-31,instant,Current Liabilities,Short-term lease liabilities,9.1,usd_millions,0,1,17,
business_100,4064731,10,https://web.quartr.com/companies/21558?companyId=21558&documentId=4064731&documentType=report&eventId=405757&navigation=external&utm_medium=referral&utm_source=mcp&rp=10,balance_sheet,"As at Sep 30, 2025",2025-09-30,instant,Current Liabilities,Margin deposits,0,usd_millions,0,0,18,printed_dash_zero
business_100,4064731,10,https://web.quartr.com/companies/21558?companyId=21558&documentId=4064731&documentType=report&eventId=405757&navigation=external&utm_medium=referral&utm_source=mcp&rp=10,balance_sheet,"As at Mar 31, 2025",2025-03-31,instant,Current Liabilities,Margin deposits,3.2,usd_millions,0,1,18,
business_100,4064731,10,https://web.quartr.com/companies/21558?companyId=21558&documentId=4064731&documentType=report&eventId=405757&navigation=external&utm_medium=referral&utm_source=mcp&rp=10,balance_sheet,"As at Sep 30, 2025",2025-09-30,instant,Current Liabilities,Deferred revenue,0.7,usd_millions,0,0,19,
business_100,4064731,10,https://web.quartr.com/companies/21558?companyId=21558&documentId=4064731&documentType=report&eventId=405757&navigation=external&utm_medium=referral&utm_source=mcp&rp=10,balance_sheet,"As at Mar 31, 2025",2025-03-31,instant,Current Liabilities,Deferred revenue,1.4,usd_millions,0,1,19,
business_100,4064731,10,https://web.quartr.com/companies/21558?companyId=21558&documentId=4064731&documentType=report&eventId=405757&navigation=external&utm_medium=referral&utm_source=mcp&rp=10,balance_sheet,"As at Sep 30, 2025",2025-09-30,instant,Current Liabilities,(unlabelled subtotal),85.1,usd_millions,1,0,20,unlabelled subtotal row - no caption printed in source - total current liabilities
business_100,4064731,10,https://web.quartr.com/companies/21558?companyId=21558&documentId=4064731&documentType=report&eventId=405757&navigation=external&utm_medium=referral&utm_source=mcp&rp=10,balance_sheet,"As at Mar 31, 2025",2025-03-31,instant,Current Liabilities,(unlabelled subtotal),112.9,usd_millions,1,1,20,unlabelled subtotal row - no caption printed in source - total current liabilities
business_100,4064731,10,https://web.quartr.com/companies/21558?companyId=21558&documentId=4064731&documentType=report&eventId=405757&navigation=external&utm_medium=referral&utm_source=mcp&rp=10,balance_sheet,"As at Sep 30, 2025",2025-09-30,instant,Long-term Liabilities,Long-term debt,1204.0,usd_millions,0,0,21,
business_100,4064731,10,https://web.quartr.com/companies/21558?companyId=21558&documentId=4064731&documentType=report&eventId=405757&navigation=external&utm_medium=referral&utm_source=mcp&rp=10,balance_sheet,"As at Mar 31, 2025",2025-03-31,instant,Long-term Liabilities,Long-term debt,1208.1,usd_millions,0,1,21,
business_100,4064731,10,https://web.quartr.com/companies/21558?companyId=21558&documentId=4064731&documentType=report&eventId=405757&navigation=external&utm_medium=referral&utm_source=mcp&rp=10,balance_sheet,"As at Sep 30, 2025",2025-09-30,instant,Long-term Liabilities,Long-term risk management liabilities,3.6,usd_millions,0,0,22,
business_100,4064731,10,https://web.quartr.com/companies/21558?companyId=21558&documentId=4064731&documentType=report&eventId=405757&navigation=external&utm_medium=referral&utm_source=mcp&rp=10,balance_sheet,"As at Mar 31, 2025",2025-03-31,instant,Long-term Liabilities,Long-term risk management liabilities,5.7,usd_millions,0,1,22,
business_100,4064731,10,https://web.quartr.com/companies/21558?companyId=21558&documentId=4064731&documentType=report&eventId=405757&navigation=external&utm_medium=referral&utm_source=mcp&rp=10,balance_sheet,"As at Sep 30, 2025",2025-09-30,instant,Long-term Liabilities,Long-term lease liabilities,94.3,usd_millions,0,0,23,
business_100,4064731,10,https://web.quartr.com/companies/21558?companyId=21558&documentId=4064731&documentType=report&eventId=405757&navigation=external&utm_medium=referral&utm_source=mcp&rp=10,balance_sheet,"As at Mar 31, 2025",2025-03-31,instant,Long-term Liabilities,Long-term lease liabilities,99.7,usd_millions,0,1,23,
business_100,4064731,10,https://web.quartr.com/companies/21558?companyId=21558&documentId=4064731&documentType=report&eventId=405757&navigation=external&utm_medium=referral&utm_source=mcp&rp=10,balance_sheet,"As at Sep 30, 2025",2025-09-30,instant,Long-term Liabilities,Gas storage obligations,15.4,usd_millions,0,0,24,
business_100,4064731,10,https://web.quartr.com/companies/21558?companyId=21558&documentId=4064731&documentType=report&eventId=405757&navigation=external&utm_medium=referral&utm_source=mcp&rp=10,balance_sheet,"As at Mar 31, 2025",2025-03-31,instant,Long-term Liabilities,Gas storage obligations,17.4,usd_millions,0,1,24,
business_100,4064731,10,https://web.quartr.com/companies/21558?companyId=21558&documentId=4064731&documentType=report&eventId=405757&navigation=external&utm_medium=referral&utm_source=mcp&rp=10,balance_sheet,"As at Sep 30, 2025",2025-09-30,instant,Long-term Liabilities,Decommissioning obligations,5.3,usd_millions,0,0,25,
business_100,4064731,10,https://web.quartr.com/companies/21558?companyId=21558&documentId=4064731&documentType=report&eventId=405757&navigation=external&utm_medium=referral&utm_source=mcp&rp=10,balance_sheet,"As at Mar 31, 2025",2025-03-31,instant,Long-term Liabilities,Decommissioning obligations,5.0,usd_millions,0,1,25,
business_100,4064731,10,https://web.quartr.com/companies/21558?companyId=21558&documentId=4064731&documentType=report&eventId=405757&navigation=external&utm_medium=referral&utm_source=mcp&rp=10,balance_sheet,"As at Sep 30, 2025",2025-09-30,instant,Long-term Liabilities,Other long-term liabilities,2.6,usd_millions,0,0,26,
business_100,4064731,10,https://web.quartr.com/companies/21558?companyId=21558&documentId=4064731&documentType=report&eventId=405757&navigation=external&utm_medium=referral&utm_source=mcp&rp=10,balance_sheet,"As at Mar 31, 2025",2025-03-31,instant,Long-term Liabilities,Other long-term liabilities,2.2,usd_millions,0,1,26,
business_100,4064731,10,https://web.quartr.com/companies/21558?companyId=21558&documentId=4064731&documentType=report&eventId=405757&navigation=external&utm_medium=referral&utm_source=mcp&rp=10,balance_sheet,"As at Sep 30, 2025",2025-09-30,instant,Long-term Liabilities,Deferred income taxes,69.2,usd_millions,0,0,27,
business_100,4064731,10,https://web.quartr.com/companies/21558?companyId=21558&documentId=4064731&documentType=report&eventId=405757&navigation=external&utm_medium=referral&utm_source=mcp&rp=10,balance_sheet,"As at Mar 31, 2025",2025-03-31,instant,Long-term Liabilities,Deferred income taxes,65.0,usd_millions,0,1,27,
business_100,4064731,10,https://web.quartr.com/companies/21558?companyId=21558&documentId=4064731&documentType=report&eventId=405757&navigation=external&utm_medium=referral&utm_source=mcp&rp=10,balance_sheet,"As at Sep 30, 2025",2025-09-30,instant,Long-term Liabilities,(unlabelled subtotal),1394.4,usd_millions,1,0,28,unlabelled subtotal row - no caption printed in source - total long-term liabilities
business_100,4064731,10,https://web.quartr.com/companies/21558?companyId=21558&documentId=4064731&documentType=report&eventId=405757&navigation=external&utm_medium=referral&utm_source=mcp&rp=10,balance_sheet,"As at Mar 31, 2025",2025-03-31,instant,Long-term Liabilities,(unlabelled subtotal),1403.1,usd_millions,1,1,28,unlabelled subtotal row - no caption printed in source - total long-term liabilities
business_100,4064731,10,https://web.quartr.com/companies/21558?companyId=21558&documentId=4064731&documentType=report&eventId=405757&navigation=external&utm_medium=referral&utm_source=mcp&rp=10,balance_sheet,"As at Sep 30, 2025",2025-09-30,instant,LIABILITIES AND OWNERS' EQUITY,Equity,-255.9,usd_millions,1,0,29,single-line equity presentation; agrees to Statements of Changes in Owners' Equity
business_100,4064731,10,https://web.quartr.com/companies/21558?companyId=21558&documentId=4064731&documentType=report&eventId=405757&navigation=external&utm_medium=referral&utm_source=mcp&rp=10,balance_sheet,"As at Mar 31, 2025",2025-03-31,instant,LIABILITIES AND OWNERS' EQUITY,Equity,-85.8,usd_millions,1,1,29,single-line equity presentation; agrees to Statements of Changes in Owners' Equity
business_100,4064731,10,https://web.quartr.com/companies/21558?companyId=21558&documentId=4064731&documentType=report&eventId=405757&navigation=external&utm_medium=referral&utm_source=mcp&rp=10,balance_sheet,"As at Sep 30, 2025",2025-09-30,instant,LIABILITIES AND OWNERS' EQUITY,TOTAL,1223.6,usd_millions,1,0,30,total liabilities and owners' equity; equals total assets - no separate total-assets caption printed
business_100,4064731,10,https://web.quartr.com/companies/21558?companyId=21558&documentId=4064731&documentType=report&eventId=405757&navigation=external&utm_medium=referral&utm_source=mcp&rp=10,balance_sheet,"As at Mar 31, 2025",2025-03-31,instant,LIABILITIES AND OWNERS' EQUITY,TOTAL,1430.2,usd_millions,1,1,30,total liabilities and owners' equity; equals total assets - no separate total-assets caption printed
business_100,4064731,10,https://web.quartr.com/companies/21558?companyId=21558&documentId=4064731&documentType=report&eventId=405757&navigation=external&utm_medium=referral&utm_source=mcp&rp=10,balance_sheet,"As at Sep 30, 2025",2025-09-30,instant,,Commitments and contingencies disclosures,0,usd_millions,0,0,31,note 11 cross-reference line; printed_dash_zero
business_100,4064731,10,https://web.quartr.com/companies/21558?companyId=21558&documentId=4064731&documentType=report&eventId=405757&navigation=external&utm_medium=referral&utm_source=mcp&rp=10,balance_sheet,"As at Mar 31, 2025",2025-03-31,instant,,Commitments and contingencies disclosures,0,usd_millions,0,1,31,note 11 cross-reference line; printed_dash_zero
business_100,4064731,11,https://web.quartr.com/companies/21558?companyId=21558&documentId=4064731&documentType=report&eventId=405757&navigation=external&utm_medium=referral&utm_source=mcp&rp=11,equity_changes,"As at Apr 1, 2024",2024-04-01,instant,Owners' Capital [column header not recovered by extractor],"Balance, April 1, 2024",250.7,usd_millions,1,1,1,column-1 header dropped by PDF extractor in all three filings; identified as the capital account from row content and column arithmetic
business_100,4064731,11,https://web.quartr.com/companies/21558?companyId=21558&documentId=4064731&documentType=report&eventId=405757&navigation=external&utm_medium=referral&utm_source=mcp&rp=11,equity_changes,"As at Apr 1, 2024",2024-04-01,instant,Retained Earnings (Deficit),"Balance, April 1, 2024",105.6,usd_millions,1,1,1,
business_100,4064731,11,https://web.quartr.com/companies/21558?companyId=21558&documentId=4064731&documentType=report&eventId=405757&navigation=external&utm_medium=referral&utm_source=mcp&rp=11,equity_changes,"As at Apr 1, 2024",2024-04-01,instant,Accumulated Other Comprehensive Loss,"Balance, April 1, 2024",-20.8,usd_millions,1,1,1,
business_100,4064731,11,https://web.quartr.com/companies/21558?companyId=21558&documentId=4064731&documentType=report&eventId=405757&navigation=external&utm_medium=referral&utm_source=mcp&rp=11,equity_changes,"As at Apr 1, 2024",2024-04-01,instant,Total,"Balance, April 1, 2024",335.5,usd_millions,1,1,1,
business_100,4064731,11,https://web.quartr.com/companies/21558?companyId=21558&documentId=4064731&documentType=report&eventId=405757&navigation=external&utm_medium=referral&utm_source=mcp&rp=11,equity_changes,6M FY2025,2024-09-30,YTD,Owners' Capital [column header not recovered by extractor],Net earnings,0,usd_millions,0,1,2,printed_dash_zero; column-1 header dropped by PDF extractor in all three filings; identified as the capital account from row content and column arithmetic
business_100,4064731,11,https://web.quartr.com/companies/21558?companyId=21558&documentId=4064731&documentType=report&eventId=405757&navigation=external&utm_medium=referral&utm_source=mcp&rp=11,equity_changes,6M FY2025,2024-09-30,YTD,Retained Earnings (Deficit),Net earnings,94.3,usd_millions,0,1,2,
business_100,4064731,11,https://web.quartr.com/companies/21558?companyId=21558&documentId=4064731&documentType=report&eventId=405757&navigation=external&utm_medium=referral&utm_source=mcp&rp=11,equity_changes,6M FY2025,2024-09-30,YTD,Accumulated Other Comprehensive Loss,Net earnings,0,usd_millions,0,1,2,printed_dash_zero
business_100,4064731,11,https://web.quartr.com/companies/21558?companyId=21558&documentId=4064731&documentType=report&eventId=405757&navigation=external&utm_medium=referral&utm_source=mcp&rp=11,equity_changes,6M FY2025,2024-09-30,YTD,Total,Net earnings,94.3,usd_millions,0,1,2,
business_100,4064731,11,https://web.quartr.com/companies/21558?companyId=21558&documentId=4064731&documentType=report&eventId=405757&navigation=external&utm_medium=referral&utm_source=mcp&rp=11,equity_changes,6M FY2025,2024-09-30,YTD,Owners' Capital [column header not recovered by extractor],Other comprehensive income,0,usd_millions,0,1,3,printed_dash_zero; column-1 header dropped by PDF extractor in all three filings; identified as the capital account from row content and column arithmetic
business_100,4064731,11,https://web.quartr.com/companies/21558?companyId=21558&documentId=4064731&documentType=report&eventId=405757&navigation=external&utm_medium=referral&utm_source=mcp&rp=11,equity_changes,6M FY2025,2024-09-30,YTD,Retained Earnings (Deficit),Other comprehensive income,0,usd_millions,0,1,3,printed_dash_zero
business_100,4064731,11,https://web.quartr.com/companies/21558?companyId=21558&documentId=4064731&documentType=report&eventId=405757&navigation=external&utm_medium=referral&utm_source=mcp&rp=11,equity_changes,6M FY2025,2024-09-30,YTD,Accumulated Other Comprehensive Loss,Other comprehensive income,0.1,usd_millions,0,1,3,
business_100,4064731,11,https://web.quartr.com/companies/21558?companyId=21558&documentId=4064731&documentType=report&eventId=405757&navigation=external&utm_medium=referral&utm_source=mcp&rp=11,equity_changes,6M FY2025,2024-09-30,YTD,Total,Other comprehensive income,0.1,usd_millions,0,1,3,
business_100,4064731,11,https://web.quartr.com/companies/21558?companyId=21558&documentId=4064731&documentType=report&eventId=405757&navigation=external&utm_medium=referral&utm_source=mcp&rp=11,equity_changes,6M FY2025,2024-09-30,YTD,Owners' Capital [column header not recovered by extractor],Distributions,-123.7,usd_millions,0,1,4,column-1 header dropped by PDF extractor in all three filings; identified as the capital account from row content and column arithmetic
business_100,4064731,11,https://web.quartr.com/companies/21558?companyId=21558&documentId=4064731&documentType=report&eventId=405757&navigation=external&utm_medium=referral&utm_source=mcp&rp=11,equity_changes,6M FY2025,2024-09-30,YTD,Retained Earnings (Deficit),Distributions,-66.3,usd_millions,0,1,4,
business_100,4064731,11,https://web.quartr.com/companies/21558?companyId=21558&documentId=4064731&documentType=report&eventId=405757&navigation=external&utm_medium=referral&utm_source=mcp&rp=11,equity_changes,6M FY2025,2024-09-30,YTD,Accumulated Other Comprehensive Loss,Distributions,0,usd_millions,0,1,4,printed_dash_zero
business_100,4064731,11,https://web.quartr.com/companies/21558?companyId=21558&documentId=4064731&documentType=report&eventId=405757&navigation=external&utm_medium=referral&utm_source=mcp&rp=11,equity_changes,6M FY2025,2024-09-30,YTD,Total,Distributions,-190.0,usd_millions,0,1,4,
business_100,4064731,11,https://web.quartr.com/companies/21558?companyId=21558&documentId=4064731&documentType=report&eventId=405757&navigation=external&utm_medium=referral&utm_source=mcp&rp=11,equity_changes,"As at Sep 30, 2024",2024-09-30,instant,Owners' Capital [column header not recovered by extractor],"Balance, September 30, 2024",127.0,usd_millions,1,1,5,column-1 header dropped by PDF extractor in all three filings; identified as the capital account from row content and column arithmetic
business_100,4064731,11,https://web.quartr.com/companies/21558?companyId=21558&documentId=4064731&documentType=report&eventId=405757&navigation=external&utm_medium=referral&utm_source=mcp&rp=11,equity_changes,"As at Sep 30, 2024",2024-09-30,instant,Retained Earnings (Deficit),"Balance, September 30, 2024",133.6,usd_millions,1,1,5,
business_100,4064731,11,https://web.quartr.com/companies/21558?companyId=21558&documentId=4064731&documentType=report&eventId=405757&navigation=external&utm_medium=referral&utm_source=mcp&rp=11,equity_changes,"As at Sep 30, 2024",2024-09-30,instant,Accumulated Other Comprehensive Loss,"Balance, September 30, 2024",-20.7,usd_millions,1,1,5,
business_100,4064731,11,https://web.quartr.com/companies/21558?companyId=21558&documentId=4064731&documentType=report&eventId=405757&navigation=external&utm_medium=referral&utm_source=mcp&rp=11,equity_changes,"As at Sep 30, 2024",2024-09-30,instant,Total,"Balance, September 30, 2024",239.9,usd_millions,1,1,5,
business_100,4064731,11,https://web.quartr.com/companies/21558?companyId=21558&documentId=4064731&documentType=report&eventId=405757&navigation=external&utm_medium=referral&utm_source=mcp&rp=11,equity_changes,"As at Apr 1, 2025",2025-04-01,instant,Owners' Capital [column header not recovered by extractor],"Balance, April 1, 2025",127.0,usd_millions,1,1,6,column-1 header dropped by PDF extractor in all three filings; identified as the capital account from row content and column arithmetic
business_100,4064731,11,https://web.quartr.com/companies/21558?companyId=21558&documentId=4064731&documentType=report&eventId=405757&navigation=external&utm_medium=referral&utm_source=mcp&rp=11,equity_changes,"As at Apr 1, 2025",2025-04-01,instant,Retained Earnings (Deficit),"Balance, April 1, 2025",-190.2,usd_millions,1,1,6,
business_100,4064731,11,https://web.quartr.com/companies/21558?companyId=21558&documentId=4064731&documentType=report&eventId=405757&navigation=external&utm_medium=referral&utm_source=mcp&rp=11,equity_changes,"As at Apr 1, 2025",2025-04-01,instant,Accumulated Other Comprehensive Loss,"Balance, April 1, 2025",-22.6,usd_millions,1,1,6,
business_100,4064731,11,https://web.quartr.com/companies/21558?companyId=21558&documentId=4064731&documentType=report&eventId=405757&navigation=external&utm_medium=referral&utm_source=mcp&rp=11,equity_changes,"As at Apr 1, 2025",2025-04-01,instant,Total,"Balance, April 1, 2025",-85.8,usd_millions,1,1,6,
business_100,4064731,11,https://web.quartr.com/companies/21558?companyId=21558&documentId=4064731&documentType=report&eventId=405757&navigation=external&utm_medium=referral&utm_source=mcp&rp=11,equity_changes,6M FY2026,2025-09-30,YTD,Owners' Capital [column header not recovered by extractor],Net earnings,0,usd_millions,0,0,7,printed_dash_zero; column-1 header dropped by PDF extractor in all three filings; identified as the capital account from row content and column arithmetic
business_100,4064731,11,https://web.quartr.com/companies/21558?companyId=21558&documentId=4064731&documentType=report&eventId=405757&navigation=external&utm_medium=referral&utm_source=mcp&rp=11,equity_changes,6M FY2026,2025-09-30,YTD,Retained Earnings (Deficit),Net earnings,94.1,usd_millions,0,0,7,
business_100,4064731,11,https://web.quartr.com/companies/21558?companyId=21558&documentId=4064731&documentType=report&eventId=405757&navigation=external&utm_medium=referral&utm_source=mcp&rp=11,equity_changes,6M FY2026,2025-09-30,YTD,Accumulated Other Comprehensive Loss,Net earnings,0,usd_millions,0,0,7,printed_dash_zero
business_100,4064731,11,https://web.quartr.com/companies/21558?companyId=21558&documentId=4064731&documentType=report&eventId=405757&navigation=external&utm_medium=referral&utm_source=mcp&rp=11,equity_changes,6M FY2026,2025-09-30,YTD,Total,Net earnings,94.1,usd_millions,0,0,7,
business_100,4064731,11,https://web.quartr.com/companies/21558?companyId=21558&documentId=4064731&documentType=report&eventId=405757&navigation=external&utm_medium=referral&utm_source=mcp&rp=11,equity_changes,6M FY2026,2025-09-30,YTD,Owners' Capital [column header not recovered by extractor],Other comprehensive income,0,usd_millions,0,0,8,printed_dash_zero; column-1 header dropped by PDF extractor in all three filings; identified as the capital account from row content and column arithmetic
business_100,4064731,11,https://web.quartr.com/companies/21558?companyId=21558&documentId=4064731&documentType=report&eventId=405757&navigation=external&utm_medium=referral&utm_source=mcp&rp=11,equity_changes,6M FY2026,2025-09-30,YTD,Retained Earnings (Deficit),Other comprehensive income,0,usd_millions,0,0,8,printed_dash_zero
business_100,4064731,11,https://web.quartr.com/companies/21558?companyId=21558&documentId=4064731&documentType=report&eventId=405757&navigation=external&utm_medium=referral&utm_source=mcp&rp=11,equity_changes,6M FY2026,2025-09-30,YTD,Accumulated Other Comprehensive Loss,Other comprehensive income,1.0,usd_millions,0,0,8,
business_100,4064731,11,https://web.quartr.com/companies/21558?companyId=21558&documentId=4064731&documentType=report&eventId=405757&navigation=external&utm_medium=referral&utm_source=mcp&rp=11,equity_changes,6M FY2026,2025-09-30,YTD,Total,Other comprehensive income,1.0,usd_millions,0,0,8,
business_100,4064731,11,https://web.quartr.com/companies/21558?companyId=21558&documentId=4064731&documentType=report&eventId=405757&navigation=external&utm_medium=referral&utm_source=mcp&rp=11,equity_changes,6M FY2026,2025-09-30,YTD,Owners' Capital [column header not recovered by extractor],Capital contributions,1.0,usd_millions,0,0,9,column-1 header dropped by PDF extractor in all three filings; identified as the capital account from row content and column arithmetic
business_100,4064731,11,https://web.quartr.com/companies/21558?companyId=21558&documentId=4064731&documentType=report&eventId=405757&navigation=external&utm_medium=referral&utm_source=mcp&rp=11,equity_changes,6M FY2026,2025-09-30,YTD,Retained Earnings (Deficit),Capital contributions,0,usd_millions,0,0,9,printed_dash_zero
business_100,4064731,11,https://web.quartr.com/companies/21558?companyId=21558&documentId=4064731&documentType=report&eventId=405757&navigation=external&utm_medium=referral&utm_source=mcp&rp=11,equity_changes,6M FY2026,2025-09-30,YTD,Accumulated Other Comprehensive Loss,Capital contributions,0,usd_millions,0,0,9,printed_dash_zero
business_100,4064731,11,https://web.quartr.com/companies/21558?companyId=21558&documentId=4064731&documentType=report&eventId=405757&navigation=external&utm_medium=referral&utm_source=mcp&rp=11,equity_changes,6M FY2026,2025-09-30,YTD,Total,Capital contributions,1.0,usd_millions,0,0,9,
business_100,4064731,11,https://web.quartr.com/companies/21558?companyId=21558&documentId=4064731&documentType=report&eventId=405757&navigation=external&utm_medium=referral&utm_source=mcp&rp=11,equity_changes,6M FY2026,2025-09-30,YTD,Owners' Capital [column header not recovered by extractor],Distributions (note 10),0,usd_millions,0,0,10,printed_dash_zero; column-1 header dropped by PDF extractor in all three filings; identified as the capital account from row content and column arithmetic
business_100,4064731,11,https://web.quartr.com/companies/21558?companyId=21558&documentId=4064731&documentType=report&eventId=405757&navigation=external&utm_medium=referral&utm_source=mcp&rp=11,equity_changes,6M FY2026,2025-09-30,YTD,Retained Earnings (Deficit),Distributions (note 10),-266.2,usd_millions,0,0,10,
business_100,4064731,11,https://web.quartr.com/companies/21558?companyId=21558&documentId=4064731&documentType=report&eventId=405757&navigation=external&utm_medium=referral&utm_source=mcp&rp=11,equity_changes,6M FY2026,2025-09-30,YTD,Accumulated Other Comprehensive Loss,Distributions (note 10),0,usd_millions,0,0,10,printed_dash_zero
business_100,4064731,11,https://web.quartr.com/companies/21558?companyId=21558&documentId=4064731&documentType=report&eventId=405757&navigation=external&utm_medium=referral&utm_source=mcp&rp=11,equity_changes,6M FY2026,2025-09-30,YTD,Total,Distributions (note 10),-266.2,usd_millions,0,0,10,
business_100,4064731,11,https://web.quartr.com/companies/21558?companyId=21558&documentId=4064731&documentType=report&eventId=405757&navigation=external&utm_medium=referral&utm_source=mcp&rp=11,equity_changes,"As at Sep 30, 2025",2025-09-30,instant,Owners' Capital [column header not recovered by extractor],"Balance, September 30, 2025",128.0,usd_millions,1,0,11,column-1 header dropped by PDF extractor in all three filings; identified as the capital account from row content and column arithmetic
business_100,4064731,11,https://web.quartr.com/companies/21558?companyId=21558&documentId=4064731&documentType=report&eventId=405757&navigation=external&utm_medium=referral&utm_source=mcp&rp=11,equity_changes,"As at Sep 30, 2025",2025-09-30,instant,Retained Earnings (Deficit),"Balance, September 30, 2025",-362.3,usd_millions,1,0,11,
business_100,4064731,11,https://web.quartr.com/companies/21558?companyId=21558&documentId=4064731&documentType=report&eventId=405757&navigation=external&utm_medium=referral&utm_source=mcp&rp=11,equity_changes,"As at Sep 30, 2025",2025-09-30,instant,Accumulated Other Comprehensive Loss,"Balance, September 30, 2025",-21.6,usd_millions,1,0,11,
business_100,4064731,11,https://web.quartr.com/companies/21558?companyId=21558&documentId=4064731&documentType=report&eventId=405757&navigation=external&utm_medium=referral&utm_source=mcp&rp=11,equity_changes,"As at Sep 30, 2025",2025-09-30,instant,Total,"Balance, September 30, 2025",-255.9,usd_millions,1,0,11,
business_100,4064731,12,https://web.quartr.com/companies/21558?companyId=21558&documentId=4064731&documentType=report&eventId=405757&navigation=external&utm_medium=referral&utm_source=mcp&rp=12,cash_flow,Q2 FY2026,2025-09-30,Q,OPERATING ACTIVITIES,Net earnings,45.8,usd_millions,0,0,1,
business_100,4064731,12,https://web.quartr.com/companies/21558?companyId=21558&documentId=4064731&documentType=report&eventId=405757&navigation=external&utm_medium=referral&utm_source=mcp&rp=12,cash_flow,Q2 FY2025,2024-09-30,Q,OPERATING ACTIVITIES,Net earnings,48.7,usd_millions,0,1,1,
business_100,4064731,12,https://web.quartr.com/companies/21558?companyId=21558&documentId=4064731&documentType=report&eventId=405757&navigation=external&utm_medium=referral&utm_source=mcp&rp=12,cash_flow,6M FY2026,2025-09-30,YTD,OPERATING ACTIVITIES,Net earnings,94.1,usd_millions,0,0,1,
business_100,4064731,12,https://web.quartr.com/companies/21558?companyId=21558&documentId=4064731&documentType=report&eventId=405757&navigation=external&utm_medium=referral&utm_source=mcp&rp=12,cash_flow,6M FY2025,2024-09-30,YTD,OPERATING ACTIVITIES,Net earnings,94.3,usd_millions,0,1,1,
business_100,4064731,12,https://web.quartr.com/companies/21558?companyId=21558&documentId=4064731&documentType=report&eventId=405757&navigation=external&utm_medium=referral&utm_source=mcp&rp=12,cash_flow,Q2 FY2026,2025-09-30,Q,Adjustments to reconcile net earnings to net cash provided by operating activities:,Deferred income tax expense (benefit),0.9,usd_millions,0,0,2,
business_100,4064731,12,https://web.quartr.com/companies/21558?companyId=21558&documentId=4064731&documentType=report&eventId=405757&navigation=external&utm_medium=referral&utm_source=mcp&rp=12,cash_flow,Q2 FY2025,2024-09-30,Q,Adjustments to reconcile net earnings to net cash provided by operating activities:,Deferred income tax expense (benefit),-22.0,usd_millions,0,1,2,
business_100,4064731,12,https://web.quartr.com/companies/21558?companyId=21558&documentId=4064731&documentType=report&eventId=405757&navigation=external&utm_medium=referral&utm_source=mcp&rp=12,cash_flow,6M FY2026,2025-09-30,YTD,Adjustments to reconcile net earnings to net cash provided by operating activities:,Deferred income tax expense (benefit),4.2,usd_millions,0,0,2,
business_100,4064731,12,https://web.quartr.com/companies/21558?companyId=21558&documentId=4064731&documentType=report&eventId=405757&navigation=external&utm_medium=referral&utm_source=mcp&rp=12,cash_flow,6M FY2025,2024-09-30,YTD,Adjustments to reconcile net earnings to net cash provided by operating activities:,Deferred income tax expense (benefit),-19.7,usd_millions,0,1,2,
business_100,4064731,12,https://web.quartr.com/companies/21558?companyId=21558&documentId=4064731&documentType=report&eventId=405757&navigation=external&utm_medium=referral&utm_source=mcp&rp=12,cash_flow,Q2 FY2026,2025-09-30,Q,Adjustments to reconcile net earnings to net cash provided by operating activities:,Unrealized risk management losses (gains),0.1,usd_millions,0,0,3,
business_100,4064731,12,https://web.quartr.com/companies/21558?companyId=21558&documentId=4064731&documentType=report&eventId=405757&navigation=external&utm_medium=referral&utm_source=mcp&rp=12,cash_flow,Q2 FY2025,2024-09-30,Q,Adjustments to reconcile net earnings to net cash provided by operating activities:,Unrealized risk management losses (gains),5.0,usd_millions,0,1,3,
business_100,4064731,12,https://web.quartr.com/companies/21558?companyId=21558&documentId=4064731&documentType=report&eventId=405757&navigation=external&utm_medium=referral&utm_source=mcp&rp=12,cash_flow,6M FY2026,2025-09-30,YTD,Adjustments to reconcile net earnings to net cash provided by operating activities:,Unrealized risk management losses (gains),-7.8,usd_millions,0,0,3,
business_100,4064731,12,https://web.quartr.com/companies/21558?companyId=21558&documentId=4064731&documentType=report&eventId=405757&navigation=external&utm_medium=referral&utm_source=mcp&rp=12,cash_flow,6M FY2025,2024-09-30,YTD,Adjustments to reconcile net earnings to net cash provided by operating activities:,Unrealized risk management losses (gains),-4.5,usd_millions,0,1,3,
business_100,4064731,12,https://web.quartr.com/companies/21558?companyId=21558&documentId=4064731&documentType=report&eventId=405757&navigation=external&utm_medium=referral&utm_source=mcp&rp=12,cash_flow,Q2 FY2026,2025-09-30,Q,Adjustments to reconcile net earnings to net cash provided by operating activities:,Depreciation and amortization,8.9,usd_millions,0,0,4,
business_100,4064731,12,https://web.quartr.com/companies/21558?companyId=21558&documentId=4064731&documentType=report&eventId=405757&navigation=external&utm_medium=referral&utm_source=mcp&rp=12,cash_flow,Q2 FY2025,2024-09-30,Q,Adjustments to reconcile net earnings to net cash provided by operating activities:,Depreciation and amortization,8.5,usd_millions,0,1,4,
business_100,4064731,12,https://web.quartr.com/companies/21558?companyId=21558&documentId=4064731&documentType=report&eventId=405757&navigation=external&utm_medium=referral&utm_source=mcp&rp=12,cash_flow,6M FY2026,2025-09-30,YTD,Adjustments to reconcile net earnings to net cash provided by operating activities:,Depreciation and amortization,17.0,usd_millions,0,0,4,
business_100,4064731,12,https://web.quartr.com/companies/21558?companyId=21558&documentId=4064731&documentType=report&eventId=405757&navigation=external&utm_medium=referral&utm_source=mcp&rp=12,cash_flow,6M FY2025,2024-09-30,YTD,Adjustments to reconcile net earnings to net cash provided by operating activities:,Depreciation and amortization,16.4,usd_millions,0,1,4,
business_100,4064731,12,https://web.quartr.com/companies/21558?companyId=21558&documentId=4064731&documentType=report&eventId=405757&navigation=external&utm_medium=referral&utm_source=mcp&rp=12,cash_flow,Q2 FY2026,2025-09-30,Q,Adjustments to reconcile net earnings to net cash provided by operating activities:,Other,1.6,usd_millions,0,0,5,
business_100,4064731,12,https://web.quartr.com/companies/21558?companyId=21558&documentId=4064731&documentType=report&eventId=405757&navigation=external&utm_medium=referral&utm_source=mcp&rp=12,cash_flow,Q2 FY2025,2024-09-30,Q,Adjustments to reconcile net earnings to net cash provided by operating activities:,Other,4.5,usd_millions,0,1,5,
business_100,4064731,12,https://web.quartr.com/companies/21558?companyId=21558&documentId=4064731&documentType=report&eventId=405757&navigation=external&utm_medium=referral&utm_source=mcp&rp=12,cash_flow,6M FY2026,2025-09-30,YTD,Adjustments to reconcile net earnings to net cash provided by operating activities:,Other,2.4,usd_millions,0,0,5,
business_100,4064731,12,https://web.quartr.com/companies/21558?companyId=21558&documentId=4064731&documentType=report&eventId=405757&navigation=external&utm_medium=referral&utm_source=mcp&rp=12,cash_flow,6M FY2025,2024-09-30,YTD,Adjustments to reconcile net earnings to net cash provided by operating activities:,Other,4.6,usd_millions,0,1,5,
business_100,4064731,12,https://web.quartr.com/companies/21558?companyId=21558&documentId=4064731&documentType=report&eventId=405757&navigation=external&utm_medium=referral&utm_source=mcp&rp=12,cash_flow,Q2 FY2026,2025-09-30,Q,Adjustments to reconcile net earnings to net cash provided by operating activities:,Changes in non-cash working capital,-1.0,usd_millions,0,0,6,
business_100,4064731,12,https://web.quartr.com/companies/21558?companyId=21558&documentId=4064731&documentType=report&eventId=405757&navigation=external&utm_medium=referral&utm_source=mcp&rp=12,cash_flow,Q2 FY2025,2024-09-30,Q,Adjustments to reconcile net earnings to net cash provided by operating activities:,Changes in non-cash working capital,10.5,usd_millions,0,1,6,
business_100,4064731,12,https://web.quartr.com/companies/21558?companyId=21558&documentId=4064731&documentType=report&eventId=405757&navigation=external&utm_medium=referral&utm_source=mcp&rp=12,cash_flow,6M FY2026,2025-09-30,YTD,Adjustments to reconcile net earnings to net cash provided by operating activities:,Changes in non-cash working capital,-15.9,usd_millions,0,0,6,
business_100,4064731,12,https://web.quartr.com/companies/21558?companyId=21558&documentId=4064731&documentType=report&eventId=405757&navigation=external&utm_medium=referral&utm_source=mcp&rp=12,cash_flow,6M FY2025,2024-09-30,YTD,Adjustments to reconcile net earnings to net cash provided by operating activities:,Changes in non-cash working capital,74.2,usd_millions,0,1,6,
business_100,4064731,12,https://web.quartr.com/companies/21558?companyId=21558&documentId=4064731&documentType=report&eventId=405757&navigation=external&utm_medium=referral&utm_source=mcp&rp=12,cash_flow,Q2 FY2026,2025-09-30,Q,OPERATING ACTIVITIES,Net cash provided by operating activities,56.3,usd_millions,1,0,7,
business_100,4064731,12,https://web.quartr.com/companies/21558?companyId=21558&documentId=4064731&documentType=report&eventId=405757&navigation=external&utm_medium=referral&utm_source=mcp&rp=12,cash_flow,Q2 FY2025,2024-09-30,Q,OPERATING ACTIVITIES,Net cash provided by operating activities,55.2,usd_millions,1,1,7,
business_100,4064731,12,https://web.quartr.com/companies/21558?companyId=21558&documentId=4064731&documentType=report&eventId=405757&navigation=external&utm_medium=referral&utm_source=mcp&rp=12,cash_flow,6M FY2026,2025-09-30,YTD,OPERATING ACTIVITIES,Net cash provided by operating activities,94.0,usd_millions,1,0,7,
business_100,4064731,12,https://web.quartr.com/companies/21558?companyId=21558&documentId=4064731&documentType=report&eventId=405757&navigation=external&utm_medium=referral&utm_source=mcp&rp=12,cash_flow,6M FY2025,2024-09-30,YTD,OPERATING ACTIVITIES,Net cash provided by operating activities,165.3,usd_millions,1,1,7,
business_100,4064731,12,https://web.quartr.com/companies/21558?companyId=21558&documentId=4064731&documentType=report&eventId=405757&navigation=external&utm_medium=referral&utm_source=mcp&rp=12,cash_flow,Q2 FY2026,2025-09-30,Q,INVESTING ACTIVITIES,"Property, plant and equipment expenditures",-9.8,usd_millions,0,0,8,
business_100,4064731,12,https://web.quartr.com/companies/21558?companyId=21558&documentId=4064731&documentType=report&eventId=405757&navigation=external&utm_medium=referral&utm_source=mcp&rp=12,cash_flow,Q2 FY2025,2024-09-30,Q,INVESTING ACTIVITIES,"Property, plant and equipment expenditures",-14.7,usd_millions,0,1,8,
business_100,4064731,12,https://web.quartr.com/companies/21558?companyId=21558&documentId=4064731&documentType=report&eventId=405757&navigation=external&utm_medium=referral&utm_source=mcp&rp=12,cash_flow,6M FY2026,2025-09-30,YTD,INVESTING ACTIVITIES,"Property, plant and equipment expenditures",-20.7,usd_millions,0,0,8,
business_100,4064731,12,https://web.quartr.com/companies/21558?companyId=21558&documentId=4064731&documentType=report&eventId=405757&navigation=external&utm_medium=referral&utm_source=mcp&rp=12,cash_flow,6M FY2025,2024-09-30,YTD,INVESTING ACTIVITIES,"Property, plant and equipment expenditures",-19.4,usd_millions,0,1,8,
business_100,4064731,12,https://web.quartr.com/companies/21558?companyId=21558&documentId=4064731&documentType=report&eventId=405757&navigation=external&utm_medium=referral&utm_source=mcp&rp=12,cash_flow,Q2 FY2026,2025-09-30,Q,INVESTING ACTIVITIES,Net cash used in investing activities,-9.8,usd_millions,1,0,9,
business_100,4064731,12,https://web.quartr.com/companies/21558?companyId=21558&documentId=4064731&documentType=report&eventId=405757&navigation=external&utm_medium=referral&utm_source=mcp&rp=12,cash_flow,Q2 FY2025,2024-09-30,Q,INVESTING ACTIVITIES,Net cash used in investing activities,-14.7,usd_millions,1,1,9,
business_100,4064731,12,https://web.quartr.com/companies/21558?companyId=21558&documentId=4064731&documentType=report&eventId=405757&navigation=external&utm_medium=referral&utm_source=mcp&rp=12,cash_flow,6M FY2026,2025-09-30,YTD,INVESTING ACTIVITIES,Net cash used in investing activities,-20.7,usd_millions,1,0,9,
business_100,4064731,12,https://web.quartr.com/companies/21558?companyId=21558&documentId=4064731&documentType=report&eventId=405757&navigation=external&utm_medium=referral&utm_source=mcp&rp=12,cash_flow,6M FY2025,2024-09-30,YTD,INVESTING ACTIVITIES,Net cash used in investing activities,-19.4,usd_millions,1,1,9,
business_100,4064731,12,https://web.quartr.com/companies/21558?companyId=21558&documentId=4064731&documentType=report&eventId=405757&navigation=external&utm_medium=referral&utm_source=mcp&rp=12,cash_flow,Q2 FY2026,2025-09-30,Q,FINANCING ACTIVITIES,Proceeds from revolving credit facilities,0.5,usd_millions,0,0,10,
business_100,4064731,12,https://web.quartr.com/companies/21558?companyId=21558&documentId=4064731&documentType=report&eventId=405757&navigation=external&utm_medium=referral&utm_source=mcp&rp=12,cash_flow,Q2 FY2025,2024-09-30,Q,FINANCING ACTIVITIES,Proceeds from revolving credit facilities,11.0,usd_millions,0,1,10,
business_100,4064731,12,https://web.quartr.com/companies/21558?companyId=21558&documentId=4064731&documentType=report&eventId=405757&navigation=external&utm_medium=referral&utm_source=mcp&rp=12,cash_flow,6M FY2026,2025-09-30,YTD,FINANCING ACTIVITIES,Proceeds from revolving credit facilities,21.6,usd_millions,0,0,10,
business_100,4064731,12,https://web.quartr.com/companies/21558?companyId=21558&documentId=4064731&documentType=report&eventId=405757&navigation=external&utm_medium=referral&utm_source=mcp&rp=12,cash_flow,6M FY2025,2024-09-30,YTD,FINANCING ACTIVITIES,Proceeds from revolving credit facilities,39.3,usd_millions,0,1,10,
business_100,4064731,12,https://web.quartr.com/companies/21558?companyId=21558&documentId=4064731&documentType=report&eventId=405757&navigation=external&utm_medium=referral&utm_source=mcp&rp=12,cash_flow,Q2 FY2026,2025-09-30,Q,FINANCING ACTIVITIES,Payments of revolving credit facilities,-16.1,usd_millions,0,0,11,
business_100,4064731,12,https://web.quartr.com/companies/21558?companyId=21558&documentId=4064731&documentType=report&eventId=405757&navigation=external&utm_medium=referral&utm_source=mcp&rp=12,cash_flow,Q2 FY2025,2024-09-30,Q,FINANCING ACTIVITIES,Payments of revolving credit facilities,-0.6,usd_millions,0,1,11,
business_100,4064731,12,https://web.quartr.com/companies/21558?companyId=21558&documentId=4064731&documentType=report&eventId=405757&navigation=external&utm_medium=referral&utm_source=mcp&rp=12,cash_flow,6M FY2026,2025-09-30,YTD,FINANCING ACTIVITIES,Payments of revolving credit facilities,-25.6,usd_millions,0,0,11,
business_100,4064731,12,https://web.quartr.com/companies/21558?companyId=21558&documentId=4064731&documentType=report&eventId=405757&navigation=external&utm_medium=referral&utm_source=mcp&rp=12,cash_flow,6M FY2025,2024-09-30,YTD,FINANCING ACTIVITIES,Payments of revolving credit facilities,-36.6,usd_millions,0,1,11,
business_100,4064731,12,https://web.quartr.com/companies/21558?companyId=21558&documentId=4064731&documentType=report&eventId=405757&navigation=external&utm_medium=referral&utm_source=mcp&rp=12,cash_flow,Q2 FY2026,2025-09-30,Q,FINANCING ACTIVITIES,Proceeds from term loan,0,usd_millions,0,0,12,printed_dash_zero
business_100,4064731,12,https://web.quartr.com/companies/21558?companyId=21558&documentId=4064731&documentType=report&eventId=405757&navigation=external&utm_medium=referral&utm_source=mcp&rp=12,cash_flow,Q2 FY2025,2024-09-30,Q,FINANCING ACTIVITIES,Proceeds from term loan,1237.5,usd_millions,0,1,12,
business_100,4064731,12,https://web.quartr.com/companies/21558?companyId=21558&documentId=4064731&documentType=report&eventId=405757&navigation=external&utm_medium=referral&utm_source=mcp&rp=12,cash_flow,6M FY2026,2025-09-30,YTD,FINANCING ACTIVITIES,Proceeds from term loan,0,usd_millions,0,0,12,printed_dash_zero
business_100,4064731,12,https://web.quartr.com/companies/21558?companyId=21558&documentId=4064731&documentType=report&eventId=405757&navigation=external&utm_medium=referral&utm_source=mcp&rp=12,cash_flow,6M FY2025,2024-09-30,YTD,FINANCING ACTIVITIES,Proceeds from term loan,1237.5,usd_millions,0,1,12,
business_100,4064731,12,https://web.quartr.com/companies/21558?companyId=21558&documentId=4064731&documentType=report&eventId=405757&navigation=external&utm_medium=referral&utm_source=mcp&rp=12,cash_flow,Q2 FY2026,2025-09-30,Q,FINANCING ACTIVITIES,Payments of term loans,-3.2,usd_millions,0,0,13,
business_100,4064731,12,https://web.quartr.com/companies/21558?companyId=21558&documentId=4064731&documentType=report&eventId=405757&navigation=external&utm_medium=referral&utm_source=mcp&rp=12,cash_flow,Q2 FY2025,2024-09-30,Q,FINANCING ACTIVITIES,Payments of term loans,-450.0,usd_millions,0,1,13,
business_100,4064731,12,https://web.quartr.com/companies/21558?companyId=21558&documentId=4064731&documentType=report&eventId=405757&navigation=external&utm_medium=referral&utm_source=mcp&rp=12,cash_flow,6M FY2026,2025-09-30,YTD,FINANCING ACTIVITIES,Payments of term loans,-6.3,usd_millions,0,0,13,
business_100,4064731,12,https://web.quartr.com/companies/21558?companyId=21558&documentId=4064731&documentType=report&eventId=405757&navigation=external&utm_medium=referral&utm_source=mcp&rp=12,cash_flow,6M FY2025,2024-09-30,YTD,FINANCING ACTIVITIES,Payments of term loans,-450.0,usd_millions,0,1,13,
business_100,4064731,12,https://web.quartr.com/companies/21558?companyId=21558&documentId=4064731&documentType=report&eventId=405757&navigation=external&utm_medium=referral&utm_source=mcp&rp=12,cash_flow,Q2 FY2026,2025-09-30,Q,FINANCING ACTIVITIES,Payments of promissory notes,0,usd_millions,0,0,14,printed_dash_zero
business_100,4064731,12,https://web.quartr.com/companies/21558?companyId=21558&documentId=4064731&documentType=report&eventId=405757&navigation=external&utm_medium=referral&utm_source=mcp&rp=12,cash_flow,Q2 FY2025,2024-09-30,Q,FINANCING ACTIVITIES,Payments of promissory notes,-224.9,usd_millions,0,1,14,
business_100,4064731,12,https://web.quartr.com/companies/21558?companyId=21558&documentId=4064731&documentType=report&eventId=405757&navigation=external&utm_medium=referral&utm_source=mcp&rp=12,cash_flow,6M FY2026,2025-09-30,YTD,FINANCING ACTIVITIES,Payments of promissory notes,0,usd_millions,0,0,14,printed_dash_zero
business_100,4064731,12,https://web.quartr.com/companies/21558?companyId=21558&documentId=4064731&documentType=report&eventId=405757&navigation=external&utm_medium=referral&utm_source=mcp&rp=12,cash_flow,6M FY2025,2024-09-30,YTD,FINANCING ACTIVITIES,Payments of promissory notes,-224.9,usd_millions,0,1,14,
business_100,4064731,12,https://web.quartr.com/companies/21558?companyId=21558&documentId=4064731&documentType=report&eventId=405757&navigation=external&utm_medium=referral&utm_source=mcp&rp=12,cash_flow,Q2 FY2026,2025-09-30,Q,FINANCING ACTIVITIES,Notes extended to related parties,0,usd_millions,0,0,15,printed_dash_zero
business_100,4064731,12,https://web.quartr.com/companies/21558?companyId=21558&documentId=4064731&documentType=report&eventId=405757&navigation=external&utm_medium=referral&utm_source=mcp&rp=12,cash_flow,Q2 FY2025,2024-09-30,Q,FINANCING ACTIVITIES,Notes extended to related parties,-472.2,usd_millions,0,1,15,
business_100,4064731,12,https://web.quartr.com/companies/21558?companyId=21558&documentId=4064731&documentType=report&eventId=405757&navigation=external&utm_medium=referral&utm_source=mcp&rp=12,cash_flow,6M FY2026,2025-09-30,YTD,FINANCING ACTIVITIES,Notes extended to related parties,-37.0,usd_millions,0,0,15,
business_100,4064731,12,https://web.quartr.com/companies/21558?companyId=21558&documentId=4064731&documentType=report&eventId=405757&navigation=external&utm_medium=referral&utm_source=mcp&rp=12,cash_flow,6M FY2025,2024-09-30,YTD,FINANCING ACTIVITIES,Notes extended to related parties,-522.2,usd_millions,0,1,15,
business_100,4064731,12,https://web.quartr.com/companies/21558?companyId=21558&documentId=4064731&documentType=report&eventId=405757&navigation=external&utm_medium=referral&utm_source=mcp&rp=12,cash_flow,Q2 FY2026,2025-09-30,Q,FINANCING ACTIVITIES,Payments of financing costs,0,usd_millions,0,0,16,printed_dash_zero
business_100,4064731,12,https://web.quartr.com/companies/21558?companyId=21558&documentId=4064731&documentType=report&eventId=405757&navigation=external&utm_medium=referral&utm_source=mcp&rp=12,cash_flow,Q2 FY2025,2024-09-30,Q,FINANCING ACTIVITIES,Payments of financing costs,-13.5,usd_millions,0,1,16,
business_100,4064731,12,https://web.quartr.com/companies/21558?companyId=21558&documentId=4064731&documentType=report&eventId=405757&navigation=external&utm_medium=referral&utm_source=mcp&rp=12,cash_flow,6M FY2026,2025-09-30,YTD,FINANCING ACTIVITIES,Payments of financing costs,-0.2,usd_millions,0,0,16,
business_100,4064731,12,https://web.quartr.com/companies/21558?companyId=21558&documentId=4064731&documentType=report&eventId=405757&navigation=external&utm_medium=referral&utm_source=mcp&rp=12,cash_flow,6M FY2025,2024-09-30,YTD,FINANCING ACTIVITIES,Payments of financing costs,-13.6,usd_millions,0,1,16,
business_100,4064731,12,https://web.quartr.com/companies/21558?companyId=21558&documentId=4064731&documentType=report&eventId=405757&navigation=external&utm_medium=referral&utm_source=mcp&rp=12,cash_flow,Q2 FY2026,2025-09-30,Q,FINANCING ACTIVITIES,Payments of lease liabilities,-17.3,usd_millions,0,0,17,
business_100,4064731,12,https://web.quartr.com/companies/21558?companyId=21558&documentId=4064731&documentType=report&eventId=405757&navigation=external&utm_medium=referral&utm_source=mcp&rp=12,cash_flow,Q2 FY2025,2024-09-30,Q,FINANCING ACTIVITIES,Payments of lease liabilities,-0.2,usd_millions,0,1,17,
business_100,4064731,12,https://web.quartr.com/companies/21558?companyId=21558&documentId=4064731&documentType=report&eventId=405757&navigation=external&utm_medium=referral&utm_source=mcp&rp=12,cash_flow,6M FY2026,2025-09-30,YTD,FINANCING ACTIVITIES,Payments of lease liabilities,-17.4,usd_millions,0,0,17,
business_100,4064731,12,https://web.quartr.com/companies/21558?companyId=21558&documentId=4064731&documentType=report&eventId=405757&navigation=external&utm_medium=referral&utm_source=mcp&rp=12,cash_flow,6M FY2025,2024-09-30,YTD,FINANCING ACTIVITIES,Payments of lease liabilities,-0.3,usd_millions,0,1,17,
business_100,4064731,12,https://web.quartr.com/companies/21558?companyId=21558&documentId=4064731&documentType=report&eventId=405757&navigation=external&utm_medium=referral&utm_source=mcp&rp=12,cash_flow,Q2 FY2026,2025-09-30,Q,FINANCING ACTIVITIES,Distributions,0,usd_millions,0,0,18,printed_dash_zero
business_100,4064731,12,https://web.quartr.com/companies/21558?companyId=21558&documentId=4064731&documentType=report&eventId=405757&navigation=external&utm_medium=referral&utm_source=mcp&rp=12,cash_flow,Q2 FY2025,2024-09-30,Q,FINANCING ACTIVITIES,Distributions,-76.6,usd_millions,0,1,18,
business_100,4064731,12,https://web.quartr.com/companies/21558?companyId=21558&documentId=4064731&documentType=report&eventId=405757&navigation=external&utm_medium=referral&utm_source=mcp&rp=12,cash_flow,6M FY2026,2025-09-30,YTD,FINANCING ACTIVITIES,Distributions,-182.8,usd_millions,0,0,18,
business_100,4064731,12,https://web.quartr.com/companies/21558?companyId=21558&documentId=4064731&documentType=report&eventId=405757&navigation=external&utm_medium=referral&utm_source=mcp&rp=12,cash_flow,6M FY2025,2024-09-30,YTD,FINANCING ACTIVITIES,Distributions,-190.0,usd_millions,0,1,18,
business_100,4064731,12,https://web.quartr.com/companies/21558?companyId=21558&documentId=4064731&documentType=report&eventId=405757&navigation=external&utm_medium=referral&utm_source=mcp&rp=12,cash_flow,Q2 FY2026,2025-09-30,Q,FINANCING ACTIVITIES,Net cash (used in) provided by financing activities,-36.1,usd_millions,1,0,19,
business_100,4064731,12,https://web.quartr.com/companies/21558?companyId=21558&documentId=4064731&documentType=report&eventId=405757&navigation=external&utm_medium=referral&utm_source=mcp&rp=12,cash_flow,Q2 FY2025,2024-09-30,Q,FINANCING ACTIVITIES,Net cash (used in) provided by financing activities,10.5,usd_millions,1,1,19,
business_100,4064731,12,https://web.quartr.com/companies/21558?companyId=21558&documentId=4064731&documentType=report&eventId=405757&navigation=external&utm_medium=referral&utm_source=mcp&rp=12,cash_flow,6M FY2026,2025-09-30,YTD,FINANCING ACTIVITIES,Net cash (used in) provided by financing activities,-247.7,usd_millions,1,0,19,
business_100,4064731,12,https://web.quartr.com/companies/21558?companyId=21558&documentId=4064731&documentType=report&eventId=405757&navigation=external&utm_medium=referral&utm_source=mcp&rp=12,cash_flow,6M FY2025,2024-09-30,YTD,FINANCING ACTIVITIES,Net cash (used in) provided by financing activities,-160.8,usd_millions,1,1,19,
business_100,4064731,12,https://web.quartr.com/companies/21558?companyId=21558&documentId=4064731&documentType=report&eventId=405757&navigation=external&utm_medium=referral&utm_source=mcp&rp=12,cash_flow,Q2 FY2026,2025-09-30,Q,,Effect of translation on foreign currency cash and cash equivalents,-0.2,usd_millions,0,0,20,
business_100,4064731,12,https://web.quartr.com/companies/21558?companyId=21558&documentId=4064731&documentType=report&eventId=405757&navigation=external&utm_medium=referral&utm_source=mcp&rp=12,cash_flow,Q2 FY2025,2024-09-30,Q,,Effect of translation on foreign currency cash and cash equivalents,0.5,usd_millions,0,1,20,
business_100,4064731,12,https://web.quartr.com/companies/21558?companyId=21558&documentId=4064731&documentType=report&eventId=405757&navigation=external&utm_medium=referral&utm_source=mcp&rp=12,cash_flow,6M FY2026,2025-09-30,YTD,,Effect of translation on foreign currency cash and cash equivalents,0.8,usd_millions,0,0,20,
business_100,4064731,12,https://web.quartr.com/companies/21558?companyId=21558&documentId=4064731&documentType=report&eventId=405757&navigation=external&utm_medium=referral&utm_source=mcp&rp=12,cash_flow,6M FY2025,2024-09-30,YTD,,Effect of translation on foreign currency cash and cash equivalents,0.3,usd_millions,0,1,20,
business_100,4064731,12,https://web.quartr.com/companies/21558?companyId=21558&documentId=4064731&documentType=report&eventId=405757&navigation=external&utm_medium=referral&utm_source=mcp&rp=12,cash_flow,Q2 FY2026,2025-09-30,Q,,Net changes in cash and cash equivalents,10.2,usd_millions,1,0,21,
business_100,4064731,12,https://web.quartr.com/companies/21558?companyId=21558&documentId=4064731&documentType=report&eventId=405757&navigation=external&utm_medium=referral&utm_source=mcp&rp=12,cash_flow,Q2 FY2025,2024-09-30,Q,,Net changes in cash and cash equivalents,51.5,usd_millions,1,1,21,
business_100,4064731,12,https://web.quartr.com/companies/21558?companyId=21558&documentId=4064731&documentType=report&eventId=405757&navigation=external&utm_medium=referral&utm_source=mcp&rp=12,cash_flow,6M FY2026,2025-09-30,YTD,,Net changes in cash and cash equivalents,-173.6,usd_millions,1,0,21,
business_100,4064731,12,https://web.quartr.com/companies/21558?companyId=21558&documentId=4064731&documentType=report&eventId=405757&navigation=external&utm_medium=referral&utm_source=mcp&rp=12,cash_flow,6M FY2025,2024-09-30,YTD,,Net changes in cash and cash equivalents,-14.6,usd_millions,1,1,21,
business_100,4064731,12,https://web.quartr.com/companies/21558?companyId=21558&documentId=4064731&documentType=report&eventId=405757&navigation=external&utm_medium=referral&utm_source=mcp&rp=12,cash_flow,Q2 FY2026,2025-09-30,Q,,"Cash and cash equivalents, beginning of the period",20.3,usd_millions,0,0,22,
business_100,4064731,12,https://web.quartr.com/companies/21558?companyId=21558&documentId=4064731&documentType=report&eventId=405757&navigation=external&utm_medium=referral&utm_source=mcp&rp=12,cash_flow,Q2 FY2025,2024-09-30,Q,,"Cash and cash equivalents, beginning of the period",34.0,usd_millions,0,1,22,
business_100,4064731,12,https://web.quartr.com/companies/21558?companyId=21558&documentId=4064731&documentType=report&eventId=405757&navigation=external&utm_medium=referral&utm_source=mcp&rp=12,cash_flow,6M FY2026,2025-09-30,YTD,,"Cash and cash equivalents, beginning of the period",204.1,usd_millions,0,0,22,
business_100,4064731,12,https://web.quartr.com/companies/21558?companyId=21558&documentId=4064731&documentType=report&eventId=405757&navigation=external&utm_medium=referral&utm_source=mcp&rp=12,cash_flow,6M FY2025,2024-09-30,YTD,,"Cash and cash equivalents, beginning of the period",100.1,usd_millions,0,1,22,
business_100,4064731,12,https://web.quartr.com/companies/21558?companyId=21558&documentId=4064731&documentType=report&eventId=405757&navigation=external&utm_medium=referral&utm_source=mcp&rp=12,cash_flow,Q2 FY2026,2025-09-30,Q,,"Cash and cash equivalents, end of the period",30.5,usd_millions,1,0,23,
business_100,4064731,12,https://web.quartr.com/companies/21558?companyId=21558&documentId=4064731&documentType=report&eventId=405757&navigation=external&utm_medium=referral&utm_source=mcp&rp=12,cash_flow,Q2 FY2025,2024-09-30,Q,,"Cash and cash equivalents, end of the period",85.5,usd_millions,1,1,23,
business_100,4064731,12,https://web.quartr.com/companies/21558?companyId=21558&documentId=4064731&documentType=report&eventId=405757&navigation=external&utm_medium=referral&utm_source=mcp&rp=12,cash_flow,6M FY2026,2025-09-30,YTD,,"Cash and cash equivalents, end of the period",30.5,usd_millions,1,0,23,
business_100,4064731,12,https://web.quartr.com/companies/21558?companyId=21558&documentId=4064731&documentType=report&eventId=405757&navigation=external&utm_medium=referral&utm_source=mcp&rp=12,cash_flow,6M FY2025,2024-09-30,YTD,,"Cash and cash equivalents, end of the period",85.5,usd_millions,1,1,23,
business_100,4064731,15,https://web.quartr.com/companies/21558?companyId=21558&documentId=4064731&documentType=report&eventId=405757&navigation=external&utm_medium=referral&utm_source=mcp&rp=15,note_ppe,"As at Apr 1, 2025",2025-04-01,instant,Cost | Cushion gas,"Balance, April 1, 2025",169.4,usd_millions,1,1,1,
business_100,4064731,15,https://web.quartr.com/companies/21558?companyId=21558&documentId=4064731&documentType=report&eventId=405757&navigation=external&utm_medium=referral&utm_source=mcp&rp=15,note_ppe,"As at Apr 1, 2025",2025-04-01,instant,Cost | Pipelines and interconnects,"Balance, April 1, 2025",152.5,usd_millions,1,1,1,
business_100,4064731,15,https://web.quartr.com/companies/21558?companyId=21558&documentId=4064731&documentType=report&eventId=405757&navigation=external&utm_medium=referral&utm_source=mcp&rp=15,note_ppe,"As at Apr 1, 2025",2025-04-01,instant,Cost | Wells,"Balance, April 1, 2025",323.3,usd_millions,1,1,1,
business_100,4064731,15,https://web.quartr.com/companies/21558?companyId=21558&documentId=4064731&documentType=report&eventId=405757&navigation=external&utm_medium=referral&utm_source=mcp&rp=15,note_ppe,"As at Apr 1, 2025",2025-04-01,instant,Cost | Land and storage formations,"Balance, April 1, 2025",101.1,usd_millions,1,1,1,
business_100,4064731,15,https://web.quartr.com/companies/21558?companyId=21558&documentId=4064731&documentType=report&eventId=405757&navigation=external&utm_medium=referral&utm_source=mcp&rp=15,note_ppe,"As at Apr 1, 2025",2025-04-01,instant,Cost | Facilities and other,"Balance, April 1, 2025",415.1,usd_millions,1,1,1,
business_100,4064731,15,https://web.quartr.com/companies/21558?companyId=21558&documentId=4064731&documentType=report&eventId=405757&navigation=external&utm_medium=referral&utm_source=mcp&rp=15,note_ppe,"As at Apr 1, 2025",2025-04-01,instant,Cost | Total,"Balance, April 1, 2025",1161.4,usd_millions,1,1,1,
business_100,4064731,15,https://web.quartr.com/companies/21558?companyId=21558&documentId=4064731&documentType=report&eventId=405757&navigation=external&utm_medium=referral&utm_source=mcp&rp=15,note_ppe,6M FY2026,2025-09-30,YTD,Cost | Cushion gas,Additions,0.9,usd_millions,0,0,2,
business_100,4064731,15,https://web.quartr.com/companies/21558?companyId=21558&documentId=4064731&documentType=report&eventId=405757&navigation=external&utm_medium=referral&utm_source=mcp&rp=15,note_ppe,6M FY2026,2025-09-30,YTD,Cost | Pipelines and interconnects,Additions,2.0,usd_millions,0,0,2,
business_100,4064731,15,https://web.quartr.com/companies/21558?companyId=21558&documentId=4064731&documentType=report&eventId=405757&navigation=external&utm_medium=referral&utm_source=mcp&rp=15,note_ppe,6M FY2026,2025-09-30,YTD,Cost | Wells,Additions,9.5,usd_millions,0,0,2,
business_100,4064731,15,https://web.quartr.com/companies/21558?companyId=21558&documentId=4064731&documentType=report&eventId=405757&navigation=external&utm_medium=referral&utm_source=mcp&rp=15,note_ppe,6M FY2026,2025-09-30,YTD,Cost | Land and storage formations,Additions,0.1,usd_millions,0,0,2,
business_100,4064731,15,https://web.quartr.com/companies/21558?companyId=21558&documentId=4064731&documentType=report&eventId=405757&navigation=external&utm_medium=referral&utm_source=mcp&rp=15,note_ppe,6M FY2026,2025-09-30,YTD,Cost | Facilities and other,Additions,3.9,usd_millions,0,0,2,
business_100,4064731,15,https://web.quartr.com/companies/21558?companyId=21558&documentId=4064731&documentType=report&eventId=405757&navigation=external&utm_medium=referral&utm_source=mcp&rp=15,note_ppe,6M FY2026,2025-09-30,YTD,Cost | Total,Additions,16.4,usd_millions,0,0,2,
business_100,4064731,15,https://web.quartr.com/companies/21558?companyId=21558&documentId=4064731&documentType=report&eventId=405757&navigation=external&utm_medium=referral&utm_source=mcp&rp=15,note_ppe,6M FY2026,2025-09-30,YTD,Cost | Cushion gas,Changes in decommissioning obligations,0,usd_millions,0,0,3,printed_dash_zero
business_100,4064731,15,https://web.quartr.com/companies/21558?companyId=21558&documentId=4064731&documentType=report&eventId=405757&navigation=external&utm_medium=referral&utm_source=mcp&rp=15,note_ppe,6M FY2026,2025-09-30,YTD,Cost | Pipelines and interconnects,Changes in decommissioning obligations,0,usd_millions,0,0,3,printed_dash_zero
business_100,4064731,15,https://web.quartr.com/companies/21558?companyId=21558&documentId=4064731&documentType=report&eventId=405757&navigation=external&utm_medium=referral&utm_source=mcp&rp=15,note_ppe,6M FY2026,2025-09-30,YTD,Cost | Wells,Changes in decommissioning obligations,-0.1,usd_millions,0,0,3,
business_100,4064731,15,https://web.quartr.com/companies/21558?companyId=21558&documentId=4064731&documentType=report&eventId=405757&navigation=external&utm_medium=referral&utm_source=mcp&rp=15,note_ppe,6M FY2026,2025-09-30,YTD,Cost | Land and storage formations,Changes in decommissioning obligations,0,usd_millions,0,0,3,printed_dash_zero
business_100,4064731,15,https://web.quartr.com/companies/21558?companyId=21558&documentId=4064731&documentType=report&eventId=405757&navigation=external&utm_medium=referral&utm_source=mcp&rp=15,note_ppe,6M FY2026,2025-09-30,YTD,Cost | Facilities and other,Changes in decommissioning obligations,0,usd_millions,0,0,3,printed_dash_zero
business_100,4064731,15,https://web.quartr.com/companies/21558?companyId=21558&documentId=4064731&documentType=report&eventId=405757&navigation=external&utm_medium=referral&utm_source=mcp&rp=15,note_ppe,6M FY2026,2025-09-30,YTD,Cost | Total,Changes in decommissioning obligations,-0.1,usd_millions,0,0,3,
business_100,4064731,15,https://web.quartr.com/companies/21558?companyId=21558&documentId=4064731&documentType=report&eventId=405757&navigation=external&utm_medium=referral&utm_source=mcp&rp=15,note_ppe,6M FY2026,2025-09-30,YTD,Cost | Cushion gas,Lease additions and remeasurements,0,usd_millions,0,0,4,printed_dash_zero
business_100,4064731,15,https://web.quartr.com/companies/21558?companyId=21558&documentId=4064731&documentType=report&eventId=405757&navigation=external&utm_medium=referral&utm_source=mcp&rp=15,note_ppe,6M FY2026,2025-09-30,YTD,Cost | Pipelines and interconnects,Lease additions and remeasurements,0,usd_millions,0,0,4,printed_dash_zero
business_100,4064731,15,https://web.quartr.com/companies/21558?companyId=21558&documentId=4064731&documentType=report&eventId=405757&navigation=external&utm_medium=referral&utm_source=mcp&rp=15,note_ppe,6M FY2026,2025-09-30,YTD,Cost | Wells,Lease additions and remeasurements,0,usd_millions,0,0,4,printed_dash_zero
business_100,4064731,15,https://web.quartr.com/companies/21558?companyId=21558&documentId=4064731&documentType=report&eventId=405757&navigation=external&utm_medium=referral&utm_source=mcp&rp=15,note_ppe,6M FY2026,2025-09-30,YTD,Cost | Land and storage formations,Lease additions and remeasurements,8.3,usd_millions,0,0,4,
business_100,4064731,15,https://web.quartr.com/companies/21558?companyId=21558&documentId=4064731&documentType=report&eventId=405757&navigation=external&utm_medium=referral&utm_source=mcp&rp=15,note_ppe,6M FY2026,2025-09-30,YTD,Cost | Facilities and other,Lease additions and remeasurements,0,usd_millions,0,0,4,printed_dash_zero
business_100,4064731,15,https://web.quartr.com/companies/21558?companyId=21558&documentId=4064731&documentType=report&eventId=405757&navigation=external&utm_medium=referral&utm_source=mcp&rp=15,note_ppe,6M FY2026,2025-09-30,YTD,Cost | Total,Lease additions and remeasurements,8.3,usd_millions,0,0,4,
business_100,4064731,15,https://web.quartr.com/companies/21558?companyId=21558&documentId=4064731&documentType=report&eventId=405757&navigation=external&utm_medium=referral&utm_source=mcp&rp=15,note_ppe,6M FY2026,2025-09-30,YTD,Cost | Cushion gas,Migration/disposals,-1.5,usd_millions,0,0,5,
business_100,4064731,15,https://web.quartr.com/companies/21558?companyId=21558&documentId=4064731&documentType=report&eventId=405757&navigation=external&utm_medium=referral&utm_source=mcp&rp=15,note_ppe,6M FY2026,2025-09-30,YTD,Cost | Pipelines and interconnects,Migration/disposals,-0.1,usd_millions,0,0,5,
business_100,4064731,15,https://web.quartr.com/companies/21558?companyId=21558&documentId=4064731&documentType=report&eventId=405757&navigation=external&utm_medium=referral&utm_source=mcp&rp=15,note_ppe,6M FY2026,2025-09-30,YTD,Cost | Wells,Migration/disposals,-1.3,usd_millions,0,0,5,
business_100,4064731,15,https://web.quartr.com/companies/21558?companyId=21558&documentId=4064731&documentType=report&eventId=405757&navigation=external&utm_medium=referral&utm_source=mcp&rp=15,note_ppe,6M FY2026,2025-09-30,YTD,Cost | Land and storage formations,Migration/disposals,0,usd_millions,0,0,5,printed_dash_zero
business_100,4064731,15,https://web.quartr.com/companies/21558?companyId=21558&documentId=4064731&documentType=report&eventId=405757&navigation=external&utm_medium=referral&utm_source=mcp&rp=15,note_ppe,6M FY2026,2025-09-30,YTD,Cost | Facilities and other,Migration/disposals,-0.1,usd_millions,0,0,5,
business_100,4064731,15,https://web.quartr.com/companies/21558?companyId=21558&documentId=4064731&documentType=report&eventId=405757&navigation=external&utm_medium=referral&utm_source=mcp&rp=15,note_ppe,6M FY2026,2025-09-30,YTD,Cost | Total,Migration/disposals,-3.0,usd_millions,0,0,5,
business_100,4064731,15,https://web.quartr.com/companies/21558?companyId=21558&documentId=4064731&documentType=report&eventId=405757&navigation=external&utm_medium=referral&utm_source=mcp&rp=15,note_ppe,6M FY2026,2025-09-30,YTD,Cost | Cushion gas,Foreign currency translation adjustment,0.6,usd_millions,0,0,6,
business_100,4064731,15,https://web.quartr.com/companies/21558?companyId=21558&documentId=4064731&documentType=report&eventId=405757&navigation=external&utm_medium=referral&utm_source=mcp&rp=15,note_ppe,6M FY2026,2025-09-30,YTD,Cost | Pipelines and interconnects,Foreign currency translation adjustment,0.1,usd_millions,0,0,6,
business_100,4064731,15,https://web.quartr.com/companies/21558?companyId=21558&documentId=4064731&documentType=report&eventId=405757&navigation=external&utm_medium=referral&utm_source=mcp&rp=15,note_ppe,6M FY2026,2025-09-30,YTD,Cost | Wells,Foreign currency translation adjustment,0.7,usd_millions,0,0,6,
business_100,4064731,15,https://web.quartr.com/companies/21558?companyId=21558&documentId=4064731&documentType=report&eventId=405757&navigation=external&utm_medium=referral&utm_source=mcp&rp=15,note_ppe,6M FY2026,2025-09-30,YTD,Cost | Land and storage formations,Foreign currency translation adjustment,0,usd_millions,0,0,6,printed_dash_zero
business_100,4064731,15,https://web.quartr.com/companies/21558?companyId=21558&documentId=4064731&documentType=report&eventId=405757&navigation=external&utm_medium=referral&utm_source=mcp&rp=15,note_ppe,6M FY2026,2025-09-30,YTD,Cost | Facilities and other,Foreign currency translation adjustment,1.6,usd_millions,0,0,6,
business_100,4064731,15,https://web.quartr.com/companies/21558?companyId=21558&documentId=4064731&documentType=report&eventId=405757&navigation=external&utm_medium=referral&utm_source=mcp&rp=15,note_ppe,6M FY2026,2025-09-30,YTD,Cost | Total,Foreign currency translation adjustment,3.0,usd_millions,0,0,6,
business_100,4064731,15,https://web.quartr.com/companies/21558?companyId=21558&documentId=4064731&documentType=report&eventId=405757&navigation=external&utm_medium=referral&utm_source=mcp&rp=15,note_ppe,"As at Sep 30, 2025",2025-09-30,instant,Cost | Cushion gas,"Balance, September 30, 2025",169.4,usd_millions,1,0,7,
business_100,4064731,15,https://web.quartr.com/companies/21558?companyId=21558&documentId=4064731&documentType=report&eventId=405757&navigation=external&utm_medium=referral&utm_source=mcp&rp=15,note_ppe,"As at Sep 30, 2025",2025-09-30,instant,Cost | Pipelines and interconnects,"Balance, September 30, 2025",154.5,usd_millions,1,0,7,
business_100,4064731,15,https://web.quartr.com/companies/21558?companyId=21558&documentId=4064731&documentType=report&eventId=405757&navigation=external&utm_medium=referral&utm_source=mcp&rp=15,note_ppe,"As at Sep 30, 2025",2025-09-30,instant,Cost | Wells,"Balance, September 30, 2025",332.1,usd_millions,1,0,7,
business_100,4064731,15,https://web.quartr.com/companies/21558?companyId=21558&documentId=4064731&documentType=report&eventId=405757&navigation=external&utm_medium=referral&utm_source=mcp&rp=15,note_ppe,"As at Sep 30, 2025",2025-09-30,instant,Cost | Land and storage formations,"Balance, September 30, 2025",109.5,usd_millions,1,0,7,
business_100,4064731,15,https://web.quartr.com/companies/21558?companyId=21558&documentId=4064731&documentType=report&eventId=405757&navigation=external&utm_medium=referral&utm_source=mcp&rp=15,note_ppe,"As at Sep 30, 2025",2025-09-30,instant,Cost | Facilities and other,"Balance, September 30, 2025",420.5,usd_millions,1,0,7,
business_100,4064731,15,https://web.quartr.com/companies/21558?companyId=21558&documentId=4064731&documentType=report&eventId=405757&navigation=external&utm_medium=referral&utm_source=mcp&rp=15,note_ppe,"As at Sep 30, 2025",2025-09-30,instant,Cost | Total,"Balance, September 30, 2025",1186.0,usd_millions,1,0,7,
business_100,4064731,15,https://web.quartr.com/companies/21558?companyId=21558&documentId=4064731&documentType=report&eventId=405757&navigation=external&utm_medium=referral&utm_source=mcp&rp=15,note_ppe,"As at Apr 1, 2025",2025-04-01,instant,Accumulated depreciation | Cushion gas,"Balance, April 1, 2025",0,usd_millions,1,1,8,printed_dash_zero
business_100,4064731,15,https://web.quartr.com/companies/21558?companyId=21558&documentId=4064731&documentType=report&eventId=405757&navigation=external&utm_medium=referral&utm_source=mcp&rp=15,note_ppe,"As at Apr 1, 2025",2025-04-01,instant,Accumulated depreciation | Pipelines and interconnects,"Balance, April 1, 2025",-39.1,usd_millions,1,1,8,
business_100,4064731,15,https://web.quartr.com/companies/21558?companyId=21558&documentId=4064731&documentType=report&eventId=405757&navigation=external&utm_medium=referral&utm_source=mcp&rp=15,note_ppe,"As at Apr 1, 2025",2025-04-01,instant,Accumulated depreciation | Wells,"Balance, April 1, 2025",-78.2,usd_millions,1,1,8,
business_100,4064731,15,https://web.quartr.com/companies/21558?companyId=21558&documentId=4064731&documentType=report&eventId=405757&navigation=external&utm_medium=referral&utm_source=mcp&rp=15,note_ppe,"As at Apr 1, 2025",2025-04-01,instant,Accumulated depreciation | Land and storage formations,"Balance, April 1, 2025",-17.9,usd_millions,1,1,8,
business_100,4064731,15,https://web.quartr.com/companies/21558?companyId=21558&documentId=4064731&documentType=report&eventId=405757&navigation=external&utm_medium=referral&utm_source=mcp&rp=15,note_ppe,"As at Apr 1, 2025",2025-04-01,instant,Accumulated depreciation | Facilities and other,"Balance, April 1, 2025",-141.6,usd_millions,1,1,8,
business_100,4064731,15,https://web.quartr.com/companies/21558?companyId=21558&documentId=4064731&documentType=report&eventId=405757&navigation=external&utm_medium=referral&utm_source=mcp&rp=15,note_ppe,"As at Apr 1, 2025",2025-04-01,instant,Accumulated depreciation | Total,"Balance, April 1, 2025",-276.8,usd_millions,1,1,8,
business_100,4064731,15,https://web.quartr.com/companies/21558?companyId=21558&documentId=4064731&documentType=report&eventId=405757&navigation=external&utm_medium=referral&utm_source=mcp&rp=15,note_ppe,6M FY2026,2025-09-30,YTD,Accumulated depreciation | Cushion gas,Depreciation expense,0,usd_millions,0,0,9,printed_dash_zero
business_100,4064731,15,https://web.quartr.com/companies/21558?companyId=21558&documentId=4064731&documentType=report&eventId=405757&navigation=external&utm_medium=referral&utm_source=mcp&rp=15,note_ppe,6M FY2026,2025-09-30,YTD,Accumulated depreciation | Pipelines and interconnects,Depreciation expense,-2.2,usd_millions,0,0,9,
business_100,4064731,15,https://web.quartr.com/companies/21558?companyId=21558&documentId=4064731&documentType=report&eventId=405757&navigation=external&utm_medium=referral&utm_source=mcp&rp=15,note_ppe,6M FY2026,2025-09-30,YTD,Accumulated depreciation | Wells,Depreciation expense,-4.0,usd_millions,0,0,9,
business_100,4064731,15,https://web.quartr.com/companies/21558?companyId=21558&documentId=4064731&documentType=report&eventId=405757&navigation=external&utm_medium=referral&utm_source=mcp&rp=15,note_ppe,6M FY2026,2025-09-30,YTD,Accumulated depreciation | Land and storage formations,Depreciation expense,-1.6,usd_millions,0,0,9,
business_100,4064731,15,https://web.quartr.com/companies/21558?companyId=21558&documentId=4064731&documentType=report&eventId=405757&navigation=external&utm_medium=referral&utm_source=mcp&rp=15,note_ppe,6M FY2026,2025-09-30,YTD,Accumulated depreciation | Facilities and other,Depreciation expense,-7.7,usd_millions,0,0,9,
business_100,4064731,15,https://web.quartr.com/companies/21558?companyId=21558&documentId=4064731&documentType=report&eventId=405757&navigation=external&utm_medium=referral&utm_source=mcp&rp=15,note_ppe,6M FY2026,2025-09-30,YTD,Accumulated depreciation | Total,Depreciation expense,-15.5,usd_millions,0,0,9,
business_100,4064731,15,https://web.quartr.com/companies/21558?companyId=21558&documentId=4064731&documentType=report&eventId=405757&navigation=external&utm_medium=referral&utm_source=mcp&rp=15,note_ppe,6M FY2026,2025-09-30,YTD,Accumulated depreciation | Cushion gas,Disposals,0,usd_millions,0,0,10,printed_dash_zero
business_100,4064731,15,https://web.quartr.com/companies/21558?companyId=21558&documentId=4064731&documentType=report&eventId=405757&navigation=external&utm_medium=referral&utm_source=mcp&rp=15,note_ppe,6M FY2026,2025-09-30,YTD,Accumulated depreciation | Pipelines and interconnects,Disposals,0,usd_millions,0,0,10,printed_dash_zero
business_100,4064731,15,https://web.quartr.com/companies/21558?companyId=21558&documentId=4064731&documentType=report&eventId=405757&navigation=external&utm_medium=referral&utm_source=mcp&rp=15,note_ppe,6M FY2026,2025-09-30,YTD,Accumulated depreciation | Wells,Disposals,0.8,usd_millions,0,0,10,
business_100,4064731,15,https://web.quartr.com/companies/21558?companyId=21558&documentId=4064731&documentType=report&eventId=405757&navigation=external&utm_medium=referral&utm_source=mcp&rp=15,note_ppe,6M FY2026,2025-09-30,YTD,Accumulated depreciation | Land and storage formations,Disposals,0,usd_millions,0,0,10,printed_dash_zero
business_100,4064731,15,https://web.quartr.com/companies/21558?companyId=21558&documentId=4064731&documentType=report&eventId=405757&navigation=external&utm_medium=referral&utm_source=mcp&rp=15,note_ppe,6M FY2026,2025-09-30,YTD,Accumulated depreciation | Facilities and other,Disposals,0.1,usd_millions,0,0,10,
business_100,4064731,15,https://web.quartr.com/companies/21558?companyId=21558&documentId=4064731&documentType=report&eventId=405757&navigation=external&utm_medium=referral&utm_source=mcp&rp=15,note_ppe,6M FY2026,2025-09-30,YTD,Accumulated depreciation | Total,Disposals,0.9,usd_millions,0,0,10,
business_100,4064731,15,https://web.quartr.com/companies/21558?companyId=21558&documentId=4064731&documentType=report&eventId=405757&navigation=external&utm_medium=referral&utm_source=mcp&rp=15,note_ppe,6M FY2026,2025-09-30,YTD,Accumulated depreciation | Cushion gas,Foreign currency translation adjustment,0,usd_millions,0,0,11,printed_dash_zero
business_100,4064731,15,https://web.quartr.com/companies/21558?companyId=21558&documentId=4064731&documentType=report&eventId=405757&navigation=external&utm_medium=referral&utm_source=mcp&rp=15,note_ppe,6M FY2026,2025-09-30,YTD,Accumulated depreciation | Pipelines and interconnects,Foreign currency translation adjustment,0,usd_millions,0,0,11,printed_dash_zero
business_100,4064731,15,https://web.quartr.com/companies/21558?companyId=21558&documentId=4064731&documentType=report&eventId=405757&navigation=external&utm_medium=referral&utm_source=mcp&rp=15,note_ppe,6M FY2026,2025-09-30,YTD,Accumulated depreciation | Wells,Foreign currency translation adjustment,-0.3,usd_millions,0,0,11,
business_100,4064731,15,https://web.quartr.com/companies/21558?companyId=21558&documentId=4064731&documentType=report&eventId=405757&navigation=external&utm_medium=referral&utm_source=mcp&rp=15,note_ppe,6M FY2026,2025-09-30,YTD,Accumulated depreciation | Land and storage formations,Foreign currency translation adjustment,0,usd_millions,0,0,11,printed_dash_zero
business_100,4064731,15,https://web.quartr.com/companies/21558?companyId=21558&documentId=4064731&documentType=report&eventId=405757&navigation=external&utm_medium=referral&utm_source=mcp&rp=15,note_ppe,6M FY2026,2025-09-30,YTD,Accumulated depreciation | Facilities and other,Foreign currency translation adjustment,-0.6,usd_millions,0,0,11,
business_100,4064731,15,https://web.quartr.com/companies/21558?companyId=21558&documentId=4064731&documentType=report&eventId=405757&navigation=external&utm_medium=referral&utm_source=mcp&rp=15,note_ppe,6M FY2026,2025-09-30,YTD,Accumulated depreciation | Total,Foreign currency translation adjustment,-0.9,usd_millions,0,0,11,
business_100,4064731,15,https://web.quartr.com/companies/21558?companyId=21558&documentId=4064731&documentType=report&eventId=405757&navigation=external&utm_medium=referral&utm_source=mcp&rp=15,note_ppe,"As at Sep 30, 2025",2025-09-30,instant,Accumulated depreciation | Cushion gas,"Balance, September 30, 2025",0,usd_millions,1,0,12,printed_dash_zero
business_100,4064731,15,https://web.quartr.com/companies/21558?companyId=21558&documentId=4064731&documentType=report&eventId=405757&navigation=external&utm_medium=referral&utm_source=mcp&rp=15,note_ppe,"As at Sep 30, 2025",2025-09-30,instant,Accumulated depreciation | Pipelines and interconnects,"Balance, September 30, 2025",-41.3,usd_millions,1,0,12,
business_100,4064731,15,https://web.quartr.com/companies/21558?companyId=21558&documentId=4064731&documentType=report&eventId=405757&navigation=external&utm_medium=referral&utm_source=mcp&rp=15,note_ppe,"As at Sep 30, 2025",2025-09-30,instant,Accumulated depreciation | Wells,"Balance, September 30, 2025",-81.7,usd_millions,1,0,12,
business_100,4064731,15,https://web.quartr.com/companies/21558?companyId=21558&documentId=4064731&documentType=report&eventId=405757&navigation=external&utm_medium=referral&utm_source=mcp&rp=15,note_ppe,"As at Sep 30, 2025",2025-09-30,instant,Accumulated depreciation | Land and storage formations,"Balance, September 30, 2025",-19.5,usd_millions,1,0,12,
business_100,4064731,15,https://web.quartr.com/companies/21558?companyId=21558&documentId=4064731&documentType=report&eventId=405757&navigation=external&utm_medium=referral&utm_source=mcp&rp=15,note_ppe,"As at Sep 30, 2025",2025-09-30,instant,Accumulated depreciation | Facilities and other,"Balance, September 30, 2025",-149.8,usd_millions,1,0,12,
business_100,4064731,15,https://web.quartr.com/companies/21558?companyId=21558&documentId=4064731&documentType=report&eventId=405757&navigation=external&utm_medium=referral&utm_source=mcp&rp=15,note_ppe,"As at Sep 30, 2025",2025-09-30,instant,Accumulated depreciation | Total,"Balance, September 30, 2025",-292.3,usd_millions,1,0,12,
business_100,4064731,15,https://web.quartr.com/companies/21558?companyId=21558&documentId=4064731&documentType=report&eventId=405757&navigation=external&utm_medium=referral&utm_source=mcp&rp=15,note_ppe,"As at Apr 1, 2025",2025-04-01,instant,Net book value | Cushion gas,"Balance, April 1, 2025",169.4,usd_millions,1,1,13,
business_100,4064731,15,https://web.quartr.com/companies/21558?companyId=21558&documentId=4064731&documentType=report&eventId=405757&navigation=external&utm_medium=referral&utm_source=mcp&rp=15,note_ppe,"As at Apr 1, 2025",2025-04-01,instant,Net book value | Pipelines and interconnects,"Balance, April 1, 2025",113.4,usd_millions,1,1,13,
business_100,4064731,15,https://web.quartr.com/companies/21558?companyId=21558&documentId=4064731&documentType=report&eventId=405757&navigation=external&utm_medium=referral&utm_source=mcp&rp=15,note_ppe,"As at Apr 1, 2025",2025-04-01,instant,Net book value | Wells,"Balance, April 1, 2025",245.1,usd_millions,1,1,13,
business_100,4064731,15,https://web.quartr.com/companies/21558?companyId=21558&documentId=4064731&documentType=report&eventId=405757&navigation=external&utm_medium=referral&utm_source=mcp&rp=15,note_ppe,"As at Apr 1, 2025",2025-04-01,instant,Net book value | Land and storage formations,"Balance, April 1, 2025",83.2,usd_millions,1,1,13,
business_100,4064731,15,https://web.quartr.com/companies/21558?companyId=21558&documentId=4064731&documentType=report&eventId=405757&navigation=external&utm_medium=referral&utm_source=mcp&rp=15,note_ppe,"As at Apr 1, 2025",2025-04-01,instant,Net book value | Facilities and other,"Balance, April 1, 2025",273.5,usd_millions,1,1,13,
business_100,4064731,15,https://web.quartr.com/companies/21558?companyId=21558&documentId=4064731&documentType=report&eventId=405757&navigation=external&utm_medium=referral&utm_source=mcp&rp=15,note_ppe,"As at Apr 1, 2025",2025-04-01,instant,Net book value | Total,"Balance, April 1, 2025",884.6,usd_millions,1,1,13,
business_100,4064731,15,https://web.quartr.com/companies/21558?companyId=21558&documentId=4064731&documentType=report&eventId=405757&navigation=external&utm_medium=referral&utm_source=mcp&rp=15,note_ppe,"As at Sep 30, 2025",2025-09-30,instant,Net book value | Cushion gas,"Balance, September 30, 2025",169.4,usd_millions,1,0,14,
business_100,4064731,15,https://web.quartr.com/companies/21558?companyId=21558&documentId=4064731&documentType=report&eventId=405757&navigation=external&utm_medium=referral&utm_source=mcp&rp=15,note_ppe,"As at Sep 30, 2025",2025-09-30,instant,Net book value | Pipelines and interconnects,"Balance, September 30, 2025",113.2,usd_millions,1,0,14,
business_100,4064731,15,https://web.quartr.com/companies/21558?companyId=21558&documentId=4064731&documentType=report&eventId=405757&navigation=external&utm_medium=referral&utm_source=mcp&rp=15,note_ppe,"As at Sep 30, 2025",2025-09-30,instant,Net book value | Wells,"Balance, September 30, 2025",250.4,usd_millions,1,0,14,
business_100,4064731,15,https://web.quartr.com/companies/21558?companyId=21558&documentId=4064731&documentType=report&eventId=405757&navigation=external&utm_medium=referral&utm_source=mcp&rp=15,note_ppe,"As at Sep 30, 2025",2025-09-30,instant,Net book value | Land and storage formations,"Balance, September 30, 2025",90.0,usd_millions,1,0,14,
business_100,4064731,15,https://web.quartr.com/companies/21558?companyId=21558&documentId=4064731&documentType=report&eventId=405757&navigation=external&utm_medium=referral&utm_source=mcp&rp=15,note_ppe,"As at Sep 30, 2025",2025-09-30,instant,Net book value | Facilities and other,"Balance, September 30, 2025",270.7,usd_millions,1,0,14,
business_100,4064731,15,https://web.quartr.com/companies/21558?companyId=21558&documentId=4064731&documentType=report&eventId=405757&navigation=external&utm_medium=referral&utm_source=mcp&rp=15,note_ppe,"As at Sep 30, 2025",2025-09-30,instant,Net book value | Total,"Balance, September 30, 2025",893.7,usd_millions,1,0,14,
business_100,4064731,16,https://web.quartr.com/companies/21558?companyId=21558&documentId=4064731&documentType=report&eventId=405757&navigation=external&utm_medium=referral&utm_source=mcp&rp=16,note_debt,"As at Sep 30, 2025",2025-09-30,instant,,Asset Backed Loan,0,usd_millions,0,0,1,printed_dash_zero
business_100,4064731,16,https://web.quartr.com/companies/21558?companyId=21558&documentId=4064731&documentType=report&eventId=405757&navigation=external&utm_medium=referral&utm_source=mcp&rp=16,note_debt,"As at Mar 31, 2025",2025-03-31,instant,,Asset Backed Loan,0,usd_millions,0,1,1,printed_dash_zero
business_100,4064731,16,https://web.quartr.com/companies/21558?companyId=21558&documentId=4064731&documentType=report&eventId=405757&navigation=external&utm_medium=referral&utm_source=mcp&rp=16,note_debt,"As at Sep 30, 2025",2025-09-30,instant,,Warwick Credit Facility,10.0,usd_millions,0,0,2,
business_100,4064731,16,https://web.quartr.com/companies/21558?companyId=21558&documentId=4064731&documentType=report&eventId=405757&navigation=external&utm_medium=referral&utm_source=mcp&rp=16,note_debt,"As at Mar 31, 2025",2025-03-31,instant,,Warwick Credit Facility,13.6,usd_millions,0,1,2,
business_100,4064731,16,https://web.quartr.com/companies/21558?companyId=21558&documentId=4064731&documentType=report&eventId=405757&navigation=external&utm_medium=referral&utm_source=mcp&rp=16,note_debt,"As at Sep 30, 2025",2025-09-30,instant,,Term Loan due 2031,1240.6,usd_millions,0,0,3,
business_100,4064731,16,https://web.quartr.com/companies/21558?companyId=21558&documentId=4064731&documentType=report&eventId=405757&navigation=external&utm_medium=referral&utm_source=mcp&rp=16,note_debt,"As at Mar 31, 2025",2025-03-31,instant,,Term Loan due 2031,1246.8,usd_millions,0,1,3,
business_100,4064731,16,https://web.quartr.com/companies/21558?companyId=21558&documentId=4064731&documentType=report&eventId=405757&navigation=external&utm_medium=referral&utm_source=mcp&rp=16,note_debt,"As at Sep 30, 2025",2025-09-30,instant,,Total principal amount of debt,1250.6,usd_millions,1,0,4,
business_100,4064731,16,https://web.quartr.com/companies/21558?companyId=21558&documentId=4064731&documentType=report&eventId=405757&navigation=external&utm_medium=referral&utm_source=mcp&rp=16,note_debt,"As at Mar 31, 2025",2025-03-31,instant,,Total principal amount of debt,1260.4,usd_millions,1,1,4,
business_100,4064731,16,https://web.quartr.com/companies/21558?companyId=21558&documentId=4064731&documentType=report&eventId=405757&navigation=external&utm_medium=referral&utm_source=mcp&rp=16,note_debt,"As at Sep 30, 2025",2025-09-30,instant,Less:,"Portion classified as current, net",-22.2,usd_millions,0,0,5,
business_100,4064731,16,https://web.quartr.com/companies/21558?companyId=21558&documentId=4064731&documentType=report&eventId=405757&navigation=external&utm_medium=referral&utm_source=mcp&rp=16,note_debt,"As at Mar 31, 2025",2025-03-31,instant,Less:,"Portion classified as current, net",-25.8,usd_millions,0,1,5,
business_100,4064731,16,https://web.quartr.com/companies/21558?companyId=21558&documentId=4064731&documentType=report&eventId=405757&navigation=external&utm_medium=referral&utm_source=mcp&rp=16,note_debt,"As at Sep 30, 2025",2025-09-30,instant,Less:,Unamortized discount and deferred financing costs,-24.4,usd_millions,0,0,6,
business_100,4064731,16,https://web.quartr.com/companies/21558?companyId=21558&documentId=4064731&documentType=report&eventId=405757&navigation=external&utm_medium=referral&utm_source=mcp&rp=16,note_debt,"As at Mar 31, 2025",2025-03-31,instant,Less:,Unamortized discount and deferred financing costs,-26.5,usd_millions,0,1,6,
business_100,4064731,16,https://web.quartr.com/companies/21558?companyId=21558&documentId=4064731&documentType=report&eventId=405757&navigation=external&utm_medium=referral&utm_source=mcp&rp=16,note_debt,"As at Sep 30, 2025",2025-09-30,instant,,"Total long-term debt, net",1204.0,usd_millions,1,0,7,
business_100,4064731,16,https://web.quartr.com/companies/21558?companyId=21558&documentId=4064731&documentType=report&eventId=405757&navigation=external&utm_medium=referral&utm_source=mcp&rp=16,note_debt,"As at Mar 31, 2025",2025-03-31,instant,,"Total long-term debt, net",1208.1,usd_millions,1,1,7,
business_100,4064731,17,https://web.quartr.com/companies/21558?companyId=21558&documentId=4064731&documentType=report&eventId=405757&navigation=external&utm_medium=referral&utm_source=mcp&rp=17,note_leases,6M FY2026,2025-09-30,YTD,,Opening lease liabilities,108.8,usd_millions,0,0,1,
business_100,4064731,17,https://web.quartr.com/companies/21558?companyId=21558&documentId=4064731&documentType=report&eventId=405757&navigation=external&utm_medium=referral&utm_source=mcp&rp=17,note_leases,6M FY2025,2024-09-30,YTD,,Opening lease liabilities,106.8,usd_millions,0,1,1,
business_100,4064731,17,https://web.quartr.com/companies/21558?companyId=21558&documentId=4064731&documentType=report&eventId=405757&navigation=external&utm_medium=referral&utm_source=mcp&rp=17,note_leases,6M FY2026,2025-09-30,YTD,,Lease interest expense,5.2,usd_millions,0,0,2,
business_100,4064731,17,https://web.quartr.com/companies/21558?companyId=21558&documentId=4064731&documentType=report&eventId=405757&navigation=external&utm_medium=referral&utm_source=mcp&rp=17,note_leases,6M FY2025,2024-09-30,YTD,,Lease interest expense,5.3,usd_millions,0,1,2,
business_100,4064731,17,https://web.quartr.com/companies/21558?companyId=21558&documentId=4064731&documentType=report&eventId=405757&navigation=external&utm_medium=referral&utm_source=mcp&rp=17,note_leases,6M FY2026,2025-09-30,YTD,,Principal repayments,-17.4,usd_millions,0,0,3,
business_100,4064731,17,https://web.quartr.com/companies/21558?companyId=21558&documentId=4064731&documentType=report&eventId=405757&navigation=external&utm_medium=referral&utm_source=mcp&rp=17,note_leases,6M FY2025,2024-09-30,YTD,,Principal repayments,-0.3,usd_millions,0,1,3,
business_100,4064731,17,https://web.quartr.com/companies/21558?companyId=21558&documentId=4064731&documentType=report&eventId=405757&navigation=external&utm_medium=referral&utm_source=mcp&rp=17,note_leases,6M FY2026,2025-09-30,YTD,,Interest payments,-2.8,usd_millions,0,0,4,
business_100,4064731,17,https://web.quartr.com/companies/21558?companyId=21558&documentId=4064731&documentType=report&eventId=405757&navigation=external&utm_medium=referral&utm_source=mcp&rp=17,note_leases,6M FY2025,2024-09-30,YTD,,Interest payments,-0.5,usd_millions,0,1,4,
business_100,4064731,17,https://web.quartr.com/companies/21558?companyId=21558&documentId=4064731&documentType=report&eventId=405757&navigation=external&utm_medium=referral&utm_source=mcp&rp=17,note_leases,6M FY2026,2025-09-30,YTD,,Foreign exchange and other,0.2,usd_millions,0,0,5,
business_100,4064731,17,https://web.quartr.com/companies/21558?companyId=21558&documentId=4064731&documentType=report&eventId=405757&navigation=external&utm_medium=referral&utm_source=mcp&rp=17,note_leases,6M FY2025,2024-09-30,YTD,,Foreign exchange and other,0,usd_millions,0,1,5,printed_dash_zero
business_100,4064731,17,https://web.quartr.com/companies/21558?companyId=21558&documentId=4064731&documentType=report&eventId=405757&navigation=external&utm_medium=referral&utm_source=mcp&rp=17,note_leases,6M FY2026,2025-09-30,YTD,,"Lease additions, remeasurements and modifications",8.3,usd_millions,0,0,6,
business_100,4064731,17,https://web.quartr.com/companies/21558?companyId=21558&documentId=4064731&documentType=report&eventId=405757&navigation=external&utm_medium=referral&utm_source=mcp&rp=17,note_leases,6M FY2025,2024-09-30,YTD,,"Lease additions, remeasurements and modifications",0.1,usd_millions,0,1,6,
business_100,4064731,17,https://web.quartr.com/companies/21558?companyId=21558&documentId=4064731&documentType=report&eventId=405757&navigation=external&utm_medium=referral&utm_source=mcp&rp=17,note_leases,6M FY2026,2025-09-30,YTD,,Total lease liabilities,102.3,usd_millions,1,0,7,
business_100,4064731,17,https://web.quartr.com/companies/21558?companyId=21558&documentId=4064731&documentType=report&eventId=405757&navigation=external&utm_medium=referral&utm_source=mcp&rp=17,note_leases,6M FY2025,2024-09-30,YTD,,Total lease liabilities,111.4,usd_millions,1,1,7,
business_100,4064731,17,https://web.quartr.com/companies/21558?companyId=21558&documentId=4064731&documentType=report&eventId=405757&navigation=external&utm_medium=referral&utm_source=mcp&rp=17,note_leases,6M FY2026,2025-09-30,YTD,,Portion classified as current,-8.0,usd_millions,0,0,8,printed under 'Less:'
business_100,4064731,17,https://web.quartr.com/companies/21558?companyId=21558&documentId=4064731&documentType=report&eventId=405757&navigation=external&utm_medium=referral&utm_source=mcp&rp=17,note_leases,6M FY2025,2024-09-30,YTD,,Portion classified as current,-8.6,usd_millions,0,1,8,printed under 'Less:'
business_100,4064731,17,https://web.quartr.com/companies/21558?companyId=21558&documentId=4064731&documentType=report&eventId=405757&navigation=external&utm_medium=referral&utm_source=mcp&rp=17,note_leases,6M FY2026,2025-09-30,YTD,,Long-term lease liabilities,94.3,usd_millions,1,0,9,
business_100,4064731,17,https://web.quartr.com/companies/21558?companyId=21558&documentId=4064731&documentType=report&eventId=405757&navigation=external&utm_medium=referral&utm_source=mcp&rp=17,note_leases,6M FY2025,2024-09-30,YTD,,Long-term lease liabilities,102.8,usd_millions,1,1,9,
business_100,4064731,17,https://web.quartr.com/companies/21558?companyId=21558&documentId=4064731&documentType=report&eventId=405757&navigation=external&utm_medium=referral&utm_source=mcp&rp=17,note_other,"As at Sep 30, 2025",2025-09-30,instant,Trade payables and accrued liabilities,Trade payables,0.6,usd_millions,0,0,1,
business_100,4064731,17,https://web.quartr.com/companies/21558?companyId=21558&documentId=4064731&documentType=report&eventId=405757&navigation=external&utm_medium=referral&utm_source=mcp&rp=17,note_other,"As at Mar 31, 2025",2025-03-31,instant,Trade payables and accrued liabilities,Trade payables,2.7,usd_millions,0,1,1,
business_100,4064731,17,https://web.quartr.com/companies/21558?companyId=21558&documentId=4064731&documentType=report&eventId=405757&navigation=external&utm_medium=referral&utm_source=mcp&rp=17,note_other,"As at Sep 30, 2025",2025-09-30,instant,Trade payables and accrued liabilities,Accrued gas purchases,25.0,usd_millions,0,0,2,
business_100,4064731,17,https://web.quartr.com/companies/21558?companyId=21558&documentId=4064731&documentType=report&eventId=405757&navigation=external&utm_medium=referral&utm_source=mcp&rp=17,note_other,"As at Mar 31, 2025",2025-03-31,instant,Trade payables and accrued liabilities,Accrued gas purchases,27.7,usd_millions,0,1,2,
business_100,4064731,17,https://web.quartr.com/companies/21558?companyId=21558&documentId=4064731&documentType=report&eventId=405757&navigation=external&utm_medium=referral&utm_source=mcp&rp=17,note_other,"As at Sep 30, 2025",2025-09-30,instant,Trade payables and accrued liabilities,"Accrued interest, non-affiliated debt",0.9,usd_millions,0,0,3,
business_100,4064731,17,https://web.quartr.com/companies/21558?companyId=21558&documentId=4064731&documentType=report&eventId=405757&navigation=external&utm_medium=referral&utm_source=mcp&rp=17,note_other,"As at Mar 31, 2025",2025-03-31,instant,Trade payables and accrued liabilities,"Accrued interest, non-affiliated debt",1.0,usd_millions,0,1,3,
business_100,4064731,17,https://web.quartr.com/companies/21558?companyId=21558&documentId=4064731&documentType=report&eventId=405757&navigation=external&utm_medium=referral&utm_source=mcp&rp=17,note_other,"As at Sep 30, 2025",2025-09-30,instant,Trade payables and accrued liabilities,Employee-related accruals,6.5,usd_millions,0,0,4,
business_100,4064731,17,https://web.quartr.com/companies/21558?companyId=21558&documentId=4064731&documentType=report&eventId=405757&navigation=external&utm_medium=referral&utm_source=mcp&rp=17,note_other,"As at Mar 31, 2025",2025-03-31,instant,Trade payables and accrued liabilities,Employee-related accruals,10.3,usd_millions,0,1,4,
business_100,4064731,17,https://web.quartr.com/companies/21558?companyId=21558&documentId=4064731&documentType=report&eventId=405757&navigation=external&utm_medium=referral&utm_source=mcp&rp=17,note_other,"As at Sep 30, 2025",2025-09-30,instant,Trade payables and accrued liabilities,"Other accrued liabilities, affiliated",0.3,usd_millions,0,0,5,
business_100,4064731,17,https://web.quartr.com/companies/21558?companyId=21558&documentId=4064731&documentType=report&eventId=405757&navigation=external&utm_medium=referral&utm_source=mcp&rp=17,note_other,"As at Mar 31, 2025",2025-03-31,instant,Trade payables and accrued liabilities,"Other accrued liabilities, affiliated",0.3,usd_millions,0,1,5,
business_100,4064731,17,https://web.quartr.com/companies/21558?companyId=21558&documentId=4064731&documentType=report&eventId=405757&navigation=external&utm_medium=referral&utm_source=mcp&rp=17,note_other,"As at Sep 30, 2025",2025-09-30,instant,Trade payables and accrued liabilities,"Other accrued liabilities, non-affiliated",10.6,usd_millions,0,0,6,
business_100,4064731,17,https://web.quartr.com/companies/21558?companyId=21558&documentId=4064731&documentType=report&eventId=405757&navigation=external&utm_medium=referral&utm_source=mcp&rp=17,note_other,"As at Mar 31, 2025",2025-03-31,instant,Trade payables and accrued liabilities,"Other accrued liabilities, non-affiliated",17.5,usd_millions,0,1,6,
business_100,4064731,17,https://web.quartr.com/companies/21558?companyId=21558&documentId=4064731&documentType=report&eventId=405757&navigation=external&utm_medium=referral&utm_source=mcp&rp=17,note_other,"As at Sep 30, 2025",2025-09-30,instant,Trade payables and accrued liabilities,Total,43.9,usd_millions,1,0,7,
business_100,4064731,17,https://web.quartr.com/companies/21558?companyId=21558&documentId=4064731&documentType=report&eventId=405757&navigation=external&utm_medium=referral&utm_source=mcp&rp=17,note_other,"As at Mar 31, 2025",2025-03-31,instant,Trade payables and accrued liabilities,Total,59.5,usd_millions,1,1,7,
business_100,4064731,18,https://web.quartr.com/companies/21558?companyId=21558&documentId=4064731&documentType=report&eventId=405757&navigation=external&utm_medium=referral&utm_source=mcp&rp=18,note_revenue,Q2 FY2026,2025-09-30,Q,Take-or-pay contract revenue,U.S.,50.9,usd_millions,0,0,1,
business_100,4064731,18,https://web.quartr.com/companies/21558?companyId=21558&documentId=4064731&documentType=report&eventId=405757&navigation=external&utm_medium=referral&utm_source=mcp&rp=18,note_revenue,Q2 FY2025,2024-09-30,Q,Take-or-pay contract revenue,U.S.,40.7,usd_millions,0,1,1,
business_100,4064731,18,https://web.quartr.com/companies/21558?companyId=21558&documentId=4064731&documentType=report&eventId=405757&navigation=external&utm_medium=referral&utm_source=mcp&rp=18,note_revenue,6M FY2026,2025-09-30,YTD,Take-or-pay contract revenue,U.S.,102.5,usd_millions,0,0,1,
business_100,4064731,18,https://web.quartr.com/companies/21558?companyId=21558&documentId=4064731&documentType=report&eventId=405757&navigation=external&utm_medium=referral&utm_source=mcp&rp=18,note_revenue,6M FY2025,2024-09-30,YTD,Take-or-pay contract revenue,U.S.,81.4,usd_millions,0,1,1,
business_100,4064731,18,https://web.quartr.com/companies/21558?companyId=21558&documentId=4064731&documentType=report&eventId=405757&navigation=external&utm_medium=referral&utm_source=mcp&rp=18,note_revenue,Q2 FY2026,2025-09-30,Q,Take-or-pay contract revenue,Canada,6.8,usd_millions,0,0,2,
business_100,4064731,18,https://web.quartr.com/companies/21558?companyId=21558&documentId=4064731&documentType=report&eventId=405757&navigation=external&utm_medium=referral&utm_source=mcp&rp=18,note_revenue,Q2 FY2025,2024-09-30,Q,Take-or-pay contract revenue,Canada,5.4,usd_millions,0,1,2,
business_100,4064731,18,https://web.quartr.com/companies/21558?companyId=21558&documentId=4064731&documentType=report&eventId=405757&navigation=external&utm_medium=referral&utm_source=mcp&rp=18,note_revenue,6M FY2026,2025-09-30,YTD,Take-or-pay contract revenue,Canada,13.7,usd_millions,0,0,2,
business_100,4064731,18,https://web.quartr.com/companies/21558?companyId=21558&documentId=4064731&documentType=report&eventId=405757&navigation=external&utm_medium=referral&utm_source=mcp&rp=18,note_revenue,6M FY2025,2024-09-30,YTD,Take-or-pay contract revenue,Canada,10.9,usd_millions,0,1,2,
business_100,4064731,18,https://web.quartr.com/companies/21558?companyId=21558&documentId=4064731&documentType=report&eventId=405757&navigation=external&utm_medium=referral&utm_source=mcp&rp=18,note_revenue,Q2 FY2026,2025-09-30,Q,Short-term storage service revenue,U.S.,10.6,usd_millions,0,0,3,
business_100,4064731,18,https://web.quartr.com/companies/21558?companyId=21558&documentId=4064731&documentType=report&eventId=405757&navigation=external&utm_medium=referral&utm_source=mcp&rp=18,note_revenue,Q2 FY2025,2024-09-30,Q,Short-term storage service revenue,U.S.,18.8,usd_millions,0,1,3,
business_100,4064731,18,https://web.quartr.com/companies/21558?companyId=21558&documentId=4064731&documentType=report&eventId=405757&navigation=external&utm_medium=referral&utm_source=mcp&rp=18,note_revenue,6M FY2026,2025-09-30,YTD,Short-term storage service revenue,U.S.,24.3,usd_millions,0,0,3,
business_100,4064731,18,https://web.quartr.com/companies/21558?companyId=21558&documentId=4064731&documentType=report&eventId=405757&navigation=external&utm_medium=referral&utm_source=mcp&rp=18,note_revenue,6M FY2025,2024-09-30,YTD,Short-term storage service revenue,U.S.,32.3,usd_millions,0,1,3,
business_100,4064731,18,https://web.quartr.com/companies/21558?companyId=21558&documentId=4064731&documentType=report&eventId=405757&navigation=external&utm_medium=referral&utm_source=mcp&rp=18,note_revenue,Q2 FY2026,2025-09-30,Q,Short-term storage service revenue,Canada,28.4,usd_millions,0,0,4,
business_100,4064731,18,https://web.quartr.com/companies/21558?companyId=21558&documentId=4064731&documentType=report&eventId=405757&navigation=external&utm_medium=referral&utm_source=mcp&rp=18,note_revenue,Q2 FY2025,2024-09-30,Q,Short-term storage service revenue,Canada,16.5,usd_millions,0,1,4,
business_100,4064731,18,https://web.quartr.com/companies/21558?companyId=21558&documentId=4064731&documentType=report&eventId=405757&navigation=external&utm_medium=referral&utm_source=mcp&rp=18,note_revenue,6M FY2026,2025-09-30,YTD,Short-term storage service revenue,Canada,48.4,usd_millions,0,0,4,
business_100,4064731,18,https://web.quartr.com/companies/21558?companyId=21558&documentId=4064731&documentType=report&eventId=405757&navigation=external&utm_medium=referral&utm_source=mcp&rp=18,note_revenue,6M FY2025,2024-09-30,YTD,Short-term storage service revenue,Canada,46.4,usd_millions,0,1,4,
business_100,4064731,18,https://web.quartr.com/companies/21558?companyId=21558&documentId=4064731&documentType=report&eventId=405757&navigation=external&utm_medium=referral&utm_source=mcp&rp=18,note_revenue,Q2 FY2026,2025-09-30,Q,,Total fee for service revenue from contracts with customers,96.7,usd_millions,1,0,5,
business_100,4064731,18,https://web.quartr.com/companies/21558?companyId=21558&documentId=4064731&documentType=report&eventId=405757&navigation=external&utm_medium=referral&utm_source=mcp&rp=18,note_revenue,Q2 FY2025,2024-09-30,Q,,Total fee for service revenue from contracts with customers,81.4,usd_millions,1,1,5,
business_100,4064731,18,https://web.quartr.com/companies/21558?companyId=21558&documentId=4064731&documentType=report&eventId=405757&navigation=external&utm_medium=referral&utm_source=mcp&rp=18,note_revenue,6M FY2026,2025-09-30,YTD,,Total fee for service revenue from contracts with customers,188.9,usd_millions,1,0,5,
business_100,4064731,18,https://web.quartr.com/companies/21558?companyId=21558&documentId=4064731&documentType=report&eventId=405757&navigation=external&utm_medium=referral&utm_source=mcp&rp=18,note_revenue,6M FY2025,2024-09-30,YTD,,Total fee for service revenue from contracts with customers,171.0,usd_millions,1,1,5,
business_100,4064731,18,https://web.quartr.com/companies/21558?companyId=21558&documentId=4064731&documentType=report&eventId=405757&navigation=external&utm_medium=referral&utm_source=mcp&rp=18,note_revenue,Q2 FY2026,2025-09-30,Q,"Optimization, net",Retail realized optimization,3.1,usd_millions,0,0,6,
business_100,4064731,18,https://web.quartr.com/companies/21558?companyId=21558&documentId=4064731&documentType=report&eventId=405757&navigation=external&utm_medium=referral&utm_source=mcp&rp=18,note_revenue,Q2 FY2025,2024-09-30,Q,"Optimization, net",Retail realized optimization,3.9,usd_millions,0,1,6,
business_100,4064731,18,https://web.quartr.com/companies/21558?companyId=21558&documentId=4064731&documentType=report&eventId=405757&navigation=external&utm_medium=referral&utm_source=mcp&rp=18,note_revenue,6M FY2026,2025-09-30,YTD,"Optimization, net",Retail realized optimization,7.1,usd_millions,0,0,6,
business_100,4064731,18,https://web.quartr.com/companies/21558?companyId=21558&documentId=4064731&documentType=report&eventId=405757&navigation=external&utm_medium=referral&utm_source=mcp&rp=18,note_revenue,6M FY2025,2024-09-30,YTD,"Optimization, net",Retail realized optimization,8.4,usd_millions,0,1,6,
business_100,4064731,18,https://web.quartr.com/companies/21558?companyId=21558&documentId=4064731&documentType=report&eventId=405757&navigation=external&utm_medium=referral&utm_source=mcp&rp=18,note_revenue,Q2 FY2026,2025-09-30,Q,"Optimization, net",Storage realized optimization,2.6,usd_millions,0,0,7,
business_100,4064731,18,https://web.quartr.com/companies/21558?companyId=21558&documentId=4064731&documentType=report&eventId=405757&navigation=external&utm_medium=referral&utm_source=mcp&rp=18,note_revenue,Q2 FY2025,2024-09-30,Q,"Optimization, net",Storage realized optimization,-1.7,usd_millions,0,1,7,
business_100,4064731,18,https://web.quartr.com/companies/21558?companyId=21558&documentId=4064731&documentType=report&eventId=405757&navigation=external&utm_medium=referral&utm_source=mcp&rp=18,note_revenue,6M FY2026,2025-09-30,YTD,"Optimization, net",Storage realized optimization,3.4,usd_millions,0,0,7,
business_100,4064731,18,https://web.quartr.com/companies/21558?companyId=21558&documentId=4064731&documentType=report&eventId=405757&navigation=external&utm_medium=referral&utm_source=mcp&rp=18,note_revenue,6M FY2025,2024-09-30,YTD,"Optimization, net",Storage realized optimization,-11.9,usd_millions,0,1,7,
business_100,4064731,18,https://web.quartr.com/companies/21558?companyId=21558&documentId=4064731&documentType=report&eventId=405757&navigation=external&utm_medium=referral&utm_source=mcp&rp=18,note_revenue,Q2 FY2026,2025-09-30,Q,"Optimization, net","Realized optimization, net",5.7,usd_millions,1,0,8,
business_100,4064731,18,https://web.quartr.com/companies/21558?companyId=21558&documentId=4064731&documentType=report&eventId=405757&navigation=external&utm_medium=referral&utm_source=mcp&rp=18,note_revenue,Q2 FY2025,2024-09-30,Q,"Optimization, net","Realized optimization, net",2.2,usd_millions,1,1,8,
business_100,4064731,18,https://web.quartr.com/companies/21558?companyId=21558&documentId=4064731&documentType=report&eventId=405757&navigation=external&utm_medium=referral&utm_source=mcp&rp=18,note_revenue,6M FY2026,2025-09-30,YTD,"Optimization, net","Realized optimization, net",10.5,usd_millions,1,0,8,
business_100,4064731,18,https://web.quartr.com/companies/21558?companyId=21558&documentId=4064731&documentType=report&eventId=405757&navigation=external&utm_medium=referral&utm_source=mcp&rp=18,note_revenue,6M FY2025,2024-09-30,YTD,"Optimization, net","Realized optimization, net",-3.5,usd_millions,1,1,8,
business_100,4064731,18,https://web.quartr.com/companies/21558?companyId=21558&documentId=4064731&documentType=report&eventId=405757&navigation=external&utm_medium=referral&utm_source=mcp&rp=18,note_revenue,Q2 FY2026,2025-09-30,Q,"Optimization, net",Retail unrealized optimization gains (losses),2.3,usd_millions,0,0,9,
business_100,4064731,18,https://web.quartr.com/companies/21558?companyId=21558&documentId=4064731&documentType=report&eventId=405757&navigation=external&utm_medium=referral&utm_source=mcp&rp=18,note_revenue,Q2 FY2025,2024-09-30,Q,"Optimization, net",Retail unrealized optimization gains (losses),-1.3,usd_millions,0,1,9,
business_100,4064731,18,https://web.quartr.com/companies/21558?companyId=21558&documentId=4064731&documentType=report&eventId=405757&navigation=external&utm_medium=referral&utm_source=mcp&rp=18,note_revenue,6M FY2026,2025-09-30,YTD,"Optimization, net",Retail unrealized optimization gains (losses),1.4,usd_millions,0,0,9,
business_100,4064731,18,https://web.quartr.com/companies/21558?companyId=21558&documentId=4064731&documentType=report&eventId=405757&navigation=external&utm_medium=referral&utm_source=mcp&rp=18,note_revenue,6M FY2025,2024-09-30,YTD,"Optimization, net",Retail unrealized optimization gains (losses),-4.6,usd_millions,0,1,9,
business_100,4064731,18,https://web.quartr.com/companies/21558?companyId=21558&documentId=4064731&documentType=report&eventId=405757&navigation=external&utm_medium=referral&utm_source=mcp&rp=18,note_revenue,Q2 FY2026,2025-09-30,Q,"Optimization, net",Storage unrealized optimization (losses) gains,-1.5,usd_millions,0,0,10,
business_100,4064731,18,https://web.quartr.com/companies/21558?companyId=21558&documentId=4064731&documentType=report&eventId=405757&navigation=external&utm_medium=referral&utm_source=mcp&rp=18,note_revenue,Q2 FY2025,2024-09-30,Q,"Optimization, net",Storage unrealized optimization (losses) gains,0.8,usd_millions,0,1,10,
business_100,4064731,18,https://web.quartr.com/companies/21558?companyId=21558&documentId=4064731&documentType=report&eventId=405757&navigation=external&utm_medium=referral&utm_source=mcp&rp=18,note_revenue,6M FY2026,2025-09-30,YTD,"Optimization, net",Storage unrealized optimization (losses) gains,6.5,usd_millions,0,0,10,
business_100,4064731,18,https://web.quartr.com/companies/21558?companyId=21558&documentId=4064731&documentType=report&eventId=405757&navigation=external&utm_medium=referral&utm_source=mcp&rp=18,note_revenue,6M FY2025,2024-09-30,YTD,"Optimization, net",Storage unrealized optimization (losses) gains,11.9,usd_millions,0,1,10,
business_100,4064731,18,https://web.quartr.com/companies/21558?companyId=21558&documentId=4064731&documentType=report&eventId=405757&navigation=external&utm_medium=referral&utm_source=mcp&rp=18,note_revenue,Q2 FY2026,2025-09-30,Q,"Optimization, net","Unrealized optimization gains (losses), net",0.8,usd_millions,1,0,11,
business_100,4064731,18,https://web.quartr.com/companies/21558?companyId=21558&documentId=4064731&documentType=report&eventId=405757&navigation=external&utm_medium=referral&utm_source=mcp&rp=18,note_revenue,Q2 FY2025,2024-09-30,Q,"Optimization, net","Unrealized optimization gains (losses), net",-0.5,usd_millions,1,1,11,
business_100,4064731,18,https://web.quartr.com/companies/21558?companyId=21558&documentId=4064731&documentType=report&eventId=405757&navigation=external&utm_medium=referral&utm_source=mcp&rp=18,note_revenue,6M FY2026,2025-09-30,YTD,"Optimization, net","Unrealized optimization gains (losses), net",7.9,usd_millions,1,0,11,
business_100,4064731,18,https://web.quartr.com/companies/21558?companyId=21558&documentId=4064731&documentType=report&eventId=405757&navigation=external&utm_medium=referral&utm_source=mcp&rp=18,note_revenue,6M FY2025,2024-09-30,YTD,"Optimization, net","Unrealized optimization gains (losses), net",7.3,usd_millions,1,1,11,
business_100,4064731,18,https://web.quartr.com/companies/21558?companyId=21558&documentId=4064731&documentType=report&eventId=405757&navigation=external&utm_medium=referral&utm_source=mcp&rp=18,note_revenue,Q2 FY2026,2025-09-30,Q,"Optimization, net",(unlabelled subtotal),6.5,usd_millions,1,0,12,"unlabelled total row - no caption printed; equals Optimization, net on the income statement"
business_100,4064731,18,https://web.quartr.com/companies/21558?companyId=21558&documentId=4064731&documentType=report&eventId=405757&navigation=external&utm_medium=referral&utm_source=mcp&rp=18,note_revenue,Q2 FY2025,2024-09-30,Q,"Optimization, net",(unlabelled subtotal),1.7,usd_millions,1,1,12,"unlabelled total row - no caption printed; equals Optimization, net on the income statement"
business_100,4064731,18,https://web.quartr.com/companies/21558?companyId=21558&documentId=4064731&documentType=report&eventId=405757&navigation=external&utm_medium=referral&utm_source=mcp&rp=18,note_revenue,6M FY2026,2025-09-30,YTD,"Optimization, net",(unlabelled subtotal),18.4,usd_millions,1,0,12,"unlabelled total row - no caption printed; equals Optimization, net on the income statement"
business_100,4064731,18,https://web.quartr.com/companies/21558?companyId=21558&documentId=4064731&documentType=report&eventId=405757&navigation=external&utm_medium=referral&utm_source=mcp&rp=18,note_revenue,6M FY2025,2024-09-30,YTD,"Optimization, net",(unlabelled subtotal),3.8,usd_millions,1,1,12,"unlabelled total row - no caption printed; equals Optimization, net on the income statement"
business_100,4064731,19,https://web.quartr.com/companies/21558?companyId=21558&documentId=4064731&documentType=report&eventId=405757&navigation=external&utm_medium=referral&utm_source=mcp&rp=19,note_financial_instruments,"As at Sep 30, 2025",2025-09-30,instant,Risk management assets and liabilities | Energy Contracts,Short-term risk management assets,17.9,usd_millions,0,0,1,
business_100,4064731,19,https://web.quartr.com/companies/21558?companyId=21558&documentId=4064731&documentType=report&eventId=405757&navigation=external&utm_medium=referral&utm_source=mcp&rp=19,note_financial_instruments,"As at Sep 30, 2025",2025-09-30,instant,Risk management assets and liabilities | Currency Contracts,Short-term risk management assets,0.2,usd_millions,0,0,1,
business_100,4064731,19,https://web.quartr.com/companies/21558?companyId=21558&documentId=4064731&documentType=report&eventId=405757&navigation=external&utm_medium=referral&utm_source=mcp&rp=19,note_financial_instruments,"As at Sep 30, 2025",2025-09-30,instant,Risk management assets and liabilities | Interest Rate Contracts,Short-term risk management assets,0.9,usd_millions,0,0,1,
business_100,4064731,19,https://web.quartr.com/companies/21558?companyId=21558&documentId=4064731&documentType=report&eventId=405757&navigation=external&utm_medium=referral&utm_source=mcp&rp=19,note_financial_instruments,"As at Sep 30, 2025",2025-09-30,instant,Risk management assets and liabilities | Total,Short-term risk management assets,19.0,usd_millions,0,0,1,
business_100,4064731,19,https://web.quartr.com/companies/21558?companyId=21558&documentId=4064731&documentType=report&eventId=405757&navigation=external&utm_medium=referral&utm_source=mcp&rp=19,note_financial_instruments,"As at Sep 30, 2025",2025-09-30,instant,Risk management assets and liabilities | Energy Contracts,Long-term risk management assets,9.3,usd_millions,0,0,2,
business_100,4064731,19,https://web.quartr.com/companies/21558?companyId=21558&documentId=4064731&documentType=report&eventId=405757&navigation=external&utm_medium=referral&utm_source=mcp&rp=19,note_financial_instruments,"As at Sep 30, 2025",2025-09-30,instant,Risk management assets and liabilities | Currency Contracts,Long-term risk management assets,0,usd_millions,0,0,2,printed_dash_zero
business_100,4064731,19,https://web.quartr.com/companies/21558?companyId=21558&documentId=4064731&documentType=report&eventId=405757&navigation=external&utm_medium=referral&utm_source=mcp&rp=19,note_financial_instruments,"As at Sep 30, 2025",2025-09-30,instant,Risk management assets and liabilities | Interest Rate Contracts,Long-term risk management assets,0,usd_millions,0,0,2,printed_dash_zero
business_100,4064731,19,https://web.quartr.com/companies/21558?companyId=21558&documentId=4064731&documentType=report&eventId=405757&navigation=external&utm_medium=referral&utm_source=mcp&rp=19,note_financial_instruments,"As at Sep 30, 2025",2025-09-30,instant,Risk management assets and liabilities | Total,Long-term risk management assets,9.3,usd_millions,0,0,2,
business_100,4064731,19,https://web.quartr.com/companies/21558?companyId=21558&documentId=4064731&documentType=report&eventId=405757&navigation=external&utm_medium=referral&utm_source=mcp&rp=19,note_financial_instruments,"As at Sep 30, 2025",2025-09-30,instant,Risk management assets and liabilities | Energy Contracts,Short-term risk management liabilities,-9.2,usd_millions,0,0,3,
business_100,4064731,19,https://web.quartr.com/companies/21558?companyId=21558&documentId=4064731&documentType=report&eventId=405757&navigation=external&utm_medium=referral&utm_source=mcp&rp=19,note_financial_instruments,"As at Sep 30, 2025",2025-09-30,instant,Risk management assets and liabilities | Currency Contracts,Short-term risk management liabilities,0,usd_millions,0,0,3,printed_dash_zero
business_100,4064731,19,https://web.quartr.com/companies/21558?companyId=21558&documentId=4064731&documentType=report&eventId=405757&navigation=external&utm_medium=referral&utm_source=mcp&rp=19,note_financial_instruments,"As at Sep 30, 2025",2025-09-30,instant,Risk management assets and liabilities | Interest Rate Contracts,Short-term risk management liabilities,-1.1,usd_millions,0,0,3,
business_100,4064731,19,https://web.quartr.com/companies/21558?companyId=21558&documentId=4064731&documentType=report&eventId=405757&navigation=external&utm_medium=referral&utm_source=mcp&rp=19,note_financial_instruments,"As at Sep 30, 2025",2025-09-30,instant,Risk management assets and liabilities | Total,Short-term risk management liabilities,-10.3,usd_millions,0,0,3,
business_100,4064731,19,https://web.quartr.com/companies/21558?companyId=21558&documentId=4064731&documentType=report&eventId=405757&navigation=external&utm_medium=referral&utm_source=mcp&rp=19,note_financial_instruments,"As at Sep 30, 2025",2025-09-30,instant,Risk management assets and liabilities | Energy Contracts,Long-term risk management liabilities,-3.6,usd_millions,0,0,4,
business_100,4064731,19,https://web.quartr.com/companies/21558?companyId=21558&documentId=4064731&documentType=report&eventId=405757&navigation=external&utm_medium=referral&utm_source=mcp&rp=19,note_financial_instruments,"As at Sep 30, 2025",2025-09-30,instant,Risk management assets and liabilities | Currency Contracts,Long-term risk management liabilities,0,usd_millions,0,0,4,printed_dash_zero
business_100,4064731,19,https://web.quartr.com/companies/21558?companyId=21558&documentId=4064731&documentType=report&eventId=405757&navigation=external&utm_medium=referral&utm_source=mcp&rp=19,note_financial_instruments,"As at Sep 30, 2025",2025-09-30,instant,Risk management assets and liabilities | Interest Rate Contracts,Long-term risk management liabilities,0,usd_millions,0,0,4,printed_dash_zero
business_100,4064731,19,https://web.quartr.com/companies/21558?companyId=21558&documentId=4064731&documentType=report&eventId=405757&navigation=external&utm_medium=referral&utm_source=mcp&rp=19,note_financial_instruments,"As at Sep 30, 2025",2025-09-30,instant,Risk management assets and liabilities | Total,Long-term risk management liabilities,-3.6,usd_millions,0,0,4,
business_100,4064731,19,https://web.quartr.com/companies/21558?companyId=21558&documentId=4064731&documentType=report&eventId=405757&navigation=external&utm_medium=referral&utm_source=mcp&rp=19,note_financial_instruments,"As at Sep 30, 2025",2025-09-30,instant,Risk management assets and liabilities | Energy Contracts,(unlabelled subtotal),14.4,usd_millions,1,0,5,unlabelled net total row - no caption printed
business_100,4064731,19,https://web.quartr.com/companies/21558?companyId=21558&documentId=4064731&documentType=report&eventId=405757&navigation=external&utm_medium=referral&utm_source=mcp&rp=19,note_financial_instruments,"As at Sep 30, 2025",2025-09-30,instant,Risk management assets and liabilities | Currency Contracts,(unlabelled subtotal),0.2,usd_millions,1,0,5,unlabelled net total row - no caption printed
business_100,4064731,19,https://web.quartr.com/companies/21558?companyId=21558&documentId=4064731&documentType=report&eventId=405757&navigation=external&utm_medium=referral&utm_source=mcp&rp=19,note_financial_instruments,"As at Sep 30, 2025",2025-09-30,instant,Risk management assets and liabilities | Interest Rate Contracts,(unlabelled subtotal),-0.2,usd_millions,1,0,5,unlabelled net total row - no caption printed
business_100,4064731,19,https://web.quartr.com/companies/21558?companyId=21558&documentId=4064731&documentType=report&eventId=405757&navigation=external&utm_medium=referral&utm_source=mcp&rp=19,note_financial_instruments,"As at Sep 30, 2025",2025-09-30,instant,Risk management assets and liabilities | Total,(unlabelled subtotal),14.4,usd_millions,1,0,5,unlabelled net total row - no caption printed
business_100,4064731,19,https://web.quartr.com/companies/21558?companyId=21558&documentId=4064731&documentType=report&eventId=405757&navigation=external&utm_medium=referral&utm_source=mcp&rp=19,note_financial_instruments,"As at Mar 31, 2025",2025-03-31,instant,Risk management assets and liabilities | Energy Contracts,Short-term risk management assets,15.6,usd_millions,0,1,1,
business_100,4064731,19,https://web.quartr.com/companies/21558?companyId=21558&documentId=4064731&documentType=report&eventId=405757&navigation=external&utm_medium=referral&utm_source=mcp&rp=19,note_financial_instruments,"As at Mar 31, 2025",2025-03-31,instant,Risk management assets and liabilities | Currency Contracts,Short-term risk management assets,0.1,usd_millions,0,1,1,
business_100,4064731,19,https://web.quartr.com/companies/21558?companyId=21558&documentId=4064731&documentType=report&eventId=405757&navigation=external&utm_medium=referral&utm_source=mcp&rp=19,note_financial_instruments,"As at Mar 31, 2025",2025-03-31,instant,Risk management assets and liabilities | Interest Rate Contracts,Short-term risk management assets,3.8,usd_millions,0,1,1,
business_100,4064731,19,https://web.quartr.com/companies/21558?companyId=21558&documentId=4064731&documentType=report&eventId=405757&navigation=external&utm_medium=referral&utm_source=mcp&rp=19,note_financial_instruments,"As at Mar 31, 2025",2025-03-31,instant,Risk management assets and liabilities | Total,Short-term risk management assets,19.5,usd_millions,0,1,1,
business_100,4064731,19,https://web.quartr.com/companies/21558?companyId=21558&documentId=4064731&documentType=report&eventId=405757&navigation=external&utm_medium=referral&utm_source=mcp&rp=19,note_financial_instruments,"As at Mar 31, 2025",2025-03-31,instant,Risk management assets and liabilities | Energy Contracts,Long-term risk management assets,9.3,usd_millions,0,1,2,
business_100,4064731,19,https://web.quartr.com/companies/21558?companyId=21558&documentId=4064731&documentType=report&eventId=405757&navigation=external&utm_medium=referral&utm_source=mcp&rp=19,note_financial_instruments,"As at Mar 31, 2025",2025-03-31,instant,Risk management assets and liabilities | Currency Contracts,Long-term risk management assets,0,usd_millions,0,1,2,printed_dash_zero
business_100,4064731,19,https://web.quartr.com/companies/21558?companyId=21558&documentId=4064731&documentType=report&eventId=405757&navigation=external&utm_medium=referral&utm_source=mcp&rp=19,note_financial_instruments,"As at Mar 31, 2025",2025-03-31,instant,Risk management assets and liabilities | Interest Rate Contracts,Long-term risk management assets,0,usd_millions,0,1,2,printed_dash_zero
business_100,4064731,19,https://web.quartr.com/companies/21558?companyId=21558&documentId=4064731&documentType=report&eventId=405757&navigation=external&utm_medium=referral&utm_source=mcp&rp=19,note_financial_instruments,"As at Mar 31, 2025",2025-03-31,instant,Risk management assets and liabilities | Total,Long-term risk management assets,9.3,usd_millions,0,1,2,
business_100,4064731,19,https://web.quartr.com/companies/21558?companyId=21558&documentId=4064731&documentType=report&eventId=405757&navigation=external&utm_medium=referral&utm_source=mcp&rp=19,note_financial_instruments,"As at Mar 31, 2025",2025-03-31,instant,Risk management assets and liabilities | Energy Contracts,Short-term risk management liabilities,-13.8,usd_millions,0,1,3,
business_100,4064731,19,https://web.quartr.com/companies/21558?companyId=21558&documentId=4064731&documentType=report&eventId=405757&navigation=external&utm_medium=referral&utm_source=mcp&rp=19,note_financial_instruments,"As at Mar 31, 2025",2025-03-31,instant,Risk management assets and liabilities | Currency Contracts,Short-term risk management liabilities,0,usd_millions,0,1,3,printed_dash_zero
business_100,4064731,19,https://web.quartr.com/companies/21558?companyId=21558&documentId=4064731&documentType=report&eventId=405757&navigation=external&utm_medium=referral&utm_source=mcp&rp=19,note_financial_instruments,"As at Mar 31, 2025",2025-03-31,instant,Risk management assets and liabilities | Interest Rate Contracts,Short-term risk management liabilities,-0.1,usd_millions,0,1,3,
business_100,4064731,19,https://web.quartr.com/companies/21558?companyId=21558&documentId=4064731&documentType=report&eventId=405757&navigation=external&utm_medium=referral&utm_source=mcp&rp=19,note_financial_instruments,"As at Mar 31, 2025",2025-03-31,instant,Risk management assets and liabilities | Total,Short-term risk management liabilities,-13.9,usd_millions,0,1,3,
business_100,4064731,19,https://web.quartr.com/companies/21558?companyId=21558&documentId=4064731&documentType=report&eventId=405757&navigation=external&utm_medium=referral&utm_source=mcp&rp=19,note_financial_instruments,"As at Mar 31, 2025",2025-03-31,instant,Risk management assets and liabilities | Energy Contracts,Long-term risk management liabilities,-4.9,usd_millions,0,1,4,
business_100,4064731,19,https://web.quartr.com/companies/21558?companyId=21558&documentId=4064731&documentType=report&eventId=405757&navigation=external&utm_medium=referral&utm_source=mcp&rp=19,note_financial_instruments,"As at Mar 31, 2025",2025-03-31,instant,Risk management assets and liabilities | Currency Contracts,Long-term risk management liabilities,0,usd_millions,0,1,4,printed_dash_zero
business_100,4064731,19,https://web.quartr.com/companies/21558?companyId=21558&documentId=4064731&documentType=report&eventId=405757&navigation=external&utm_medium=referral&utm_source=mcp&rp=19,note_financial_instruments,"As at Mar 31, 2025",2025-03-31,instant,Risk management assets and liabilities | Interest Rate Contracts,Long-term risk management liabilities,-0.8,usd_millions,0,1,4,
business_100,4064731,19,https://web.quartr.com/companies/21558?companyId=21558&documentId=4064731&documentType=report&eventId=405757&navigation=external&utm_medium=referral&utm_source=mcp&rp=19,note_financial_instruments,"As at Mar 31, 2025",2025-03-31,instant,Risk management assets and liabilities | Total,Long-term risk management liabilities,-5.7,usd_millions,0,1,4,
business_100,4064731,19,https://web.quartr.com/companies/21558?companyId=21558&documentId=4064731&documentType=report&eventId=405757&navigation=external&utm_medium=referral&utm_source=mcp&rp=19,note_financial_instruments,"As at Mar 31, 2025",2025-03-31,instant,Risk management assets and liabilities | Energy Contracts,(unlabelled subtotal),6.2,usd_millions,1,1,5,unlabelled net total row - no caption printed
business_100,4064731,19,https://web.quartr.com/companies/21558?companyId=21558&documentId=4064731&documentType=report&eventId=405757&navigation=external&utm_medium=referral&utm_source=mcp&rp=19,note_financial_instruments,"As at Mar 31, 2025",2025-03-31,instant,Risk management assets and liabilities | Currency Contracts,(unlabelled subtotal),0.1,usd_millions,1,1,5,unlabelled net total row - no caption printed
business_100,4064731,19,https://web.quartr.com/companies/21558?companyId=21558&documentId=4064731&documentType=report&eventId=405757&navigation=external&utm_medium=referral&utm_source=mcp&rp=19,note_financial_instruments,"As at Mar 31, 2025",2025-03-31,instant,Risk management assets and liabilities | Interest Rate Contracts,(unlabelled subtotal),2.9,usd_millions,1,1,5,unlabelled net total row - no caption printed
business_100,4064731,19,https://web.quartr.com/companies/21558?companyId=21558&documentId=4064731&documentType=report&eventId=405757&navigation=external&utm_medium=referral&utm_source=mcp&rp=19,note_financial_instruments,"As at Mar 31, 2025",2025-03-31,instant,Risk management assets and liabilities | Total,(unlabelled subtotal),9.2,usd_millions,1,1,5,unlabelled net total row - no caption printed
business_100,4064731,19,https://web.quartr.com/companies/21558?companyId=21558&documentId=4064731&documentType=report&eventId=405757&navigation=external&utm_medium=referral&utm_source=mcp&rp=19,note_financial_instruments,"As at Sep 30, 2025",2025-09-30,instant,Fair value hierarchy | Assets | Level 1,Commodity derivatives,0,usd_millions,0,0,1,printed_dash_zero
business_100,4064731,19,https://web.quartr.com/companies/21558?companyId=21558&documentId=4064731&documentType=report&eventId=405757&navigation=external&utm_medium=referral&utm_source=mcp&rp=19,note_financial_instruments,"As at Sep 30, 2025",2025-09-30,instant,Fair value hierarchy | Assets | Level 2,Commodity derivatives,27.2,usd_millions,0,0,1,
business_100,4064731,19,https://web.quartr.com/companies/21558?companyId=21558&documentId=4064731&documentType=report&eventId=405757&navigation=external&utm_medium=referral&utm_source=mcp&rp=19,note_financial_instruments,"As at Sep 30, 2025",2025-09-30,instant,Fair value hierarchy | Assets | Level 3,Commodity derivatives,0,usd_millions,0,0,1,printed_dash_zero
business_100,4064731,19,https://web.quartr.com/companies/21558?companyId=21558&documentId=4064731&documentType=report&eventId=405757&navigation=external&utm_medium=referral&utm_source=mcp&rp=19,note_financial_instruments,"As at Sep 30, 2025",2025-09-30,instant,Fair value hierarchy | Assets | Total,Commodity derivatives,27.2,usd_millions,0,0,1,
business_100,4064731,19,https://web.quartr.com/companies/21558?companyId=21558&documentId=4064731&documentType=report&eventId=405757&navigation=external&utm_medium=referral&utm_source=mcp&rp=19,note_financial_instruments,"As at Sep 30, 2025",2025-09-30,instant,Fair value hierarchy | Assets | Level 1,Currency derivatives,0,usd_millions,0,0,2,printed_dash_zero
business_100,4064731,19,https://web.quartr.com/companies/21558?companyId=21558&documentId=4064731&documentType=report&eventId=405757&navigation=external&utm_medium=referral&utm_source=mcp&rp=19,note_financial_instruments,"As at Sep 30, 2025",2025-09-30,instant,Fair value hierarchy | Assets | Level 2,Currency derivatives,0.2,usd_millions,0,0,2,
business_100,4064731,19,https://web.quartr.com/companies/21558?companyId=21558&documentId=4064731&documentType=report&eventId=405757&navigation=external&utm_medium=referral&utm_source=mcp&rp=19,note_financial_instruments,"As at Sep 30, 2025",2025-09-30,instant,Fair value hierarchy | Assets | Level 3,Currency derivatives,0,usd_millions,0,0,2,printed_dash_zero
business_100,4064731,19,https://web.quartr.com/companies/21558?companyId=21558&documentId=4064731&documentType=report&eventId=405757&navigation=external&utm_medium=referral&utm_source=mcp&rp=19,note_financial_instruments,"As at Sep 30, 2025",2025-09-30,instant,Fair value hierarchy | Assets | Total,Currency derivatives,0.2,usd_millions,0,0,2,
business_100,4064731,19,https://web.quartr.com/companies/21558?companyId=21558&documentId=4064731&documentType=report&eventId=405757&navigation=external&utm_medium=referral&utm_source=mcp&rp=19,note_financial_instruments,"As at Sep 30, 2025",2025-09-30,instant,Fair value hierarchy | Assets | Level 1,Interest rate swaps,0,usd_millions,0,0,3,printed_dash_zero
business_100,4064731,19,https://web.quartr.com/companies/21558?companyId=21558&documentId=4064731&documentType=report&eventId=405757&navigation=external&utm_medium=referral&utm_source=mcp&rp=19,note_financial_instruments,"As at Sep 30, 2025",2025-09-30,instant,Fair value hierarchy | Assets | Level 2,Interest rate swaps,0.9,usd_millions,0,0,3,
business_100,4064731,19,https://web.quartr.com/companies/21558?companyId=21558&documentId=4064731&documentType=report&eventId=405757&navigation=external&utm_medium=referral&utm_source=mcp&rp=19,note_financial_instruments,"As at Sep 30, 2025",2025-09-30,instant,Fair value hierarchy | Assets | Level 3,Interest rate swaps,0,usd_millions,0,0,3,printed_dash_zero
business_100,4064731,19,https://web.quartr.com/companies/21558?companyId=21558&documentId=4064731&documentType=report&eventId=405757&navigation=external&utm_medium=referral&utm_source=mcp&rp=19,note_financial_instruments,"As at Sep 30, 2025",2025-09-30,instant,Fair value hierarchy | Assets | Total,Interest rate swaps,0.9,usd_millions,0,0,3,
business_100,4064731,19,https://web.quartr.com/companies/21558?companyId=21558&documentId=4064731&documentType=report&eventId=405757&navigation=external&utm_medium=referral&utm_source=mcp&rp=19,note_financial_instruments,"As at Sep 30, 2025",2025-09-30,instant,Fair value hierarchy | Assets | Level 1,Total assets,0,usd_millions,1,0,4,printed_dash_zero
business_100,4064731,19,https://web.quartr.com/companies/21558?companyId=21558&documentId=4064731&documentType=report&eventId=405757&navigation=external&utm_medium=referral&utm_source=mcp&rp=19,note_financial_instruments,"As at Sep 30, 2025",2025-09-30,instant,Fair value hierarchy | Assets | Level 2,Total assets,28.3,usd_millions,1,0,4,
business_100,4064731,19,https://web.quartr.com/companies/21558?companyId=21558&documentId=4064731&documentType=report&eventId=405757&navigation=external&utm_medium=referral&utm_source=mcp&rp=19,note_financial_instruments,"As at Sep 30, 2025",2025-09-30,instant,Fair value hierarchy | Assets | Level 3,Total assets,0,usd_millions,1,0,4,printed_dash_zero
business_100,4064731,19,https://web.quartr.com/companies/21558?companyId=21558&documentId=4064731&documentType=report&eventId=405757&navigation=external&utm_medium=referral&utm_source=mcp&rp=19,note_financial_instruments,"As at Sep 30, 2025",2025-09-30,instant,Fair value hierarchy | Assets | Total,Total assets,28.3,usd_millions,1,0,4,
business_100,4064731,19,https://web.quartr.com/companies/21558?companyId=21558&documentId=4064731&documentType=report&eventId=405757&navigation=external&utm_medium=referral&utm_source=mcp&rp=19,note_financial_instruments,"As at Sep 30, 2025",2025-09-30,instant,Fair value hierarchy | Liabilities | Level 1,Commodity derivatives,0,usd_millions,0,0,5,printed_dash_zero
business_100,4064731,19,https://web.quartr.com/companies/21558?companyId=21558&documentId=4064731&documentType=report&eventId=405757&navigation=external&utm_medium=referral&utm_source=mcp&rp=19,note_financial_instruments,"As at Sep 30, 2025",2025-09-30,instant,Fair value hierarchy | Liabilities | Level 2,Commodity derivatives,12.8,usd_millions,0,0,5,
business_100,4064731,19,https://web.quartr.com/companies/21558?companyId=21558&documentId=4064731&documentType=report&eventId=405757&navigation=external&utm_medium=referral&utm_source=mcp&rp=19,note_financial_instruments,"As at Sep 30, 2025",2025-09-30,instant,Fair value hierarchy | Liabilities | Level 3,Commodity derivatives,0,usd_millions,0,0,5,printed_dash_zero
business_100,4064731,19,https://web.quartr.com/companies/21558?companyId=21558&documentId=4064731&documentType=report&eventId=405757&navigation=external&utm_medium=referral&utm_source=mcp&rp=19,note_financial_instruments,"As at Sep 30, 2025",2025-09-30,instant,Fair value hierarchy | Liabilities | Total,Commodity derivatives,12.8,usd_millions,0,0,5,
business_100,4064731,19,https://web.quartr.com/companies/21558?companyId=21558&documentId=4064731&documentType=report&eventId=405757&navigation=external&utm_medium=referral&utm_source=mcp&rp=19,note_financial_instruments,"As at Sep 30, 2025",2025-09-30,instant,Fair value hierarchy | Liabilities | Level 1,Interest rate swaps,0,usd_millions,0,0,6,printed_dash_zero
business_100,4064731,19,https://web.quartr.com/companies/21558?companyId=21558&documentId=4064731&documentType=report&eventId=405757&navigation=external&utm_medium=referral&utm_source=mcp&rp=19,note_financial_instruments,"As at Sep 30, 2025",2025-09-30,instant,Fair value hierarchy | Liabilities | Level 2,Interest rate swaps,1.1,usd_millions,0,0,6,
business_100,4064731,19,https://web.quartr.com/companies/21558?companyId=21558&documentId=4064731&documentType=report&eventId=405757&navigation=external&utm_medium=referral&utm_source=mcp&rp=19,note_financial_instruments,"As at Sep 30, 2025",2025-09-30,instant,Fair value hierarchy | Liabilities | Level 3,Interest rate swaps,0,usd_millions,0,0,6,printed_dash_zero
business_100,4064731,19,https://web.quartr.com/companies/21558?companyId=21558&documentId=4064731&documentType=report&eventId=405757&navigation=external&utm_medium=referral&utm_source=mcp&rp=19,note_financial_instruments,"As at Sep 30, 2025",2025-09-30,instant,Fair value hierarchy | Liabilities | Total,Interest rate swaps,1.1,usd_millions,0,0,6,
business_100,4064731,19,https://web.quartr.com/companies/21558?companyId=21558&documentId=4064731&documentType=report&eventId=405757&navigation=external&utm_medium=referral&utm_source=mcp&rp=19,note_financial_instruments,"As at Sep 30, 2025",2025-09-30,instant,Fair value hierarchy | Liabilities | Level 1,Gas storage obligations,0,usd_millions,0,0,7,printed_dash_zero
business_100,4064731,19,https://web.quartr.com/companies/21558?companyId=21558&documentId=4064731&documentType=report&eventId=405757&navigation=external&utm_medium=referral&utm_source=mcp&rp=19,note_financial_instruments,"As at Sep 30, 2025",2025-09-30,instant,Fair value hierarchy | Liabilities | Level 2,Gas storage obligations,15.4,usd_millions,0,0,7,
business_100,4064731,19,https://web.quartr.com/companies/21558?companyId=21558&documentId=4064731&documentType=report&eventId=405757&navigation=external&utm_medium=referral&utm_source=mcp&rp=19,note_financial_instruments,"As at Sep 30, 2025",2025-09-30,instant,Fair value hierarchy | Liabilities | Level 3,Gas storage obligations,0,usd_millions,0,0,7,printed_dash_zero
business_100,4064731,19,https://web.quartr.com/companies/21558?companyId=21558&documentId=4064731&documentType=report&eventId=405757&navigation=external&utm_medium=referral&utm_source=mcp&rp=19,note_financial_instruments,"As at Sep 30, 2025",2025-09-30,instant,Fair value hierarchy | Liabilities | Total,Gas storage obligations,15.4,usd_millions,0,0,7,
business_100,4064731,19,https://web.quartr.com/companies/21558?companyId=21558&documentId=4064731&documentType=report&eventId=405757&navigation=external&utm_medium=referral&utm_source=mcp&rp=19,note_financial_instruments,"As at Sep 30, 2025",2025-09-30,instant,Fair value hierarchy | Liabilities | Level 1,Short-term debt,0,usd_millions,0,0,8,printed_dash_zero
business_100,4064731,19,https://web.quartr.com/companies/21558?companyId=21558&documentId=4064731&documentType=report&eventId=405757&navigation=external&utm_medium=referral&utm_source=mcp&rp=19,note_financial_instruments,"As at Sep 30, 2025",2025-09-30,instant,Fair value hierarchy | Liabilities | Level 2,Short-term debt,22.5,usd_millions,0,0,8,
business_100,4064731,19,https://web.quartr.com/companies/21558?companyId=21558&documentId=4064731&documentType=report&eventId=405757&navigation=external&utm_medium=referral&utm_source=mcp&rp=19,note_financial_instruments,"As at Sep 30, 2025",2025-09-30,instant,Fair value hierarchy | Liabilities | Level 3,Short-term debt,0,usd_millions,0,0,8,printed_dash_zero
business_100,4064731,19,https://web.quartr.com/companies/21558?companyId=21558&documentId=4064731&documentType=report&eventId=405757&navigation=external&utm_medium=referral&utm_source=mcp&rp=19,note_financial_instruments,"As at Sep 30, 2025",2025-09-30,instant,Fair value hierarchy | Liabilities | Total,Short-term debt,22.5,usd_millions,0,0,8,
business_100,4064731,19,https://web.quartr.com/companies/21558?companyId=21558&documentId=4064731&documentType=report&eventId=405757&navigation=external&utm_medium=referral&utm_source=mcp&rp=19,note_financial_instruments,"As at Sep 30, 2025",2025-09-30,instant,Fair value hierarchy | Liabilities | Level 1,Long-term debt,0,usd_millions,0,0,9,printed_dash_zero
business_100,4064731,19,https://web.quartr.com/companies/21558?companyId=21558&documentId=4064731&documentType=report&eventId=405757&navigation=external&utm_medium=referral&utm_source=mcp&rp=19,note_financial_instruments,"As at Sep 30, 2025",2025-09-30,instant,Fair value hierarchy | Liabilities | Level 2,Long-term debt,1231.2,usd_millions,0,0,9,
business_100,4064731,19,https://web.quartr.com/companies/21558?companyId=21558&documentId=4064731&documentType=report&eventId=405757&navigation=external&utm_medium=referral&utm_source=mcp&rp=19,note_financial_instruments,"As at Sep 30, 2025",2025-09-30,instant,Fair value hierarchy | Liabilities | Level 3,Long-term debt,0,usd_millions,0,0,9,printed_dash_zero
business_100,4064731,19,https://web.quartr.com/companies/21558?companyId=21558&documentId=4064731&documentType=report&eventId=405757&navigation=external&utm_medium=referral&utm_source=mcp&rp=19,note_financial_instruments,"As at Sep 30, 2025",2025-09-30,instant,Fair value hierarchy | Liabilities | Total,Long-term debt,1231.2,usd_millions,0,0,9,
business_100,4064731,19,https://web.quartr.com/companies/21558?companyId=21558&documentId=4064731&documentType=report&eventId=405757&navigation=external&utm_medium=referral&utm_source=mcp&rp=19,note_financial_instruments,"As at Sep 30, 2025",2025-09-30,instant,Fair value hierarchy | Liabilities | Level 1,Total liabilities,0,usd_millions,1,0,10,printed_dash_zero
business_100,4064731,19,https://web.quartr.com/companies/21558?companyId=21558&documentId=4064731&documentType=report&eventId=405757&navigation=external&utm_medium=referral&utm_source=mcp&rp=19,note_financial_instruments,"As at Sep 30, 2025",2025-09-30,instant,Fair value hierarchy | Liabilities | Level 2,Total liabilities,1283.0,usd_millions,1,0,10,
business_100,4064731,19,https://web.quartr.com/companies/21558?companyId=21558&documentId=4064731&documentType=report&eventId=405757&navigation=external&utm_medium=referral&utm_source=mcp&rp=19,note_financial_instruments,"As at Sep 30, 2025",2025-09-30,instant,Fair value hierarchy | Liabilities | Level 3,Total liabilities,0,usd_millions,1,0,10,printed_dash_zero
business_100,4064731,19,https://web.quartr.com/companies/21558?companyId=21558&documentId=4064731&documentType=report&eventId=405757&navigation=external&utm_medium=referral&utm_source=mcp&rp=19,note_financial_instruments,"As at Sep 30, 2025",2025-09-30,instant,Fair value hierarchy | Liabilities | Total,Total liabilities,1283.0,usd_millions,1,0,10,
business_100,4064731,20,https://web.quartr.com/companies/21558?companyId=21558&documentId=4064731&documentType=report&eventId=405757&navigation=external&utm_medium=referral&utm_source=mcp&rp=20,note_financial_instruments,"As at Mar 31, 2025",2025-03-31,instant,Fair value hierarchy | Assets | Level 1,Commodity derivatives,0,usd_millions,0,1,1,printed_dash_zero
business_100,4064731,20,https://web.quartr.com/companies/21558?companyId=21558&documentId=4064731&documentType=report&eventId=405757&navigation=external&utm_medium=referral&utm_source=mcp&rp=20,note_financial_instruments,"As at Mar 31, 2025",2025-03-31,instant,Fair value hierarchy | Assets | Level 2,Commodity derivatives,24.9,usd_millions,0,1,1,
business_100,4064731,20,https://web.quartr.com/companies/21558?companyId=21558&documentId=4064731&documentType=report&eventId=405757&navigation=external&utm_medium=referral&utm_source=mcp&rp=20,note_financial_instruments,"As at Mar 31, 2025",2025-03-31,instant,Fair value hierarchy | Assets | Level 3,Commodity derivatives,0,usd_millions,0,1,1,printed_dash_zero
business_100,4064731,20,https://web.quartr.com/companies/21558?companyId=21558&documentId=4064731&documentType=report&eventId=405757&navigation=external&utm_medium=referral&utm_source=mcp&rp=20,note_financial_instruments,"As at Mar 31, 2025",2025-03-31,instant,Fair value hierarchy | Assets | Total,Commodity derivatives,24.9,usd_millions,0,1,1,
business_100,4064731,20,https://web.quartr.com/companies/21558?companyId=21558&documentId=4064731&documentType=report&eventId=405757&navigation=external&utm_medium=referral&utm_source=mcp&rp=20,note_financial_instruments,"As at Mar 31, 2025",2025-03-31,instant,Fair value hierarchy | Assets | Level 1,Currency derivatives,0,usd_millions,0,1,2,printed_dash_zero
business_100,4064731,20,https://web.quartr.com/companies/21558?companyId=21558&documentId=4064731&documentType=report&eventId=405757&navigation=external&utm_medium=referral&utm_source=mcp&rp=20,note_financial_instruments,"As at Mar 31, 2025",2025-03-31,instant,Fair value hierarchy | Assets | Level 2,Currency derivatives,0.1,usd_millions,0,1,2,
business_100,4064731,20,https://web.quartr.com/companies/21558?companyId=21558&documentId=4064731&documentType=report&eventId=405757&navigation=external&utm_medium=referral&utm_source=mcp&rp=20,note_financial_instruments,"As at Mar 31, 2025",2025-03-31,instant,Fair value hierarchy | Assets | Level 3,Currency derivatives,0,usd_millions,0,1,2,printed_dash_zero
business_100,4064731,20,https://web.quartr.com/companies/21558?companyId=21558&documentId=4064731&documentType=report&eventId=405757&navigation=external&utm_medium=referral&utm_source=mcp&rp=20,note_financial_instruments,"As at Mar 31, 2025",2025-03-31,instant,Fair value hierarchy | Assets | Total,Currency derivatives,0.1,usd_millions,0,1,2,
business_100,4064731,20,https://web.quartr.com/companies/21558?companyId=21558&documentId=4064731&documentType=report&eventId=405757&navigation=external&utm_medium=referral&utm_source=mcp&rp=20,note_financial_instruments,"As at Mar 31, 2025",2025-03-31,instant,Fair value hierarchy | Assets | Level 1,Interest rate swaps,0,usd_millions,0,1,3,printed_dash_zero
business_100,4064731,20,https://web.quartr.com/companies/21558?companyId=21558&documentId=4064731&documentType=report&eventId=405757&navigation=external&utm_medium=referral&utm_source=mcp&rp=20,note_financial_instruments,"As at Mar 31, 2025",2025-03-31,instant,Fair value hierarchy | Assets | Level 2,Interest rate swaps,3.8,usd_millions,0,1,3,
business_100,4064731,20,https://web.quartr.com/companies/21558?companyId=21558&documentId=4064731&documentType=report&eventId=405757&navigation=external&utm_medium=referral&utm_source=mcp&rp=20,note_financial_instruments,"As at Mar 31, 2025",2025-03-31,instant,Fair value hierarchy | Assets | Level 3,Interest rate swaps,0,usd_millions,0,1,3,printed_dash_zero
business_100,4064731,20,https://web.quartr.com/companies/21558?companyId=21558&documentId=4064731&documentType=report&eventId=405757&navigation=external&utm_medium=referral&utm_source=mcp&rp=20,note_financial_instruments,"As at Mar 31, 2025",2025-03-31,instant,Fair value hierarchy | Assets | Total,Interest rate swaps,3.8,usd_millions,0,1,3,
business_100,4064731,20,https://web.quartr.com/companies/21558?companyId=21558&documentId=4064731&documentType=report&eventId=405757&navigation=external&utm_medium=referral&utm_source=mcp&rp=20,note_financial_instruments,"As at Mar 31, 2025",2025-03-31,instant,Fair value hierarchy | Assets | Level 1,Total assets,0,usd_millions,1,1,4,printed_dash_zero
business_100,4064731,20,https://web.quartr.com/companies/21558?companyId=21558&documentId=4064731&documentType=report&eventId=405757&navigation=external&utm_medium=referral&utm_source=mcp&rp=20,note_financial_instruments,"As at Mar 31, 2025",2025-03-31,instant,Fair value hierarchy | Assets | Level 2,Total assets,28.8,usd_millions,1,1,4,
business_100,4064731,20,https://web.quartr.com/companies/21558?companyId=21558&documentId=4064731&documentType=report&eventId=405757&navigation=external&utm_medium=referral&utm_source=mcp&rp=20,note_financial_instruments,"As at Mar 31, 2025",2025-03-31,instant,Fair value hierarchy | Assets | Level 3,Total assets,0,usd_millions,1,1,4,printed_dash_zero
business_100,4064731,20,https://web.quartr.com/companies/21558?companyId=21558&documentId=4064731&documentType=report&eventId=405757&navigation=external&utm_medium=referral&utm_source=mcp&rp=20,note_financial_instruments,"As at Mar 31, 2025",2025-03-31,instant,Fair value hierarchy | Assets | Total,Total assets,28.8,usd_millions,1,1,4,
business_100,4064731,20,https://web.quartr.com/companies/21558?companyId=21558&documentId=4064731&documentType=report&eventId=405757&navigation=external&utm_medium=referral&utm_source=mcp&rp=20,note_financial_instruments,"As at Mar 31, 2025",2025-03-31,instant,Fair value hierarchy | Liabilities | Level 1,Commodity derivatives,0,usd_millions,0,1,5,printed_dash_zero
business_100,4064731,20,https://web.quartr.com/companies/21558?companyId=21558&documentId=4064731&documentType=report&eventId=405757&navigation=external&utm_medium=referral&utm_source=mcp&rp=20,note_financial_instruments,"As at Mar 31, 2025",2025-03-31,instant,Fair value hierarchy | Liabilities | Level 2,Commodity derivatives,18.7,usd_millions,0,1,5,
business_100,4064731,20,https://web.quartr.com/companies/21558?companyId=21558&documentId=4064731&documentType=report&eventId=405757&navigation=external&utm_medium=referral&utm_source=mcp&rp=20,note_financial_instruments,"As at Mar 31, 2025",2025-03-31,instant,Fair value hierarchy | Liabilities | Level 3,Commodity derivatives,0,usd_millions,0,1,5,printed_dash_zero
business_100,4064731,20,https://web.quartr.com/companies/21558?companyId=21558&documentId=4064731&documentType=report&eventId=405757&navigation=external&utm_medium=referral&utm_source=mcp&rp=20,note_financial_instruments,"As at Mar 31, 2025",2025-03-31,instant,Fair value hierarchy | Liabilities | Total,Commodity derivatives,18.7,usd_millions,0,1,5,
business_100,4064731,20,https://web.quartr.com/companies/21558?companyId=21558&documentId=4064731&documentType=report&eventId=405757&navigation=external&utm_medium=referral&utm_source=mcp&rp=20,note_financial_instruments,"As at Mar 31, 2025",2025-03-31,instant,Fair value hierarchy | Liabilities | Level 1,Interest rate swaps,0,usd_millions,0,1,6,printed_dash_zero
business_100,4064731,20,https://web.quartr.com/companies/21558?companyId=21558&documentId=4064731&documentType=report&eventId=405757&navigation=external&utm_medium=referral&utm_source=mcp&rp=20,note_financial_instruments,"As at Mar 31, 2025",2025-03-31,instant,Fair value hierarchy | Liabilities | Level 2,Interest rate swaps,0.9,usd_millions,0,1,6,
business_100,4064731,20,https://web.quartr.com/companies/21558?companyId=21558&documentId=4064731&documentType=report&eventId=405757&navigation=external&utm_medium=referral&utm_source=mcp&rp=20,note_financial_instruments,"As at Mar 31, 2025",2025-03-31,instant,Fair value hierarchy | Liabilities | Level 3,Interest rate swaps,0,usd_millions,0,1,6,printed_dash_zero
business_100,4064731,20,https://web.quartr.com/companies/21558?companyId=21558&documentId=4064731&documentType=report&eventId=405757&navigation=external&utm_medium=referral&utm_source=mcp&rp=20,note_financial_instruments,"As at Mar 31, 2025",2025-03-31,instant,Fair value hierarchy | Liabilities | Total,Interest rate swaps,0.9,usd_millions,0,1,6,
business_100,4064731,20,https://web.quartr.com/companies/21558?companyId=21558&documentId=4064731&documentType=report&eventId=405757&navigation=external&utm_medium=referral&utm_source=mcp&rp=20,note_financial_instruments,"As at Mar 31, 2025",2025-03-31,instant,Fair value hierarchy | Liabilities | Level 1,Gas storage obligations,0,usd_millions,0,1,7,printed_dash_zero
business_100,4064731,20,https://web.quartr.com/companies/21558?companyId=21558&documentId=4064731&documentType=report&eventId=405757&navigation=external&utm_medium=referral&utm_source=mcp&rp=20,note_financial_instruments,"As at Mar 31, 2025",2025-03-31,instant,Fair value hierarchy | Liabilities | Level 2,Gas storage obligations,17.4,usd_millions,0,1,7,
business_100,4064731,20,https://web.quartr.com/companies/21558?companyId=21558&documentId=4064731&documentType=report&eventId=405757&navigation=external&utm_medium=referral&utm_source=mcp&rp=20,note_financial_instruments,"As at Mar 31, 2025",2025-03-31,instant,Fair value hierarchy | Liabilities | Level 3,Gas storage obligations,0,usd_millions,0,1,7,printed_dash_zero
business_100,4064731,20,https://web.quartr.com/companies/21558?companyId=21558&documentId=4064731&documentType=report&eventId=405757&navigation=external&utm_medium=referral&utm_source=mcp&rp=20,note_financial_instruments,"As at Mar 31, 2025",2025-03-31,instant,Fair value hierarchy | Liabilities | Total,Gas storage obligations,17.4,usd_millions,0,1,7,
business_100,4064731,20,https://web.quartr.com/companies/21558?companyId=21558&documentId=4064731&documentType=report&eventId=405757&navigation=external&utm_medium=referral&utm_source=mcp&rp=20,note_financial_instruments,"As at Mar 31, 2025",2025-03-31,instant,Fair value hierarchy | Liabilities | Level 1,Short-term debt,0,usd_millions,0,1,8,printed_dash_zero
business_100,4064731,20,https://web.quartr.com/companies/21558?companyId=21558&documentId=4064731&documentType=report&eventId=405757&navigation=external&utm_medium=referral&utm_source=mcp&rp=20,note_financial_instruments,"As at Mar 31, 2025",2025-03-31,instant,Fair value hierarchy | Liabilities | Level 2,Short-term debt,26.1,usd_millions,0,1,8,
business_100,4064731,20,https://web.quartr.com/companies/21558?companyId=21558&documentId=4064731&documentType=report&eventId=405757&navigation=external&utm_medium=referral&utm_source=mcp&rp=20,note_financial_instruments,"As at Mar 31, 2025",2025-03-31,instant,Fair value hierarchy | Liabilities | Level 3,Short-term debt,0,usd_millions,0,1,8,printed_dash_zero
business_100,4064731,20,https://web.quartr.com/companies/21558?companyId=21558&documentId=4064731&documentType=report&eventId=405757&navigation=external&utm_medium=referral&utm_source=mcp&rp=20,note_financial_instruments,"As at Mar 31, 2025",2025-03-31,instant,Fair value hierarchy | Liabilities | Total,Short-term debt,26.1,usd_millions,0,1,8,
business_100,4064731,20,https://web.quartr.com/companies/21558?companyId=21558&documentId=4064731&documentType=report&eventId=405757&navigation=external&utm_medium=referral&utm_source=mcp&rp=20,note_financial_instruments,"As at Mar 31, 2025",2025-03-31,instant,Fair value hierarchy | Liabilities | Level 1,Long-term debt,0,usd_millions,0,1,9,printed_dash_zero
business_100,4064731,20,https://web.quartr.com/companies/21558?companyId=21558&documentId=4064731&documentType=report&eventId=405757&navigation=external&utm_medium=referral&utm_source=mcp&rp=20,note_financial_instruments,"As at Mar 31, 2025",2025-03-31,instant,Fair value hierarchy | Liabilities | Level 2,Long-term debt,1229.7,usd_millions,0,1,9,
business_100,4064731,20,https://web.quartr.com/companies/21558?companyId=21558&documentId=4064731&documentType=report&eventId=405757&navigation=external&utm_medium=referral&utm_source=mcp&rp=20,note_financial_instruments,"As at Mar 31, 2025",2025-03-31,instant,Fair value hierarchy | Liabilities | Level 3,Long-term debt,0,usd_millions,0,1,9,printed_dash_zero
business_100,4064731,20,https://web.quartr.com/companies/21558?companyId=21558&documentId=4064731&documentType=report&eventId=405757&navigation=external&utm_medium=referral&utm_source=mcp&rp=20,note_financial_instruments,"As at Mar 31, 2025",2025-03-31,instant,Fair value hierarchy | Liabilities | Total,Long-term debt,1229.7,usd_millions,0,1,9,
business_100,4064731,20,https://web.quartr.com/companies/21558?companyId=21558&documentId=4064731&documentType=report&eventId=405757&navigation=external&utm_medium=referral&utm_source=mcp&rp=20,note_financial_instruments,"As at Mar 31, 2025",2025-03-31,instant,Fair value hierarchy | Liabilities | Level 1,Total liabilities,0,usd_millions,1,1,10,printed_dash_zero
business_100,4064731,20,https://web.quartr.com/companies/21558?companyId=21558&documentId=4064731&documentType=report&eventId=405757&navigation=external&utm_medium=referral&utm_source=mcp&rp=20,note_financial_instruments,"As at Mar 31, 2025",2025-03-31,instant,Fair value hierarchy | Liabilities | Level 2,Total liabilities,1292.8,usd_millions,1,1,10,
business_100,4064731,20,https://web.quartr.com/companies/21558?companyId=21558&documentId=4064731&documentType=report&eventId=405757&navigation=external&utm_medium=referral&utm_source=mcp&rp=20,note_financial_instruments,"As at Mar 31, 2025",2025-03-31,instant,Fair value hierarchy | Liabilities | Level 3,Total liabilities,0,usd_millions,1,1,10,printed_dash_zero
business_100,4064731,20,https://web.quartr.com/companies/21558?companyId=21558&documentId=4064731&documentType=report&eventId=405757&navigation=external&utm_medium=referral&utm_source=mcp&rp=20,note_financial_instruments,"As at Mar 31, 2025",2025-03-31,instant,Fair value hierarchy | Liabilities | Total,Total liabilities,1292.8,usd_millions,1,1,10,
business_100,4064731,20,https://web.quartr.com/companies/21558?companyId=21558&documentId=4064731&documentType=report&eventId=405757&navigation=external&utm_medium=referral&utm_source=mcp&rp=20,note_related_party,"As at Sep 30, 2025",2025-09-30,instant,Included in trade payables and accrued liabilities:,Due to Brookfield affiliates,0.1,usd_millions,0,0,1,
business_100,4064731,20,https://web.quartr.com/companies/21558?companyId=21558&documentId=4064731&documentType=report&eventId=405757&navigation=external&utm_medium=referral&utm_source=mcp&rp=20,note_related_party,"As at Mar 31, 2025",2025-03-31,instant,Included in trade payables and accrued liabilities:,Due to Brookfield affiliates,0,usd_millions,0,1,1,printed_dash_zero
business_100,4064731,20,https://web.quartr.com/companies/21558?companyId=21558&documentId=4064731&documentType=report&eventId=405757&navigation=external&utm_medium=referral&utm_source=mcp&rp=20,note_related_party,"As at Sep 30, 2025",2025-09-30,instant,Included in trade payables and accrued liabilities:,"Other accrued costs, including electricity costs",0.2,usd_millions,0,0,2,
business_100,4064731,20,https://web.quartr.com/companies/21558?companyId=21558&documentId=4064731&documentType=report&eventId=405757&navigation=external&utm_medium=referral&utm_source=mcp&rp=20,note_related_party,"As at Mar 31, 2025",2025-03-31,instant,Included in trade payables and accrued liabilities:,"Other accrued costs, including electricity costs",0.3,usd_millions,0,1,2,
business_100,4064731,20,https://web.quartr.com/companies/21558?companyId=21558&documentId=4064731&documentType=report&eventId=405757&navigation=external&utm_medium=referral&utm_source=mcp&rp=20,note_related_party,"As at Sep 30, 2025",2025-09-30,instant,,Total amounts owing to related parties,0.3,usd_millions,1,0,3,
business_100,4064731,20,https://web.quartr.com/companies/21558?companyId=21558&documentId=4064731&documentType=report&eventId=405757&navigation=external&utm_medium=referral&utm_source=mcp&rp=20,note_related_party,"As at Mar 31, 2025",2025-03-31,instant,,Total amounts owing to related parties,0.3,usd_millions,1,1,3,
business_100,4064731,20,https://web.quartr.com/companies/21558?companyId=21558&documentId=4064731&documentType=report&eventId=405757&navigation=external&utm_medium=referral&utm_source=mcp&rp=20,note_related_party,"As at Sep 30, 2025",2025-09-30,instant,,Included in due from affiliates,37.0,usd_millions,0,0,4,
business_100,4064731,20,https://web.quartr.com/companies/21558?companyId=21558&documentId=4064731&documentType=report&eventId=405757&navigation=external&utm_medium=referral&utm_source=mcp&rp=20,note_related_party,"As at Mar 31, 2025",2025-03-31,instant,,Included in due from affiliates,83.0,usd_millions,0,1,4,
business_100,4064731,20,https://web.quartr.com/companies/21558?companyId=21558&documentId=4064731&documentType=report&eventId=405757&navigation=external&utm_medium=referral&utm_source=mcp&rp=20,note_related_party,Q2 FY2026,2025-09-30,Q,,Interest on affiliated debt (financing costs),0,usd_millions,0,0,5,printed_dash_zero
business_100,4064731,20,https://web.quartr.com/companies/21558?companyId=21558&documentId=4064731&documentType=report&eventId=405757&navigation=external&utm_medium=referral&utm_source=mcp&rp=20,note_related_party,Q2 FY2025,2024-09-30,Q,,Interest on affiliated debt (financing costs),4.0,usd_millions,0,1,5,
business_100,4064731,20,https://web.quartr.com/companies/21558?companyId=21558&documentId=4064731&documentType=report&eventId=405757&navigation=external&utm_medium=referral&utm_source=mcp&rp=20,note_related_party,6M FY2026,2025-09-30,YTD,,Interest on affiliated debt (financing costs),0,usd_millions,0,0,5,printed_dash_zero
business_100,4064731,20,https://web.quartr.com/companies/21558?companyId=21558&documentId=4064731&documentType=report&eventId=405757&navigation=external&utm_medium=referral&utm_source=mcp&rp=20,note_related_party,6M FY2025,2024-09-30,YTD,,Interest on affiliated debt (financing costs),8.6,usd_millions,0,1,5,
business_100,4064731,20,https://web.quartr.com/companies/21558?companyId=21558&documentId=4064731&documentType=report&eventId=405757&navigation=external&utm_medium=referral&utm_source=mcp&rp=20,note_related_party,Q2 FY2026,2025-09-30,Q,,Electricity (operating),0.5,usd_millions,0,0,6,
business_100,4064731,20,https://web.quartr.com/companies/21558?companyId=21558&documentId=4064731&documentType=report&eventId=405757&navigation=external&utm_medium=referral&utm_source=mcp&rp=20,note_related_party,Q2 FY2025,2024-09-30,Q,,Electricity (operating),0.6,usd_millions,0,1,6,
business_100,4064731,20,https://web.quartr.com/companies/21558?companyId=21558&documentId=4064731&documentType=report&eventId=405757&navigation=external&utm_medium=referral&utm_source=mcp&rp=20,note_related_party,6M FY2026,2025-09-30,YTD,,Electricity (operating),1.0,usd_millions,0,0,6,
business_100,4064731,20,https://web.quartr.com/companies/21558?companyId=21558&documentId=4064731&documentType=report&eventId=405757&navigation=external&utm_medium=referral&utm_source=mcp&rp=20,note_related_party,6M FY2025,2024-09-30,YTD,,Electricity (operating),1.1,usd_millions,0,1,6,
business_100,4064731,20,https://web.quartr.com/companies/21558?companyId=21558&documentId=4064731&documentType=report&eventId=405757&navigation=external&utm_medium=referral&utm_source=mcp&rp=20,note_related_party,Q2 FY2026,2025-09-30,Q,,(unlabelled subtotal),0.5,usd_millions,1,0,7,unlabelled total row - no caption printed
business_100,4064731,20,https://web.quartr.com/companies/21558?companyId=21558&documentId=4064731&documentType=report&eventId=405757&navigation=external&utm_medium=referral&utm_source=mcp&rp=20,note_related_party,Q2 FY2025,2024-09-30,Q,,(unlabelled subtotal),4.6,usd_millions,1,1,7,unlabelled total row - no caption printed
business_100,4064731,20,https://web.quartr.com/companies/21558?companyId=21558&documentId=4064731&documentType=report&eventId=405757&navigation=external&utm_medium=referral&utm_source=mcp&rp=20,note_related_party,6M FY2026,2025-09-30,YTD,,(unlabelled subtotal),1.0,usd_millions,1,0,7,unlabelled total row - no caption printed
business_100,4064731,20,https://web.quartr.com/companies/21558?companyId=21558&documentId=4064731&documentType=report&eventId=405757&navigation=external&utm_medium=referral&utm_source=mcp&rp=20,note_related_party,6M FY2025,2024-09-30,YTD,,(unlabelled subtotal),9.7,usd_millions,1,1,7,unlabelled total row - no caption printed
business_100,4064731,21,https://web.quartr.com/companies/21558?companyId=21558&documentId=4064731&documentType=report&eventId=405757&navigation=external&utm_medium=referral&utm_source=mcp&rp=21,note_commitments,"As at Sep 30, 2025",2025-09-30,instant,For the fiscal year ending: | (column 1 - header not recovered by extractor; purchase obligations),2026,-54.6,usd_millions,0,0,1,column 1 caption lost in PDF extraction; printed values are negative and col1+col2=col3
business_100,4064731,21,https://web.quartr.com/companies/21558?companyId=21558&documentId=4064731&documentType=report&eventId=405757&navigation=external&utm_medium=referral&utm_source=mcp&rp=21,note_commitments,"As at Sep 30, 2025",2025-09-30,instant,For the fiscal year ending: | Unconditional sales obligations,2026,82.7,usd_millions,0,0,1,
business_100,4064731,21,https://web.quartr.com/companies/21558?companyId=21558&documentId=4064731&documentType=report&eventId=405757&navigation=external&utm_medium=referral&utm_source=mcp&rp=21,note_commitments,"As at Sep 30, 2025",2025-09-30,instant,For the fiscal year ending: | Net,2026,28.1,usd_millions,0,0,1,
business_100,4064731,21,https://web.quartr.com/companies/21558?companyId=21558&documentId=4064731&documentType=report&eventId=405757&navigation=external&utm_medium=referral&utm_source=mcp&rp=21,note_commitments,"As at Sep 30, 2025",2025-09-30,instant,For the fiscal year ending: | (column 1 - header not recovered by extractor; purchase obligations),2027,-66.0,usd_millions,0,0,2,column 1 caption lost in PDF extraction; printed values are negative and col1+col2=col3
business_100,4064731,21,https://web.quartr.com/companies/21558?companyId=21558&documentId=4064731&documentType=report&eventId=405757&navigation=external&utm_medium=referral&utm_source=mcp&rp=21,note_commitments,"As at Sep 30, 2025",2025-09-30,instant,For the fiscal year ending: | Unconditional sales obligations,2027,63.3,usd_millions,0,0,2,
business_100,4064731,21,https://web.quartr.com/companies/21558?companyId=21558&documentId=4064731&documentType=report&eventId=405757&navigation=external&utm_medium=referral&utm_source=mcp&rp=21,note_commitments,"As at Sep 30, 2025",2025-09-30,instant,For the fiscal year ending: | Net,2027,-2.7,usd_millions,0,0,2,
business_100,4064731,21,https://web.quartr.com/companies/21558?companyId=21558&documentId=4064731&documentType=report&eventId=405757&navigation=external&utm_medium=referral&utm_source=mcp&rp=21,note_commitments,"As at Sep 30, 2025",2025-09-30,instant,For the fiscal year ending: | (column 1 - header not recovered by extractor; purchase obligations),2028,-16.9,usd_millions,0,0,3,column 1 caption lost in PDF extraction; printed values are negative and col1+col2=col3
business_100,4064731,21,https://web.quartr.com/companies/21558?companyId=21558&documentId=4064731&documentType=report&eventId=405757&navigation=external&utm_medium=referral&utm_source=mcp&rp=21,note_commitments,"As at Sep 30, 2025",2025-09-30,instant,For the fiscal year ending: | Unconditional sales obligations,2028,24.2,usd_millions,0,0,3,
business_100,4064731,21,https://web.quartr.com/companies/21558?companyId=21558&documentId=4064731&documentType=report&eventId=405757&navigation=external&utm_medium=referral&utm_source=mcp&rp=21,note_commitments,"As at Sep 30, 2025",2025-09-30,instant,For the fiscal year ending: | Net,2028,7.3,usd_millions,0,0,3,
business_100,4064731,21,https://web.quartr.com/companies/21558?companyId=21558&documentId=4064731&documentType=report&eventId=405757&navigation=external&utm_medium=referral&utm_source=mcp&rp=21,note_commitments,"As at Sep 30, 2025",2025-09-30,instant,For the fiscal year ending: | (column 1 - header not recovered by extractor; purchase obligations),2029,-6.3,usd_millions,0,0,4,column 1 caption lost in PDF extraction; printed values are negative and col1+col2=col3
business_100,4064731,21,https://web.quartr.com/companies/21558?companyId=21558&documentId=4064731&documentType=report&eventId=405757&navigation=external&utm_medium=referral&utm_source=mcp&rp=21,note_commitments,"As at Sep 30, 2025",2025-09-30,instant,For the fiscal year ending: | Unconditional sales obligations,2029,12.1,usd_millions,0,0,4,
business_100,4064731,21,https://web.quartr.com/companies/21558?companyId=21558&documentId=4064731&documentType=report&eventId=405757&navigation=external&utm_medium=referral&utm_source=mcp&rp=21,note_commitments,"As at Sep 30, 2025",2025-09-30,instant,For the fiscal year ending: | Net,2029,5.8,usd_millions,0,0,4,
business_100,4064731,21,https://web.quartr.com/companies/21558?companyId=21558&documentId=4064731&documentType=report&eventId=405757&navigation=external&utm_medium=referral&utm_source=mcp&rp=21,note_commitments,"As at Sep 30, 2025",2025-09-30,instant,For the fiscal year ending: | (column 1 - header not recovered by extractor; purchase obligations),2030,0,usd_millions,0,0,5,column 1 caption lost in PDF extraction; printed values are negative and col1+col2=col3; printed_dash_zero
business_100,4064731,21,https://web.quartr.com/companies/21558?companyId=21558&documentId=4064731&documentType=report&eventId=405757&navigation=external&utm_medium=referral&utm_source=mcp&rp=21,note_commitments,"As at Sep 30, 2025",2025-09-30,instant,For the fiscal year ending: | Unconditional sales obligations,2030,6.0,usd_millions,0,0,5,
business_100,4064731,21,https://web.quartr.com/companies/21558?companyId=21558&documentId=4064731&documentType=report&eventId=405757&navigation=external&utm_medium=referral&utm_source=mcp&rp=21,note_commitments,"As at Sep 30, 2025",2025-09-30,instant,For the fiscal year ending: | Net,2030,6.0,usd_millions,0,0,5,
business_100,4064731,21,https://web.quartr.com/companies/21558?companyId=21558&documentId=4064731&documentType=report&eventId=405757&navigation=external&utm_medium=referral&utm_source=mcp&rp=21,note_commitments,"As at Sep 30, 2025",2025-09-30,instant,For the fiscal year ending: | (column 1 - header not recovered by extractor; purchase obligations),2031 and thereafter,0,usd_millions,0,0,6,column 1 caption lost in PDF extraction; printed values are negative and col1+col2=col3; printed_dash_zero
business_100,4064731,21,https://web.quartr.com/companies/21558?companyId=21558&documentId=4064731&documentType=report&eventId=405757&navigation=external&utm_medium=referral&utm_source=mcp&rp=21,note_commitments,"As at Sep 30, 2025",2025-09-30,instant,For the fiscal year ending: | Unconditional sales obligations,2031 and thereafter,1.9,usd_millions,0,0,6,
business_100,4064731,21,https://web.quartr.com/companies/21558?companyId=21558&documentId=4064731&documentType=report&eventId=405757&navigation=external&utm_medium=referral&utm_source=mcp&rp=21,note_commitments,"As at Sep 30, 2025",2025-09-30,instant,For the fiscal year ending: | Net,2031 and thereafter,1.9,usd_millions,0,0,6,
business_100,4064731,21,https://web.quartr.com/companies/21558?companyId=21558&documentId=4064731&documentType=report&eventId=405757&navigation=external&utm_medium=referral&utm_source=mcp&rp=21,note_commitments,"As at Sep 30, 2025",2025-09-30,instant,For the fiscal year ending: | (column 1 - header not recovered by extractor; purchase obligations),Total,-143.8,usd_millions,1,0,7,column 1 caption lost in PDF extraction; printed values are negative and col1+col2=col3
business_100,4064731,21,https://web.quartr.com/companies/21558?companyId=21558&documentId=4064731&documentType=report&eventId=405757&navigation=external&utm_medium=referral&utm_source=mcp&rp=21,note_commitments,"As at Sep 30, 2025",2025-09-30,instant,For the fiscal year ending: | Unconditional sales obligations,Total,190.2,usd_millions,1,0,7,
business_100,4064731,21,https://web.quartr.com/companies/21558?companyId=21558&documentId=4064731&documentType=report&eventId=405757&navigation=external&utm_medium=referral&utm_source=mcp&rp=21,note_commitments,"As at Sep 30, 2025",2025-09-30,instant,For the fiscal year ending: | Net,Total,46.4,usd_millions,1,0,7,
business_100,4064731,22,https://web.quartr.com/companies/21558?companyId=21558&documentId=4064731&documentType=report&eventId=405757&navigation=external&utm_medium=referral&utm_source=mcp&rp=22,note_other,Q2 FY2026,2025-09-30,Q,Changes in non-cash working capital include:,Margin deposits,-2.1,usd_millions,0,0,1,
business_100,4064731,22,https://web.quartr.com/companies/21558?companyId=21558&documentId=4064731&documentType=report&eventId=405757&navigation=external&utm_medium=referral&utm_source=mcp&rp=22,note_other,Q2 FY2025,2024-09-30,Q,Changes in non-cash working capital include:,Margin deposits,-1.5,usd_millions,0,1,1,
business_100,4064731,22,https://web.quartr.com/companies/21558?companyId=21558&documentId=4064731&documentType=report&eventId=405757&navigation=external&utm_medium=referral&utm_source=mcp&rp=22,note_other,6M FY2026,2025-09-30,YTD,Changes in non-cash working capital include:,Margin deposits,-7.6,usd_millions,0,0,1,
business_100,4064731,22,https://web.quartr.com/companies/21558?companyId=21558&documentId=4064731&documentType=report&eventId=405757&navigation=external&utm_medium=referral&utm_source=mcp&rp=22,note_other,6M FY2025,2024-09-30,YTD,Changes in non-cash working capital include:,Margin deposits,22.4,usd_millions,0,1,1,
business_100,4064731,22,https://web.quartr.com/companies/21558?companyId=21558&documentId=4064731&documentType=report&eventId=405757&navigation=external&utm_medium=referral&utm_source=mcp&rp=22,note_other,Q2 FY2026,2025-09-30,Q,Changes in non-cash working capital include:,Trade receivables,0.5,usd_millions,0,0,2,
business_100,4064731,22,https://web.quartr.com/companies/21558?companyId=21558&documentId=4064731&documentType=report&eventId=405757&navigation=external&utm_medium=referral&utm_source=mcp&rp=22,note_other,Q2 FY2025,2024-09-30,Q,Changes in non-cash working capital include:,Trade receivables,0.7,usd_millions,0,1,2,
business_100,4064731,22,https://web.quartr.com/companies/21558?companyId=21558&documentId=4064731&documentType=report&eventId=405757&navigation=external&utm_medium=referral&utm_source=mcp&rp=22,note_other,6M FY2026,2025-09-30,YTD,Changes in non-cash working capital include:,Trade receivables,3.3,usd_millions,0,0,2,
business_100,4064731,22,https://web.quartr.com/companies/21558?companyId=21558&documentId=4064731&documentType=report&eventId=405757&navigation=external&utm_medium=referral&utm_source=mcp&rp=22,note_other,6M FY2025,2024-09-30,YTD,Changes in non-cash working capital include:,Trade receivables,3.6,usd_millions,0,1,2,
business_100,4064731,22,https://web.quartr.com/companies/21558?companyId=21558&documentId=4064731&documentType=report&eventId=405757&navigation=external&utm_medium=referral&utm_source=mcp&rp=22,note_other,Q2 FY2026,2025-09-30,Q,Changes in non-cash working capital include:,Accrued receivables,-1.0,usd_millions,0,0,3,
business_100,4064731,22,https://web.quartr.com/companies/21558?companyId=21558&documentId=4064731&documentType=report&eventId=405757&navigation=external&utm_medium=referral&utm_source=mcp&rp=22,note_other,Q2 FY2025,2024-09-30,Q,Changes in non-cash working capital include:,Accrued receivables,-4.0,usd_millions,0,1,3,
business_100,4064731,22,https://web.quartr.com/companies/21558?companyId=21558&documentId=4064731&documentType=report&eventId=405757&navigation=external&utm_medium=referral&utm_source=mcp&rp=22,note_other,6M FY2026,2025-09-30,YTD,Changes in non-cash working capital include:,Accrued receivables,23.7,usd_millions,0,0,3,
business_100,4064731,22,https://web.quartr.com/companies/21558?companyId=21558&documentId=4064731&documentType=report&eventId=405757&navigation=external&utm_medium=referral&utm_source=mcp&rp=22,note_other,6M FY2025,2024-09-30,YTD,Changes in non-cash working capital include:,Accrued receivables,18.4,usd_millions,0,1,3,
business_100,4064731,22,https://web.quartr.com/companies/21558?companyId=21558&documentId=4064731&documentType=report&eventId=405757&navigation=external&utm_medium=referral&utm_source=mcp&rp=22,note_other,Q2 FY2026,2025-09-30,Q,Changes in non-cash working capital include:,Natural gas inventory,0.3,usd_millions,0,0,4,
business_100,4064731,22,https://web.quartr.com/companies/21558?companyId=21558&documentId=4064731&documentType=report&eventId=405757&navigation=external&utm_medium=referral&utm_source=mcp&rp=22,note_other,Q2 FY2025,2024-09-30,Q,Changes in non-cash working capital include:,Natural gas inventory,12.7,usd_millions,0,1,4,
business_100,4064731,22,https://web.quartr.com/companies/21558?companyId=21558&documentId=4064731&documentType=report&eventId=405757&navigation=external&utm_medium=referral&utm_source=mcp&rp=22,note_other,6M FY2026,2025-09-30,YTD,Changes in non-cash working capital include:,Natural gas inventory,-21.7,usd_millions,0,0,4,
business_100,4064731,22,https://web.quartr.com/companies/21558?companyId=21558&documentId=4064731&documentType=report&eventId=405757&navigation=external&utm_medium=referral&utm_source=mcp&rp=22,note_other,6M FY2025,2024-09-30,YTD,Changes in non-cash working capital include:,Natural gas inventory,46.5,usd_millions,0,1,4,
business_100,4064731,22,https://web.quartr.com/companies/21558?companyId=21558&documentId=4064731&documentType=report&eventId=405757&navigation=external&utm_medium=referral&utm_source=mcp&rp=22,note_other,Q2 FY2026,2025-09-30,Q,Changes in non-cash working capital include:,Prepaid expenses and other current assets,-1.5,usd_millions,0,0,5,
business_100,4064731,22,https://web.quartr.com/companies/21558?companyId=21558&documentId=4064731&documentType=report&eventId=405757&navigation=external&utm_medium=referral&utm_source=mcp&rp=22,note_other,Q2 FY2025,2024-09-30,Q,Changes in non-cash working capital include:,Prepaid expenses and other current assets,-0.6,usd_millions,0,1,5,
business_100,4064731,22,https://web.quartr.com/companies/21558?companyId=21558&documentId=4064731&documentType=report&eventId=405757&navigation=external&utm_medium=referral&utm_source=mcp&rp=22,note_other,6M FY2026,2025-09-30,YTD,Changes in non-cash working capital include:,Prepaid expenses and other current assets,-3.8,usd_millions,0,0,5,
business_100,4064731,22,https://web.quartr.com/companies/21558?companyId=21558&documentId=4064731&documentType=report&eventId=405757&navigation=external&utm_medium=referral&utm_source=mcp&rp=22,note_other,6M FY2025,2024-09-30,YTD,Changes in non-cash working capital include:,Prepaid expenses and other current assets,-2.5,usd_millions,0,1,5,
business_100,4064731,22,https://web.quartr.com/companies/21558?companyId=21558&documentId=4064731&documentType=report&eventId=405757&navigation=external&utm_medium=referral&utm_source=mcp&rp=22,note_other,Q2 FY2026,2025-09-30,Q,Changes in non-cash working capital include:,Other assets,0.5,usd_millions,0,0,6,
business_100,4064731,22,https://web.quartr.com/companies/21558?companyId=21558&documentId=4064731&documentType=report&eventId=405757&navigation=external&utm_medium=referral&utm_source=mcp&rp=22,note_other,Q2 FY2025,2024-09-30,Q,Changes in non-cash working capital include:,Other assets,-0.5,usd_millions,0,1,6,
business_100,4064731,22,https://web.quartr.com/companies/21558?companyId=21558&documentId=4064731&documentType=report&eventId=405757&navigation=external&utm_medium=referral&utm_source=mcp&rp=22,note_other,6M FY2026,2025-09-30,YTD,Changes in non-cash working capital include:,Other assets,-0.2,usd_millions,0,0,6,
business_100,4064731,22,https://web.quartr.com/companies/21558?companyId=21558&documentId=4064731&documentType=report&eventId=405757&navigation=external&utm_medium=referral&utm_source=mcp&rp=22,note_other,6M FY2025,2024-09-30,YTD,Changes in non-cash working capital include:,Other assets,-0.7,usd_millions,0,1,6,
business_100,4064731,22,https://web.quartr.com/companies/21558?companyId=21558&documentId=4064731&documentType=report&eventId=405757&navigation=external&utm_medium=referral&utm_source=mcp&rp=22,note_other,Q2 FY2026,2025-09-30,Q,Changes in non-cash working capital include:,Trade payables,0.1,usd_millions,0,0,7,
business_100,4064731,22,https://web.quartr.com/companies/21558?companyId=21558&documentId=4064731&documentType=report&eventId=405757&navigation=external&utm_medium=referral&utm_source=mcp&rp=22,note_other,Q2 FY2025,2024-09-30,Q,Changes in non-cash working capital include:,Trade payables,-0.5,usd_millions,0,1,7,
business_100,4064731,22,https://web.quartr.com/companies/21558?companyId=21558&documentId=4064731&documentType=report&eventId=405757&navigation=external&utm_medium=referral&utm_source=mcp&rp=22,note_other,6M FY2026,2025-09-30,YTD,Changes in non-cash working capital include:,Trade payables,-2.0,usd_millions,0,0,7,
business_100,4064731,22,https://web.quartr.com/companies/21558?companyId=21558&documentId=4064731&documentType=report&eventId=405757&navigation=external&utm_medium=referral&utm_source=mcp&rp=22,note_other,6M FY2025,2024-09-30,YTD,Changes in non-cash working capital include:,Trade payables,0.4,usd_millions,0,1,7,
business_100,4064731,22,https://web.quartr.com/companies/21558?companyId=21558&documentId=4064731&documentType=report&eventId=405757&navigation=external&utm_medium=referral&utm_source=mcp&rp=22,note_other,Q2 FY2026,2025-09-30,Q,Changes in non-cash working capital include:,Accrued liabilities,2.6,usd_millions,0,0,8,
business_100,4064731,22,https://web.quartr.com/companies/21558?companyId=21558&documentId=4064731&documentType=report&eventId=405757&navigation=external&utm_medium=referral&utm_source=mcp&rp=22,note_other,Q2 FY2025,2024-09-30,Q,Changes in non-cash working capital include:,Accrued liabilities,1.8,usd_millions,0,1,8,
business_100,4064731,22,https://web.quartr.com/companies/21558?companyId=21558&documentId=4064731&documentType=report&eventId=405757&navigation=external&utm_medium=referral&utm_source=mcp&rp=22,note_other,6M FY2026,2025-09-30,YTD,Changes in non-cash working capital include:,Accrued liabilities,-9.9,usd_millions,0,0,8,
business_100,4064731,22,https://web.quartr.com/companies/21558?companyId=21558&documentId=4064731&documentType=report&eventId=405757&navigation=external&utm_medium=referral&utm_source=mcp&rp=22,note_other,6M FY2025,2024-09-30,YTD,Changes in non-cash working capital include:,Accrued liabilities,-17.0,usd_millions,0,1,8,
business_100,4064731,22,https://web.quartr.com/companies/21558?companyId=21558&documentId=4064731&documentType=report&eventId=405757&navigation=external&utm_medium=referral&utm_source=mcp&rp=22,note_other,Q2 FY2026,2025-09-30,Q,Changes in non-cash working capital include:,Accrued lease interest,-0.1,usd_millions,0,0,9,
business_100,4064731,22,https://web.quartr.com/companies/21558?companyId=21558&documentId=4064731&documentType=report&eventId=405757&navigation=external&utm_medium=referral&utm_source=mcp&rp=22,note_other,Q2 FY2025,2024-09-30,Q,Changes in non-cash working capital include:,Accrued lease interest,2.3,usd_millions,0,1,9,
business_100,4064731,22,https://web.quartr.com/companies/21558?companyId=21558&documentId=4064731&documentType=report&eventId=405757&navigation=external&utm_medium=referral&utm_source=mcp&rp=22,note_other,6M FY2026,2025-09-30,YTD,Changes in non-cash working capital include:,Accrued lease interest,2.4,usd_millions,0,0,9,
business_100,4064731,22,https://web.quartr.com/companies/21558?companyId=21558&documentId=4064731&documentType=report&eventId=405757&navigation=external&utm_medium=referral&utm_source=mcp&rp=22,note_other,6M FY2025,2024-09-30,YTD,Changes in non-cash working capital include:,Accrued lease interest,4.8,usd_millions,0,1,9,
business_100,4064731,22,https://web.quartr.com/companies/21558?companyId=21558&documentId=4064731&documentType=report&eventId=405757&navigation=external&utm_medium=referral&utm_source=mcp&rp=22,note_other,Q2 FY2026,2025-09-30,Q,Changes in non-cash working capital include:,Deferred revenue,-0.5,usd_millions,0,0,10,
business_100,4064731,22,https://web.quartr.com/companies/21558?companyId=21558&documentId=4064731&documentType=report&eventId=405757&navigation=external&utm_medium=referral&utm_source=mcp&rp=22,note_other,Q2 FY2025,2024-09-30,Q,Changes in non-cash working capital include:,Deferred revenue,0.2,usd_millions,0,1,10,
business_100,4064731,22,https://web.quartr.com/companies/21558?companyId=21558&documentId=4064731&documentType=report&eventId=405757&navigation=external&utm_medium=referral&utm_source=mcp&rp=22,note_other,6M FY2026,2025-09-30,YTD,Changes in non-cash working capital include:,Deferred revenue,-0.6,usd_millions,0,0,10,
business_100,4064731,22,https://web.quartr.com/companies/21558?companyId=21558&documentId=4064731&documentType=report&eventId=405757&navigation=external&utm_medium=referral&utm_source=mcp&rp=22,note_other,6M FY2025,2024-09-30,YTD,Changes in non-cash working capital include:,Deferred revenue,-1.2,usd_millions,0,1,10,
business_100,4064731,22,https://web.quartr.com/companies/21558?companyId=21558&documentId=4064731&documentType=report&eventId=405757&navigation=external&utm_medium=referral&utm_source=mcp&rp=22,note_other,Q2 FY2026,2025-09-30,Q,Changes in non-cash working capital include:,Other long-term liabilities,0.2,usd_millions,0,0,11,
business_100,4064731,22,https://web.quartr.com/companies/21558?companyId=21558&documentId=4064731&documentType=report&eventId=405757&navigation=external&utm_medium=referral&utm_source=mcp&rp=22,note_other,Q2 FY2025,2024-09-30,Q,Changes in non-cash working capital include:,Other long-term liabilities,-0.1,usd_millions,0,1,11,
business_100,4064731,22,https://web.quartr.com/companies/21558?companyId=21558&documentId=4064731&documentType=report&eventId=405757&navigation=external&utm_medium=referral&utm_source=mcp&rp=22,note_other,6M FY2026,2025-09-30,YTD,Changes in non-cash working capital include:,Other long-term liabilities,0.5,usd_millions,0,0,11,
business_100,4064731,22,https://web.quartr.com/companies/21558?companyId=21558&documentId=4064731&documentType=report&eventId=405757&navigation=external&utm_medium=referral&utm_source=mcp&rp=22,note_other,6M FY2025,2024-09-30,YTD,Changes in non-cash working capital include:,Other long-term liabilities,-0.5,usd_millions,0,1,11,
business_100,4064731,22,https://web.quartr.com/companies/21558?companyId=21558&documentId=4064731&documentType=report&eventId=405757&navigation=external&utm_medium=referral&utm_source=mcp&rp=22,note_other,Q2 FY2026,2025-09-30,Q,Changes in non-cash working capital include:,Net changes in non-cash working capital,-1.0,usd_millions,1,0,12,
business_100,4064731,22,https://web.quartr.com/companies/21558?companyId=21558&documentId=4064731&documentType=report&eventId=405757&navigation=external&utm_medium=referral&utm_source=mcp&rp=22,note_other,Q2 FY2025,2024-09-30,Q,Changes in non-cash working capital include:,Net changes in non-cash working capital,10.5,usd_millions,1,1,12,
business_100,4064731,22,https://web.quartr.com/companies/21558?companyId=21558&documentId=4064731&documentType=report&eventId=405757&navigation=external&utm_medium=referral&utm_source=mcp&rp=22,note_other,6M FY2026,2025-09-30,YTD,Changes in non-cash working capital include:,Net changes in non-cash working capital,-15.9,usd_millions,1,0,12,
business_100,4064731,22,https://web.quartr.com/companies/21558?companyId=21558&documentId=4064731&documentType=report&eventId=405757&navigation=external&utm_medium=referral&utm_source=mcp&rp=22,note_other,6M FY2025,2024-09-30,YTD,Changes in non-cash working capital include:,Net changes in non-cash working capital,74.2,usd_millions,1,1,12,
business_100,4064731,22,https://web.quartr.com/companies/21558?companyId=21558&documentId=4064731&documentType=report&eventId=405757&navigation=external&utm_medium=referral&utm_source=mcp&rp=22,note_other,Q2 FY2026,2025-09-30,Q,Other supplemental cash flow information,Interest paid in cash,24.0,usd_millions,0,0,13,
business_100,4064731,22,https://web.quartr.com/companies/21558?companyId=21558&documentId=4064731&documentType=report&eventId=405757&navigation=external&utm_medium=referral&utm_source=mcp&rp=22,note_other,Q2 FY2025,2024-09-30,Q,Other supplemental cash flow information,Interest paid in cash,23.1,usd_millions,0,1,13,
business_100,4064731,22,https://web.quartr.com/companies/21558?companyId=21558&documentId=4064731&documentType=report&eventId=405757&navigation=external&utm_medium=referral&utm_source=mcp&rp=22,note_other,6M FY2026,2025-09-30,YTD,Other supplemental cash flow information,Interest paid in cash,45.2,usd_millions,0,0,13,
business_100,4064731,22,https://web.quartr.com/companies/21558?companyId=21558&documentId=4064731&documentType=report&eventId=405757&navigation=external&utm_medium=referral&utm_source=mcp&rp=22,note_other,6M FY2025,2024-09-30,YTD,Other supplemental cash flow information,Interest paid in cash,32.0,usd_millions,0,1,13,
business_100,4064731,22,https://web.quartr.com/companies/21558?companyId=21558&documentId=4064731&documentType=report&eventId=405757&navigation=external&utm_medium=referral&utm_source=mcp&rp=22,note_other,Q2 FY2026,2025-09-30,Q,Other supplemental cash flow information,Interest paid in-kind,0,usd_millions,0,0,14,printed_dash_zero
business_100,4064731,22,https://web.quartr.com/companies/21558?companyId=21558&documentId=4064731&documentType=report&eventId=405757&navigation=external&utm_medium=referral&utm_source=mcp&rp=22,note_other,Q2 FY2025,2024-09-30,Q,Other supplemental cash flow information,Interest paid in-kind,0,usd_millions,0,1,14,printed_dash_zero
business_100,4064731,22,https://web.quartr.com/companies/21558?companyId=21558&documentId=4064731&documentType=report&eventId=405757&navigation=external&utm_medium=referral&utm_source=mcp&rp=22,note_other,6M FY2026,2025-09-30,YTD,Other supplemental cash flow information,Interest paid in-kind,0,usd_millions,0,0,14,printed_dash_zero
business_100,4064731,22,https://web.quartr.com/companies/21558?companyId=21558&documentId=4064731&documentType=report&eventId=405757&navigation=external&utm_medium=referral&utm_source=mcp&rp=22,note_other,6M FY2025,2024-09-30,YTD,Other supplemental cash flow information,Interest paid in-kind,8.9,usd_millions,0,1,14,
business_100,4064731,22,https://web.quartr.com/companies/21558?companyId=21558&documentId=4064731&documentType=report&eventId=405757&navigation=external&utm_medium=referral&utm_source=mcp&rp=22,note_other,Q2 FY2026,2025-09-30,Q,Other supplemental cash flow information,Lease cash payments,20.2,usd_millions,0,0,15,
business_100,4064731,22,https://web.quartr.com/companies/21558?companyId=21558&documentId=4064731&documentType=report&eventId=405757&navigation=external&utm_medium=referral&utm_source=mcp&rp=22,note_other,Q2 FY2025,2024-09-30,Q,Other supplemental cash flow information,Lease cash payments,0.5,usd_millions,0,1,15,
business_100,4064731,22,https://web.quartr.com/companies/21558?companyId=21558&documentId=4064731&documentType=report&eventId=405757&navigation=external&utm_medium=referral&utm_source=mcp&rp=22,note_other,6M FY2026,2025-09-30,YTD,Other supplemental cash flow information,Lease cash payments,26.8,usd_millions,0,0,15,
business_100,4064731,22,https://web.quartr.com/companies/21558?companyId=21558&documentId=4064731&documentType=report&eventId=405757&navigation=external&utm_medium=referral&utm_source=mcp&rp=22,note_other,6M FY2025,2024-09-30,YTD,Other supplemental cash flow information,Lease cash payments,4.0,usd_millions,0,1,15,
business_100,4064731,22,https://web.quartr.com/companies/21558?companyId=21558&documentId=4064731&documentType=report&eventId=405757&navigation=external&utm_medium=referral&utm_source=mcp&rp=22,note_other,Q2 FY2026,2025-09-30,Q,Other supplemental cash flow information,Tax paid,0.1,usd_millions,0,0,16,
business_100,4064731,22,https://web.quartr.com/companies/21558?companyId=21558&documentId=4064731&documentType=report&eventId=405757&navigation=external&utm_medium=referral&utm_source=mcp&rp=22,note_other,Q2 FY2025,2024-09-30,Q,Other supplemental cash flow information,Tax paid,0,usd_millions,0,1,16,printed_dash_zero
business_100,4064731,22,https://web.quartr.com/companies/21558?companyId=21558&documentId=4064731&documentType=report&eventId=405757&navigation=external&utm_medium=referral&utm_source=mcp&rp=22,note_other,6M FY2026,2025-09-30,YTD,Other supplemental cash flow information,Tax paid,0.1,usd_millions,0,0,16,
business_100,4064731,22,https://web.quartr.com/companies/21558?companyId=21558&documentId=4064731&documentType=report&eventId=405757&navigation=external&utm_medium=referral&utm_source=mcp&rp=22,note_other,6M FY2025,2024-09-30,YTD,Other supplemental cash flow information,Tax paid,0,usd_millions,0,1,16,printed_dash_zero
business_100,4064731,22,https://web.quartr.com/companies/21558?companyId=21558&documentId=4064731&documentType=report&eventId=405757&navigation=external&utm_medium=referral&utm_source=mcp&rp=22,note_other,Q2 FY2026,2025-09-30,Q,Non-cash investing activities:,"Changes in working capital related to property, plant and equipment",0.2,usd_millions,0,0,17,
business_100,4064731,22,https://web.quartr.com/companies/21558?companyId=21558&documentId=4064731&documentType=report&eventId=405757&navigation=external&utm_medium=referral&utm_source=mcp&rp=22,note_other,Q2 FY2025,2024-09-30,Q,Non-cash investing activities:,"Changes in working capital related to property, plant and equipment",-3.1,usd_millions,0,1,17,
business_100,4064731,22,https://web.quartr.com/companies/21558?companyId=21558&documentId=4064731&documentType=report&eventId=405757&navigation=external&utm_medium=referral&utm_source=mcp&rp=22,note_other,6M FY2026,2025-09-30,YTD,Non-cash investing activities:,"Changes in working capital related to property, plant and equipment",4.4,usd_millions,0,0,17,
business_100,4064731,22,https://web.quartr.com/companies/21558?companyId=21558&documentId=4064731&documentType=report&eventId=405757&navigation=external&utm_medium=referral&utm_source=mcp&rp=22,note_other,6M FY2025,2024-09-30,YTD,Non-cash investing activities:,"Changes in working capital related to property, plant and equipment",-4.0,usd_millions,0,1,17,
business_100,4064733,2,https://web.quartr.com/companies/21558?companyId=21558&documentId=4064733&documentType=report&eventId=411100&navigation=external&utm_medium=referral&utm_source=mcp&rp=2,income_statement,Q3 FY2026,2025-12-31,Q,REVENUES,Fee for service revenue,96.6,usd_millions,0,0,1,
business_100,4064733,2,https://web.quartr.com/companies/21558?companyId=21558&documentId=4064733&documentType=report&eventId=411100&navigation=external&utm_medium=referral&utm_source=mcp&rp=2,income_statement,Q3 FY2025,2024-12-31,Q,REVENUES,Fee for service revenue,86.4,usd_millions,0,1,1,
business_100,4064733,2,https://web.quartr.com/companies/21558?companyId=21558&documentId=4064733&documentType=report&eventId=411100&navigation=external&utm_medium=referral&utm_source=mcp&rp=2,income_statement,9M FY2026,2025-12-31,YTD,REVENUES,Fee for service revenue,285.5,usd_millions,0,0,1,
business_100,4064733,2,https://web.quartr.com/companies/21558?companyId=21558&documentId=4064733&documentType=report&eventId=411100&navigation=external&utm_medium=referral&utm_source=mcp&rp=2,income_statement,9M FY2025,2024-12-31,YTD,REVENUES,Fee for service revenue,257.4,usd_millions,0,1,1,
business_100,4064733,2,https://web.quartr.com/companies/21558?companyId=21558&documentId=4064733&documentType=report&eventId=411100&navigation=external&utm_medium=referral&utm_source=mcp&rp=2,income_statement,Q3 FY2026,2025-12-31,Q,REVENUES,"Optimization, net",50.6,usd_millions,0,0,2,
business_100,4064733,2,https://web.quartr.com/companies/21558?companyId=21558&documentId=4064733&documentType=report&eventId=411100&navigation=external&utm_medium=referral&utm_source=mcp&rp=2,income_statement,Q3 FY2025,2024-12-31,Q,REVENUES,"Optimization, net",26.0,usd_millions,0,1,2,
business_100,4064733,2,https://web.quartr.com/companies/21558?companyId=21558&documentId=4064733&documentType=report&eventId=411100&navigation=external&utm_medium=referral&utm_source=mcp&rp=2,income_statement,9M FY2026,2025-12-31,YTD,REVENUES,"Optimization, net",69.0,usd_millions,0,0,2,
business_100,4064733,2,https://web.quartr.com/companies/21558?companyId=21558&documentId=4064733&documentType=report&eventId=411100&navigation=external&utm_medium=referral&utm_source=mcp&rp=2,income_statement,9M FY2025,2024-12-31,YTD,REVENUES,"Optimization, net",29.8,usd_millions,0,1,2,
business_100,4064733,2,https://web.quartr.com/companies/21558?companyId=21558&documentId=4064733&documentType=report&eventId=411100&navigation=external&utm_medium=referral&utm_source=mcp&rp=2,income_statement,Q3 FY2026,2025-12-31,Q,REVENUES,Total revenues,147.2,usd_millions,1,0,3,
business_100,4064733,2,https://web.quartr.com/companies/21558?companyId=21558&documentId=4064733&documentType=report&eventId=411100&navigation=external&utm_medium=referral&utm_source=mcp&rp=2,income_statement,Q3 FY2025,2024-12-31,Q,REVENUES,Total revenues,112.4,usd_millions,1,1,3,
business_100,4064733,2,https://web.quartr.com/companies/21558?companyId=21558&documentId=4064733&documentType=report&eventId=411100&navigation=external&utm_medium=referral&utm_source=mcp&rp=2,income_statement,9M FY2026,2025-12-31,YTD,REVENUES,Total revenues,354.5,usd_millions,1,0,3,
business_100,4064733,2,https://web.quartr.com/companies/21558?companyId=21558&documentId=4064733&documentType=report&eventId=411100&navigation=external&utm_medium=referral&utm_source=mcp&rp=2,income_statement,9M FY2025,2024-12-31,YTD,REVENUES,Total revenues,287.2,usd_millions,1,1,3,
business_100,4064733,2,https://web.quartr.com/companies/21558?companyId=21558&documentId=4064733&documentType=report&eventId=411100&navigation=external&utm_medium=referral&utm_source=mcp&rp=2,income_statement,Q3 FY2026,2025-12-31,Q,EXPENSES (INCOME),Cost of gas storage services,2.3,usd_millions,0,0,4,
business_100,4064733,2,https://web.quartr.com/companies/21558?companyId=21558&documentId=4064733&documentType=report&eventId=411100&navigation=external&utm_medium=referral&utm_source=mcp&rp=2,income_statement,Q3 FY2025,2024-12-31,Q,EXPENSES (INCOME),Cost of gas storage services,3.5,usd_millions,0,1,4,
business_100,4064733,2,https://web.quartr.com/companies/21558?companyId=21558&documentId=4064733&documentType=report&eventId=411100&navigation=external&utm_medium=referral&utm_source=mcp&rp=2,income_statement,9M FY2026,2025-12-31,YTD,EXPENSES (INCOME),Cost of gas storage services,4.6,usd_millions,0,0,4,
business_100,4064733,2,https://web.quartr.com/companies/21558?companyId=21558&documentId=4064733&documentType=report&eventId=411100&navigation=external&utm_medium=referral&utm_source=mcp&rp=2,income_statement,9M FY2025,2024-12-31,YTD,EXPENSES (INCOME),Cost of gas storage services,5.8,usd_millions,0,1,4,
business_100,4064733,2,https://web.quartr.com/companies/21558?companyId=21558&documentId=4064733&documentType=report&eventId=411100&navigation=external&utm_medium=referral&utm_source=mcp&rp=2,income_statement,Q3 FY2026,2025-12-31,Q,EXPENSES (INCOME),Operating,11.8,usd_millions,0,0,5,
business_100,4064733,2,https://web.quartr.com/companies/21558?companyId=21558&documentId=4064733&documentType=report&eventId=411100&navigation=external&utm_medium=referral&utm_source=mcp&rp=2,income_statement,Q3 FY2025,2024-12-31,Q,EXPENSES (INCOME),Operating,11.4,usd_millions,0,1,5,
business_100,4064733,2,https://web.quartr.com/companies/21558?companyId=21558&documentId=4064733&documentType=report&eventId=411100&navigation=external&utm_medium=referral&utm_source=mcp&rp=2,income_statement,9M FY2026,2025-12-31,YTD,EXPENSES (INCOME),Operating,37.6,usd_millions,0,0,5,
business_100,4064733,2,https://web.quartr.com/companies/21558?companyId=21558&documentId=4064733&documentType=report&eventId=411100&navigation=external&utm_medium=referral&utm_source=mcp&rp=2,income_statement,9M FY2025,2024-12-31,YTD,EXPENSES (INCOME),Operating,35.7,usd_millions,0,1,5,
business_100,4064733,2,https://web.quartr.com/companies/21558?companyId=21558&documentId=4064733&documentType=report&eventId=411100&navigation=external&utm_medium=referral&utm_source=mcp&rp=2,income_statement,Q3 FY2026,2025-12-31,Q,EXPENSES (INCOME),General and administrative,5.1,usd_millions,0,0,6,
business_100,4064733,2,https://web.quartr.com/companies/21558?companyId=21558&documentId=4064733&documentType=report&eventId=411100&navigation=external&utm_medium=referral&utm_source=mcp&rp=2,income_statement,Q3 FY2025,2024-12-31,Q,EXPENSES (INCOME),General and administrative,4.8,usd_millions,0,1,6,
business_100,4064733,2,https://web.quartr.com/companies/21558?companyId=21558&documentId=4064733&documentType=report&eventId=411100&navigation=external&utm_medium=referral&utm_source=mcp&rp=2,income_statement,9M FY2026,2025-12-31,YTD,EXPENSES (INCOME),General and administrative,15.7,usd_millions,0,0,6,
business_100,4064733,2,https://web.quartr.com/companies/21558?companyId=21558&documentId=4064733&documentType=report&eventId=411100&navigation=external&utm_medium=referral&utm_source=mcp&rp=2,income_statement,9M FY2025,2024-12-31,YTD,EXPENSES (INCOME),General and administrative,16.4,usd_millions,0,1,6,
business_100,4064733,2,https://web.quartr.com/companies/21558?companyId=21558&documentId=4064733&documentType=report&eventId=411100&navigation=external&utm_medium=referral&utm_source=mcp&rp=2,income_statement,Q3 FY2026,2025-12-31,Q,EXPENSES (INCOME),Depreciation and amortization,9.4,usd_millions,0,0,7,
business_100,4064733,2,https://web.quartr.com/companies/21558?companyId=21558&documentId=4064733&documentType=report&eventId=411100&navigation=external&utm_medium=referral&utm_source=mcp&rp=2,income_statement,Q3 FY2025,2024-12-31,Q,EXPENSES (INCOME),Depreciation and amortization,9.0,usd_millions,0,1,7,
business_100,4064733,2,https://web.quartr.com/companies/21558?companyId=21558&documentId=4064733&documentType=report&eventId=411100&navigation=external&utm_medium=referral&utm_source=mcp&rp=2,income_statement,9M FY2026,2025-12-31,YTD,EXPENSES (INCOME),Depreciation and amortization,26.4,usd_millions,0,0,7,
business_100,4064733,2,https://web.quartr.com/companies/21558?companyId=21558&documentId=4064733&documentType=report&eventId=411100&navigation=external&utm_medium=referral&utm_source=mcp&rp=2,income_statement,9M FY2025,2024-12-31,YTD,EXPENSES (INCOME),Depreciation and amortization,25.4,usd_millions,0,1,7,
business_100,4064733,2,https://web.quartr.com/companies/21558?companyId=21558&documentId=4064733&documentType=report&eventId=411100&navigation=external&utm_medium=referral&utm_source=mcp&rp=2,income_statement,Q3 FY2026,2025-12-31,Q,EXPENSES (INCOME),Financing costs,20.8,usd_millions,0,0,8,
business_100,4064733,2,https://web.quartr.com/companies/21558?companyId=21558&documentId=4064733&documentType=report&eventId=411100&navigation=external&utm_medium=referral&utm_source=mcp&rp=2,income_statement,Q3 FY2025,2024-12-31,Q,EXPENSES (INCOME),Financing costs,17.3,usd_millions,0,1,8,
business_100,4064733,2,https://web.quartr.com/companies/21558?companyId=21558&documentId=4064733&documentType=report&eventId=411100&navigation=external&utm_medium=referral&utm_source=mcp&rp=2,income_statement,9M FY2026,2025-12-31,YTD,EXPENSES (INCOME),Financing costs,73.6,usd_millions,0,0,8,
business_100,4064733,2,https://web.quartr.com/companies/21558?companyId=21558&documentId=4064733&documentType=report&eventId=411100&navigation=external&utm_medium=referral&utm_source=mcp&rp=2,income_statement,9M FY2025,2024-12-31,YTD,EXPENSES (INCOME),Financing costs,63.4,usd_millions,0,1,8,
business_100,4064733,2,https://web.quartr.com/companies/21558?companyId=21558&documentId=4064733&documentType=report&eventId=411100&navigation=external&utm_medium=referral&utm_source=mcp&rp=2,income_statement,Q3 FY2026,2025-12-31,Q,EXPENSES (INCOME),"(Gain) loss on gas storage obligations, net",-0.5,usd_millions,0,0,9,"caption changed from 'Gain on gas storage obligations, net' in Q2 FY2026 filing"
business_100,4064733,2,https://web.quartr.com/companies/21558?companyId=21558&documentId=4064733&documentType=report&eventId=411100&navigation=external&utm_medium=referral&utm_source=mcp&rp=2,income_statement,Q3 FY2025,2024-12-31,Q,EXPENSES (INCOME),"(Gain) loss on gas storage obligations, net",0.8,usd_millions,0,1,9,"caption changed from 'Gain on gas storage obligations, net' in Q2 FY2026 filing"
business_100,4064733,2,https://web.quartr.com/companies/21558?companyId=21558&documentId=4064733&documentType=report&eventId=411100&navigation=external&utm_medium=referral&utm_source=mcp&rp=2,income_statement,9M FY2026,2025-12-31,YTD,EXPENSES (INCOME),"(Gain) loss on gas storage obligations, net",-3.1,usd_millions,0,0,9,"caption changed from 'Gain on gas storage obligations, net' in Q2 FY2026 filing"
business_100,4064733,2,https://web.quartr.com/companies/21558?companyId=21558&documentId=4064733&documentType=report&eventId=411100&navigation=external&utm_medium=referral&utm_source=mcp&rp=2,income_statement,9M FY2025,2024-12-31,YTD,EXPENSES (INCOME),"(Gain) loss on gas storage obligations, net",-1.6,usd_millions,0,1,9,"caption changed from 'Gain on gas storage obligations, net' in Q2 FY2026 filing"
business_100,4064733,2,https://web.quartr.com/companies/21558?companyId=21558&documentId=4064733&documentType=report&eventId=411100&navigation=external&utm_medium=referral&utm_source=mcp&rp=2,income_statement,Q3 FY2026,2025-12-31,Q,EXPENSES (INCOME),Other (income) expenses,-0.2,usd_millions,0,0,10,caption changed from 'Other expenses' in Q2 FY2026 filing
business_100,4064733,2,https://web.quartr.com/companies/21558?companyId=21558&documentId=4064733&documentType=report&eventId=411100&navigation=external&utm_medium=referral&utm_source=mcp&rp=2,income_statement,Q3 FY2025,2024-12-31,Q,EXPENSES (INCOME),Other (income) expenses,3.3,usd_millions,0,1,10,caption changed from 'Other expenses' in Q2 FY2026 filing
business_100,4064733,2,https://web.quartr.com/companies/21558?companyId=21558&documentId=4064733&documentType=report&eventId=411100&navigation=external&utm_medium=referral&utm_source=mcp&rp=2,income_statement,9M FY2026,2025-12-31,YTD,EXPENSES (INCOME),Other (income) expenses,2.9,usd_millions,0,0,10,caption changed from 'Other expenses' in Q2 FY2026 filing
business_100,4064733,2,https://web.quartr.com/companies/21558?companyId=21558&documentId=4064733&documentType=report&eventId=411100&navigation=external&utm_medium=referral&utm_source=mcp&rp=2,income_statement,9M FY2025,2024-12-31,YTD,EXPENSES (INCOME),Other (income) expenses,5.2,usd_millions,0,1,10,caption changed from 'Other expenses' in Q2 FY2026 filing
business_100,4064733,2,https://web.quartr.com/companies/21558?companyId=21558&documentId=4064733&documentType=report&eventId=411100&navigation=external&utm_medium=referral&utm_source=mcp&rp=2,income_statement,Q3 FY2026,2025-12-31,Q,EXPENSES (INCOME),(unlabelled subtotal),48.7,usd_millions,1,0,11,unlabelled subtotal row - no caption printed in source - total expenses (income)
business_100,4064733,2,https://web.quartr.com/companies/21558?companyId=21558&documentId=4064733&documentType=report&eventId=411100&navigation=external&utm_medium=referral&utm_source=mcp&rp=2,income_statement,Q3 FY2025,2024-12-31,Q,EXPENSES (INCOME),(unlabelled subtotal),50.1,usd_millions,1,1,11,unlabelled subtotal row - no caption printed in source - total expenses (income)
business_100,4064733,2,https://web.quartr.com/companies/21558?companyId=21558&documentId=4064733&documentType=report&eventId=411100&navigation=external&utm_medium=referral&utm_source=mcp&rp=2,income_statement,9M FY2026,2025-12-31,YTD,EXPENSES (INCOME),(unlabelled subtotal),157.7,usd_millions,1,0,11,unlabelled subtotal row - no caption printed in source - total expenses (income)
business_100,4064733,2,https://web.quartr.com/companies/21558?companyId=21558&documentId=4064733&documentType=report&eventId=411100&navigation=external&utm_medium=referral&utm_source=mcp&rp=2,income_statement,9M FY2025,2024-12-31,YTD,EXPENSES (INCOME),(unlabelled subtotal),150.3,usd_millions,1,1,11,unlabelled subtotal row - no caption printed in source - total expenses (income)
business_100,4064733,2,https://web.quartr.com/companies/21558?companyId=21558&documentId=4064733&documentType=report&eventId=411100&navigation=external&utm_medium=referral&utm_source=mcp&rp=2,income_statement,Q3 FY2026,2025-12-31,Q,,EARNINGS BEFORE INCOME TAXES,98.5,usd_millions,1,0,12,
business_100,4064733,2,https://web.quartr.com/companies/21558?companyId=21558&documentId=4064733&documentType=report&eventId=411100&navigation=external&utm_medium=referral&utm_source=mcp&rp=2,income_statement,Q3 FY2025,2024-12-31,Q,,EARNINGS BEFORE INCOME TAXES,62.3,usd_millions,1,1,12,
business_100,4064733,2,https://web.quartr.com/companies/21558?companyId=21558&documentId=4064733&documentType=report&eventId=411100&navigation=external&utm_medium=referral&utm_source=mcp&rp=2,income_statement,9M FY2026,2025-12-31,YTD,,EARNINGS BEFORE INCOME TAXES,196.8,usd_millions,1,0,12,
business_100,4064733,2,https://web.quartr.com/companies/21558?companyId=21558&documentId=4064733&documentType=report&eventId=411100&navigation=external&utm_medium=referral&utm_source=mcp&rp=2,income_statement,9M FY2025,2024-12-31,YTD,,EARNINGS BEFORE INCOME TAXES,136.9,usd_millions,1,1,12,
business_100,4064733,2,https://web.quartr.com/companies/21558?companyId=21558&documentId=4064733&documentType=report&eventId=411100&navigation=external&utm_medium=referral&utm_source=mcp&rp=2,income_statement,Q3 FY2026,2025-12-31,Q,Income tax expense (benefit),Current,3.1,usd_millions,0,0,13,
business_100,4064733,2,https://web.quartr.com/companies/21558?companyId=21558&documentId=4064733&documentType=report&eventId=411100&navigation=external&utm_medium=referral&utm_source=mcp&rp=2,income_statement,Q3 FY2025,2024-12-31,Q,Income tax expense (benefit),Current,0.6,usd_millions,0,1,13,
business_100,4064733,2,https://web.quartr.com/companies/21558?companyId=21558&documentId=4064733&documentType=report&eventId=411100&navigation=external&utm_medium=referral&utm_source=mcp&rp=2,income_statement,9M FY2026,2025-12-31,YTD,Income tax expense (benefit),Current,3.1,usd_millions,0,0,13,
business_100,4064733,2,https://web.quartr.com/companies/21558?companyId=21558&documentId=4064733&documentType=report&eventId=411100&navigation=external&utm_medium=referral&utm_source=mcp&rp=2,income_statement,9M FY2025,2024-12-31,YTD,Income tax expense (benefit),Current,0.6,usd_millions,0,1,13,
business_100,4064733,2,https://web.quartr.com/companies/21558?companyId=21558&documentId=4064733&documentType=report&eventId=411100&navigation=external&utm_medium=referral&utm_source=mcp&rp=2,income_statement,Q3 FY2026,2025-12-31,Q,Income tax expense (benefit),Deferred,7.0,usd_millions,0,0,14,
business_100,4064733,2,https://web.quartr.com/companies/21558?companyId=21558&documentId=4064733&documentType=report&eventId=411100&navigation=external&utm_medium=referral&utm_source=mcp&rp=2,income_statement,Q3 FY2025,2024-12-31,Q,Income tax expense (benefit),Deferred,3.6,usd_millions,0,1,14,
business_100,4064733,2,https://web.quartr.com/companies/21558?companyId=21558&documentId=4064733&documentType=report&eventId=411100&navigation=external&utm_medium=referral&utm_source=mcp&rp=2,income_statement,9M FY2026,2025-12-31,YTD,Income tax expense (benefit),Deferred,11.2,usd_millions,0,0,14,
business_100,4064733,2,https://web.quartr.com/companies/21558?companyId=21558&documentId=4064733&documentType=report&eventId=411100&navigation=external&utm_medium=referral&utm_source=mcp&rp=2,income_statement,9M FY2025,2024-12-31,YTD,Income tax expense (benefit),Deferred,-16.1,usd_millions,0,1,14,
business_100,4064733,2,https://web.quartr.com/companies/21558?companyId=21558&documentId=4064733&documentType=report&eventId=411100&navigation=external&utm_medium=referral&utm_source=mcp&rp=2,income_statement,Q3 FY2026,2025-12-31,Q,Income tax expense (benefit),(unlabelled subtotal),10.1,usd_millions,1,0,15,unlabelled subtotal row - no caption printed in source - total income tax expense (benefit)
business_100,4064733,2,https://web.quartr.com/companies/21558?companyId=21558&documentId=4064733&documentType=report&eventId=411100&navigation=external&utm_medium=referral&utm_source=mcp&rp=2,income_statement,Q3 FY2025,2024-12-31,Q,Income tax expense (benefit),(unlabelled subtotal),4.2,usd_millions,1,1,15,unlabelled subtotal row - no caption printed in source - total income tax expense (benefit)
business_100,4064733,2,https://web.quartr.com/companies/21558?companyId=21558&documentId=4064733&documentType=report&eventId=411100&navigation=external&utm_medium=referral&utm_source=mcp&rp=2,income_statement,9M FY2026,2025-12-31,YTD,Income tax expense (benefit),(unlabelled subtotal),14.3,usd_millions,1,0,15,unlabelled subtotal row - no caption printed in source - total income tax expense (benefit)
business_100,4064733,2,https://web.quartr.com/companies/21558?companyId=21558&documentId=4064733&documentType=report&eventId=411100&navigation=external&utm_medium=referral&utm_source=mcp&rp=2,income_statement,9M FY2025,2024-12-31,YTD,Income tax expense (benefit),(unlabelled subtotal),-15.5,usd_millions,1,1,15,unlabelled subtotal row - no caption printed in source - total income tax expense (benefit)
business_100,4064733,2,https://web.quartr.com/companies/21558?companyId=21558&documentId=4064733&documentType=report&eventId=411100&navigation=external&utm_medium=referral&utm_source=mcp&rp=2,income_statement,Q3 FY2026,2025-12-31,Q,,NET EARNINGS,88.4,usd_millions,1,0,16,
business_100,4064733,2,https://web.quartr.com/companies/21558?companyId=21558&documentId=4064733&documentType=report&eventId=411100&navigation=external&utm_medium=referral&utm_source=mcp&rp=2,income_statement,Q3 FY2025,2024-12-31,Q,,NET EARNINGS,58.1,usd_millions,1,1,16,
business_100,4064733,2,https://web.quartr.com/companies/21558?companyId=21558&documentId=4064733&documentType=report&eventId=411100&navigation=external&utm_medium=referral&utm_source=mcp&rp=2,income_statement,9M FY2026,2025-12-31,YTD,,NET EARNINGS,182.5,usd_millions,1,0,16,
business_100,4064733,2,https://web.quartr.com/companies/21558?companyId=21558&documentId=4064733&documentType=report&eventId=411100&navigation=external&utm_medium=referral&utm_source=mcp&rp=2,income_statement,9M FY2025,2024-12-31,YTD,,NET EARNINGS,152.4,usd_millions,1,1,16,
business_100,4064733,2,https://web.quartr.com/companies/21558?companyId=21558&documentId=4064733&documentType=report&eventId=411100&navigation=external&utm_medium=referral&utm_source=mcp&rp=2,comprehensive_income,Q3 FY2026,2025-12-31,Q,"OTHER COMPREHENSIVE INCOME (LOSS), NET OF TAX",Foreign currency translation adjustment,0.7,usd_millions,0,0,17,
business_100,4064733,2,https://web.quartr.com/companies/21558?companyId=21558&documentId=4064733&documentType=report&eventId=411100&navigation=external&utm_medium=referral&utm_source=mcp&rp=2,comprehensive_income,Q3 FY2025,2024-12-31,Q,"OTHER COMPREHENSIVE INCOME (LOSS), NET OF TAX",Foreign currency translation adjustment,-1.8,usd_millions,0,1,17,
business_100,4064733,2,https://web.quartr.com/companies/21558?companyId=21558&documentId=4064733&documentType=report&eventId=411100&navigation=external&utm_medium=referral&utm_source=mcp&rp=2,comprehensive_income,9M FY2026,2025-12-31,YTD,"OTHER COMPREHENSIVE INCOME (LOSS), NET OF TAX",Foreign currency translation adjustment,1.7,usd_millions,0,0,17,
business_100,4064733,2,https://web.quartr.com/companies/21558?companyId=21558&documentId=4064733&documentType=report&eventId=411100&navigation=external&utm_medium=referral&utm_source=mcp&rp=2,comprehensive_income,9M FY2025,2024-12-31,YTD,"OTHER COMPREHENSIVE INCOME (LOSS), NET OF TAX",Foreign currency translation adjustment,-1.7,usd_millions,0,1,17,
business_100,4064733,2,https://web.quartr.com/companies/21558?companyId=21558&documentId=4064733&documentType=report&eventId=411100&navigation=external&utm_medium=referral&utm_source=mcp&rp=2,comprehensive_income,Q3 FY2026,2025-12-31,Q,,NET EARNINGS AND COMPREHENSIVE EARNINGS,89.1,usd_millions,1,0,18,
business_100,4064733,2,https://web.quartr.com/companies/21558?companyId=21558&documentId=4064733&documentType=report&eventId=411100&navigation=external&utm_medium=referral&utm_source=mcp&rp=2,comprehensive_income,Q3 FY2025,2024-12-31,Q,,NET EARNINGS AND COMPREHENSIVE EARNINGS,56.3,usd_millions,1,1,18,
business_100,4064733,2,https://web.quartr.com/companies/21558?companyId=21558&documentId=4064733&documentType=report&eventId=411100&navigation=external&utm_medium=referral&utm_source=mcp&rp=2,comprehensive_income,9M FY2026,2025-12-31,YTD,,NET EARNINGS AND COMPREHENSIVE EARNINGS,184.2,usd_millions,1,0,18,
business_100,4064733,2,https://web.quartr.com/companies/21558?companyId=21558&documentId=4064733&documentType=report&eventId=411100&navigation=external&utm_medium=referral&utm_source=mcp&rp=2,comprehensive_income,9M FY2025,2024-12-31,YTD,,NET EARNINGS AND COMPREHENSIVE EARNINGS,150.7,usd_millions,1,1,18,
business_100,4064733,3,https://web.quartr.com/companies/21558?companyId=21558&documentId=4064733&documentType=report&eventId=411100&navigation=external&utm_medium=referral&utm_source=mcp&rp=3,balance_sheet,"As at Dec 31, 2025",2025-12-31,instant,Current Assets,Cash and cash equivalents,22.2,usd_millions,0,0,1,
business_100,4064733,3,https://web.quartr.com/companies/21558?companyId=21558&documentId=4064733&documentType=report&eventId=411100&navigation=external&utm_medium=referral&utm_source=mcp&rp=3,balance_sheet,"As at Mar 31, 2025",2025-03-31,instant,Current Assets,Cash and cash equivalents,204.1,usd_millions,0,1,1,
business_100,4064733,3,https://web.quartr.com/companies/21558?companyId=21558&documentId=4064733&documentType=report&eventId=411100&navigation=external&utm_medium=referral&utm_source=mcp&rp=3,balance_sheet,"As at Dec 31, 2025",2025-12-31,instant,Current Assets,Trade and accrued receivables,73.1,usd_millions,0,0,2,
business_100,4064733,3,https://web.quartr.com/companies/21558?companyId=21558&documentId=4064733&documentType=report&eventId=411100&navigation=external&utm_medium=referral&utm_source=mcp&rp=3,balance_sheet,"As at Mar 31, 2025",2025-03-31,instant,Current Assets,Trade and accrued receivables,76.7,usd_millions,0,1,2,
business_100,4064733,3,https://web.quartr.com/companies/21558?companyId=21558&documentId=4064733&documentType=report&eventId=411100&navigation=external&utm_medium=referral&utm_source=mcp&rp=3,balance_sheet,"As at Dec 31, 2025",2025-12-31,instant,Current Assets,Natural gas inventory,56.6,usd_millions,0,0,3,
business_100,4064733,3,https://web.quartr.com/companies/21558?companyId=21558&documentId=4064733&documentType=report&eventId=411100&navigation=external&utm_medium=referral&utm_source=mcp&rp=3,balance_sheet,"As at Mar 31, 2025",2025-03-31,instant,Current Assets,Natural gas inventory,28.6,usd_millions,0,1,3,
business_100,4064733,3,https://web.quartr.com/companies/21558?companyId=21558&documentId=4064733&documentType=report&eventId=411100&navigation=external&utm_medium=referral&utm_source=mcp&rp=3,balance_sheet,"As at Dec 31, 2025",2025-12-31,instant,Current Assets,Short-term risk management assets,32.6,usd_millions,0,0,4,
business_100,4064733,3,https://web.quartr.com/companies/21558?companyId=21558&documentId=4064733&documentType=report&eventId=411100&navigation=external&utm_medium=referral&utm_source=mcp&rp=3,balance_sheet,"As at Mar 31, 2025",2025-03-31,instant,Current Assets,Short-term risk management assets,19.5,usd_millions,0,1,4,
business_100,4064733,3,https://web.quartr.com/companies/21558?companyId=21558&documentId=4064733&documentType=report&eventId=411100&navigation=external&utm_medium=referral&utm_source=mcp&rp=3,balance_sheet,"As at Dec 31, 2025",2025-12-31,instant,Current Assets,Margin deposits,0.9,usd_millions,0,0,5,
business_100,4064733,3,https://web.quartr.com/companies/21558?companyId=21558&documentId=4064733&documentType=report&eventId=411100&navigation=external&utm_medium=referral&utm_source=mcp&rp=3,balance_sheet,"As at Mar 31, 2025",2025-03-31,instant,Current Assets,Margin deposits,0.9,usd_millions,0,1,5,
business_100,4064733,3,https://web.quartr.com/companies/21558?companyId=21558&documentId=4064733&documentType=report&eventId=411100&navigation=external&utm_medium=referral&utm_source=mcp&rp=3,balance_sheet,"As at Dec 31, 2025",2025-12-31,instant,Current Assets,Prepaid expenses and other current assets,5.0,usd_millions,0,0,6,
business_100,4064733,3,https://web.quartr.com/companies/21558?companyId=21558&documentId=4064733&documentType=report&eventId=411100&navigation=external&utm_medium=referral&utm_source=mcp&rp=3,balance_sheet,"As at Mar 31, 2025",2025-03-31,instant,Current Assets,Prepaid expenses and other current assets,1.8,usd_millions,0,1,6,
business_100,4064733,3,https://web.quartr.com/companies/21558?companyId=21558&documentId=4064733&documentType=report&eventId=411100&navigation=external&utm_medium=referral&utm_source=mcp&rp=3,balance_sheet,"As at Dec 31, 2025",2025-12-31,instant,Current Assets,Due from affiliates,106.3,usd_millions,0,0,7,
business_100,4064733,3,https://web.quartr.com/companies/21558?companyId=21558&documentId=4064733&documentType=report&eventId=411100&navigation=external&utm_medium=referral&utm_source=mcp&rp=3,balance_sheet,"As at Mar 31, 2025",2025-03-31,instant,Current Assets,Due from affiliates,83.0,usd_millions,0,1,7,
business_100,4064733,3,https://web.quartr.com/companies/21558?companyId=21558&documentId=4064733&documentType=report&eventId=411100&navigation=external&utm_medium=referral&utm_source=mcp&rp=3,balance_sheet,"As at Dec 31, 2025",2025-12-31,instant,Current Assets,(unlabelled subtotal),296.7,usd_millions,1,0,8,unlabelled subtotal row - no caption printed in source - total current assets
business_100,4064733,3,https://web.quartr.com/companies/21558?companyId=21558&documentId=4064733&documentType=report&eventId=411100&navigation=external&utm_medium=referral&utm_source=mcp&rp=3,balance_sheet,"As at Mar 31, 2025",2025-03-31,instant,Current Assets,(unlabelled subtotal),414.6,usd_millions,1,1,8,unlabelled subtotal row - no caption printed in source - total current assets
business_100,4064733,3,https://web.quartr.com/companies/21558?companyId=21558&documentId=4064733&documentType=report&eventId=411100&navigation=external&utm_medium=referral&utm_source=mcp&rp=3,balance_sheet,"As at Dec 31, 2025",2025-12-31,instant,Long-term Assets,"Property, plant and equipment, net",890.7,usd_millions,0,0,9,
business_100,4064733,3,https://web.quartr.com/companies/21558?companyId=21558&documentId=4064733&documentType=report&eventId=411100&navigation=external&utm_medium=referral&utm_source=mcp&rp=3,balance_sheet,"As at Mar 31, 2025",2025-03-31,instant,Long-term Assets,"Property, plant and equipment, net",884.6,usd_millions,0,1,9,
business_100,4064733,3,https://web.quartr.com/companies/21558?companyId=21558&documentId=4064733&documentType=report&eventId=411100&navigation=external&utm_medium=referral&utm_source=mcp&rp=3,balance_sheet,"As at Dec 31, 2025",2025-12-31,instant,Long-term Assets,Goodwill,117.2,usd_millions,0,0,10,
business_100,4064733,3,https://web.quartr.com/companies/21558?companyId=21558&documentId=4064733&documentType=report&eventId=411100&navigation=external&utm_medium=referral&utm_source=mcp&rp=3,balance_sheet,"As at Mar 31, 2025",2025-03-31,instant,Long-term Assets,Goodwill,117.2,usd_millions,0,1,10,
business_100,4064733,3,https://web.quartr.com/companies/21558?companyId=21558&documentId=4064733&documentType=report&eventId=411100&navigation=external&utm_medium=referral&utm_source=mcp&rp=3,balance_sheet,"As at Dec 31, 2025",2025-12-31,instant,Long-term Assets,Long-term risk management assets,17.4,usd_millions,0,0,11,
business_100,4064733,3,https://web.quartr.com/companies/21558?companyId=21558&documentId=4064733&documentType=report&eventId=411100&navigation=external&utm_medium=referral&utm_source=mcp&rp=3,balance_sheet,"As at Mar 31, 2025",2025-03-31,instant,Long-term Assets,Long-term risk management assets,9.3,usd_millions,0,1,11,
business_100,4064733,3,https://web.quartr.com/companies/21558?companyId=21558&documentId=4064733&documentType=report&eventId=411100&navigation=external&utm_medium=referral&utm_source=mcp&rp=3,balance_sheet,"As at Dec 31, 2025",2025-12-31,instant,Long-term Assets,Other assets,6.3,usd_millions,0,0,12,
business_100,4064733,3,https://web.quartr.com/companies/21558?companyId=21558&documentId=4064733&documentType=report&eventId=411100&navigation=external&utm_medium=referral&utm_source=mcp&rp=3,balance_sheet,"As at Mar 31, 2025",2025-03-31,instant,Long-term Assets,Other assets,4.5,usd_millions,0,1,12,
business_100,4064733,3,https://web.quartr.com/companies/21558?companyId=21558&documentId=4064733&documentType=report&eventId=411100&navigation=external&utm_medium=referral&utm_source=mcp&rp=3,balance_sheet,"As at Dec 31, 2025",2025-12-31,instant,Long-term Assets,(unlabelled subtotal),1031.6,usd_millions,1,0,13,unlabelled subtotal row - no caption printed in source - total long-term assets
business_100,4064733,3,https://web.quartr.com/companies/21558?companyId=21558&documentId=4064733&documentType=report&eventId=411100&navigation=external&utm_medium=referral&utm_source=mcp&rp=3,balance_sheet,"As at Mar 31, 2025",2025-03-31,instant,Long-term Assets,(unlabelled subtotal),1015.6,usd_millions,1,1,13,unlabelled subtotal row - no caption printed in source - total long-term assets
business_100,4064733,3,https://web.quartr.com/companies/21558?companyId=21558&documentId=4064733&documentType=report&eventId=411100&navigation=external&utm_medium=referral&utm_source=mcp&rp=3,balance_sheet,"As at Dec 31, 2025",2025-12-31,instant,ASSETS,TOTAL,1328.3,usd_millions,1,0,14,total assets
business_100,4064733,3,https://web.quartr.com/companies/21558?companyId=21558&documentId=4064733&documentType=report&eventId=411100&navigation=external&utm_medium=referral&utm_source=mcp&rp=3,balance_sheet,"As at Mar 31, 2025",2025-03-31,instant,ASSETS,TOTAL,1430.2,usd_millions,1,1,14,total assets
business_100,4064733,3,https://web.quartr.com/companies/21558?companyId=21558&documentId=4064733&documentType=report&eventId=411100&navigation=external&utm_medium=referral&utm_source=mcp&rp=3,balance_sheet,"As at Dec 31, 2025",2025-12-31,instant,Current Liabilities,Trade payables and accrued liabilities,53.4,usd_millions,0,0,15,
business_100,4064733,3,https://web.quartr.com/companies/21558?companyId=21558&documentId=4064733&documentType=report&eventId=411100&navigation=external&utm_medium=referral&utm_source=mcp&rp=3,balance_sheet,"As at Mar 31, 2025",2025-03-31,instant,Current Liabilities,Trade payables and accrued liabilities,59.5,usd_millions,0,1,15,
business_100,4064733,3,https://web.quartr.com/companies/21558?companyId=21558&documentId=4064733&documentType=report&eventId=411100&navigation=external&utm_medium=referral&utm_source=mcp&rp=3,balance_sheet,"As at Dec 31, 2025",2025-12-31,instant,Current Liabilities,Short-term debt,12.2,usd_millions,0,0,16,
business_100,4064733,3,https://web.quartr.com/companies/21558?companyId=21558&documentId=4064733&documentType=report&eventId=411100&navigation=external&utm_medium=referral&utm_source=mcp&rp=3,balance_sheet,"As at Mar 31, 2025",2025-03-31,instant,Current Liabilities,Short-term debt,25.8,usd_millions,0,1,16,
business_100,4064733,3,https://web.quartr.com/companies/21558?companyId=21558&documentId=4064733&documentType=report&eventId=411100&navigation=external&utm_medium=referral&utm_source=mcp&rp=3,balance_sheet,"As at Dec 31, 2025",2025-12-31,instant,Current Liabilities,Short-term risk management liabilities,13.0,usd_millions,0,0,17,
business_100,4064733,3,https://web.quartr.com/companies/21558?companyId=21558&documentId=4064733&documentType=report&eventId=411100&navigation=external&utm_medium=referral&utm_source=mcp&rp=3,balance_sheet,"As at Mar 31, 2025",2025-03-31,instant,Current Liabilities,Short-term risk management liabilities,13.9,usd_millions,0,1,17,
business_100,4064733,3,https://web.quartr.com/companies/21558?companyId=21558&documentId=4064733&documentType=report&eventId=411100&navigation=external&utm_medium=referral&utm_source=mcp&rp=3,balance_sheet,"As at Dec 31, 2025",2025-12-31,instant,Current Liabilities,Short-term lease liabilities,8.4,usd_millions,0,0,18,
business_100,4064733,3,https://web.quartr.com/companies/21558?companyId=21558&documentId=4064733&documentType=report&eventId=411100&navigation=external&utm_medium=referral&utm_source=mcp&rp=3,balance_sheet,"As at Mar 31, 2025",2025-03-31,instant,Current Liabilities,Short-term lease liabilities,9.1,usd_millions,0,1,18,
business_100,4064733,3,https://web.quartr.com/companies/21558?companyId=21558&documentId=4064733&documentType=report&eventId=411100&navigation=external&utm_medium=referral&utm_source=mcp&rp=3,balance_sheet,"As at Dec 31, 2025",2025-12-31,instant,Current Liabilities,Short-term gas storage obligations,1.4,usd_millions,0,0,19,"new caption vs Q2 FY2026 filing, which showed gas storage obligations only as a long-term line"
business_100,4064733,3,https://web.quartr.com/companies/21558?companyId=21558&documentId=4064733&documentType=report&eventId=411100&navigation=external&utm_medium=referral&utm_source=mcp&rp=3,balance_sheet,"As at Mar 31, 2025",2025-03-31,instant,Current Liabilities,Short-term gas storage obligations,0,usd_millions,0,1,19,"new caption vs Q2 FY2026 filing, which showed gas storage obligations only as a long-term line; printed_dash_zero"
business_100,4064733,3,https://web.quartr.com/companies/21558?companyId=21558&documentId=4064733&documentType=report&eventId=411100&navigation=external&utm_medium=referral&utm_source=mcp&rp=3,balance_sheet,"As at Dec 31, 2025",2025-12-31,instant,Current Liabilities,Margin deposits,6.5,usd_millions,0,0,20,
business_100,4064733,3,https://web.quartr.com/companies/21558?companyId=21558&documentId=4064733&documentType=report&eventId=411100&navigation=external&utm_medium=referral&utm_source=mcp&rp=3,balance_sheet,"As at Mar 31, 2025",2025-03-31,instant,Current Liabilities,Margin deposits,3.2,usd_millions,0,1,20,
business_100,4064733,3,https://web.quartr.com/companies/21558?companyId=21558&documentId=4064733&documentType=report&eventId=411100&navigation=external&utm_medium=referral&utm_source=mcp&rp=3,balance_sheet,"As at Dec 31, 2025",2025-12-31,instant,Current Liabilities,Deferred revenue,0.5,usd_millions,0,0,21,
business_100,4064733,3,https://web.quartr.com/companies/21558?companyId=21558&documentId=4064733&documentType=report&eventId=411100&navigation=external&utm_medium=referral&utm_source=mcp&rp=3,balance_sheet,"As at Mar 31, 2025",2025-03-31,instant,Current Liabilities,Deferred revenue,1.4,usd_millions,0,1,21,
business_100,4064733,3,https://web.quartr.com/companies/21558?companyId=21558&documentId=4064733&documentType=report&eventId=411100&navigation=external&utm_medium=referral&utm_source=mcp&rp=3,balance_sheet,"As at Dec 31, 2025",2025-12-31,instant,Current Liabilities,(unlabelled subtotal),95.4,usd_millions,1,0,22,unlabelled subtotal row - no caption printed in source - total current liabilities
business_100,4064733,3,https://web.quartr.com/companies/21558?companyId=21558&documentId=4064733&documentType=report&eventId=411100&navigation=external&utm_medium=referral&utm_source=mcp&rp=3,balance_sheet,"As at Mar 31, 2025",2025-03-31,instant,Current Liabilities,(unlabelled subtotal),112.9,usd_millions,1,1,22,unlabelled subtotal row - no caption printed in source - total current liabilities
business_100,4064733,3,https://web.quartr.com/companies/21558?companyId=21558&documentId=4064733&documentType=report&eventId=411100&navigation=external&utm_medium=referral&utm_source=mcp&rp=3,balance_sheet,"As at Dec 31, 2025",2025-12-31,instant,Long-term Liabilities,Long-term debt,1203.0,usd_millions,0,0,23,
business_100,4064733,3,https://web.quartr.com/companies/21558?companyId=21558&documentId=4064733&documentType=report&eventId=411100&navigation=external&utm_medium=referral&utm_source=mcp&rp=3,balance_sheet,"As at Mar 31, 2025",2025-03-31,instant,Long-term Liabilities,Long-term debt,1208.1,usd_millions,0,1,23,
business_100,4064733,3,https://web.quartr.com/companies/21558?companyId=21558&documentId=4064733&documentType=report&eventId=411100&navigation=external&utm_medium=referral&utm_source=mcp&rp=3,balance_sheet,"As at Dec 31, 2025",2025-12-31,instant,Long-term Liabilities,Long-term risk management liabilities,7.2,usd_millions,0,0,24,
business_100,4064733,3,https://web.quartr.com/companies/21558?companyId=21558&documentId=4064733&documentType=report&eventId=411100&navigation=external&utm_medium=referral&utm_source=mcp&rp=3,balance_sheet,"As at Mar 31, 2025",2025-03-31,instant,Long-term Liabilities,Long-term risk management liabilities,5.7,usd_millions,0,1,24,
business_100,4064733,3,https://web.quartr.com/companies/21558?companyId=21558&documentId=4064733&documentType=report&eventId=411100&navigation=external&utm_medium=referral&utm_source=mcp&rp=3,balance_sheet,"As at Dec 31, 2025",2025-12-31,instant,Long-term Liabilities,Long-term lease liabilities,92.0,usd_millions,0,0,25,
business_100,4064733,3,https://web.quartr.com/companies/21558?companyId=21558&documentId=4064733&documentType=report&eventId=411100&navigation=external&utm_medium=referral&utm_source=mcp&rp=3,balance_sheet,"As at Mar 31, 2025",2025-03-31,instant,Long-term Liabilities,Long-term lease liabilities,99.7,usd_millions,0,1,25,
business_100,4064733,3,https://web.quartr.com/companies/21558?companyId=21558&documentId=4064733&documentType=report&eventId=411100&navigation=external&utm_medium=referral&utm_source=mcp&rp=3,balance_sheet,"As at Dec 31, 2025",2025-12-31,instant,Long-term Liabilities,Long-term gas storage obligations,13.7,usd_millions,0,0,26,caption was 'Gas storage obligations' in Q2 FY2026 filing
business_100,4064733,3,https://web.quartr.com/companies/21558?companyId=21558&documentId=4064733&documentType=report&eventId=411100&navigation=external&utm_medium=referral&utm_source=mcp&rp=3,balance_sheet,"As at Mar 31, 2025",2025-03-31,instant,Long-term Liabilities,Long-term gas storage obligations,17.4,usd_millions,0,1,26,caption was 'Gas storage obligations' in Q2 FY2026 filing
business_100,4064733,3,https://web.quartr.com/companies/21558?companyId=21558&documentId=4064733&documentType=report&eventId=411100&navigation=external&utm_medium=referral&utm_source=mcp&rp=3,balance_sheet,"As at Dec 31, 2025",2025-12-31,instant,Long-term Liabilities,Decommissioning obligations,6.4,usd_millions,0,0,27,
business_100,4064733,3,https://web.quartr.com/companies/21558?companyId=21558&documentId=4064733&documentType=report&eventId=411100&navigation=external&utm_medium=referral&utm_source=mcp&rp=3,balance_sheet,"As at Mar 31, 2025",2025-03-31,instant,Long-term Liabilities,Decommissioning obligations,5.0,usd_millions,0,1,27,
business_100,4064733,3,https://web.quartr.com/companies/21558?companyId=21558&documentId=4064733&documentType=report&eventId=411100&navigation=external&utm_medium=referral&utm_source=mcp&rp=3,balance_sheet,"As at Dec 31, 2025",2025-12-31,instant,Long-term Liabilities,Other long-term liabilities,3.7,usd_millions,0,0,28,
business_100,4064733,3,https://web.quartr.com/companies/21558?companyId=21558&documentId=4064733&documentType=report&eventId=411100&navigation=external&utm_medium=referral&utm_source=mcp&rp=3,balance_sheet,"As at Mar 31, 2025",2025-03-31,instant,Long-term Liabilities,Other long-term liabilities,2.2,usd_millions,0,1,28,
business_100,4064733,3,https://web.quartr.com/companies/21558?companyId=21558&documentId=4064733&documentType=report&eventId=411100&navigation=external&utm_medium=referral&utm_source=mcp&rp=3,balance_sheet,"As at Dec 31, 2025",2025-12-31,instant,Long-term Liabilities,Deferred income taxes,85.4,usd_millions,0,0,29,
business_100,4064733,3,https://web.quartr.com/companies/21558?companyId=21558&documentId=4064733&documentType=report&eventId=411100&navigation=external&utm_medium=referral&utm_source=mcp&rp=3,balance_sheet,"As at Mar 31, 2025",2025-03-31,instant,Long-term Liabilities,Deferred income taxes,65.0,usd_millions,0,1,29,
business_100,4064733,3,https://web.quartr.com/companies/21558?companyId=21558&documentId=4064733&documentType=report&eventId=411100&navigation=external&utm_medium=referral&utm_source=mcp&rp=3,balance_sheet,"As at Dec 31, 2025",2025-12-31,instant,Long-term Liabilities,(unlabelled subtotal),1411.4,usd_millions,1,0,30,unlabelled subtotal row - no caption printed in source - total long-term liabilities
business_100,4064733,3,https://web.quartr.com/companies/21558?companyId=21558&documentId=4064733&documentType=report&eventId=411100&navigation=external&utm_medium=referral&utm_source=mcp&rp=3,balance_sheet,"As at Mar 31, 2025",2025-03-31,instant,Long-term Liabilities,(unlabelled subtotal),1403.1,usd_millions,1,1,30,unlabelled subtotal row - no caption printed in source - total long-term liabilities
business_100,4064733,3,https://web.quartr.com/companies/21558?companyId=21558&documentId=4064733&documentType=report&eventId=411100&navigation=external&utm_medium=referral&utm_source=mcp&rp=3,balance_sheet,"As at Dec 31, 2025",2025-12-31,instant,LIABILITIES AND OWNERS' EQUITY,Owners' Equity,-178.5,usd_millions,1,0,31,caption was 'Equity' in Q2 FY2026 filing
business_100,4064733,3,https://web.quartr.com/companies/21558?companyId=21558&documentId=4064733&documentType=report&eventId=411100&navigation=external&utm_medium=referral&utm_source=mcp&rp=3,balance_sheet,"As at Mar 31, 2025",2025-03-31,instant,LIABILITIES AND OWNERS' EQUITY,Owners' Equity,-85.8,usd_millions,1,1,31,caption was 'Equity' in Q2 FY2026 filing
business_100,4064733,3,https://web.quartr.com/companies/21558?companyId=21558&documentId=4064733&documentType=report&eventId=411100&navigation=external&utm_medium=referral&utm_source=mcp&rp=3,balance_sheet,"As at Dec 31, 2025",2025-12-31,instant,LIABILITIES AND OWNERS' EQUITY,TOTAL,1328.3,usd_millions,1,0,32,total liabilities and owners' equity
business_100,4064733,3,https://web.quartr.com/companies/21558?companyId=21558&documentId=4064733&documentType=report&eventId=411100&navigation=external&utm_medium=referral&utm_source=mcp&rp=3,balance_sheet,"As at Mar 31, 2025",2025-03-31,instant,LIABILITIES AND OWNERS' EQUITY,TOTAL,1430.2,usd_millions,1,1,32,total liabilities and owners' equity
business_100,4064733,3,https://web.quartr.com/companies/21558?companyId=21558&documentId=4064733&documentType=report&eventId=411100&navigation=external&utm_medium=referral&utm_source=mcp&rp=3,balance_sheet,"As at Dec 31, 2025",2025-12-31,instant,,Commitments and contingencies disclosures,0,usd_millions,0,0,33,note 13 cross-reference line; printed_dash_zero
business_100,4064733,3,https://web.quartr.com/companies/21558?companyId=21558&documentId=4064733&documentType=report&eventId=411100&navigation=external&utm_medium=referral&utm_source=mcp&rp=3,balance_sheet,"As at Mar 31, 2025",2025-03-31,instant,,Commitments and contingencies disclosures,0,usd_millions,0,1,33,note 13 cross-reference line; printed_dash_zero
business_100,4064733,4,https://web.quartr.com/companies/21558?companyId=21558&documentId=4064733&documentType=report&eventId=411100&navigation=external&utm_medium=referral&utm_source=mcp&rp=4,equity_changes,"As at Apr 1, 2024",2024-04-01,instant,Owners' Capital [column header not recovered by extractor],"Balance, April 1, 2024",250.7,usd_millions,1,1,1,column-1 header dropped by PDF extractor in all three filings; identified as the capital account from row content and column arithmetic
business_100,4064733,4,https://web.quartr.com/companies/21558?companyId=21558&documentId=4064733&documentType=report&eventId=411100&navigation=external&utm_medium=referral&utm_source=mcp&rp=4,equity_changes,"As at Apr 1, 2024",2024-04-01,instant,Retained Earnings (Deficit),"Balance, April 1, 2024",105.6,usd_millions,1,1,1,
business_100,4064733,4,https://web.quartr.com/companies/21558?companyId=21558&documentId=4064733&documentType=report&eventId=411100&navigation=external&utm_medium=referral&utm_source=mcp&rp=4,equity_changes,"As at Apr 1, 2024",2024-04-01,instant,Accumulated Other Comprehensive Loss,"Balance, April 1, 2024",-20.8,usd_millions,1,1,1,
business_100,4064733,4,https://web.quartr.com/companies/21558?companyId=21558&documentId=4064733&documentType=report&eventId=411100&navigation=external&utm_medium=referral&utm_source=mcp&rp=4,equity_changes,"As at Apr 1, 2024",2024-04-01,instant,Total,"Balance, April 1, 2024",335.5,usd_millions,1,1,1,
business_100,4064733,4,https://web.quartr.com/companies/21558?companyId=21558&documentId=4064733&documentType=report&eventId=411100&navigation=external&utm_medium=referral&utm_source=mcp&rp=4,equity_changes,9M FY2025,2024-12-31,YTD,Owners' Capital [column header not recovered by extractor],Net earnings,0,usd_millions,0,1,2,printed_dash_zero; column-1 header dropped by PDF extractor in all three filings; identified as the capital account from row content and column arithmetic
business_100,4064733,4,https://web.quartr.com/companies/21558?companyId=21558&documentId=4064733&documentType=report&eventId=411100&navigation=external&utm_medium=referral&utm_source=mcp&rp=4,equity_changes,9M FY2025,2024-12-31,YTD,Retained Earnings (Deficit),Net earnings,152.4,usd_millions,0,1,2,
business_100,4064733,4,https://web.quartr.com/companies/21558?companyId=21558&documentId=4064733&documentType=report&eventId=411100&navigation=external&utm_medium=referral&utm_source=mcp&rp=4,equity_changes,9M FY2025,2024-12-31,YTD,Accumulated Other Comprehensive Loss,Net earnings,0,usd_millions,0,1,2,printed_dash_zero
business_100,4064733,4,https://web.quartr.com/companies/21558?companyId=21558&documentId=4064733&documentType=report&eventId=411100&navigation=external&utm_medium=referral&utm_source=mcp&rp=4,equity_changes,9M FY2025,2024-12-31,YTD,Total,Net earnings,152.4,usd_millions,0,1,2,
business_100,4064733,4,https://web.quartr.com/companies/21558?companyId=21558&documentId=4064733&documentType=report&eventId=411100&navigation=external&utm_medium=referral&utm_source=mcp&rp=4,equity_changes,9M FY2025,2024-12-31,YTD,Owners' Capital [column header not recovered by extractor],Other comprehensive loss,0,usd_millions,0,1,3,printed_dash_zero; column-1 header dropped by PDF extractor in all three filings; identified as the capital account from row content and column arithmetic
business_100,4064733,4,https://web.quartr.com/companies/21558?companyId=21558&documentId=4064733&documentType=report&eventId=411100&navigation=external&utm_medium=referral&utm_source=mcp&rp=4,equity_changes,9M FY2025,2024-12-31,YTD,Retained Earnings (Deficit),Other comprehensive loss,0,usd_millions,0,1,3,printed_dash_zero
business_100,4064733,4,https://web.quartr.com/companies/21558?companyId=21558&documentId=4064733&documentType=report&eventId=411100&navigation=external&utm_medium=referral&utm_source=mcp&rp=4,equity_changes,9M FY2025,2024-12-31,YTD,Accumulated Other Comprehensive Loss,Other comprehensive loss,-1.7,usd_millions,0,1,3,
business_100,4064733,4,https://web.quartr.com/companies/21558?companyId=21558&documentId=4064733&documentType=report&eventId=411100&navigation=external&utm_medium=referral&utm_source=mcp&rp=4,equity_changes,9M FY2025,2024-12-31,YTD,Total,Other comprehensive loss,-1.7,usd_millions,0,1,3,
business_100,4064733,4,https://web.quartr.com/companies/21558?companyId=21558&documentId=4064733&documentType=report&eventId=411100&navigation=external&utm_medium=referral&utm_source=mcp&rp=4,equity_changes,9M FY2025,2024-12-31,YTD,Owners' Capital [column header not recovered by extractor],Distributions,-123.7,usd_millions,0,1,4,column-1 header dropped by PDF extractor in all three filings; identified as the capital account from row content and column arithmetic
business_100,4064733,4,https://web.quartr.com/companies/21558?companyId=21558&documentId=4064733&documentType=report&eventId=411100&navigation=external&utm_medium=referral&utm_source=mcp&rp=4,equity_changes,9M FY2025,2024-12-31,YTD,Retained Earnings (Deficit),Distributions,-66.3,usd_millions,0,1,4,
business_100,4064733,4,https://web.quartr.com/companies/21558?companyId=21558&documentId=4064733&documentType=report&eventId=411100&navigation=external&utm_medium=referral&utm_source=mcp&rp=4,equity_changes,9M FY2025,2024-12-31,YTD,Accumulated Other Comprehensive Loss,Distributions,0,usd_millions,0,1,4,printed_dash_zero
business_100,4064733,4,https://web.quartr.com/companies/21558?companyId=21558&documentId=4064733&documentType=report&eventId=411100&navigation=external&utm_medium=referral&utm_source=mcp&rp=4,equity_changes,9M FY2025,2024-12-31,YTD,Total,Distributions,-190.0,usd_millions,0,1,4,
business_100,4064733,4,https://web.quartr.com/companies/21558?companyId=21558&documentId=4064733&documentType=report&eventId=411100&navigation=external&utm_medium=referral&utm_source=mcp&rp=4,equity_changes,"As at Dec 31, 2024",2024-12-31,instant,Owners' Capital [column header not recovered by extractor],"Balance, December 31, 2024",127.0,usd_millions,1,1,5,column-1 header dropped by PDF extractor in all three filings; identified as the capital account from row content and column arithmetic
business_100,4064733,4,https://web.quartr.com/companies/21558?companyId=21558&documentId=4064733&documentType=report&eventId=411100&navigation=external&utm_medium=referral&utm_source=mcp&rp=4,equity_changes,"As at Dec 31, 2024",2024-12-31,instant,Retained Earnings (Deficit),"Balance, December 31, 2024",191.7,usd_millions,1,1,5,
business_100,4064733,4,https://web.quartr.com/companies/21558?companyId=21558&documentId=4064733&documentType=report&eventId=411100&navigation=external&utm_medium=referral&utm_source=mcp&rp=4,equity_changes,"As at Dec 31, 2024",2024-12-31,instant,Accumulated Other Comprehensive Loss,"Balance, December 31, 2024",-22.5,usd_millions,1,1,5,
business_100,4064733,4,https://web.quartr.com/companies/21558?companyId=21558&documentId=4064733&documentType=report&eventId=411100&navigation=external&utm_medium=referral&utm_source=mcp&rp=4,equity_changes,"As at Dec 31, 2024",2024-12-31,instant,Total,"Balance, December 31, 2024",296.2,usd_millions,1,1,5,
business_100,4064733,4,https://web.quartr.com/companies/21558?companyId=21558&documentId=4064733&documentType=report&eventId=411100&navigation=external&utm_medium=referral&utm_source=mcp&rp=4,equity_changes,"As at Apr 1, 2025",2025-04-01,instant,Owners' Capital [column header not recovered by extractor],"Balance, April 1, 2025",127.0,usd_millions,1,1,6,column-1 header dropped by PDF extractor in all three filings; identified as the capital account from row content and column arithmetic
business_100,4064733,4,https://web.quartr.com/companies/21558?companyId=21558&documentId=4064733&documentType=report&eventId=411100&navigation=external&utm_medium=referral&utm_source=mcp&rp=4,equity_changes,"As at Apr 1, 2025",2025-04-01,instant,Retained Earnings (Deficit),"Balance, April 1, 2025",-190.2,usd_millions,1,1,6,
business_100,4064733,4,https://web.quartr.com/companies/21558?companyId=21558&documentId=4064733&documentType=report&eventId=411100&navigation=external&utm_medium=referral&utm_source=mcp&rp=4,equity_changes,"As at Apr 1, 2025",2025-04-01,instant,Accumulated Other Comprehensive Loss,"Balance, April 1, 2025",-22.6,usd_millions,1,1,6,
business_100,4064733,4,https://web.quartr.com/companies/21558?companyId=21558&documentId=4064733&documentType=report&eventId=411100&navigation=external&utm_medium=referral&utm_source=mcp&rp=4,equity_changes,"As at Apr 1, 2025",2025-04-01,instant,Total,"Balance, April 1, 2025",-85.8,usd_millions,1,1,6,
business_100,4064733,4,https://web.quartr.com/companies/21558?companyId=21558&documentId=4064733&documentType=report&eventId=411100&navigation=external&utm_medium=referral&utm_source=mcp&rp=4,equity_changes,9M FY2026,2025-12-31,YTD,Owners' Capital [column header not recovered by extractor],Net earnings,0,usd_millions,0,0,7,printed_dash_zero; column-1 header dropped by PDF extractor in all three filings; identified as the capital account from row content and column arithmetic
business_100,4064733,4,https://web.quartr.com/companies/21558?companyId=21558&documentId=4064733&documentType=report&eventId=411100&navigation=external&utm_medium=referral&utm_source=mcp&rp=4,equity_changes,9M FY2026,2025-12-31,YTD,Retained Earnings (Deficit),Net earnings,182.5,usd_millions,0,0,7,
business_100,4064733,4,https://web.quartr.com/companies/21558?companyId=21558&documentId=4064733&documentType=report&eventId=411100&navigation=external&utm_medium=referral&utm_source=mcp&rp=4,equity_changes,9M FY2026,2025-12-31,YTD,Accumulated Other Comprehensive Loss,Net earnings,0,usd_millions,0,0,7,printed_dash_zero
business_100,4064733,4,https://web.quartr.com/companies/21558?companyId=21558&documentId=4064733&documentType=report&eventId=411100&navigation=external&utm_medium=referral&utm_source=mcp&rp=4,equity_changes,9M FY2026,2025-12-31,YTD,Total,Net earnings,182.5,usd_millions,0,0,7,
business_100,4064733,4,https://web.quartr.com/companies/21558?companyId=21558&documentId=4064733&documentType=report&eventId=411100&navigation=external&utm_medium=referral&utm_source=mcp&rp=4,equity_changes,9M FY2026,2025-12-31,YTD,Owners' Capital [column header not recovered by extractor],Other comprehensive income,0,usd_millions,0,0,8,printed_dash_zero; column-1 header dropped by PDF extractor in all three filings; identified as the capital account from row content and column arithmetic
business_100,4064733,4,https://web.quartr.com/companies/21558?companyId=21558&documentId=4064733&documentType=report&eventId=411100&navigation=external&utm_medium=referral&utm_source=mcp&rp=4,equity_changes,9M FY2026,2025-12-31,YTD,Retained Earnings (Deficit),Other comprehensive income,0,usd_millions,0,0,8,printed_dash_zero
business_100,4064733,4,https://web.quartr.com/companies/21558?companyId=21558&documentId=4064733&documentType=report&eventId=411100&navigation=external&utm_medium=referral&utm_source=mcp&rp=4,equity_changes,9M FY2026,2025-12-31,YTD,Accumulated Other Comprehensive Loss,Other comprehensive income,1.7,usd_millions,0,0,8,
business_100,4064733,4,https://web.quartr.com/companies/21558?companyId=21558&documentId=4064733&documentType=report&eventId=411100&navigation=external&utm_medium=referral&utm_source=mcp&rp=4,equity_changes,9M FY2026,2025-12-31,YTD,Total,Other comprehensive income,1.7,usd_millions,0,0,8,
business_100,4064733,4,https://web.quartr.com/companies/21558?companyId=21558&documentId=4064733&documentType=report&eventId=411100&navigation=external&utm_medium=referral&utm_source=mcp&rp=4,equity_changes,9M FY2026,2025-12-31,YTD,Owners' Capital [column header not recovered by extractor],Capital contributions (Note 4),136.6,usd_millions,0,0,9,column-1 header dropped by PDF extractor in all three filings; identified as the capital account from row content and column arithmetic
business_100,4064733,4,https://web.quartr.com/companies/21558?companyId=21558&documentId=4064733&documentType=report&eventId=411100&navigation=external&utm_medium=referral&utm_source=mcp&rp=4,equity_changes,9M FY2026,2025-12-31,YTD,Retained Earnings (Deficit),Capital contributions (Note 4),0,usd_millions,0,0,9,printed_dash_zero
business_100,4064733,4,https://web.quartr.com/companies/21558?companyId=21558&documentId=4064733&documentType=report&eventId=411100&navigation=external&utm_medium=referral&utm_source=mcp&rp=4,equity_changes,9M FY2026,2025-12-31,YTD,Accumulated Other Comprehensive Loss,Capital contributions (Note 4),0,usd_millions,0,0,9,printed_dash_zero
business_100,4064733,4,https://web.quartr.com/companies/21558?companyId=21558&documentId=4064733&documentType=report&eventId=411100&navigation=external&utm_medium=referral&utm_source=mcp&rp=4,equity_changes,9M FY2026,2025-12-31,YTD,Total,Capital contributions (Note 4),136.6,usd_millions,0,0,9,
business_100,4064733,4,https://web.quartr.com/companies/21558?companyId=21558&documentId=4064733&documentType=report&eventId=411100&navigation=external&utm_medium=referral&utm_source=mcp&rp=4,equity_changes,9M FY2026,2025-12-31,YTD,Owners' Capital [column header not recovered by extractor],"Distributions (Notes 4, 12)",-93.4,usd_millions,0,0,10,column-1 header dropped by PDF extractor in all three filings; identified as the capital account from row content and column arithmetic
business_100,4064733,4,https://web.quartr.com/companies/21558?companyId=21558&documentId=4064733&documentType=report&eventId=411100&navigation=external&utm_medium=referral&utm_source=mcp&rp=4,equity_changes,9M FY2026,2025-12-31,YTD,Retained Earnings (Deficit),"Distributions (Notes 4, 12)",-311.2,usd_millions,0,0,10,
business_100,4064733,4,https://web.quartr.com/companies/21558?companyId=21558&documentId=4064733&documentType=report&eventId=411100&navigation=external&utm_medium=referral&utm_source=mcp&rp=4,equity_changes,9M FY2026,2025-12-31,YTD,Accumulated Other Comprehensive Loss,"Distributions (Notes 4, 12)",0,usd_millions,0,0,10,printed_dash_zero
business_100,4064733,4,https://web.quartr.com/companies/21558?companyId=21558&documentId=4064733&documentType=report&eventId=411100&navigation=external&utm_medium=referral&utm_source=mcp&rp=4,equity_changes,9M FY2026,2025-12-31,YTD,Total,"Distributions (Notes 4, 12)",-404.6,usd_millions,0,0,10,
business_100,4064733,4,https://web.quartr.com/companies/21558?companyId=21558&documentId=4064733&documentType=report&eventId=411100&navigation=external&utm_medium=referral&utm_source=mcp&rp=4,equity_changes,9M FY2026,2025-12-31,YTD,Owners' Capital [column header not recovered by extractor],Reorganization of subsidiaries (Note 4),-2.6,usd_millions,0,0,11,column-1 header dropped by PDF extractor in all three filings; identified as the capital account from row content and column arithmetic
business_100,4064733,4,https://web.quartr.com/companies/21558?companyId=21558&documentId=4064733&documentType=report&eventId=411100&navigation=external&utm_medium=referral&utm_source=mcp&rp=4,equity_changes,9M FY2026,2025-12-31,YTD,Retained Earnings (Deficit),Reorganization of subsidiaries (Note 4),-6.3,usd_millions,0,0,11,
business_100,4064733,4,https://web.quartr.com/companies/21558?companyId=21558&documentId=4064733&documentType=report&eventId=411100&navigation=external&utm_medium=referral&utm_source=mcp&rp=4,equity_changes,9M FY2026,2025-12-31,YTD,Accumulated Other Comprehensive Loss,Reorganization of subsidiaries (Note 4),0,usd_millions,0,0,11,printed_dash_zero
business_100,4064733,4,https://web.quartr.com/companies/21558?companyId=21558&documentId=4064733&documentType=report&eventId=411100&navigation=external&utm_medium=referral&utm_source=mcp&rp=4,equity_changes,9M FY2026,2025-12-31,YTD,Total,Reorganization of subsidiaries (Note 4),-8.9,usd_millions,0,0,11,
business_100,4064733,4,https://web.quartr.com/companies/21558?companyId=21558&documentId=4064733&documentType=report&eventId=411100&navigation=external&utm_medium=referral&utm_source=mcp&rp=4,equity_changes,"As at Dec 31, 2025",2025-12-31,instant,Owners' Capital [column header not recovered by extractor],"Balance, December 31, 2025",167.6,usd_millions,1,0,12,column-1 header dropped by PDF extractor in all three filings; identified as the capital account from row content and column arithmetic
business_100,4064733,4,https://web.quartr.com/companies/21558?companyId=21558&documentId=4064733&documentType=report&eventId=411100&navigation=external&utm_medium=referral&utm_source=mcp&rp=4,equity_changes,"As at Dec 31, 2025",2025-12-31,instant,Retained Earnings (Deficit),"Balance, December 31, 2025",-325.2,usd_millions,1,0,12,
business_100,4064733,4,https://web.quartr.com/companies/21558?companyId=21558&documentId=4064733&documentType=report&eventId=411100&navigation=external&utm_medium=referral&utm_source=mcp&rp=4,equity_changes,"As at Dec 31, 2025",2025-12-31,instant,Accumulated Other Comprehensive Loss,"Balance, December 31, 2025",-20.9,usd_millions,1,0,12,
business_100,4064733,4,https://web.quartr.com/companies/21558?companyId=21558&documentId=4064733&documentType=report&eventId=411100&navigation=external&utm_medium=referral&utm_source=mcp&rp=4,equity_changes,"As at Dec 31, 2025",2025-12-31,instant,Total,"Balance, December 31, 2025",-178.5,usd_millions,1,0,12,
business_100,4064733,5,https://web.quartr.com/companies/21558?companyId=21558&documentId=4064733&documentType=report&eventId=411100&navigation=external&utm_medium=referral&utm_source=mcp&rp=5,cash_flow,Q3 FY2026,2025-12-31,Q,OPERATING ACTIVITIES,Net earnings,88.4,usd_millions,0,0,1,
business_100,4064733,5,https://web.quartr.com/companies/21558?companyId=21558&documentId=4064733&documentType=report&eventId=411100&navigation=external&utm_medium=referral&utm_source=mcp&rp=5,cash_flow,Q3 FY2025,2024-12-31,Q,OPERATING ACTIVITIES,Net earnings,58.1,usd_millions,0,1,1,
business_100,4064733,5,https://web.quartr.com/companies/21558?companyId=21558&documentId=4064733&documentType=report&eventId=411100&navigation=external&utm_medium=referral&utm_source=mcp&rp=5,cash_flow,9M FY2026,2025-12-31,YTD,OPERATING ACTIVITIES,Net earnings,182.5,usd_millions,0,0,1,
business_100,4064733,5,https://web.quartr.com/companies/21558?companyId=21558&documentId=4064733&documentType=report&eventId=411100&navigation=external&utm_medium=referral&utm_source=mcp&rp=5,cash_flow,9M FY2025,2024-12-31,YTD,OPERATING ACTIVITIES,Net earnings,152.4,usd_millions,0,1,1,
business_100,4064733,5,https://web.quartr.com/companies/21558?companyId=21558&documentId=4064733&documentType=report&eventId=411100&navigation=external&utm_medium=referral&utm_source=mcp&rp=5,cash_flow,Q3 FY2026,2025-12-31,Q,Adjustments to reconcile net earnings to net cash provided by operating activities:,Deferred income tax expense (benefit),7.0,usd_millions,0,0,2,
business_100,4064733,5,https://web.quartr.com/companies/21558?companyId=21558&documentId=4064733&documentType=report&eventId=411100&navigation=external&utm_medium=referral&utm_source=mcp&rp=5,cash_flow,Q3 FY2025,2024-12-31,Q,Adjustments to reconcile net earnings to net cash provided by operating activities:,Deferred income tax expense (benefit),3.6,usd_millions,0,1,2,
business_100,4064733,5,https://web.quartr.com/companies/21558?companyId=21558&documentId=4064733&documentType=report&eventId=411100&navigation=external&utm_medium=referral&utm_source=mcp&rp=5,cash_flow,9M FY2026,2025-12-31,YTD,Adjustments to reconcile net earnings to net cash provided by operating activities:,Deferred income tax expense (benefit),11.2,usd_millions,0,0,2,
business_100,4064733,5,https://web.quartr.com/companies/21558?companyId=21558&documentId=4064733&documentType=report&eventId=411100&navigation=external&utm_medium=referral&utm_source=mcp&rp=5,cash_flow,9M FY2025,2024-12-31,YTD,Adjustments to reconcile net earnings to net cash provided by operating activities:,Deferred income tax expense (benefit),-16.1,usd_millions,0,1,2,
business_100,4064733,5,https://web.quartr.com/companies/21558?companyId=21558&documentId=4064733&documentType=report&eventId=411100&navigation=external&utm_medium=referral&utm_source=mcp&rp=5,cash_flow,Q3 FY2026,2025-12-31,Q,Adjustments to reconcile net earnings to net cash provided by operating activities:,Unrealized risk management gains,-16.1,usd_millions,0,0,3,
business_100,4064733,5,https://web.quartr.com/companies/21558?companyId=21558&documentId=4064733&documentType=report&eventId=411100&navigation=external&utm_medium=referral&utm_source=mcp&rp=5,cash_flow,Q3 FY2025,2024-12-31,Q,Adjustments to reconcile net earnings to net cash provided by operating activities:,Unrealized risk management gains,-6.5,usd_millions,0,1,3,
business_100,4064733,5,https://web.quartr.com/companies/21558?companyId=21558&documentId=4064733&documentType=report&eventId=411100&navigation=external&utm_medium=referral&utm_source=mcp&rp=5,cash_flow,9M FY2026,2025-12-31,YTD,Adjustments to reconcile net earnings to net cash provided by operating activities:,Unrealized risk management gains,-23.9,usd_millions,0,0,3,
business_100,4064733,5,https://web.quartr.com/companies/21558?companyId=21558&documentId=4064733&documentType=report&eventId=411100&navigation=external&utm_medium=referral&utm_source=mcp&rp=5,cash_flow,9M FY2025,2024-12-31,YTD,Adjustments to reconcile net earnings to net cash provided by operating activities:,Unrealized risk management gains,-11.0,usd_millions,0,1,3,
business_100,4064733,5,https://web.quartr.com/companies/21558?companyId=21558&documentId=4064733&documentType=report&eventId=411100&navigation=external&utm_medium=referral&utm_source=mcp&rp=5,cash_flow,Q3 FY2026,2025-12-31,Q,Adjustments to reconcile net earnings to net cash provided by operating activities:,Depreciation and amortization,9.4,usd_millions,0,0,4,
business_100,4064733,5,https://web.quartr.com/companies/21558?companyId=21558&documentId=4064733&documentType=report&eventId=411100&navigation=external&utm_medium=referral&utm_source=mcp&rp=5,cash_flow,Q3 FY2025,2024-12-31,Q,Adjustments to reconcile net earnings to net cash provided by operating activities:,Depreciation and amortization,9.0,usd_millions,0,1,4,
business_100,4064733,5,https://web.quartr.com/companies/21558?companyId=21558&documentId=4064733&documentType=report&eventId=411100&navigation=external&utm_medium=referral&utm_source=mcp&rp=5,cash_flow,9M FY2026,2025-12-31,YTD,Adjustments to reconcile net earnings to net cash provided by operating activities:,Depreciation and amortization,26.4,usd_millions,0,0,4,
business_100,4064733,5,https://web.quartr.com/companies/21558?companyId=21558&documentId=4064733&documentType=report&eventId=411100&navigation=external&utm_medium=referral&utm_source=mcp&rp=5,cash_flow,9M FY2025,2024-12-31,YTD,Adjustments to reconcile net earnings to net cash provided by operating activities:,Depreciation and amortization,25.4,usd_millions,0,1,4,
business_100,4064733,5,https://web.quartr.com/companies/21558?companyId=21558&documentId=4064733&documentType=report&eventId=411100&navigation=external&utm_medium=referral&utm_source=mcp&rp=5,cash_flow,Q3 FY2026,2025-12-31,Q,Adjustments to reconcile net earnings to net cash provided by operating activities:,Amortization of deferred financing costs,2.6,usd_millions,0,0,5,line not separately presented in the Q2 FY2026 filing
business_100,4064733,5,https://web.quartr.com/companies/21558?companyId=21558&documentId=4064733&documentType=report&eventId=411100&navigation=external&utm_medium=referral&utm_source=mcp&rp=5,cash_flow,Q3 FY2025,2024-12-31,Q,Adjustments to reconcile net earnings to net cash provided by operating activities:,Amortization of deferred financing costs,1.1,usd_millions,0,1,5,line not separately presented in the Q2 FY2026 filing
business_100,4064733,5,https://web.quartr.com/companies/21558?companyId=21558&documentId=4064733&documentType=report&eventId=411100&navigation=external&utm_medium=referral&utm_source=mcp&rp=5,cash_flow,9M FY2026,2025-12-31,YTD,Adjustments to reconcile net earnings to net cash provided by operating activities:,Amortization of deferred financing costs,4.8,usd_millions,0,0,5,line not separately presented in the Q2 FY2026 filing
business_100,4064733,5,https://web.quartr.com/companies/21558?companyId=21558&documentId=4064733&documentType=report&eventId=411100&navigation=external&utm_medium=referral&utm_source=mcp&rp=5,cash_flow,9M FY2025,2024-12-31,YTD,Adjustments to reconcile net earnings to net cash provided by operating activities:,Amortization of deferred financing costs,5.8,usd_millions,0,1,5,line not separately presented in the Q2 FY2026 filing
business_100,4064733,5,https://web.quartr.com/companies/21558?companyId=21558&documentId=4064733&documentType=report&eventId=411100&navigation=external&utm_medium=referral&utm_source=mcp&rp=5,cash_flow,Q3 FY2026,2025-12-31,Q,Adjustments to reconcile net earnings to net cash provided by operating activities:,Other,0.6,usd_millions,0,0,6,
business_100,4064733,5,https://web.quartr.com/companies/21558?companyId=21558&documentId=4064733&documentType=report&eventId=411100&navigation=external&utm_medium=referral&utm_source=mcp&rp=5,cash_flow,Q3 FY2025,2024-12-31,Q,Adjustments to reconcile net earnings to net cash provided by operating activities:,Other,1.0,usd_millions,0,1,6,
business_100,4064733,5,https://web.quartr.com/companies/21558?companyId=21558&documentId=4064733&documentType=report&eventId=411100&navigation=external&utm_medium=referral&utm_source=mcp&rp=5,cash_flow,9M FY2026,2025-12-31,YTD,Adjustments to reconcile net earnings to net cash provided by operating activities:,Other,0.8,usd_millions,0,0,6,
business_100,4064733,5,https://web.quartr.com/companies/21558?companyId=21558&documentId=4064733&documentType=report&eventId=411100&navigation=external&utm_medium=referral&utm_source=mcp&rp=5,cash_flow,9M FY2025,2024-12-31,YTD,Adjustments to reconcile net earnings to net cash provided by operating activities:,Other,0.9,usd_millions,0,1,6,
business_100,4064733,5,https://web.quartr.com/companies/21558?companyId=21558&documentId=4064733&documentType=report&eventId=411100&navigation=external&utm_medium=referral&utm_source=mcp&rp=5,cash_flow,Q3 FY2026,2025-12-31,Q,Adjustments to reconcile net earnings to net cash provided by operating activities:,Changes in non-cash working capital,-6.9,usd_millions,0,0,7,
business_100,4064733,5,https://web.quartr.com/companies/21558?companyId=21558&documentId=4064733&documentType=report&eventId=411100&navigation=external&utm_medium=referral&utm_source=mcp&rp=5,cash_flow,Q3 FY2025,2024-12-31,Q,Adjustments to reconcile net earnings to net cash provided by operating activities:,Changes in non-cash working capital,9.5,usd_millions,0,1,7,
business_100,4064733,5,https://web.quartr.com/companies/21558?companyId=21558&documentId=4064733&documentType=report&eventId=411100&navigation=external&utm_medium=referral&utm_source=mcp&rp=5,cash_flow,9M FY2026,2025-12-31,YTD,Adjustments to reconcile net earnings to net cash provided by operating activities:,Changes in non-cash working capital,-22.8,usd_millions,0,0,7,
business_100,4064733,5,https://web.quartr.com/companies/21558?companyId=21558&documentId=4064733&documentType=report&eventId=411100&navigation=external&utm_medium=referral&utm_source=mcp&rp=5,cash_flow,9M FY2025,2024-12-31,YTD,Adjustments to reconcile net earnings to net cash provided by operating activities:,Changes in non-cash working capital,83.7,usd_millions,0,1,7,
business_100,4064733,5,https://web.quartr.com/companies/21558?companyId=21558&documentId=4064733&documentType=report&eventId=411100&navigation=external&utm_medium=referral&utm_source=mcp&rp=5,cash_flow,Q3 FY2026,2025-12-31,Q,OPERATING ACTIVITIES,Net cash provided by operating activities,85.0,usd_millions,1,0,8,
business_100,4064733,5,https://web.quartr.com/companies/21558?companyId=21558&documentId=4064733&documentType=report&eventId=411100&navigation=external&utm_medium=referral&utm_source=mcp&rp=5,cash_flow,Q3 FY2025,2024-12-31,Q,OPERATING ACTIVITIES,Net cash provided by operating activities,75.8,usd_millions,1,1,8,
business_100,4064733,5,https://web.quartr.com/companies/21558?companyId=21558&documentId=4064733&documentType=report&eventId=411100&navigation=external&utm_medium=referral&utm_source=mcp&rp=5,cash_flow,9M FY2026,2025-12-31,YTD,OPERATING ACTIVITIES,Net cash provided by operating activities,179.0,usd_millions,1,0,8,
business_100,4064733,5,https://web.quartr.com/companies/21558?companyId=21558&documentId=4064733&documentType=report&eventId=411100&navigation=external&utm_medium=referral&utm_source=mcp&rp=5,cash_flow,9M FY2025,2024-12-31,YTD,OPERATING ACTIVITIES,Net cash provided by operating activities,241.1,usd_millions,1,1,8,
business_100,4064733,5,https://web.quartr.com/companies/21558?companyId=21558&documentId=4064733&documentType=report&eventId=411100&navigation=external&utm_medium=referral&utm_source=mcp&rp=5,cash_flow,Q3 FY2026,2025-12-31,Q,INVESTING ACTIVITIES,"Property, plant and equipment expenditures",-7.4,usd_millions,0,0,9,
business_100,4064733,5,https://web.quartr.com/companies/21558?companyId=21558&documentId=4064733&documentType=report&eventId=411100&navigation=external&utm_medium=referral&utm_source=mcp&rp=5,cash_flow,Q3 FY2025,2024-12-31,Q,INVESTING ACTIVITIES,"Property, plant and equipment expenditures",-10.5,usd_millions,0,1,9,
business_100,4064733,5,https://web.quartr.com/companies/21558?companyId=21558&documentId=4064733&documentType=report&eventId=411100&navigation=external&utm_medium=referral&utm_source=mcp&rp=5,cash_flow,9M FY2026,2025-12-31,YTD,INVESTING ACTIVITIES,"Property, plant and equipment expenditures",-28.1,usd_millions,0,0,9,
business_100,4064733,5,https://web.quartr.com/companies/21558?companyId=21558&documentId=4064733&documentType=report&eventId=411100&navigation=external&utm_medium=referral&utm_source=mcp&rp=5,cash_flow,9M FY2025,2024-12-31,YTD,INVESTING ACTIVITIES,"Property, plant and equipment expenditures",-29.9,usd_millions,0,1,9,
business_100,4064733,5,https://web.quartr.com/companies/21558?companyId=21558&documentId=4064733&documentType=report&eventId=411100&navigation=external&utm_medium=referral&utm_source=mcp&rp=5,cash_flow,Q3 FY2026,2025-12-31,Q,INVESTING ACTIVITIES,Net cash used in investing activities,-7.4,usd_millions,1,0,10,
business_100,4064733,5,https://web.quartr.com/companies/21558?companyId=21558&documentId=4064733&documentType=report&eventId=411100&navigation=external&utm_medium=referral&utm_source=mcp&rp=5,cash_flow,Q3 FY2025,2024-12-31,Q,INVESTING ACTIVITIES,Net cash used in investing activities,-10.5,usd_millions,1,1,10,
business_100,4064733,5,https://web.quartr.com/companies/21558?companyId=21558&documentId=4064733&documentType=report&eventId=411100&navigation=external&utm_medium=referral&utm_source=mcp&rp=5,cash_flow,9M FY2026,2025-12-31,YTD,INVESTING ACTIVITIES,Net cash used in investing activities,-28.1,usd_millions,1,0,10,
business_100,4064733,5,https://web.quartr.com/companies/21558?companyId=21558&documentId=4064733&documentType=report&eventId=411100&navigation=external&utm_medium=referral&utm_source=mcp&rp=5,cash_flow,9M FY2025,2024-12-31,YTD,INVESTING ACTIVITIES,Net cash used in investing activities,-29.9,usd_millions,1,1,10,
business_100,4064733,5,https://web.quartr.com/companies/21558?companyId=21558&documentId=4064733&documentType=report&eventId=411100&navigation=external&utm_medium=referral&utm_source=mcp&rp=5,cash_flow,Q3 FY2026,2025-12-31,Q,FINANCING ACTIVITIES,Proceeds from revolving credit facilities,115.6,usd_millions,0,0,11,
business_100,4064733,5,https://web.quartr.com/companies/21558?companyId=21558&documentId=4064733&documentType=report&eventId=411100&navigation=external&utm_medium=referral&utm_source=mcp&rp=5,cash_flow,Q3 FY2025,2024-12-31,Q,FINANCING ACTIVITIES,Proceeds from revolving credit facilities,1.2,usd_millions,0,1,11,
business_100,4064733,5,https://web.quartr.com/companies/21558?companyId=21558&documentId=4064733&documentType=report&eventId=411100&navigation=external&utm_medium=referral&utm_source=mcp&rp=5,cash_flow,9M FY2026,2025-12-31,YTD,FINANCING ACTIVITIES,Proceeds from revolving credit facilities,137.2,usd_millions,0,0,11,
business_100,4064733,5,https://web.quartr.com/companies/21558?companyId=21558&documentId=4064733&documentType=report&eventId=411100&navigation=external&utm_medium=referral&utm_source=mcp&rp=5,cash_flow,9M FY2025,2024-12-31,YTD,FINANCING ACTIVITIES,Proceeds from revolving credit facilities,40.5,usd_millions,0,1,11,
business_100,4064733,5,https://web.quartr.com/companies/21558?companyId=21558&documentId=4064733&documentType=report&eventId=411100&navigation=external&utm_medium=referral&utm_source=mcp&rp=5,cash_flow,Q3 FY2026,2025-12-31,Q,FINANCING ACTIVITIES,Payments of revolving credit facilities,-120.6,usd_millions,0,0,12,
business_100,4064733,5,https://web.quartr.com/companies/21558?companyId=21558&documentId=4064733&documentType=report&eventId=411100&navigation=external&utm_medium=referral&utm_source=mcp&rp=5,cash_flow,Q3 FY2025,2024-12-31,Q,FINANCING ACTIVITIES,Payments of revolving credit facilities,-4.4,usd_millions,0,1,12,
business_100,4064733,5,https://web.quartr.com/companies/21558?companyId=21558&documentId=4064733&documentType=report&eventId=411100&navigation=external&utm_medium=referral&utm_source=mcp&rp=5,cash_flow,9M FY2026,2025-12-31,YTD,FINANCING ACTIVITIES,Payments of revolving credit facilities,-146.2,usd_millions,0,0,12,
business_100,4064733,5,https://web.quartr.com/companies/21558?companyId=21558&documentId=4064733&documentType=report&eventId=411100&navigation=external&utm_medium=referral&utm_source=mcp&rp=5,cash_flow,9M FY2025,2024-12-31,YTD,FINANCING ACTIVITIES,Payments of revolving credit facilities,-41.0,usd_millions,0,1,12,
business_100,4064733,5,https://web.quartr.com/companies/21558?companyId=21558&documentId=4064733&documentType=report&eventId=411100&navigation=external&utm_medium=referral&utm_source=mcp&rp=5,cash_flow,Q3 FY2026,2025-12-31,Q,FINANCING ACTIVITIES,Proceeds from term loan,0,usd_millions,0,0,13,printed_dash_zero
business_100,4064733,5,https://web.quartr.com/companies/21558?companyId=21558&documentId=4064733&documentType=report&eventId=411100&navigation=external&utm_medium=referral&utm_source=mcp&rp=5,cash_flow,Q3 FY2025,2024-12-31,Q,FINANCING ACTIVITIES,Proceeds from term loan,0,usd_millions,0,1,13,printed_dash_zero
business_100,4064733,5,https://web.quartr.com/companies/21558?companyId=21558&documentId=4064733&documentType=report&eventId=411100&navigation=external&utm_medium=referral&utm_source=mcp&rp=5,cash_flow,9M FY2026,2025-12-31,YTD,FINANCING ACTIVITIES,Proceeds from term loan,0,usd_millions,0,0,13,printed_dash_zero
business_100,4064733,5,https://web.quartr.com/companies/21558?companyId=21558&documentId=4064733&documentType=report&eventId=411100&navigation=external&utm_medium=referral&utm_source=mcp&rp=5,cash_flow,9M FY2025,2024-12-31,YTD,FINANCING ACTIVITIES,Proceeds from term loan,1237.5,usd_millions,0,1,13,
business_100,4064733,5,https://web.quartr.com/companies/21558?companyId=21558&documentId=4064733&documentType=report&eventId=411100&navigation=external&utm_medium=referral&utm_source=mcp&rp=5,cash_flow,Q3 FY2026,2025-12-31,Q,FINANCING ACTIVITIES,Payments of term loans,-3.1,usd_millions,0,0,14,
business_100,4064733,5,https://web.quartr.com/companies/21558?companyId=21558&documentId=4064733&documentType=report&eventId=411100&navigation=external&utm_medium=referral&utm_source=mcp&rp=5,cash_flow,Q3 FY2025,2024-12-31,Q,FINANCING ACTIVITIES,Payments of term loans,0,usd_millions,0,1,14,printed_dash_zero
business_100,4064733,5,https://web.quartr.com/companies/21558?companyId=21558&documentId=4064733&documentType=report&eventId=411100&navigation=external&utm_medium=referral&utm_source=mcp&rp=5,cash_flow,9M FY2026,2025-12-31,YTD,FINANCING ACTIVITIES,Payments of term loans,-9.4,usd_millions,0,0,14,
business_100,4064733,5,https://web.quartr.com/companies/21558?companyId=21558&documentId=4064733&documentType=report&eventId=411100&navigation=external&utm_medium=referral&utm_source=mcp&rp=5,cash_flow,9M FY2025,2024-12-31,YTD,FINANCING ACTIVITIES,Payments of term loans,-450.0,usd_millions,0,1,14,
business_100,4064733,5,https://web.quartr.com/companies/21558?companyId=21558&documentId=4064733&documentType=report&eventId=411100&navigation=external&utm_medium=referral&utm_source=mcp&rp=5,cash_flow,Q3 FY2026,2025-12-31,Q,FINANCING ACTIVITIES,Proceeds from (repayments of) affiliated notes,135.6,usd_millions,0,0,15,caption was 'Payments of promissory notes' in the Q2 FY2026 filing
business_100,4064733,5,https://web.quartr.com/companies/21558?companyId=21558&documentId=4064733&documentType=report&eventId=411100&navigation=external&utm_medium=referral&utm_source=mcp&rp=5,cash_flow,Q3 FY2025,2024-12-31,Q,FINANCING ACTIVITIES,Proceeds from (repayments of) affiliated notes,0,usd_millions,0,1,15,caption was 'Payments of promissory notes' in the Q2 FY2026 filing; printed_dash_zero
business_100,4064733,5,https://web.quartr.com/companies/21558?companyId=21558&documentId=4064733&documentType=report&eventId=411100&navigation=external&utm_medium=referral&utm_source=mcp&rp=5,cash_flow,9M FY2026,2025-12-31,YTD,FINANCING ACTIVITIES,Proceeds from (repayments of) affiliated notes,135.6,usd_millions,0,0,15,caption was 'Payments of promissory notes' in the Q2 FY2026 filing
business_100,4064733,5,https://web.quartr.com/companies/21558?companyId=21558&documentId=4064733&documentType=report&eventId=411100&navigation=external&utm_medium=referral&utm_source=mcp&rp=5,cash_flow,9M FY2025,2024-12-31,YTD,FINANCING ACTIVITIES,Proceeds from (repayments of) affiliated notes,-224.9,usd_millions,0,1,15,caption was 'Payments of promissory notes' in the Q2 FY2026 filing
business_100,4064733,5,https://web.quartr.com/companies/21558?companyId=21558&documentId=4064733&documentType=report&eventId=411100&navigation=external&utm_medium=referral&utm_source=mcp&rp=5,cash_flow,Q3 FY2026,2025-12-31,Q,FINANCING ACTIVITIES,Notes extended to related parties,-69.3,usd_millions,0,0,16,
business_100,4064733,5,https://web.quartr.com/companies/21558?companyId=21558&documentId=4064733&documentType=report&eventId=411100&navigation=external&utm_medium=referral&utm_source=mcp&rp=5,cash_flow,Q3 FY2025,2024-12-31,Q,FINANCING ACTIVITIES,Notes extended to related parties,0,usd_millions,0,1,16,printed_dash_zero
business_100,4064733,5,https://web.quartr.com/companies/21558?companyId=21558&documentId=4064733&documentType=report&eventId=411100&navigation=external&utm_medium=referral&utm_source=mcp&rp=5,cash_flow,9M FY2026,2025-12-31,YTD,FINANCING ACTIVITIES,Notes extended to related parties,-106.3,usd_millions,0,0,16,
business_100,4064733,5,https://web.quartr.com/companies/21558?companyId=21558&documentId=4064733&documentType=report&eventId=411100&navigation=external&utm_medium=referral&utm_source=mcp&rp=5,cash_flow,9M FY2025,2024-12-31,YTD,FINANCING ACTIVITIES,Notes extended to related parties,-522.2,usd_millions,0,1,16,
business_100,4064733,5,https://web.quartr.com/companies/21558?companyId=21558&documentId=4064733&documentType=report&eventId=411100&navigation=external&utm_medium=referral&utm_source=mcp&rp=5,cash_flow,Q3 FY2026,2025-12-31,Q,FINANCING ACTIVITIES,Payments of financing costs,-5.6,usd_millions,0,0,17,
business_100,4064733,5,https://web.quartr.com/companies/21558?companyId=21558&documentId=4064733&documentType=report&eventId=411100&navigation=external&utm_medium=referral&utm_source=mcp&rp=5,cash_flow,Q3 FY2025,2024-12-31,Q,FINANCING ACTIVITIES,Payments of financing costs,-2.3,usd_millions,0,1,17,
business_100,4064733,5,https://web.quartr.com/companies/21558?companyId=21558&documentId=4064733&documentType=report&eventId=411100&navigation=external&utm_medium=referral&utm_source=mcp&rp=5,cash_flow,9M FY2026,2025-12-31,YTD,FINANCING ACTIVITIES,Payments of financing costs,-5.8,usd_millions,0,0,17,
business_100,4064733,5,https://web.quartr.com/companies/21558?companyId=21558&documentId=4064733&documentType=report&eventId=411100&navigation=external&utm_medium=referral&utm_source=mcp&rp=5,cash_flow,9M FY2025,2024-12-31,YTD,FINANCING ACTIVITIES,Payments of financing costs,-15.9,usd_millions,0,1,17,
business_100,4064733,5,https://web.quartr.com/companies/21558?companyId=21558&documentId=4064733&documentType=report&eventId=411100&navigation=external&utm_medium=referral&utm_source=mcp&rp=5,cash_flow,Q3 FY2026,2025-12-31,Q,FINANCING ACTIVITIES,Payments of lease liabilities,-0.1,usd_millions,0,0,18,
business_100,4064733,5,https://web.quartr.com/companies/21558?companyId=21558&documentId=4064733&documentType=report&eventId=411100&navigation=external&utm_medium=referral&utm_source=mcp&rp=5,cash_flow,Q3 FY2025,2024-12-31,Q,FINANCING ACTIVITIES,Payments of lease liabilities,-0.4,usd_millions,0,1,18,
business_100,4064733,5,https://web.quartr.com/companies/21558?companyId=21558&documentId=4064733&documentType=report&eventId=411100&navigation=external&utm_medium=referral&utm_source=mcp&rp=5,cash_flow,9M FY2026,2025-12-31,YTD,FINANCING ACTIVITIES,Payments of lease liabilities,-17.5,usd_millions,0,0,18,
business_100,4064733,5,https://web.quartr.com/companies/21558?companyId=21558&documentId=4064733&documentType=report&eventId=411100&navigation=external&utm_medium=referral&utm_source=mcp&rp=5,cash_flow,9M FY2025,2024-12-31,YTD,FINANCING ACTIVITIES,Payments of lease liabilities,-0.7,usd_millions,0,1,18,
business_100,4064733,5,https://web.quartr.com/companies/21558?companyId=21558&documentId=4064733&documentType=report&eventId=411100&navigation=external&utm_medium=referral&utm_source=mcp&rp=5,cash_flow,Q3 FY2026,2025-12-31,Q,FINANCING ACTIVITIES,Distributions,-138.5,usd_millions,0,0,19,
business_100,4064733,5,https://web.quartr.com/companies/21558?companyId=21558&documentId=4064733&documentType=report&eventId=411100&navigation=external&utm_medium=referral&utm_source=mcp&rp=5,cash_flow,Q3 FY2025,2024-12-31,Q,FINANCING ACTIVITIES,Distributions,0,usd_millions,0,1,19,printed_dash_zero
business_100,4064733,5,https://web.quartr.com/companies/21558?companyId=21558&documentId=4064733&documentType=report&eventId=411100&navigation=external&utm_medium=referral&utm_source=mcp&rp=5,cash_flow,9M FY2026,2025-12-31,YTD,FINANCING ACTIVITIES,Distributions,-321.3,usd_millions,0,0,19,
business_100,4064733,5,https://web.quartr.com/companies/21558?companyId=21558&documentId=4064733&documentType=report&eventId=411100&navigation=external&utm_medium=referral&utm_source=mcp&rp=5,cash_flow,9M FY2025,2024-12-31,YTD,FINANCING ACTIVITIES,Distributions,-190.0,usd_millions,0,1,19,
business_100,4064733,5,https://web.quartr.com/companies/21558?companyId=21558&documentId=4064733&documentType=report&eventId=411100&navigation=external&utm_medium=referral&utm_source=mcp&rp=5,cash_flow,Q3 FY2026,2025-12-31,Q,FINANCING ACTIVITIES,Net cash used in financing activities,-86.0,usd_millions,1,0,20,
business_100,4064733,5,https://web.quartr.com/companies/21558?companyId=21558&documentId=4064733&documentType=report&eventId=411100&navigation=external&utm_medium=referral&utm_source=mcp&rp=5,cash_flow,Q3 FY2025,2024-12-31,Q,FINANCING ACTIVITIES,Net cash used in financing activities,-5.9,usd_millions,1,1,20,
business_100,4064733,5,https://web.quartr.com/companies/21558?companyId=21558&documentId=4064733&documentType=report&eventId=411100&navigation=external&utm_medium=referral&utm_source=mcp&rp=5,cash_flow,9M FY2026,2025-12-31,YTD,FINANCING ACTIVITIES,Net cash used in financing activities,-333.7,usd_millions,1,0,20,
business_100,4064733,5,https://web.quartr.com/companies/21558?companyId=21558&documentId=4064733&documentType=report&eventId=411100&navigation=external&utm_medium=referral&utm_source=mcp&rp=5,cash_flow,9M FY2025,2024-12-31,YTD,FINANCING ACTIVITIES,Net cash used in financing activities,-166.7,usd_millions,1,1,20,
business_100,4064733,5,https://web.quartr.com/companies/21558?companyId=21558&documentId=4064733&documentType=report&eventId=411100&navigation=external&utm_medium=referral&utm_source=mcp&rp=5,cash_flow,Q3 FY2026,2025-12-31,Q,,Effect of translation on foreign currency cash and cash equivalents,0.1,usd_millions,0,0,21,
business_100,4064733,5,https://web.quartr.com/companies/21558?companyId=21558&documentId=4064733&documentType=report&eventId=411100&navigation=external&utm_medium=referral&utm_source=mcp&rp=5,cash_flow,Q3 FY2025,2024-12-31,Q,,Effect of translation on foreign currency cash and cash equivalents,-1.1,usd_millions,0,1,21,
business_100,4064733,5,https://web.quartr.com/companies/21558?companyId=21558&documentId=4064733&documentType=report&eventId=411100&navigation=external&utm_medium=referral&utm_source=mcp&rp=5,cash_flow,9M FY2026,2025-12-31,YTD,,Effect of translation on foreign currency cash and cash equivalents,0.9,usd_millions,0,0,21,
business_100,4064733,5,https://web.quartr.com/companies/21558?companyId=21558&documentId=4064733&documentType=report&eventId=411100&navigation=external&utm_medium=referral&utm_source=mcp&rp=5,cash_flow,9M FY2025,2024-12-31,YTD,,Effect of translation on foreign currency cash and cash equivalents,-0.8,usd_millions,0,1,21,
business_100,4064733,5,https://web.quartr.com/companies/21558?companyId=21558&documentId=4064733&documentType=report&eventId=411100&navigation=external&utm_medium=referral&utm_source=mcp&rp=5,cash_flow,Q3 FY2026,2025-12-31,Q,,Net changes in cash and cash equivalents,-8.3,usd_millions,1,0,22,
business_100,4064733,5,https://web.quartr.com/companies/21558?companyId=21558&documentId=4064733&documentType=report&eventId=411100&navigation=external&utm_medium=referral&utm_source=mcp&rp=5,cash_flow,Q3 FY2025,2024-12-31,Q,,Net changes in cash and cash equivalents,58.3,usd_millions,1,1,22,
business_100,4064733,5,https://web.quartr.com/companies/21558?companyId=21558&documentId=4064733&documentType=report&eventId=411100&navigation=external&utm_medium=referral&utm_source=mcp&rp=5,cash_flow,9M FY2026,2025-12-31,YTD,,Net changes in cash and cash equivalents,-181.9,usd_millions,1,0,22,
business_100,4064733,5,https://web.quartr.com/companies/21558?companyId=21558&documentId=4064733&documentType=report&eventId=411100&navigation=external&utm_medium=referral&utm_source=mcp&rp=5,cash_flow,9M FY2025,2024-12-31,YTD,,Net changes in cash and cash equivalents,43.7,usd_millions,1,1,22,
business_100,4064733,5,https://web.quartr.com/companies/21558?companyId=21558&documentId=4064733&documentType=report&eventId=411100&navigation=external&utm_medium=referral&utm_source=mcp&rp=5,cash_flow,Q3 FY2026,2025-12-31,Q,,"Cash and cash equivalents, beginning of the period",30.5,usd_millions,0,0,23,
business_100,4064733,5,https://web.quartr.com/companies/21558?companyId=21558&documentId=4064733&documentType=report&eventId=411100&navigation=external&utm_medium=referral&utm_source=mcp&rp=5,cash_flow,Q3 FY2025,2024-12-31,Q,,"Cash and cash equivalents, beginning of the period",85.5,usd_millions,0,1,23,
business_100,4064733,5,https://web.quartr.com/companies/21558?companyId=21558&documentId=4064733&documentType=report&eventId=411100&navigation=external&utm_medium=referral&utm_source=mcp&rp=5,cash_flow,9M FY2026,2025-12-31,YTD,,"Cash and cash equivalents, beginning of the period",204.1,usd_millions,0,0,23,
business_100,4064733,5,https://web.quartr.com/companies/21558?companyId=21558&documentId=4064733&documentType=report&eventId=411100&navigation=external&utm_medium=referral&utm_source=mcp&rp=5,cash_flow,9M FY2025,2024-12-31,YTD,,"Cash and cash equivalents, beginning of the period",100.1,usd_millions,0,1,23,
business_100,4064733,5,https://web.quartr.com/companies/21558?companyId=21558&documentId=4064733&documentType=report&eventId=411100&navigation=external&utm_medium=referral&utm_source=mcp&rp=5,cash_flow,Q3 FY2026,2025-12-31,Q,,"Cash and cash equivalents, end of the period",22.2,usd_millions,1,0,24,
business_100,4064733,5,https://web.quartr.com/companies/21558?companyId=21558&documentId=4064733&documentType=report&eventId=411100&navigation=external&utm_medium=referral&utm_source=mcp&rp=5,cash_flow,Q3 FY2025,2024-12-31,Q,,"Cash and cash equivalents, end of the period",143.8,usd_millions,1,1,24,
business_100,4064733,5,https://web.quartr.com/companies/21558?companyId=21558&documentId=4064733&documentType=report&eventId=411100&navigation=external&utm_medium=referral&utm_source=mcp&rp=5,cash_flow,9M FY2026,2025-12-31,YTD,,"Cash and cash equivalents, end of the period",22.2,usd_millions,1,0,24,
business_100,4064733,5,https://web.quartr.com/companies/21558?companyId=21558&documentId=4064733&documentType=report&eventId=411100&navigation=external&utm_medium=referral&utm_source=mcp&rp=5,cash_flow,9M FY2025,2024-12-31,YTD,,"Cash and cash equivalents, end of the period",143.8,usd_millions,1,1,24,
business_100,4064733,9,https://web.quartr.com/companies/21558?companyId=21558&documentId=4064733&documentType=report&eventId=411100&navigation=external&utm_medium=referral&utm_source=mcp&rp=9,note_ppe,"As at Apr 1, 2025",2025-04-01,instant,Cost | Cushion gas,"Balance, April 1, 2025",169.4,usd_millions,1,1,1,
business_100,4064733,9,https://web.quartr.com/companies/21558?companyId=21558&documentId=4064733&documentType=report&eventId=411100&navigation=external&utm_medium=referral&utm_source=mcp&rp=9,note_ppe,"As at Apr 1, 2025",2025-04-01,instant,Cost | Pipelines and interconnects,"Balance, April 1, 2025",152.5,usd_millions,1,1,1,
business_100,4064733,9,https://web.quartr.com/companies/21558?companyId=21558&documentId=4064733&documentType=report&eventId=411100&navigation=external&utm_medium=referral&utm_source=mcp&rp=9,note_ppe,"As at Apr 1, 2025",2025-04-01,instant,Cost | Wells,"Balance, April 1, 2025",323.3,usd_millions,1,1,1,
business_100,4064733,9,https://web.quartr.com/companies/21558?companyId=21558&documentId=4064733&documentType=report&eventId=411100&navigation=external&utm_medium=referral&utm_source=mcp&rp=9,note_ppe,"As at Apr 1, 2025",2025-04-01,instant,Cost | Land and storage formations,"Balance, April 1, 2025",101.1,usd_millions,1,1,1,
business_100,4064733,9,https://web.quartr.com/companies/21558?companyId=21558&documentId=4064733&documentType=report&eventId=411100&navigation=external&utm_medium=referral&utm_source=mcp&rp=9,note_ppe,"As at Apr 1, 2025",2025-04-01,instant,Cost | Facilities and other,"Balance, April 1, 2025",415.1,usd_millions,1,1,1,
business_100,4064733,9,https://web.quartr.com/companies/21558?companyId=21558&documentId=4064733&documentType=report&eventId=411100&navigation=external&utm_medium=referral&utm_source=mcp&rp=9,note_ppe,"As at Apr 1, 2025",2025-04-01,instant,Cost | Total,"Balance, April 1, 2025",1161.4,usd_millions,1,1,1,
business_100,4064733,9,https://web.quartr.com/companies/21558?companyId=21558&documentId=4064733&documentType=report&eventId=411100&navigation=external&utm_medium=referral&utm_source=mcp&rp=9,note_ppe,9M FY2026,2025-12-31,YTD,Cost | Cushion gas,Additions,2.0,usd_millions,0,0,2,
business_100,4064733,9,https://web.quartr.com/companies/21558?companyId=21558&documentId=4064733&documentType=report&eventId=411100&navigation=external&utm_medium=referral&utm_source=mcp&rp=9,note_ppe,9M FY2026,2025-12-31,YTD,Cost | Pipelines and interconnects,Additions,2.9,usd_millions,0,0,2,
business_100,4064733,9,https://web.quartr.com/companies/21558?companyId=21558&documentId=4064733&documentType=report&eventId=411100&navigation=external&utm_medium=referral&utm_source=mcp&rp=9,note_ppe,9M FY2026,2025-12-31,YTD,Cost | Wells,Additions,10.8,usd_millions,0,0,2,
business_100,4064733,9,https://web.quartr.com/companies/21558?companyId=21558&documentId=4064733&documentType=report&eventId=411100&navigation=external&utm_medium=referral&utm_source=mcp&rp=9,note_ppe,9M FY2026,2025-12-31,YTD,Cost | Land and storage formations,Additions,0,usd_millions,0,0,2,printed_dash_zero
business_100,4064733,9,https://web.quartr.com/companies/21558?companyId=21558&documentId=4064733&documentType=report&eventId=411100&navigation=external&utm_medium=referral&utm_source=mcp&rp=9,note_ppe,9M FY2026,2025-12-31,YTD,Cost | Facilities and other,Additions,5.3,usd_millions,0,0,2,
business_100,4064733,9,https://web.quartr.com/companies/21558?companyId=21558&documentId=4064733&documentType=report&eventId=411100&navigation=external&utm_medium=referral&utm_source=mcp&rp=9,note_ppe,9M FY2026,2025-12-31,YTD,Cost | Total,Additions,21.0,usd_millions,0,0,2,
business_100,4064733,9,https://web.quartr.com/companies/21558?companyId=21558&documentId=4064733&documentType=report&eventId=411100&navigation=external&utm_medium=referral&utm_source=mcp&rp=9,note_ppe,9M FY2026,2025-12-31,YTD,Cost | Cushion gas,Changes in decommissioning obligations,0,usd_millions,0,0,3,printed_dash_zero
business_100,4064733,9,https://web.quartr.com/companies/21558?companyId=21558&documentId=4064733&documentType=report&eventId=411100&navigation=external&utm_medium=referral&utm_source=mcp&rp=9,note_ppe,9M FY2026,2025-12-31,YTD,Cost | Pipelines and interconnects,Changes in decommissioning obligations,0.2,usd_millions,0,0,3,
business_100,4064733,9,https://web.quartr.com/companies/21558?companyId=21558&documentId=4064733&documentType=report&eventId=411100&navigation=external&utm_medium=referral&utm_source=mcp&rp=9,note_ppe,9M FY2026,2025-12-31,YTD,Cost | Wells,Changes in decommissioning obligations,-0.5,usd_millions,0,0,3,
business_100,4064733,9,https://web.quartr.com/companies/21558?companyId=21558&documentId=4064733&documentType=report&eventId=411100&navigation=external&utm_medium=referral&utm_source=mcp&rp=9,note_ppe,9M FY2026,2025-12-31,YTD,Cost | Land and storage formations,Changes in decommissioning obligations,0,usd_millions,0,0,3,printed_dash_zero
business_100,4064733,9,https://web.quartr.com/companies/21558?companyId=21558&documentId=4064733&documentType=report&eventId=411100&navigation=external&utm_medium=referral&utm_source=mcp&rp=9,note_ppe,9M FY2026,2025-12-31,YTD,Cost | Facilities and other,Changes in decommissioning obligations,1.2,usd_millions,0,0,3,
business_100,4064733,9,https://web.quartr.com/companies/21558?companyId=21558&documentId=4064733&documentType=report&eventId=411100&navigation=external&utm_medium=referral&utm_source=mcp&rp=9,note_ppe,9M FY2026,2025-12-31,YTD,Cost | Total,Changes in decommissioning obligations,0.9,usd_millions,0,0,3,
business_100,4064733,9,https://web.quartr.com/companies/21558?companyId=21558&documentId=4064733&documentType=report&eventId=411100&navigation=external&utm_medium=referral&utm_source=mcp&rp=9,note_ppe,9M FY2026,2025-12-31,YTD,Cost | Cushion gas,Lease additions and remeasurements,0,usd_millions,0,0,4,printed_dash_zero
business_100,4064733,9,https://web.quartr.com/companies/21558?companyId=21558&documentId=4064733&documentType=report&eventId=411100&navigation=external&utm_medium=referral&utm_source=mcp&rp=9,note_ppe,9M FY2026,2025-12-31,YTD,Cost | Pipelines and interconnects,Lease additions and remeasurements,0,usd_millions,0,0,4,printed_dash_zero
business_100,4064733,9,https://web.quartr.com/companies/21558?companyId=21558&documentId=4064733&documentType=report&eventId=411100&navigation=external&utm_medium=referral&utm_source=mcp&rp=9,note_ppe,9M FY2026,2025-12-31,YTD,Cost | Wells,Lease additions and remeasurements,0,usd_millions,0,0,4,printed_dash_zero
business_100,4064733,9,https://web.quartr.com/companies/21558?companyId=21558&documentId=4064733&documentType=report&eventId=411100&navigation=external&utm_medium=referral&utm_source=mcp&rp=9,note_ppe,9M FY2026,2025-12-31,YTD,Cost | Land and storage formations,Lease additions and remeasurements,8.4,usd_millions,0,0,4,
business_100,4064733,9,https://web.quartr.com/companies/21558?companyId=21558&documentId=4064733&documentType=report&eventId=411100&navigation=external&utm_medium=referral&utm_source=mcp&rp=9,note_ppe,9M FY2026,2025-12-31,YTD,Cost | Facilities and other,Lease additions and remeasurements,0,usd_millions,0,0,4,printed_dash_zero
business_100,4064733,9,https://web.quartr.com/companies/21558?companyId=21558&documentId=4064733&documentType=report&eventId=411100&navigation=external&utm_medium=referral&utm_source=mcp&rp=9,note_ppe,9M FY2026,2025-12-31,YTD,Cost | Total,Lease additions and remeasurements,8.4,usd_millions,0,0,4,
business_100,4064733,9,https://web.quartr.com/companies/21558?companyId=21558&documentId=4064733&documentType=report&eventId=411100&navigation=external&utm_medium=referral&utm_source=mcp&rp=9,note_ppe,9M FY2026,2025-12-31,YTD,Cost | Cushion gas,Migration/disposals,-3.1,usd_millions,0,0,5,
business_100,4064733,9,https://web.quartr.com/companies/21558?companyId=21558&documentId=4064733&documentType=report&eventId=411100&navigation=external&utm_medium=referral&utm_source=mcp&rp=9,note_ppe,9M FY2026,2025-12-31,YTD,Cost | Pipelines and interconnects,Migration/disposals,-0.3,usd_millions,0,0,5,
business_100,4064733,9,https://web.quartr.com/companies/21558?companyId=21558&documentId=4064733&documentType=report&eventId=411100&navigation=external&utm_medium=referral&utm_source=mcp&rp=9,note_ppe,9M FY2026,2025-12-31,YTD,Cost | Wells,Migration/disposals,-1.6,usd_millions,0,0,5,
business_100,4064733,9,https://web.quartr.com/companies/21558?companyId=21558&documentId=4064733&documentType=report&eventId=411100&navigation=external&utm_medium=referral&utm_source=mcp&rp=9,note_ppe,9M FY2026,2025-12-31,YTD,Cost | Land and storage formations,Migration/disposals,-0.1,usd_millions,0,0,5,
business_100,4064733,9,https://web.quartr.com/companies/21558?companyId=21558&documentId=4064733&documentType=report&eventId=411100&navigation=external&utm_medium=referral&utm_source=mcp&rp=9,note_ppe,9M FY2026,2025-12-31,YTD,Cost | Facilities and other,Migration/disposals,-1.8,usd_millions,0,0,5,
business_100,4064733,9,https://web.quartr.com/companies/21558?companyId=21558&documentId=4064733&documentType=report&eventId=411100&navigation=external&utm_medium=referral&utm_source=mcp&rp=9,note_ppe,9M FY2026,2025-12-31,YTD,Cost | Total,Migration/disposals,-6.9,usd_millions,0,0,5,
business_100,4064733,9,https://web.quartr.com/companies/21558?companyId=21558&documentId=4064733&documentType=report&eventId=411100&navigation=external&utm_medium=referral&utm_source=mcp&rp=9,note_ppe,9M FY2026,2025-12-31,YTD,Cost | Cushion gas,Foreign currency translation adjustment,0.9,usd_millions,0,0,6,
business_100,4064733,9,https://web.quartr.com/companies/21558?companyId=21558&documentId=4064733&documentType=report&eventId=411100&navigation=external&utm_medium=referral&utm_source=mcp&rp=9,note_ppe,9M FY2026,2025-12-31,YTD,Cost | Pipelines and interconnects,Foreign currency translation adjustment,0,usd_millions,0,0,6,printed_dash_zero
business_100,4064733,9,https://web.quartr.com/companies/21558?companyId=21558&documentId=4064733&documentType=report&eventId=411100&navigation=external&utm_medium=referral&utm_source=mcp&rp=9,note_ppe,9M FY2026,2025-12-31,YTD,Cost | Wells,Foreign currency translation adjustment,0.9,usd_millions,0,0,6,
business_100,4064733,9,https://web.quartr.com/companies/21558?companyId=21558&documentId=4064733&documentType=report&eventId=411100&navigation=external&utm_medium=referral&utm_source=mcp&rp=9,note_ppe,9M FY2026,2025-12-31,YTD,Cost | Land and storage formations,Foreign currency translation adjustment,0.2,usd_millions,0,0,6,
business_100,4064733,9,https://web.quartr.com/companies/21558?companyId=21558&documentId=4064733&documentType=report&eventId=411100&navigation=external&utm_medium=referral&utm_source=mcp&rp=9,note_ppe,9M FY2026,2025-12-31,YTD,Cost | Facilities and other,Foreign currency translation adjustment,2.6,usd_millions,0,0,6,
business_100,4064733,9,https://web.quartr.com/companies/21558?companyId=21558&documentId=4064733&documentType=report&eventId=411100&navigation=external&utm_medium=referral&utm_source=mcp&rp=9,note_ppe,9M FY2026,2025-12-31,YTD,Cost | Total,Foreign currency translation adjustment,4.6,usd_millions,0,0,6,
business_100,4064733,9,https://web.quartr.com/companies/21558?companyId=21558&documentId=4064733&documentType=report&eventId=411100&navigation=external&utm_medium=referral&utm_source=mcp&rp=9,note_ppe,"As at Dec 31, 2025",2025-12-31,instant,Cost | Cushion gas,"Balance, December 31, 2025",169.2,usd_millions,1,0,7,
business_100,4064733,9,https://web.quartr.com/companies/21558?companyId=21558&documentId=4064733&documentType=report&eventId=411100&navigation=external&utm_medium=referral&utm_source=mcp&rp=9,note_ppe,"As at Dec 31, 2025",2025-12-31,instant,Cost | Pipelines and interconnects,"Balance, December 31, 2025",155.3,usd_millions,1,0,7,
business_100,4064733,9,https://web.quartr.com/companies/21558?companyId=21558&documentId=4064733&documentType=report&eventId=411100&navigation=external&utm_medium=referral&utm_source=mcp&rp=9,note_ppe,"As at Dec 31, 2025",2025-12-31,instant,Cost | Wells,"Balance, December 31, 2025",332.9,usd_millions,1,0,7,
business_100,4064733,9,https://web.quartr.com/companies/21558?companyId=21558&documentId=4064733&documentType=report&eventId=411100&navigation=external&utm_medium=referral&utm_source=mcp&rp=9,note_ppe,"As at Dec 31, 2025",2025-12-31,instant,Cost | Land and storage formations,"Balance, December 31, 2025",109.6,usd_millions,1,0,7,
business_100,4064733,9,https://web.quartr.com/companies/21558?companyId=21558&documentId=4064733&documentType=report&eventId=411100&navigation=external&utm_medium=referral&utm_source=mcp&rp=9,note_ppe,"As at Dec 31, 2025",2025-12-31,instant,Cost | Facilities and other,"Balance, December 31, 2025",422.4,usd_millions,1,0,7,
business_100,4064733,9,https://web.quartr.com/companies/21558?companyId=21558&documentId=4064733&documentType=report&eventId=411100&navigation=external&utm_medium=referral&utm_source=mcp&rp=9,note_ppe,"As at Dec 31, 2025",2025-12-31,instant,Cost | Total,"Balance, December 31, 2025",1189.4,usd_millions,1,0,7,
business_100,4064733,9,https://web.quartr.com/companies/21558?companyId=21558&documentId=4064733&documentType=report&eventId=411100&navigation=external&utm_medium=referral&utm_source=mcp&rp=9,note_ppe,"As at Apr 1, 2025",2025-04-01,instant,Accumulated depreciation | Cushion gas,"Balance, April 1, 2025",0,usd_millions,1,1,8,printed_dash_zero
business_100,4064733,9,https://web.quartr.com/companies/21558?companyId=21558&documentId=4064733&documentType=report&eventId=411100&navigation=external&utm_medium=referral&utm_source=mcp&rp=9,note_ppe,"As at Apr 1, 2025",2025-04-01,instant,Accumulated depreciation | Pipelines and interconnects,"Balance, April 1, 2025",-39.1,usd_millions,1,1,8,
business_100,4064733,9,https://web.quartr.com/companies/21558?companyId=21558&documentId=4064733&documentType=report&eventId=411100&navigation=external&utm_medium=referral&utm_source=mcp&rp=9,note_ppe,"As at Apr 1, 2025",2025-04-01,instant,Accumulated depreciation | Wells,"Balance, April 1, 2025",-78.2,usd_millions,1,1,8,
business_100,4064733,9,https://web.quartr.com/companies/21558?companyId=21558&documentId=4064733&documentType=report&eventId=411100&navigation=external&utm_medium=referral&utm_source=mcp&rp=9,note_ppe,"As at Apr 1, 2025",2025-04-01,instant,Accumulated depreciation | Land and storage formations,"Balance, April 1, 2025",-17.9,usd_millions,1,1,8,
business_100,4064733,9,https://web.quartr.com/companies/21558?companyId=21558&documentId=4064733&documentType=report&eventId=411100&navigation=external&utm_medium=referral&utm_source=mcp&rp=9,note_ppe,"As at Apr 1, 2025",2025-04-01,instant,Accumulated depreciation | Facilities and other,"Balance, April 1, 2025",-141.6,usd_millions,1,1,8,
business_100,4064733,9,https://web.quartr.com/companies/21558?companyId=21558&documentId=4064733&documentType=report&eventId=411100&navigation=external&utm_medium=referral&utm_source=mcp&rp=9,note_ppe,"As at Apr 1, 2025",2025-04-01,instant,Accumulated depreciation | Total,"Balance, April 1, 2025",-276.8,usd_millions,1,1,8,
business_100,4064733,9,https://web.quartr.com/companies/21558?companyId=21558&documentId=4064733&documentType=report&eventId=411100&navigation=external&utm_medium=referral&utm_source=mcp&rp=9,note_ppe,9M FY2026,2025-12-31,YTD,Accumulated depreciation | Cushion gas,Depreciation expense,0,usd_millions,0,0,9,printed_dash_zero
business_100,4064733,9,https://web.quartr.com/companies/21558?companyId=21558&documentId=4064733&documentType=report&eventId=411100&navigation=external&utm_medium=referral&utm_source=mcp&rp=9,note_ppe,9M FY2026,2025-12-31,YTD,Accumulated depreciation | Pipelines and interconnects,Depreciation expense,-3.3,usd_millions,0,0,9,
business_100,4064733,9,https://web.quartr.com/companies/21558?companyId=21558&documentId=4064733&documentType=report&eventId=411100&navigation=external&utm_medium=referral&utm_source=mcp&rp=9,note_ppe,9M FY2026,2025-12-31,YTD,Accumulated depreciation | Wells,Depreciation expense,-6.1,usd_millions,0,0,9,
business_100,4064733,9,https://web.quartr.com/companies/21558?companyId=21558&documentId=4064733&documentType=report&eventId=411100&navigation=external&utm_medium=referral&utm_source=mcp&rp=9,note_ppe,9M FY2026,2025-12-31,YTD,Accumulated depreciation | Land and storage formations,Depreciation expense,-2.5,usd_millions,0,0,9,
business_100,4064733,9,https://web.quartr.com/companies/21558?companyId=21558&documentId=4064733&documentType=report&eventId=411100&navigation=external&utm_medium=referral&utm_source=mcp&rp=9,note_ppe,9M FY2026,2025-12-31,YTD,Accumulated depreciation | Facilities and other,Depreciation expense,-11.4,usd_millions,0,0,9,
business_100,4064733,9,https://web.quartr.com/companies/21558?companyId=21558&documentId=4064733&documentType=report&eventId=411100&navigation=external&utm_medium=referral&utm_source=mcp&rp=9,note_ppe,9M FY2026,2025-12-31,YTD,Accumulated depreciation | Total,Depreciation expense,-23.3,usd_millions,0,0,9,
business_100,4064733,9,https://web.quartr.com/companies/21558?companyId=21558&documentId=4064733&documentType=report&eventId=411100&navigation=external&utm_medium=referral&utm_source=mcp&rp=9,note_ppe,9M FY2026,2025-12-31,YTD,Accumulated depreciation | Cushion gas,Disposals,0,usd_millions,0,0,10,printed_dash_zero
business_100,4064733,9,https://web.quartr.com/companies/21558?companyId=21558&documentId=4064733&documentType=report&eventId=411100&navigation=external&utm_medium=referral&utm_source=mcp&rp=9,note_ppe,9M FY2026,2025-12-31,YTD,Accumulated depreciation | Pipelines and interconnects,Disposals,0.1,usd_millions,0,0,10,
business_100,4064733,9,https://web.quartr.com/companies/21558?companyId=21558&documentId=4064733&documentType=report&eventId=411100&navigation=external&utm_medium=referral&utm_source=mcp&rp=9,note_ppe,9M FY2026,2025-12-31,YTD,Accumulated depreciation | Wells,Disposals,2.5,usd_millions,0,0,10,
business_100,4064733,9,https://web.quartr.com/companies/21558?companyId=21558&documentId=4064733&documentType=report&eventId=411100&navigation=external&utm_medium=referral&utm_source=mcp&rp=9,note_ppe,9M FY2026,2025-12-31,YTD,Accumulated depreciation | Land and storage formations,Disposals,0,usd_millions,0,0,10,printed_dash_zero
business_100,4064733,9,https://web.quartr.com/companies/21558?companyId=21558&documentId=4064733&documentType=report&eventId=411100&navigation=external&utm_medium=referral&utm_source=mcp&rp=9,note_ppe,9M FY2026,2025-12-31,YTD,Accumulated depreciation | Facilities and other,Disposals,0.1,usd_millions,0,0,10,
business_100,4064733,9,https://web.quartr.com/companies/21558?companyId=21558&documentId=4064733&documentType=report&eventId=411100&navigation=external&utm_medium=referral&utm_source=mcp&rp=9,note_ppe,9M FY2026,2025-12-31,YTD,Accumulated depreciation | Total,Disposals,2.7,usd_millions,0,0,10,
business_100,4064733,9,https://web.quartr.com/companies/21558?companyId=21558&documentId=4064733&documentType=report&eventId=411100&navigation=external&utm_medium=referral&utm_source=mcp&rp=9,note_ppe,9M FY2026,2025-12-31,YTD,Accumulated depreciation | Cushion gas,Foreign currency translation adjustment,0,usd_millions,0,0,11,printed_dash_zero
business_100,4064733,9,https://web.quartr.com/companies/21558?companyId=21558&documentId=4064733&documentType=report&eventId=411100&navigation=external&utm_medium=referral&utm_source=mcp&rp=9,note_ppe,9M FY2026,2025-12-31,YTD,Accumulated depreciation | Pipelines and interconnects,Foreign currency translation adjustment,0,usd_millions,0,0,11,printed_dash_zero
business_100,4064733,9,https://web.quartr.com/companies/21558?companyId=21558&documentId=4064733&documentType=report&eventId=411100&navigation=external&utm_medium=referral&utm_source=mcp&rp=9,note_ppe,9M FY2026,2025-12-31,YTD,Accumulated depreciation | Wells,Foreign currency translation adjustment,-0.3,usd_millions,0,0,11,
business_100,4064733,9,https://web.quartr.com/companies/21558?companyId=21558&documentId=4064733&documentType=report&eventId=411100&navigation=external&utm_medium=referral&utm_source=mcp&rp=9,note_ppe,9M FY2026,2025-12-31,YTD,Accumulated depreciation | Land and storage formations,Foreign currency translation adjustment,0,usd_millions,0,0,11,printed_dash_zero
business_100,4064733,9,https://web.quartr.com/companies/21558?companyId=21558&documentId=4064733&documentType=report&eventId=411100&navigation=external&utm_medium=referral&utm_source=mcp&rp=9,note_ppe,9M FY2026,2025-12-31,YTD,Accumulated depreciation | Facilities and other,Foreign currency translation adjustment,-1.0,usd_millions,0,0,11,
business_100,4064733,9,https://web.quartr.com/companies/21558?companyId=21558&documentId=4064733&documentType=report&eventId=411100&navigation=external&utm_medium=referral&utm_source=mcp&rp=9,note_ppe,9M FY2026,2025-12-31,YTD,Accumulated depreciation | Total,Foreign currency translation adjustment,-1.3,usd_millions,0,0,11,
business_100,4064733,9,https://web.quartr.com/companies/21558?companyId=21558&documentId=4064733&documentType=report&eventId=411100&navigation=external&utm_medium=referral&utm_source=mcp&rp=9,note_ppe,"As at Dec 31, 2025",2025-12-31,instant,Accumulated depreciation | Cushion gas,"Balance, December 31, 2025",0,usd_millions,1,0,12,printed_dash_zero
business_100,4064733,9,https://web.quartr.com/companies/21558?companyId=21558&documentId=4064733&documentType=report&eventId=411100&navigation=external&utm_medium=referral&utm_source=mcp&rp=9,note_ppe,"As at Dec 31, 2025",2025-12-31,instant,Accumulated depreciation | Pipelines and interconnects,"Balance, December 31, 2025",-42.3,usd_millions,1,0,12,
business_100,4064733,9,https://web.quartr.com/companies/21558?companyId=21558&documentId=4064733&documentType=report&eventId=411100&navigation=external&utm_medium=referral&utm_source=mcp&rp=9,note_ppe,"As at Dec 31, 2025",2025-12-31,instant,Accumulated depreciation | Wells,"Balance, December 31, 2025",-82.1,usd_millions,1,0,12,
business_100,4064733,9,https://web.quartr.com/companies/21558?companyId=21558&documentId=4064733&documentType=report&eventId=411100&navigation=external&utm_medium=referral&utm_source=mcp&rp=9,note_ppe,"As at Dec 31, 2025",2025-12-31,instant,Accumulated depreciation | Land and storage formations,"Balance, December 31, 2025",-20.4,usd_millions,1,0,12,
business_100,4064733,9,https://web.quartr.com/companies/21558?companyId=21558&documentId=4064733&documentType=report&eventId=411100&navigation=external&utm_medium=referral&utm_source=mcp&rp=9,note_ppe,"As at Dec 31, 2025",2025-12-31,instant,Accumulated depreciation | Facilities and other,"Balance, December 31, 2025",-153.9,usd_millions,1,0,12,
business_100,4064733,9,https://web.quartr.com/companies/21558?companyId=21558&documentId=4064733&documentType=report&eventId=411100&navigation=external&utm_medium=referral&utm_source=mcp&rp=9,note_ppe,"As at Dec 31, 2025",2025-12-31,instant,Accumulated depreciation | Total,"Balance, December 31, 2025",-298.7,usd_millions,1,0,12,
business_100,4064733,9,https://web.quartr.com/companies/21558?companyId=21558&documentId=4064733&documentType=report&eventId=411100&navigation=external&utm_medium=referral&utm_source=mcp&rp=9,note_ppe,"As at Apr 1, 2025",2025-04-01,instant,Net book value | Cushion gas,"Balance, April 1, 2025",169.4,usd_millions,1,1,13,
business_100,4064733,9,https://web.quartr.com/companies/21558?companyId=21558&documentId=4064733&documentType=report&eventId=411100&navigation=external&utm_medium=referral&utm_source=mcp&rp=9,note_ppe,"As at Apr 1, 2025",2025-04-01,instant,Net book value | Pipelines and interconnects,"Balance, April 1, 2025",113.4,usd_millions,1,1,13,
business_100,4064733,9,https://web.quartr.com/companies/21558?companyId=21558&documentId=4064733&documentType=report&eventId=411100&navigation=external&utm_medium=referral&utm_source=mcp&rp=9,note_ppe,"As at Apr 1, 2025",2025-04-01,instant,Net book value | Wells,"Balance, April 1, 2025",245.1,usd_millions,1,1,13,
business_100,4064733,9,https://web.quartr.com/companies/21558?companyId=21558&documentId=4064733&documentType=report&eventId=411100&navigation=external&utm_medium=referral&utm_source=mcp&rp=9,note_ppe,"As at Apr 1, 2025",2025-04-01,instant,Net book value | Land and storage formations,"Balance, April 1, 2025",83.2,usd_millions,1,1,13,
business_100,4064733,9,https://web.quartr.com/companies/21558?companyId=21558&documentId=4064733&documentType=report&eventId=411100&navigation=external&utm_medium=referral&utm_source=mcp&rp=9,note_ppe,"As at Apr 1, 2025",2025-04-01,instant,Net book value | Facilities and other,"Balance, April 1, 2025",273.5,usd_millions,1,1,13,
business_100,4064733,9,https://web.quartr.com/companies/21558?companyId=21558&documentId=4064733&documentType=report&eventId=411100&navigation=external&utm_medium=referral&utm_source=mcp&rp=9,note_ppe,"As at Apr 1, 2025",2025-04-01,instant,Net book value | Total,"Balance, April 1, 2025",884.6,usd_millions,1,1,13,
business_100,4064733,9,https://web.quartr.com/companies/21558?companyId=21558&documentId=4064733&documentType=report&eventId=411100&navigation=external&utm_medium=referral&utm_source=mcp&rp=9,note_ppe,"As at Dec 31, 2025",2025-12-31,instant,Net book value | Cushion gas,"Balance, December 31, 2025",169.2,usd_millions,1,0,14,
business_100,4064733,9,https://web.quartr.com/companies/21558?companyId=21558&documentId=4064733&documentType=report&eventId=411100&navigation=external&utm_medium=referral&utm_source=mcp&rp=9,note_ppe,"As at Dec 31, 2025",2025-12-31,instant,Net book value | Pipelines and interconnects,"Balance, December 31, 2025",113.0,usd_millions,1,0,14,
business_100,4064733,9,https://web.quartr.com/companies/21558?companyId=21558&documentId=4064733&documentType=report&eventId=411100&navigation=external&utm_medium=referral&utm_source=mcp&rp=9,note_ppe,"As at Dec 31, 2025",2025-12-31,instant,Net book value | Wells,"Balance, December 31, 2025",250.8,usd_millions,1,0,14,
business_100,4064733,9,https://web.quartr.com/companies/21558?companyId=21558&documentId=4064733&documentType=report&eventId=411100&navigation=external&utm_medium=referral&utm_source=mcp&rp=9,note_ppe,"As at Dec 31, 2025",2025-12-31,instant,Net book value | Land and storage formations,"Balance, December 31, 2025",89.2,usd_millions,1,0,14,
business_100,4064733,9,https://web.quartr.com/companies/21558?companyId=21558&documentId=4064733&documentType=report&eventId=411100&navigation=external&utm_medium=referral&utm_source=mcp&rp=9,note_ppe,"As at Dec 31, 2025",2025-12-31,instant,Net book value | Facilities and other,"Balance, December 31, 2025",268.5,usd_millions,1,0,14,
business_100,4064733,9,https://web.quartr.com/companies/21558?companyId=21558&documentId=4064733&documentType=report&eventId=411100&navigation=external&utm_medium=referral&utm_source=mcp&rp=9,note_ppe,"As at Dec 31, 2025",2025-12-31,instant,Net book value | Total,"Balance, December 31, 2025",890.7,usd_millions,1,0,14,
business_100,4064733,10,https://web.quartr.com/companies/21558?companyId=21558&documentId=4064733&documentType=report&eventId=411100&navigation=external&utm_medium=referral&utm_source=mcp&rp=10,note_debt,"As at Dec 31, 2025",2025-12-31,instant,,Asset Backed Loan,0,usd_millions,0,0,1,printed_dash_zero
business_100,4064733,10,https://web.quartr.com/companies/21558?companyId=21558&documentId=4064733&documentType=report&eventId=411100&navigation=external&utm_medium=referral&utm_source=mcp&rp=10,note_debt,"As at Mar 31, 2025",2025-03-31,instant,,Asset Backed Loan,0,usd_millions,0,1,1,printed_dash_zero
business_100,4064733,10,https://web.quartr.com/companies/21558?companyId=21558&documentId=4064733&documentType=report&eventId=411100&navigation=external&utm_medium=referral&utm_source=mcp&rp=10,note_debt,"As at Dec 31, 2025",2025-12-31,instant,,Warwick Credit Facility,0,usd_millions,0,0,2,printed_dash_zero
business_100,4064733,10,https://web.quartr.com/companies/21558?companyId=21558&documentId=4064733&documentType=report&eventId=411100&navigation=external&utm_medium=referral&utm_source=mcp&rp=10,note_debt,"As at Mar 31, 2025",2025-03-31,instant,,Warwick Credit Facility,13.6,usd_millions,0,1,2,
business_100,4064733,10,https://web.quartr.com/companies/21558?companyId=21558&documentId=4064733&documentType=report&eventId=411100&navigation=external&utm_medium=referral&utm_source=mcp&rp=10,note_debt,"As at Dec 31, 2025",2025-12-31,instant,,Revolving Credit Facility,5.0,usd_millions,0,0,3,
business_100,4064733,10,https://web.quartr.com/companies/21558?companyId=21558&documentId=4064733&documentType=report&eventId=411100&navigation=external&utm_medium=referral&utm_source=mcp&rp=10,note_debt,"As at Mar 31, 2025",2025-03-31,instant,,Revolving Credit Facility,0,usd_millions,0,1,3,printed_dash_zero
business_100,4064733,10,https://web.quartr.com/companies/21558?companyId=21558&documentId=4064733&documentType=report&eventId=411100&navigation=external&utm_medium=referral&utm_source=mcp&rp=10,note_debt,"As at Dec 31, 2025",2025-12-31,instant,,Term Loan due 2031,1237.5,usd_millions,0,0,4,
business_100,4064733,10,https://web.quartr.com/companies/21558?companyId=21558&documentId=4064733&documentType=report&eventId=411100&navigation=external&utm_medium=referral&utm_source=mcp&rp=10,note_debt,"As at Mar 31, 2025",2025-03-31,instant,,Term Loan due 2031,1246.8,usd_millions,0,1,4,
business_100,4064733,10,https://web.quartr.com/companies/21558?companyId=21558&documentId=4064733&documentType=report&eventId=411100&navigation=external&utm_medium=referral&utm_source=mcp&rp=10,note_debt,"As at Dec 31, 2025",2025-12-31,instant,,Total principal amount of debt,1242.5,usd_millions,1,0,5,
business_100,4064733,10,https://web.quartr.com/companies/21558?companyId=21558&documentId=4064733&documentType=report&eventId=411100&navigation=external&utm_medium=referral&utm_source=mcp&rp=10,note_debt,"As at Mar 31, 2025",2025-03-31,instant,,Total principal amount of debt,1260.4,usd_millions,1,1,5,
business_100,4064733,10,https://web.quartr.com/companies/21558?companyId=21558&documentId=4064733&documentType=report&eventId=411100&navigation=external&utm_medium=referral&utm_source=mcp&rp=10,note_debt,"As at Dec 31, 2025",2025-12-31,instant,Less:,"Portion classified as current, net",-12.2,usd_millions,0,0,6,
business_100,4064733,10,https://web.quartr.com/companies/21558?companyId=21558&documentId=4064733&documentType=report&eventId=411100&navigation=external&utm_medium=referral&utm_source=mcp&rp=10,note_debt,"As at Mar 31, 2025",2025-03-31,instant,Less:,"Portion classified as current, net",-25.8,usd_millions,0,1,6,
business_100,4064733,10,https://web.quartr.com/companies/21558?companyId=21558&documentId=4064733&documentType=report&eventId=411100&navigation=external&utm_medium=referral&utm_source=mcp&rp=10,note_debt,"As at Dec 31, 2025",2025-12-31,instant,Less:,Unamortized discount and deferred financing costs,-27.3,usd_millions,0,0,7,
business_100,4064733,10,https://web.quartr.com/companies/21558?companyId=21558&documentId=4064733&documentType=report&eventId=411100&navigation=external&utm_medium=referral&utm_source=mcp&rp=10,note_debt,"As at Mar 31, 2025",2025-03-31,instant,Less:,Unamortized discount and deferred financing costs,-26.5,usd_millions,0,1,7,
business_100,4064733,10,https://web.quartr.com/companies/21558?companyId=21558&documentId=4064733&documentType=report&eventId=411100&navigation=external&utm_medium=referral&utm_source=mcp&rp=10,note_debt,"As at Dec 31, 2025",2025-12-31,instant,,"Total long-term debt, net",1203.0,usd_millions,1,0,8,
business_100,4064733,10,https://web.quartr.com/companies/21558?companyId=21558&documentId=4064733&documentType=report&eventId=411100&navigation=external&utm_medium=referral&utm_source=mcp&rp=10,note_debt,"As at Mar 31, 2025",2025-03-31,instant,,"Total long-term debt, net",1208.1,usd_millions,1,1,8,
business_100,4064733,12,https://web.quartr.com/companies/21558?companyId=21558&documentId=4064733&documentType=report&eventId=411100&navigation=external&utm_medium=referral&utm_source=mcp&rp=12,note_leases,9M FY2026,2025-12-31,YTD,,Opening lease liabilities,108.8,usd_millions,0,0,1,
business_100,4064733,12,https://web.quartr.com/companies/21558?companyId=21558&documentId=4064733&documentType=report&eventId=411100&navigation=external&utm_medium=referral&utm_source=mcp&rp=12,note_leases,9M FY2025,2024-12-31,YTD,,Opening lease liabilities,106.8,usd_millions,0,1,1,
business_100,4064733,12,https://web.quartr.com/companies/21558?companyId=21558&documentId=4064733&documentType=report&eventId=411100&navigation=external&utm_medium=referral&utm_source=mcp&rp=12,note_leases,9M FY2026,2025-12-31,YTD,,Lease interest expense,7.5,usd_millions,0,0,2,
business_100,4064733,12,https://web.quartr.com/companies/21558?companyId=21558&documentId=4064733&documentType=report&eventId=411100&navigation=external&utm_medium=referral&utm_source=mcp&rp=12,note_leases,9M FY2025,2024-12-31,YTD,,Lease interest expense,7.9,usd_millions,0,1,2,
business_100,4064733,12,https://web.quartr.com/companies/21558?companyId=21558&documentId=4064733&documentType=report&eventId=411100&navigation=external&utm_medium=referral&utm_source=mcp&rp=12,note_leases,9M FY2026,2025-12-31,YTD,,Principal repayments,-17.5,usd_millions,0,0,3,
business_100,4064733,12,https://web.quartr.com/companies/21558?companyId=21558&documentId=4064733&documentType=report&eventId=411100&navigation=external&utm_medium=referral&utm_source=mcp&rp=12,note_leases,9M FY2025,2024-12-31,YTD,,Principal repayments,-0.7,usd_millions,0,1,3,
business_100,4064733,12,https://web.quartr.com/companies/21558?companyId=21558&documentId=4064733&documentType=report&eventId=411100&navigation=external&utm_medium=referral&utm_source=mcp&rp=12,note_leases,9M FY2026,2025-12-31,YTD,,Interest payments,-6.9,usd_millions,0,0,4,
business_100,4064733,12,https://web.quartr.com/companies/21558?companyId=21558&documentId=4064733&documentType=report&eventId=411100&navigation=external&utm_medium=referral&utm_source=mcp&rp=12,note_leases,9M FY2025,2024-12-31,YTD,,Interest payments,-5.5,usd_millions,0,1,4,
business_100,4064733,12,https://web.quartr.com/companies/21558?companyId=21558&documentId=4064733&documentType=report&eventId=411100&navigation=external&utm_medium=referral&utm_source=mcp&rp=12,note_leases,9M FY2026,2025-12-31,YTD,,Foreign exchange and other,0.1,usd_millions,0,0,5,
business_100,4064733,12,https://web.quartr.com/companies/21558?companyId=21558&documentId=4064733&documentType=report&eventId=411100&navigation=external&utm_medium=referral&utm_source=mcp&rp=12,note_leases,9M FY2025,2024-12-31,YTD,,Foreign exchange and other,-0.3,usd_millions,0,1,5,
business_100,4064733,12,https://web.quartr.com/companies/21558?companyId=21558&documentId=4064733&documentType=report&eventId=411100&navigation=external&utm_medium=referral&utm_source=mcp&rp=12,note_leases,9M FY2026,2025-12-31,YTD,,"Lease additions, remeasurements and modifications",8.4,usd_millions,0,0,6,
business_100,4064733,12,https://web.quartr.com/companies/21558?companyId=21558&documentId=4064733&documentType=report&eventId=411100&navigation=external&utm_medium=referral&utm_source=mcp&rp=12,note_leases,9M FY2025,2024-12-31,YTD,,"Lease additions, remeasurements and modifications",0.8,usd_millions,0,1,6,
business_100,4064733,12,https://web.quartr.com/companies/21558?companyId=21558&documentId=4064733&documentType=report&eventId=411100&navigation=external&utm_medium=referral&utm_source=mcp&rp=12,note_leases,9M FY2026,2025-12-31,YTD,,Total lease liabilities,100.4,usd_millions,1,0,7,
business_100,4064733,12,https://web.quartr.com/companies/21558?companyId=21558&documentId=4064733&documentType=report&eventId=411100&navigation=external&utm_medium=referral&utm_source=mcp&rp=12,note_leases,9M FY2025,2024-12-31,YTD,,Total lease liabilities,109.0,usd_millions,1,1,7,
business_100,4064733,12,https://web.quartr.com/companies/21558?companyId=21558&documentId=4064733&documentType=report&eventId=411100&navigation=external&utm_medium=referral&utm_source=mcp&rp=12,note_leases,9M FY2026,2025-12-31,YTD,,Portion classified as current,-8.4,usd_millions,0,0,8,printed under 'Less:'
business_100,4064733,12,https://web.quartr.com/companies/21558?companyId=21558&documentId=4064733&documentType=report&eventId=411100&navigation=external&utm_medium=referral&utm_source=mcp&rp=12,note_leases,9M FY2025,2024-12-31,YTD,,Portion classified as current,-9.0,usd_millions,0,1,8,printed under 'Less:'
business_100,4064733,12,https://web.quartr.com/companies/21558?companyId=21558&documentId=4064733&documentType=report&eventId=411100&navigation=external&utm_medium=referral&utm_source=mcp&rp=12,note_leases,9M FY2026,2025-12-31,YTD,,Long-term lease liabilities,92.0,usd_millions,1,0,9,
business_100,4064733,12,https://web.quartr.com/companies/21558?companyId=21558&documentId=4064733&documentType=report&eventId=411100&navigation=external&utm_medium=referral&utm_source=mcp&rp=12,note_leases,9M FY2025,2024-12-31,YTD,,Long-term lease liabilities,100.0,usd_millions,1,1,9,
business_100,4064733,12,https://web.quartr.com/companies/21558?companyId=21558&documentId=4064733&documentType=report&eventId=411100&navigation=external&utm_medium=referral&utm_source=mcp&rp=12,note_other,"As at Dec 31, 2025",2025-12-31,instant,Trade payables and accrued liabilities,Trade payables,0.9,usd_millions,0,0,1,
business_100,4064733,12,https://web.quartr.com/companies/21558?companyId=21558&documentId=4064733&documentType=report&eventId=411100&navigation=external&utm_medium=referral&utm_source=mcp&rp=12,note_other,"As at Mar 31, 2025",2025-03-31,instant,Trade payables and accrued liabilities,Trade payables,2.7,usd_millions,0,1,1,
business_100,4064733,12,https://web.quartr.com/companies/21558?companyId=21558&documentId=4064733&documentType=report&eventId=411100&navigation=external&utm_medium=referral&utm_source=mcp&rp=12,note_other,"As at Dec 31, 2025",2025-12-31,instant,Trade payables and accrued liabilities,Accrued gas purchases,36.5,usd_millions,0,0,2,
business_100,4064733,12,https://web.quartr.com/companies/21558?companyId=21558&documentId=4064733&documentType=report&eventId=411100&navigation=external&utm_medium=referral&utm_source=mcp&rp=12,note_other,"As at Mar 31, 2025",2025-03-31,instant,Trade payables and accrued liabilities,Accrued gas purchases,27.7,usd_millions,0,1,2,
business_100,4064733,12,https://web.quartr.com/companies/21558?companyId=21558&documentId=4064733&documentType=report&eventId=411100&navigation=external&utm_medium=referral&utm_source=mcp&rp=12,note_other,"As at Dec 31, 2025",2025-12-31,instant,Trade payables and accrued liabilities,Accrued interest,0.7,usd_millions,0,0,3,"caption was 'Accrued interest, non-affiliated debt' in Q2 FY2026 filing"
business_100,4064733,12,https://web.quartr.com/companies/21558?companyId=21558&documentId=4064733&documentType=report&eventId=411100&navigation=external&utm_medium=referral&utm_source=mcp&rp=12,note_other,"As at Mar 31, 2025",2025-03-31,instant,Trade payables and accrued liabilities,Accrued interest,1.0,usd_millions,0,1,3,"caption was 'Accrued interest, non-affiliated debt' in Q2 FY2026 filing"
business_100,4064733,12,https://web.quartr.com/companies/21558?companyId=21558&documentId=4064733&documentType=report&eventId=411100&navigation=external&utm_medium=referral&utm_source=mcp&rp=12,note_other,"As at Dec 31, 2025",2025-12-31,instant,Trade payables and accrued liabilities,Employee-related accruals,7.4,usd_millions,0,0,4,
business_100,4064733,12,https://web.quartr.com/companies/21558?companyId=21558&documentId=4064733&documentType=report&eventId=411100&navigation=external&utm_medium=referral&utm_source=mcp&rp=12,note_other,"As at Mar 31, 2025",2025-03-31,instant,Trade payables and accrued liabilities,Employee-related accruals,10.3,usd_millions,0,1,4,
business_100,4064733,12,https://web.quartr.com/companies/21558?companyId=21558&documentId=4064733&documentType=report&eventId=411100&navigation=external&utm_medium=referral&utm_source=mcp&rp=12,note_other,"As at Dec 31, 2025",2025-12-31,instant,Trade payables and accrued liabilities,Current income taxes payable,2.8,usd_millions,0,0,5,new caption vs Q2 FY2026 filing
business_100,4064733,12,https://web.quartr.com/companies/21558?companyId=21558&documentId=4064733&documentType=report&eventId=411100&navigation=external&utm_medium=referral&utm_source=mcp&rp=12,note_other,"As at Mar 31, 2025",2025-03-31,instant,Trade payables and accrued liabilities,Current income taxes payable,0,usd_millions,0,1,5,new caption vs Q2 FY2026 filing; printed_dash_zero
business_100,4064733,12,https://web.quartr.com/companies/21558?companyId=21558&documentId=4064733&documentType=report&eventId=411100&navigation=external&utm_medium=referral&utm_source=mcp&rp=12,note_other,"As at Dec 31, 2025",2025-12-31,instant,Trade payables and accrued liabilities,"Other accrued liabilities, affiliated",0.3,usd_millions,0,0,6,
business_100,4064733,12,https://web.quartr.com/companies/21558?companyId=21558&documentId=4064733&documentType=report&eventId=411100&navigation=external&utm_medium=referral&utm_source=mcp&rp=12,note_other,"As at Mar 31, 2025",2025-03-31,instant,Trade payables and accrued liabilities,"Other accrued liabilities, affiliated",0.3,usd_millions,0,1,6,
business_100,4064733,12,https://web.quartr.com/companies/21558?companyId=21558&documentId=4064733&documentType=report&eventId=411100&navigation=external&utm_medium=referral&utm_source=mcp&rp=12,note_other,"As at Dec 31, 2025",2025-12-31,instant,Trade payables and accrued liabilities,"Other accrued liabilities, non-affiliated",4.8,usd_millions,0,0,7,
business_100,4064733,12,https://web.quartr.com/companies/21558?companyId=21558&documentId=4064733&documentType=report&eventId=411100&navigation=external&utm_medium=referral&utm_source=mcp&rp=12,note_other,"As at Mar 31, 2025",2025-03-31,instant,Trade payables and accrued liabilities,"Other accrued liabilities, non-affiliated",17.5,usd_millions,0,1,7,
business_100,4064733,12,https://web.quartr.com/companies/21558?companyId=21558&documentId=4064733&documentType=report&eventId=411100&navigation=external&utm_medium=referral&utm_source=mcp&rp=12,note_other,"As at Dec 31, 2025",2025-12-31,instant,Trade payables and accrued liabilities,Total,53.4,usd_millions,1,0,8,
business_100,4064733,12,https://web.quartr.com/companies/21558?companyId=21558&documentId=4064733&documentType=report&eventId=411100&navigation=external&utm_medium=referral&utm_source=mcp&rp=12,note_other,"As at Mar 31, 2025",2025-03-31,instant,Trade payables and accrued liabilities,Total,59.5,usd_millions,1,1,8,
business_100,4064733,13,https://web.quartr.com/companies/21558?companyId=21558&documentId=4064733&documentType=report&eventId=411100&navigation=external&utm_medium=referral&utm_source=mcp&rp=13,note_revenue,Q3 FY2026,2025-12-31,Q,Take-or-pay contract revenue,U.S.,51.2,usd_millions,0,0,1,
business_100,4064733,13,https://web.quartr.com/companies/21558?companyId=21558&documentId=4064733&documentType=report&eventId=411100&navigation=external&utm_medium=referral&utm_source=mcp&rp=13,note_revenue,Q3 FY2025,2024-12-31,Q,Take-or-pay contract revenue,U.S.,40.8,usd_millions,0,1,1,
business_100,4064733,13,https://web.quartr.com/companies/21558?companyId=21558&documentId=4064733&documentType=report&eventId=411100&navigation=external&utm_medium=referral&utm_source=mcp&rp=13,note_revenue,9M FY2026,2025-12-31,YTD,Take-or-pay contract revenue,U.S.,153.7,usd_millions,0,0,1,
business_100,4064733,13,https://web.quartr.com/companies/21558?companyId=21558&documentId=4064733&documentType=report&eventId=411100&navigation=external&utm_medium=referral&utm_source=mcp&rp=13,note_revenue,9M FY2025,2024-12-31,YTD,Take-or-pay contract revenue,U.S.,122.2,usd_millions,0,1,1,
business_100,4064733,13,https://web.quartr.com/companies/21558?companyId=21558&documentId=4064733&documentType=report&eventId=411100&navigation=external&utm_medium=referral&utm_source=mcp&rp=13,note_revenue,Q3 FY2026,2025-12-31,Q,Take-or-pay contract revenue,Canada,7.5,usd_millions,0,0,2,
business_100,4064733,13,https://web.quartr.com/companies/21558?companyId=21558&documentId=4064733&documentType=report&eventId=411100&navigation=external&utm_medium=referral&utm_source=mcp&rp=13,note_revenue,Q3 FY2025,2024-12-31,Q,Take-or-pay contract revenue,Canada,5.4,usd_millions,0,1,2,
business_100,4064733,13,https://web.quartr.com/companies/21558?companyId=21558&documentId=4064733&documentType=report&eventId=411100&navigation=external&utm_medium=referral&utm_source=mcp&rp=13,note_revenue,9M FY2026,2025-12-31,YTD,Take-or-pay contract revenue,Canada,21.2,usd_millions,0,0,2,
business_100,4064733,13,https://web.quartr.com/companies/21558?companyId=21558&documentId=4064733&documentType=report&eventId=411100&navigation=external&utm_medium=referral&utm_source=mcp&rp=13,note_revenue,9M FY2025,2024-12-31,YTD,Take-or-pay contract revenue,Canada,16.3,usd_millions,0,1,2,
business_100,4064733,13,https://web.quartr.com/companies/21558?companyId=21558&documentId=4064733&documentType=report&eventId=411100&navigation=external&utm_medium=referral&utm_source=mcp&rp=13,note_revenue,Q3 FY2026,2025-12-31,Q,Short-term storage service revenue,U.S.,17.9,usd_millions,0,0,3,
business_100,4064733,13,https://web.quartr.com/companies/21558?companyId=21558&documentId=4064733&documentType=report&eventId=411100&navigation=external&utm_medium=referral&utm_source=mcp&rp=13,note_revenue,Q3 FY2025,2024-12-31,Q,Short-term storage service revenue,U.S.,19.2,usd_millions,0,1,3,
business_100,4064733,13,https://web.quartr.com/companies/21558?companyId=21558&documentId=4064733&documentType=report&eventId=411100&navigation=external&utm_medium=referral&utm_source=mcp&rp=13,note_revenue,9M FY2026,2025-12-31,YTD,Short-term storage service revenue,U.S.,42.2,usd_millions,0,0,3,
business_100,4064733,13,https://web.quartr.com/companies/21558?companyId=21558&documentId=4064733&documentType=report&eventId=411100&navigation=external&utm_medium=referral&utm_source=mcp&rp=13,note_revenue,9M FY2025,2024-12-31,YTD,Short-term storage service revenue,U.S.,51.5,usd_millions,0,1,3,
business_100,4064733,13,https://web.quartr.com/companies/21558?companyId=21558&documentId=4064733&documentType=report&eventId=411100&navigation=external&utm_medium=referral&utm_source=mcp&rp=13,note_revenue,Q3 FY2026,2025-12-31,Q,Short-term storage service revenue,Canada,20.0,usd_millions,0,0,4,
business_100,4064733,13,https://web.quartr.com/companies/21558?companyId=21558&documentId=4064733&documentType=report&eventId=411100&navigation=external&utm_medium=referral&utm_source=mcp&rp=13,note_revenue,Q3 FY2025,2024-12-31,Q,Short-term storage service revenue,Canada,21.0,usd_millions,0,1,4,
business_100,4064733,13,https://web.quartr.com/companies/21558?companyId=21558&documentId=4064733&documentType=report&eventId=411100&navigation=external&utm_medium=referral&utm_source=mcp&rp=13,note_revenue,9M FY2026,2025-12-31,YTD,Short-term storage service revenue,Canada,68.4,usd_millions,0,0,4,
business_100,4064733,13,https://web.quartr.com/companies/21558?companyId=21558&documentId=4064733&documentType=report&eventId=411100&navigation=external&utm_medium=referral&utm_source=mcp&rp=13,note_revenue,9M FY2025,2024-12-31,YTD,Short-term storage service revenue,Canada,67.4,usd_millions,0,1,4,
business_100,4064733,13,https://web.quartr.com/companies/21558?companyId=21558&documentId=4064733&documentType=report&eventId=411100&navigation=external&utm_medium=referral&utm_source=mcp&rp=13,note_revenue,Q3 FY2026,2025-12-31,Q,,Total fee for service revenue from contracts with customers,96.6,usd_millions,1,0,5,
business_100,4064733,13,https://web.quartr.com/companies/21558?companyId=21558&documentId=4064733&documentType=report&eventId=411100&navigation=external&utm_medium=referral&utm_source=mcp&rp=13,note_revenue,Q3 FY2025,2024-12-31,Q,,Total fee for service revenue from contracts with customers,86.4,usd_millions,1,1,5,
business_100,4064733,13,https://web.quartr.com/companies/21558?companyId=21558&documentId=4064733&documentType=report&eventId=411100&navigation=external&utm_medium=referral&utm_source=mcp&rp=13,note_revenue,9M FY2026,2025-12-31,YTD,,Total fee for service revenue from contracts with customers,285.5,usd_millions,1,0,5,
business_100,4064733,13,https://web.quartr.com/companies/21558?companyId=21558&documentId=4064733&documentType=report&eventId=411100&navigation=external&utm_medium=referral&utm_source=mcp&rp=13,note_revenue,9M FY2025,2024-12-31,YTD,,Total fee for service revenue from contracts with customers,257.4,usd_millions,1,1,5,
business_100,4064733,13,https://web.quartr.com/companies/21558?companyId=21558&documentId=4064733&documentType=report&eventId=411100&navigation=external&utm_medium=referral&utm_source=mcp&rp=13,note_revenue,Q3 FY2026,2025-12-31,Q,"Optimization, net",Retail realized optimization,3.2,usd_millions,0,0,6,
business_100,4064733,13,https://web.quartr.com/companies/21558?companyId=21558&documentId=4064733&documentType=report&eventId=411100&navigation=external&utm_medium=referral&utm_source=mcp&rp=13,note_revenue,Q3 FY2025,2024-12-31,Q,"Optimization, net",Retail realized optimization,5.1,usd_millions,0,1,6,
business_100,4064733,13,https://web.quartr.com/companies/21558?companyId=21558&documentId=4064733&documentType=report&eventId=411100&navigation=external&utm_medium=referral&utm_source=mcp&rp=13,note_revenue,9M FY2026,2025-12-31,YTD,"Optimization, net",Retail realized optimization,10.3,usd_millions,0,0,6,
business_100,4064733,13,https://web.quartr.com/companies/21558?companyId=21558&documentId=4064733&documentType=report&eventId=411100&navigation=external&utm_medium=referral&utm_source=mcp&rp=13,note_revenue,9M FY2025,2024-12-31,YTD,"Optimization, net",Retail realized optimization,13.5,usd_millions,0,1,6,
business_100,4064733,13,https://web.quartr.com/companies/21558?companyId=21558&documentId=4064733&documentType=report&eventId=411100&navigation=external&utm_medium=referral&utm_source=mcp&rp=13,note_revenue,Q3 FY2026,2025-12-31,Q,"Optimization, net",Storage realized optimization,35.8,usd_millions,0,0,7,
business_100,4064733,13,https://web.quartr.com/companies/21558?companyId=21558&documentId=4064733&documentType=report&eventId=411100&navigation=external&utm_medium=referral&utm_source=mcp&rp=13,note_revenue,Q3 FY2025,2024-12-31,Q,"Optimization, net",Storage realized optimization,25.0,usd_millions,0,1,7,
business_100,4064733,13,https://web.quartr.com/companies/21558?companyId=21558&documentId=4064733&documentType=report&eventId=411100&navigation=external&utm_medium=referral&utm_source=mcp&rp=13,note_revenue,9M FY2026,2025-12-31,YTD,"Optimization, net",Storage realized optimization,39.2,usd_millions,0,0,7,
business_100,4064733,13,https://web.quartr.com/companies/21558?companyId=21558&documentId=4064733&documentType=report&eventId=411100&navigation=external&utm_medium=referral&utm_source=mcp&rp=13,note_revenue,9M FY2025,2024-12-31,YTD,"Optimization, net",Storage realized optimization,13.1,usd_millions,0,1,7,
business_100,4064733,13,https://web.quartr.com/companies/21558?companyId=21558&documentId=4064733&documentType=report&eventId=411100&navigation=external&utm_medium=referral&utm_source=mcp&rp=13,note_revenue,Q3 FY2026,2025-12-31,Q,"Optimization, net","Realized optimization, net",39.0,usd_millions,1,0,8,
business_100,4064733,13,https://web.quartr.com/companies/21558?companyId=21558&documentId=4064733&documentType=report&eventId=411100&navigation=external&utm_medium=referral&utm_source=mcp&rp=13,note_revenue,Q3 FY2025,2024-12-31,Q,"Optimization, net","Realized optimization, net",30.1,usd_millions,1,1,8,
business_100,4064733,13,https://web.quartr.com/companies/21558?companyId=21558&documentId=4064733&documentType=report&eventId=411100&navigation=external&utm_medium=referral&utm_source=mcp&rp=13,note_revenue,9M FY2026,2025-12-31,YTD,"Optimization, net","Realized optimization, net",49.5,usd_millions,1,0,8,
business_100,4064733,13,https://web.quartr.com/companies/21558?companyId=21558&documentId=4064733&documentType=report&eventId=411100&navigation=external&utm_medium=referral&utm_source=mcp&rp=13,note_revenue,9M FY2025,2024-12-31,YTD,"Optimization, net","Realized optimization, net",26.6,usd_millions,1,1,8,
business_100,4064733,13,https://web.quartr.com/companies/21558?companyId=21558&documentId=4064733&documentType=report&eventId=411100&navigation=external&utm_medium=referral&utm_source=mcp&rp=13,note_revenue,Q3 FY2026,2025-12-31,Q,"Optimization, net",Retail unrealized optimization (losses) gains,-1.7,usd_millions,0,0,9,
business_100,4064733,13,https://web.quartr.com/companies/21558?companyId=21558&documentId=4064733&documentType=report&eventId=411100&navigation=external&utm_medium=referral&utm_source=mcp&rp=13,note_revenue,Q3 FY2025,2024-12-31,Q,"Optimization, net",Retail unrealized optimization (losses) gains,1.4,usd_millions,0,1,9,
business_100,4064733,13,https://web.quartr.com/companies/21558?companyId=21558&documentId=4064733&documentType=report&eventId=411100&navigation=external&utm_medium=referral&utm_source=mcp&rp=13,note_revenue,9M FY2026,2025-12-31,YTD,"Optimization, net",Retail unrealized optimization (losses) gains,-0.3,usd_millions,0,0,9,
business_100,4064733,13,https://web.quartr.com/companies/21558?companyId=21558&documentId=4064733&documentType=report&eventId=411100&navigation=external&utm_medium=referral&utm_source=mcp&rp=13,note_revenue,9M FY2025,2024-12-31,YTD,"Optimization, net",Retail unrealized optimization (losses) gains,-3.2,usd_millions,0,1,9,
business_100,4064733,13,https://web.quartr.com/companies/21558?companyId=21558&documentId=4064733&documentType=report&eventId=411100&navigation=external&utm_medium=referral&utm_source=mcp&rp=13,note_revenue,Q3 FY2026,2025-12-31,Q,"Optimization, net",Storage unrealized optimization gains (losses),13.3,usd_millions,0,0,10,
business_100,4064733,13,https://web.quartr.com/companies/21558?companyId=21558&documentId=4064733&documentType=report&eventId=411100&navigation=external&utm_medium=referral&utm_source=mcp&rp=13,note_revenue,Q3 FY2025,2024-12-31,Q,"Optimization, net",Storage unrealized optimization gains (losses),-5.5,usd_millions,0,1,10,
business_100,4064733,13,https://web.quartr.com/companies/21558?companyId=21558&documentId=4064733&documentType=report&eventId=411100&navigation=external&utm_medium=referral&utm_source=mcp&rp=13,note_revenue,9M FY2026,2025-12-31,YTD,"Optimization, net",Storage unrealized optimization gains (losses),19.8,usd_millions,0,0,10,
business_100,4064733,13,https://web.quartr.com/companies/21558?companyId=21558&documentId=4064733&documentType=report&eventId=411100&navigation=external&utm_medium=referral&utm_source=mcp&rp=13,note_revenue,9M FY2025,2024-12-31,YTD,"Optimization, net",Storage unrealized optimization gains (losses),6.4,usd_millions,0,1,10,
business_100,4064733,13,https://web.quartr.com/companies/21558?companyId=21558&documentId=4064733&documentType=report&eventId=411100&navigation=external&utm_medium=referral&utm_source=mcp&rp=13,note_revenue,Q3 FY2026,2025-12-31,Q,"Optimization, net","Unrealized optimization gains (losses), net",11.6,usd_millions,1,0,11,
business_100,4064733,13,https://web.quartr.com/companies/21558?companyId=21558&documentId=4064733&documentType=report&eventId=411100&navigation=external&utm_medium=referral&utm_source=mcp&rp=13,note_revenue,Q3 FY2025,2024-12-31,Q,"Optimization, net","Unrealized optimization gains (losses), net",-4.1,usd_millions,1,1,11,
business_100,4064733,13,https://web.quartr.com/companies/21558?companyId=21558&documentId=4064733&documentType=report&eventId=411100&navigation=external&utm_medium=referral&utm_source=mcp&rp=13,note_revenue,9M FY2026,2025-12-31,YTD,"Optimization, net","Unrealized optimization gains (losses), net",19.5,usd_millions,1,0,11,
business_100,4064733,13,https://web.quartr.com/companies/21558?companyId=21558&documentId=4064733&documentType=report&eventId=411100&navigation=external&utm_medium=referral&utm_source=mcp&rp=13,note_revenue,9M FY2025,2024-12-31,YTD,"Optimization, net","Unrealized optimization gains (losses), net",3.2,usd_millions,1,1,11,
business_100,4064733,13,https://web.quartr.com/companies/21558?companyId=21558&documentId=4064733&documentType=report&eventId=411100&navigation=external&utm_medium=referral&utm_source=mcp&rp=13,note_revenue,Q3 FY2026,2025-12-31,Q,"Optimization, net",(unlabelled subtotal),50.6,usd_millions,1,0,12,"unlabelled total row - no caption printed; equals Optimization, net on the income statement"
business_100,4064733,13,https://web.quartr.com/companies/21558?companyId=21558&documentId=4064733&documentType=report&eventId=411100&navigation=external&utm_medium=referral&utm_source=mcp&rp=13,note_revenue,Q3 FY2025,2024-12-31,Q,"Optimization, net",(unlabelled subtotal),26.0,usd_millions,1,1,12,"unlabelled total row - no caption printed; equals Optimization, net on the income statement"
business_100,4064733,13,https://web.quartr.com/companies/21558?companyId=21558&documentId=4064733&documentType=report&eventId=411100&navigation=external&utm_medium=referral&utm_source=mcp&rp=13,note_revenue,9M FY2026,2025-12-31,YTD,"Optimization, net",(unlabelled subtotal),69.0,usd_millions,1,0,12,"unlabelled total row - no caption printed; equals Optimization, net on the income statement"
business_100,4064733,13,https://web.quartr.com/companies/21558?companyId=21558&documentId=4064733&documentType=report&eventId=411100&navigation=external&utm_medium=referral&utm_source=mcp&rp=13,note_revenue,9M FY2025,2024-12-31,YTD,"Optimization, net",(unlabelled subtotal),29.8,usd_millions,1,1,12,"unlabelled total row - no caption printed; equals Optimization, net on the income statement"
business_100,4064733,14,https://web.quartr.com/companies/21558?companyId=21558&documentId=4064733&documentType=report&eventId=411100&navigation=external&utm_medium=referral&utm_source=mcp&rp=14,note_financial_instruments,"As at Dec 31, 2025",2025-12-31,instant,Risk management assets and liabilities | Energy Contracts,Short-term risk management assets,31.4,usd_millions,0,0,1,
business_100,4064733,14,https://web.quartr.com/companies/21558?companyId=21558&documentId=4064733&documentType=report&eventId=411100&navigation=external&utm_medium=referral&utm_source=mcp&rp=14,note_financial_instruments,"As at Dec 31, 2025",2025-12-31,instant,Risk management assets and liabilities | Currency Contracts,Short-term risk management assets,0,usd_millions,0,0,1,printed_dash_zero
business_100,4064733,14,https://web.quartr.com/companies/21558?companyId=21558&documentId=4064733&documentType=report&eventId=411100&navigation=external&utm_medium=referral&utm_source=mcp&rp=14,note_financial_instruments,"As at Dec 31, 2025",2025-12-31,instant,Risk management assets and liabilities | Interest Rate Contracts,Short-term risk management assets,1.2,usd_millions,0,0,1,
business_100,4064733,14,https://web.quartr.com/companies/21558?companyId=21558&documentId=4064733&documentType=report&eventId=411100&navigation=external&utm_medium=referral&utm_source=mcp&rp=14,note_financial_instruments,"As at Dec 31, 2025",2025-12-31,instant,Risk management assets and liabilities | Total,Short-term risk management assets,32.6,usd_millions,0,0,1,
business_100,4064733,14,https://web.quartr.com/companies/21558?companyId=21558&documentId=4064733&documentType=report&eventId=411100&navigation=external&utm_medium=referral&utm_source=mcp&rp=14,note_financial_instruments,"As at Dec 31, 2025",2025-12-31,instant,Risk management assets and liabilities | Energy Contracts,Long-term risk management assets,10.2,usd_millions,0,0,2,
business_100,4064733,14,https://web.quartr.com/companies/21558?companyId=21558&documentId=4064733&documentType=report&eventId=411100&navigation=external&utm_medium=referral&utm_source=mcp&rp=14,note_financial_instruments,"As at Dec 31, 2025",2025-12-31,instant,Risk management assets and liabilities | Currency Contracts,Long-term risk management assets,0,usd_millions,0,0,2,printed_dash_zero
business_100,4064733,14,https://web.quartr.com/companies/21558?companyId=21558&documentId=4064733&documentType=report&eventId=411100&navigation=external&utm_medium=referral&utm_source=mcp&rp=14,note_financial_instruments,"As at Dec 31, 2025",2025-12-31,instant,Risk management assets and liabilities | Interest Rate Contracts,Long-term risk management assets,7.2,usd_millions,0,0,2,
business_100,4064733,14,https://web.quartr.com/companies/21558?companyId=21558&documentId=4064733&documentType=report&eventId=411100&navigation=external&utm_medium=referral&utm_source=mcp&rp=14,note_financial_instruments,"As at Dec 31, 2025",2025-12-31,instant,Risk management assets and liabilities | Total,Long-term risk management assets,17.4,usd_millions,0,0,2,
business_100,4064733,14,https://web.quartr.com/companies/21558?companyId=21558&documentId=4064733&documentType=report&eventId=411100&navigation=external&utm_medium=referral&utm_source=mcp&rp=14,note_financial_instruments,"As at Dec 31, 2025",2025-12-31,instant,Risk management assets and liabilities | Energy Contracts,Short-term risk management liabilities,-11.9,usd_millions,0,0,3,
business_100,4064733,14,https://web.quartr.com/companies/21558?companyId=21558&documentId=4064733&documentType=report&eventId=411100&navigation=external&utm_medium=referral&utm_source=mcp&rp=14,note_financial_instruments,"As at Dec 31, 2025",2025-12-31,instant,Risk management assets and liabilities | Currency Contracts,Short-term risk management liabilities,-0.2,usd_millions,0,0,3,
business_100,4064733,14,https://web.quartr.com/companies/21558?companyId=21558&documentId=4064733&documentType=report&eventId=411100&navigation=external&utm_medium=referral&utm_source=mcp&rp=14,note_financial_instruments,"As at Dec 31, 2025",2025-12-31,instant,Risk management assets and liabilities | Interest Rate Contracts,Short-term risk management liabilities,-0.9,usd_millions,0,0,3,
business_100,4064733,14,https://web.quartr.com/companies/21558?companyId=21558&documentId=4064733&documentType=report&eventId=411100&navigation=external&utm_medium=referral&utm_source=mcp&rp=14,note_financial_instruments,"As at Dec 31, 2025",2025-12-31,instant,Risk management assets and liabilities | Total,Short-term risk management liabilities,-13.0,usd_millions,0,0,3,
business_100,4064733,14,https://web.quartr.com/companies/21558?companyId=21558&documentId=4064733&documentType=report&eventId=411100&navigation=external&utm_medium=referral&utm_source=mcp&rp=14,note_financial_instruments,"As at Dec 31, 2025",2025-12-31,instant,Risk management assets and liabilities | Energy Contracts,Long-term risk management liabilities,-3.4,usd_millions,0,0,4,
business_100,4064733,14,https://web.quartr.com/companies/21558?companyId=21558&documentId=4064733&documentType=report&eventId=411100&navigation=external&utm_medium=referral&utm_source=mcp&rp=14,note_financial_instruments,"As at Dec 31, 2025",2025-12-31,instant,Risk management assets and liabilities | Currency Contracts,Long-term risk management liabilities,0,usd_millions,0,0,4,printed_dash_zero
business_100,4064733,14,https://web.quartr.com/companies/21558?companyId=21558&documentId=4064733&documentType=report&eventId=411100&navigation=external&utm_medium=referral&utm_source=mcp&rp=14,note_financial_instruments,"As at Dec 31, 2025",2025-12-31,instant,Risk management assets and liabilities | Interest Rate Contracts,Long-term risk management liabilities,-3.8,usd_millions,0,0,4,
business_100,4064733,14,https://web.quartr.com/companies/21558?companyId=21558&documentId=4064733&documentType=report&eventId=411100&navigation=external&utm_medium=referral&utm_source=mcp&rp=14,note_financial_instruments,"As at Dec 31, 2025",2025-12-31,instant,Risk management assets and liabilities | Total,Long-term risk management liabilities,-7.2,usd_millions,0,0,4,
business_100,4064733,14,https://web.quartr.com/companies/21558?companyId=21558&documentId=4064733&documentType=report&eventId=411100&navigation=external&utm_medium=referral&utm_source=mcp&rp=14,note_financial_instruments,"As at Dec 31, 2025",2025-12-31,instant,Risk management assets and liabilities | Energy Contracts,(unlabelled subtotal),26.3,usd_millions,1,0,5,unlabelled net total row - no caption printed
business_100,4064733,14,https://web.quartr.com/companies/21558?companyId=21558&documentId=4064733&documentType=report&eventId=411100&navigation=external&utm_medium=referral&utm_source=mcp&rp=14,note_financial_instruments,"As at Dec 31, 2025",2025-12-31,instant,Risk management assets and liabilities | Currency Contracts,(unlabelled subtotal),-0.2,usd_millions,1,0,5,unlabelled net total row - no caption printed
business_100,4064733,14,https://web.quartr.com/companies/21558?companyId=21558&documentId=4064733&documentType=report&eventId=411100&navigation=external&utm_medium=referral&utm_source=mcp&rp=14,note_financial_instruments,"As at Dec 31, 2025",2025-12-31,instant,Risk management assets and liabilities | Interest Rate Contracts,(unlabelled subtotal),3.7,usd_millions,1,0,5,unlabelled net total row - no caption printed
business_100,4064733,14,https://web.quartr.com/companies/21558?companyId=21558&documentId=4064733&documentType=report&eventId=411100&navigation=external&utm_medium=referral&utm_source=mcp&rp=14,note_financial_instruments,"As at Dec 31, 2025",2025-12-31,instant,Risk management assets and liabilities | Total,(unlabelled subtotal),29.8,usd_millions,1,0,5,unlabelled net total row - no caption printed
business_100,4064733,14,https://web.quartr.com/companies/21558?companyId=21558&documentId=4064733&documentType=report&eventId=411100&navigation=external&utm_medium=referral&utm_source=mcp&rp=14,note_financial_instruments,"As at Mar 31, 2025",2025-03-31,instant,Risk management assets and liabilities | Energy Contracts,Short-term risk management assets,15.6,usd_millions,0,1,1,
business_100,4064733,14,https://web.quartr.com/companies/21558?companyId=21558&documentId=4064733&documentType=report&eventId=411100&navigation=external&utm_medium=referral&utm_source=mcp&rp=14,note_financial_instruments,"As at Mar 31, 2025",2025-03-31,instant,Risk management assets and liabilities | Currency Contracts,Short-term risk management assets,0.1,usd_millions,0,1,1,
business_100,4064733,14,https://web.quartr.com/companies/21558?companyId=21558&documentId=4064733&documentType=report&eventId=411100&navigation=external&utm_medium=referral&utm_source=mcp&rp=14,note_financial_instruments,"As at Mar 31, 2025",2025-03-31,instant,Risk management assets and liabilities | Interest Rate Contracts,Short-term risk management assets,3.8,usd_millions,0,1,1,
business_100,4064733,14,https://web.quartr.com/companies/21558?companyId=21558&documentId=4064733&documentType=report&eventId=411100&navigation=external&utm_medium=referral&utm_source=mcp&rp=14,note_financial_instruments,"As at Mar 31, 2025",2025-03-31,instant,Risk management assets and liabilities | Total,Short-term risk management assets,19.5,usd_millions,0,1,1,
business_100,4064733,14,https://web.quartr.com/companies/21558?companyId=21558&documentId=4064733&documentType=report&eventId=411100&navigation=external&utm_medium=referral&utm_source=mcp&rp=14,note_financial_instruments,"As at Mar 31, 2025",2025-03-31,instant,Risk management assets and liabilities | Energy Contracts,Long-term risk management assets,9.3,usd_millions,0,1,2,
business_100,4064733,14,https://web.quartr.com/companies/21558?companyId=21558&documentId=4064733&documentType=report&eventId=411100&navigation=external&utm_medium=referral&utm_source=mcp&rp=14,note_financial_instruments,"As at Mar 31, 2025",2025-03-31,instant,Risk management assets and liabilities | Currency Contracts,Long-term risk management assets,0,usd_millions,0,1,2,printed_dash_zero
business_100,4064733,14,https://web.quartr.com/companies/21558?companyId=21558&documentId=4064733&documentType=report&eventId=411100&navigation=external&utm_medium=referral&utm_source=mcp&rp=14,note_financial_instruments,"As at Mar 31, 2025",2025-03-31,instant,Risk management assets and liabilities | Interest Rate Contracts,Long-term risk management assets,0,usd_millions,0,1,2,printed_dash_zero
business_100,4064733,14,https://web.quartr.com/companies/21558?companyId=21558&documentId=4064733&documentType=report&eventId=411100&navigation=external&utm_medium=referral&utm_source=mcp&rp=14,note_financial_instruments,"As at Mar 31, 2025",2025-03-31,instant,Risk management assets and liabilities | Total,Long-term risk management assets,9.3,usd_millions,0,1,2,
business_100,4064733,14,https://web.quartr.com/companies/21558?companyId=21558&documentId=4064733&documentType=report&eventId=411100&navigation=external&utm_medium=referral&utm_source=mcp&rp=14,note_financial_instruments,"As at Mar 31, 2025",2025-03-31,instant,Risk management assets and liabilities | Energy Contracts,Short-term risk management liabilities,-13.8,usd_millions,0,1,3,
business_100,4064733,14,https://web.quartr.com/companies/21558?companyId=21558&documentId=4064733&documentType=report&eventId=411100&navigation=external&utm_medium=referral&utm_source=mcp&rp=14,note_financial_instruments,"As at Mar 31, 2025",2025-03-31,instant,Risk management assets and liabilities | Currency Contracts,Short-term risk management liabilities,0,usd_millions,0,1,3,printed_dash_zero
business_100,4064733,14,https://web.quartr.com/companies/21558?companyId=21558&documentId=4064733&documentType=report&eventId=411100&navigation=external&utm_medium=referral&utm_source=mcp&rp=14,note_financial_instruments,"As at Mar 31, 2025",2025-03-31,instant,Risk management assets and liabilities | Interest Rate Contracts,Short-term risk management liabilities,-0.1,usd_millions,0,1,3,
business_100,4064733,14,https://web.quartr.com/companies/21558?companyId=21558&documentId=4064733&documentType=report&eventId=411100&navigation=external&utm_medium=referral&utm_source=mcp&rp=14,note_financial_instruments,"As at Mar 31, 2025",2025-03-31,instant,Risk management assets and liabilities | Total,Short-term risk management liabilities,-13.9,usd_millions,0,1,3,
business_100,4064733,14,https://web.quartr.com/companies/21558?companyId=21558&documentId=4064733&documentType=report&eventId=411100&navigation=external&utm_medium=referral&utm_source=mcp&rp=14,note_financial_instruments,"As at Mar 31, 2025",2025-03-31,instant,Risk management assets and liabilities | Energy Contracts,Long-term risk management liabilities,-4.9,usd_millions,0,1,4,
business_100,4064733,14,https://web.quartr.com/companies/21558?companyId=21558&documentId=4064733&documentType=report&eventId=411100&navigation=external&utm_medium=referral&utm_source=mcp&rp=14,note_financial_instruments,"As at Mar 31, 2025",2025-03-31,instant,Risk management assets and liabilities | Currency Contracts,Long-term risk management liabilities,0,usd_millions,0,1,4,printed_dash_zero
business_100,4064733,14,https://web.quartr.com/companies/21558?companyId=21558&documentId=4064733&documentType=report&eventId=411100&navigation=external&utm_medium=referral&utm_source=mcp&rp=14,note_financial_instruments,"As at Mar 31, 2025",2025-03-31,instant,Risk management assets and liabilities | Interest Rate Contracts,Long-term risk management liabilities,-0.8,usd_millions,0,1,4,
business_100,4064733,14,https://web.quartr.com/companies/21558?companyId=21558&documentId=4064733&documentType=report&eventId=411100&navigation=external&utm_medium=referral&utm_source=mcp&rp=14,note_financial_instruments,"As at Mar 31, 2025",2025-03-31,instant,Risk management assets and liabilities | Total,Long-term risk management liabilities,-5.7,usd_millions,0,1,4,
business_100,4064733,14,https://web.quartr.com/companies/21558?companyId=21558&documentId=4064733&documentType=report&eventId=411100&navigation=external&utm_medium=referral&utm_source=mcp&rp=14,note_financial_instruments,"As at Mar 31, 2025",2025-03-31,instant,Risk management assets and liabilities | Energy Contracts,(unlabelled subtotal),6.2,usd_millions,1,1,5,unlabelled net total row - no caption printed
business_100,4064733,14,https://web.quartr.com/companies/21558?companyId=21558&documentId=4064733&documentType=report&eventId=411100&navigation=external&utm_medium=referral&utm_source=mcp&rp=14,note_financial_instruments,"As at Mar 31, 2025",2025-03-31,instant,Risk management assets and liabilities | Currency Contracts,(unlabelled subtotal),0.1,usd_millions,1,1,5,unlabelled net total row - no caption printed
business_100,4064733,14,https://web.quartr.com/companies/21558?companyId=21558&documentId=4064733&documentType=report&eventId=411100&navigation=external&utm_medium=referral&utm_source=mcp&rp=14,note_financial_instruments,"As at Mar 31, 2025",2025-03-31,instant,Risk management assets and liabilities | Interest Rate Contracts,(unlabelled subtotal),2.9,usd_millions,1,1,5,unlabelled net total row - no caption printed
business_100,4064733,14,https://web.quartr.com/companies/21558?companyId=21558&documentId=4064733&documentType=report&eventId=411100&navigation=external&utm_medium=referral&utm_source=mcp&rp=14,note_financial_instruments,"As at Mar 31, 2025",2025-03-31,instant,Risk management assets and liabilities | Total,(unlabelled subtotal),9.2,usd_millions,1,1,5,unlabelled net total row - no caption printed
business_100,4064733,14,https://web.quartr.com/companies/21558?companyId=21558&documentId=4064733&documentType=report&eventId=411100&navigation=external&utm_medium=referral&utm_source=mcp&rp=14,note_financial_instruments,"As at Dec 31, 2025",2025-12-31,instant,Fair value hierarchy | Assets | Level 1,Commodity derivatives,0,usd_millions,0,0,1,printed_dash_zero
business_100,4064733,14,https://web.quartr.com/companies/21558?companyId=21558&documentId=4064733&documentType=report&eventId=411100&navigation=external&utm_medium=referral&utm_source=mcp&rp=14,note_financial_instruments,"As at Dec 31, 2025",2025-12-31,instant,Fair value hierarchy | Assets | Level 2,Commodity derivatives,41.6,usd_millions,0,0,1,
business_100,4064733,14,https://web.quartr.com/companies/21558?companyId=21558&documentId=4064733&documentType=report&eventId=411100&navigation=external&utm_medium=referral&utm_source=mcp&rp=14,note_financial_instruments,"As at Dec 31, 2025",2025-12-31,instant,Fair value hierarchy | Assets | Level 3,Commodity derivatives,0,usd_millions,0,0,1,printed_dash_zero
business_100,4064733,14,https://web.quartr.com/companies/21558?companyId=21558&documentId=4064733&documentType=report&eventId=411100&navigation=external&utm_medium=referral&utm_source=mcp&rp=14,note_financial_instruments,"As at Dec 31, 2025",2025-12-31,instant,Fair value hierarchy | Assets | Total,Commodity derivatives,41.6,usd_millions,0,0,1,
business_100,4064733,14,https://web.quartr.com/companies/21558?companyId=21558&documentId=4064733&documentType=report&eventId=411100&navigation=external&utm_medium=referral&utm_source=mcp&rp=14,note_financial_instruments,"As at Dec 31, 2025",2025-12-31,instant,Fair value hierarchy | Assets | Level 1,Currency derivatives,0,usd_millions,0,0,2,printed_dash_zero
business_100,4064733,14,https://web.quartr.com/companies/21558?companyId=21558&documentId=4064733&documentType=report&eventId=411100&navigation=external&utm_medium=referral&utm_source=mcp&rp=14,note_financial_instruments,"As at Dec 31, 2025",2025-12-31,instant,Fair value hierarchy | Assets | Level 2,Currency derivatives,0,usd_millions,0,0,2,printed_dash_zero
business_100,4064733,14,https://web.quartr.com/companies/21558?companyId=21558&documentId=4064733&documentType=report&eventId=411100&navigation=external&utm_medium=referral&utm_source=mcp&rp=14,note_financial_instruments,"As at Dec 31, 2025",2025-12-31,instant,Fair value hierarchy | Assets | Level 3,Currency derivatives,0,usd_millions,0,0,2,printed_dash_zero
business_100,4064733,14,https://web.quartr.com/companies/21558?companyId=21558&documentId=4064733&documentType=report&eventId=411100&navigation=external&utm_medium=referral&utm_source=mcp&rp=14,note_financial_instruments,"As at Dec 31, 2025",2025-12-31,instant,Fair value hierarchy | Assets | Total,Currency derivatives,0,usd_millions,0,0,2,printed_dash_zero
business_100,4064733,14,https://web.quartr.com/companies/21558?companyId=21558&documentId=4064733&documentType=report&eventId=411100&navigation=external&utm_medium=referral&utm_source=mcp&rp=14,note_financial_instruments,"As at Dec 31, 2025",2025-12-31,instant,Fair value hierarchy | Assets | Level 1,Interest rate swaps,0,usd_millions,0,0,3,printed_dash_zero
business_100,4064733,14,https://web.quartr.com/companies/21558?companyId=21558&documentId=4064733&documentType=report&eventId=411100&navigation=external&utm_medium=referral&utm_source=mcp&rp=14,note_financial_instruments,"As at Dec 31, 2025",2025-12-31,instant,Fair value hierarchy | Assets | Level 2,Interest rate swaps,8.4,usd_millions,0,0,3,
business_100,4064733,14,https://web.quartr.com/companies/21558?companyId=21558&documentId=4064733&documentType=report&eventId=411100&navigation=external&utm_medium=referral&utm_source=mcp&rp=14,note_financial_instruments,"As at Dec 31, 2025",2025-12-31,instant,Fair value hierarchy | Assets | Level 3,Interest rate swaps,0,usd_millions,0,0,3,printed_dash_zero
business_100,4064733,14,https://web.quartr.com/companies/21558?companyId=21558&documentId=4064733&documentType=report&eventId=411100&navigation=external&utm_medium=referral&utm_source=mcp&rp=14,note_financial_instruments,"As at Dec 31, 2025",2025-12-31,instant,Fair value hierarchy | Assets | Total,Interest rate swaps,8.4,usd_millions,0,0,3,
business_100,4064733,14,https://web.quartr.com/companies/21558?companyId=21558&documentId=4064733&documentType=report&eventId=411100&navigation=external&utm_medium=referral&utm_source=mcp&rp=14,note_financial_instruments,"As at Dec 31, 2025",2025-12-31,instant,Fair value hierarchy | Assets | Level 1,Total assets,0,usd_millions,1,0,4,printed_dash_zero
business_100,4064733,14,https://web.quartr.com/companies/21558?companyId=21558&documentId=4064733&documentType=report&eventId=411100&navigation=external&utm_medium=referral&utm_source=mcp&rp=14,note_financial_instruments,"As at Dec 31, 2025",2025-12-31,instant,Fair value hierarchy | Assets | Level 2,Total assets,50.0,usd_millions,1,0,4,
business_100,4064733,14,https://web.quartr.com/companies/21558?companyId=21558&documentId=4064733&documentType=report&eventId=411100&navigation=external&utm_medium=referral&utm_source=mcp&rp=14,note_financial_instruments,"As at Dec 31, 2025",2025-12-31,instant,Fair value hierarchy | Assets | Level 3,Total assets,0,usd_millions,1,0,4,printed_dash_zero
business_100,4064733,14,https://web.quartr.com/companies/21558?companyId=21558&documentId=4064733&documentType=report&eventId=411100&navigation=external&utm_medium=referral&utm_source=mcp&rp=14,note_financial_instruments,"As at Dec 31, 2025",2025-12-31,instant,Fair value hierarchy | Assets | Total,Total assets,50.0,usd_millions,1,0,4,
business_100,4064733,14,https://web.quartr.com/companies/21558?companyId=21558&documentId=4064733&documentType=report&eventId=411100&navigation=external&utm_medium=referral&utm_source=mcp&rp=14,note_financial_instruments,"As at Dec 31, 2025",2025-12-31,instant,Fair value hierarchy | Liabilities | Level 1,Commodity derivatives,0,usd_millions,0,0,5,printed_dash_zero
business_100,4064733,14,https://web.quartr.com/companies/21558?companyId=21558&documentId=4064733&documentType=report&eventId=411100&navigation=external&utm_medium=referral&utm_source=mcp&rp=14,note_financial_instruments,"As at Dec 31, 2025",2025-12-31,instant,Fair value hierarchy | Liabilities | Level 2,Commodity derivatives,15.3,usd_millions,0,0,5,
business_100,4064733,14,https://web.quartr.com/companies/21558?companyId=21558&documentId=4064733&documentType=report&eventId=411100&navigation=external&utm_medium=referral&utm_source=mcp&rp=14,note_financial_instruments,"As at Dec 31, 2025",2025-12-31,instant,Fair value hierarchy | Liabilities | Level 3,Commodity derivatives,0,usd_millions,0,0,5,printed_dash_zero
business_100,4064733,14,https://web.quartr.com/companies/21558?companyId=21558&documentId=4064733&documentType=report&eventId=411100&navigation=external&utm_medium=referral&utm_source=mcp&rp=14,note_financial_instruments,"As at Dec 31, 2025",2025-12-31,instant,Fair value hierarchy | Liabilities | Total,Commodity derivatives,15.3,usd_millions,0,0,5,
business_100,4064733,14,https://web.quartr.com/companies/21558?companyId=21558&documentId=4064733&documentType=report&eventId=411100&navigation=external&utm_medium=referral&utm_source=mcp&rp=14,note_financial_instruments,"As at Dec 31, 2025",2025-12-31,instant,Fair value hierarchy | Liabilities | Level 1,Currency derivatives,0,usd_millions,0,0,6,printed_dash_zero
business_100,4064733,14,https://web.quartr.com/companies/21558?companyId=21558&documentId=4064733&documentType=report&eventId=411100&navigation=external&utm_medium=referral&utm_source=mcp&rp=14,note_financial_instruments,"As at Dec 31, 2025",2025-12-31,instant,Fair value hierarchy | Liabilities | Level 2,Currency derivatives,0.2,usd_millions,0,0,6,
business_100,4064733,14,https://web.quartr.com/companies/21558?companyId=21558&documentId=4064733&documentType=report&eventId=411100&navigation=external&utm_medium=referral&utm_source=mcp&rp=14,note_financial_instruments,"As at Dec 31, 2025",2025-12-31,instant,Fair value hierarchy | Liabilities | Level 3,Currency derivatives,0,usd_millions,0,0,6,printed_dash_zero
business_100,4064733,14,https://web.quartr.com/companies/21558?companyId=21558&documentId=4064733&documentType=report&eventId=411100&navigation=external&utm_medium=referral&utm_source=mcp&rp=14,note_financial_instruments,"As at Dec 31, 2025",2025-12-31,instant,Fair value hierarchy | Liabilities | Total,Currency derivatives,0.2,usd_millions,0,0,6,
business_100,4064733,14,https://web.quartr.com/companies/21558?companyId=21558&documentId=4064733&documentType=report&eventId=411100&navigation=external&utm_medium=referral&utm_source=mcp&rp=14,note_financial_instruments,"As at Dec 31, 2025",2025-12-31,instant,Fair value hierarchy | Liabilities | Level 1,Interest rate swaps,0,usd_millions,0,0,7,printed_dash_zero
business_100,4064733,14,https://web.quartr.com/companies/21558?companyId=21558&documentId=4064733&documentType=report&eventId=411100&navigation=external&utm_medium=referral&utm_source=mcp&rp=14,note_financial_instruments,"As at Dec 31, 2025",2025-12-31,instant,Fair value hierarchy | Liabilities | Level 2,Interest rate swaps,4.7,usd_millions,0,0,7,
business_100,4064733,14,https://web.quartr.com/companies/21558?companyId=21558&documentId=4064733&documentType=report&eventId=411100&navigation=external&utm_medium=referral&utm_source=mcp&rp=14,note_financial_instruments,"As at Dec 31, 2025",2025-12-31,instant,Fair value hierarchy | Liabilities | Level 3,Interest rate swaps,0,usd_millions,0,0,7,printed_dash_zero
business_100,4064733,14,https://web.quartr.com/companies/21558?companyId=21558&documentId=4064733&documentType=report&eventId=411100&navigation=external&utm_medium=referral&utm_source=mcp&rp=14,note_financial_instruments,"As at Dec 31, 2025",2025-12-31,instant,Fair value hierarchy | Liabilities | Total,Interest rate swaps,4.7,usd_millions,0,0,7,
business_100,4064733,14,https://web.quartr.com/companies/21558?companyId=21558&documentId=4064733&documentType=report&eventId=411100&navigation=external&utm_medium=referral&utm_source=mcp&rp=14,note_financial_instruments,"As at Dec 31, 2025",2025-12-31,instant,Fair value hierarchy | Liabilities | Level 1,Gas storage obligations,0,usd_millions,0,0,8,printed_dash_zero
business_100,4064733,14,https://web.quartr.com/companies/21558?companyId=21558&documentId=4064733&documentType=report&eventId=411100&navigation=external&utm_medium=referral&utm_source=mcp&rp=14,note_financial_instruments,"As at Dec 31, 2025",2025-12-31,instant,Fair value hierarchy | Liabilities | Level 2,Gas storage obligations,15.1,usd_millions,0,0,8,
business_100,4064733,14,https://web.quartr.com/companies/21558?companyId=21558&documentId=4064733&documentType=report&eventId=411100&navigation=external&utm_medium=referral&utm_source=mcp&rp=14,note_financial_instruments,"As at Dec 31, 2025",2025-12-31,instant,Fair value hierarchy | Liabilities | Level 3,Gas storage obligations,0,usd_millions,0,0,8,printed_dash_zero
business_100,4064733,14,https://web.quartr.com/companies/21558?companyId=21558&documentId=4064733&documentType=report&eventId=411100&navigation=external&utm_medium=referral&utm_source=mcp&rp=14,note_financial_instruments,"As at Dec 31, 2025",2025-12-31,instant,Fair value hierarchy | Liabilities | Total,Gas storage obligations,15.1,usd_millions,0,0,8,
business_100,4064733,14,https://web.quartr.com/companies/21558?companyId=21558&documentId=4064733&documentType=report&eventId=411100&navigation=external&utm_medium=referral&utm_source=mcp&rp=14,note_financial_instruments,"As at Dec 31, 2025",2025-12-31,instant,Fair value hierarchy | Liabilities | Level 1,Short-term debt,0,usd_millions,0,0,9,printed_dash_zero
business_100,4064733,14,https://web.quartr.com/companies/21558?companyId=21558&documentId=4064733&documentType=report&eventId=411100&navigation=external&utm_medium=referral&utm_source=mcp&rp=14,note_financial_instruments,"As at Dec 31, 2025",2025-12-31,instant,Fair value hierarchy | Liabilities | Level 2,Short-term debt,12.5,usd_millions,0,0,9,
business_100,4064733,14,https://web.quartr.com/companies/21558?companyId=21558&documentId=4064733&documentType=report&eventId=411100&navigation=external&utm_medium=referral&utm_source=mcp&rp=14,note_financial_instruments,"As at Dec 31, 2025",2025-12-31,instant,Fair value hierarchy | Liabilities | Level 3,Short-term debt,0,usd_millions,0,0,9,printed_dash_zero
business_100,4064733,14,https://web.quartr.com/companies/21558?companyId=21558&documentId=4064733&documentType=report&eventId=411100&navigation=external&utm_medium=referral&utm_source=mcp&rp=14,note_financial_instruments,"As at Dec 31, 2025",2025-12-31,instant,Fair value hierarchy | Liabilities | Total,Short-term debt,12.5,usd_millions,0,0,9,
business_100,4064733,14,https://web.quartr.com/companies/21558?companyId=21558&documentId=4064733&documentType=report&eventId=411100&navigation=external&utm_medium=referral&utm_source=mcp&rp=14,note_financial_instruments,"As at Dec 31, 2025",2025-12-31,instant,Fair value hierarchy | Liabilities | Level 1,Long-term debt,0,usd_millions,0,0,10,printed_dash_zero
business_100,4064733,14,https://web.quartr.com/companies/21558?companyId=21558&documentId=4064733&documentType=report&eventId=411100&navigation=external&utm_medium=referral&utm_source=mcp&rp=14,note_financial_instruments,"As at Dec 31, 2025",2025-12-31,instant,Fair value hierarchy | Liabilities | Level 2,Long-term debt,1234.6,usd_millions,0,0,10,
business_100,4064733,14,https://web.quartr.com/companies/21558?companyId=21558&documentId=4064733&documentType=report&eventId=411100&navigation=external&utm_medium=referral&utm_source=mcp&rp=14,note_financial_instruments,"As at Dec 31, 2025",2025-12-31,instant,Fair value hierarchy | Liabilities | Level 3,Long-term debt,0,usd_millions,0,0,10,printed_dash_zero
business_100,4064733,14,https://web.quartr.com/companies/21558?companyId=21558&documentId=4064733&documentType=report&eventId=411100&navigation=external&utm_medium=referral&utm_source=mcp&rp=14,note_financial_instruments,"As at Dec 31, 2025",2025-12-31,instant,Fair value hierarchy | Liabilities | Total,Long-term debt,1234.6,usd_millions,0,0,10,
business_100,4064733,14,https://web.quartr.com/companies/21558?companyId=21558&documentId=4064733&documentType=report&eventId=411100&navigation=external&utm_medium=referral&utm_source=mcp&rp=14,note_financial_instruments,"As at Dec 31, 2025",2025-12-31,instant,Fair value hierarchy | Liabilities | Level 1,Total liabilities,0,usd_millions,1,0,11,printed_dash_zero
business_100,4064733,14,https://web.quartr.com/companies/21558?companyId=21558&documentId=4064733&documentType=report&eventId=411100&navigation=external&utm_medium=referral&utm_source=mcp&rp=14,note_financial_instruments,"As at Dec 31, 2025",2025-12-31,instant,Fair value hierarchy | Liabilities | Level 2,Total liabilities,1282.4,usd_millions,1,0,11,
business_100,4064733,14,https://web.quartr.com/companies/21558?companyId=21558&documentId=4064733&documentType=report&eventId=411100&navigation=external&utm_medium=referral&utm_source=mcp&rp=14,note_financial_instruments,"As at Dec 31, 2025",2025-12-31,instant,Fair value hierarchy | Liabilities | Level 3,Total liabilities,0,usd_millions,1,0,11,printed_dash_zero
business_100,4064733,14,https://web.quartr.com/companies/21558?companyId=21558&documentId=4064733&documentType=report&eventId=411100&navigation=external&utm_medium=referral&utm_source=mcp&rp=14,note_financial_instruments,"As at Dec 31, 2025",2025-12-31,instant,Fair value hierarchy | Liabilities | Total,Total liabilities,1282.4,usd_millions,1,0,11,
business_100,4064733,15,https://web.quartr.com/companies/21558?companyId=21558&documentId=4064733&documentType=report&eventId=411100&navigation=external&utm_medium=referral&utm_source=mcp&rp=15,note_financial_instruments,"As at Mar 31, 2025",2025-03-31,instant,Fair value hierarchy | Assets | Level 1,Commodity derivatives,0,usd_millions,0,1,1,printed_dash_zero
business_100,4064733,15,https://web.quartr.com/companies/21558?companyId=21558&documentId=4064733&documentType=report&eventId=411100&navigation=external&utm_medium=referral&utm_source=mcp&rp=15,note_financial_instruments,"As at Mar 31, 2025",2025-03-31,instant,Fair value hierarchy | Assets | Level 2,Commodity derivatives,24.9,usd_millions,0,1,1,
business_100,4064733,15,https://web.quartr.com/companies/21558?companyId=21558&documentId=4064733&documentType=report&eventId=411100&navigation=external&utm_medium=referral&utm_source=mcp&rp=15,note_financial_instruments,"As at Mar 31, 2025",2025-03-31,instant,Fair value hierarchy | Assets | Level 3,Commodity derivatives,0,usd_millions,0,1,1,printed_dash_zero
business_100,4064733,15,https://web.quartr.com/companies/21558?companyId=21558&documentId=4064733&documentType=report&eventId=411100&navigation=external&utm_medium=referral&utm_source=mcp&rp=15,note_financial_instruments,"As at Mar 31, 2025",2025-03-31,instant,Fair value hierarchy | Assets | Total,Commodity derivatives,24.9,usd_millions,0,1,1,
business_100,4064733,15,https://web.quartr.com/companies/21558?companyId=21558&documentId=4064733&documentType=report&eventId=411100&navigation=external&utm_medium=referral&utm_source=mcp&rp=15,note_financial_instruments,"As at Mar 31, 2025",2025-03-31,instant,Fair value hierarchy | Assets | Level 1,Currency derivatives,0,usd_millions,0,1,2,printed_dash_zero
business_100,4064733,15,https://web.quartr.com/companies/21558?companyId=21558&documentId=4064733&documentType=report&eventId=411100&navigation=external&utm_medium=referral&utm_source=mcp&rp=15,note_financial_instruments,"As at Mar 31, 2025",2025-03-31,instant,Fair value hierarchy | Assets | Level 2,Currency derivatives,0.1,usd_millions,0,1,2,
business_100,4064733,15,https://web.quartr.com/companies/21558?companyId=21558&documentId=4064733&documentType=report&eventId=411100&navigation=external&utm_medium=referral&utm_source=mcp&rp=15,note_financial_instruments,"As at Mar 31, 2025",2025-03-31,instant,Fair value hierarchy | Assets | Level 3,Currency derivatives,0,usd_millions,0,1,2,printed_dash_zero
business_100,4064733,15,https://web.quartr.com/companies/21558?companyId=21558&documentId=4064733&documentType=report&eventId=411100&navigation=external&utm_medium=referral&utm_source=mcp&rp=15,note_financial_instruments,"As at Mar 31, 2025",2025-03-31,instant,Fair value hierarchy | Assets | Total,Currency derivatives,0.1,usd_millions,0,1,2,
business_100,4064733,15,https://web.quartr.com/companies/21558?companyId=21558&documentId=4064733&documentType=report&eventId=411100&navigation=external&utm_medium=referral&utm_source=mcp&rp=15,note_financial_instruments,"As at Mar 31, 2025",2025-03-31,instant,Fair value hierarchy | Assets | Level 1,Interest rate swaps,0,usd_millions,0,1,3,printed_dash_zero
business_100,4064733,15,https://web.quartr.com/companies/21558?companyId=21558&documentId=4064733&documentType=report&eventId=411100&navigation=external&utm_medium=referral&utm_source=mcp&rp=15,note_financial_instruments,"As at Mar 31, 2025",2025-03-31,instant,Fair value hierarchy | Assets | Level 2,Interest rate swaps,3.8,usd_millions,0,1,3,
business_100,4064733,15,https://web.quartr.com/companies/21558?companyId=21558&documentId=4064733&documentType=report&eventId=411100&navigation=external&utm_medium=referral&utm_source=mcp&rp=15,note_financial_instruments,"As at Mar 31, 2025",2025-03-31,instant,Fair value hierarchy | Assets | Level 3,Interest rate swaps,0,usd_millions,0,1,3,printed_dash_zero
business_100,4064733,15,https://web.quartr.com/companies/21558?companyId=21558&documentId=4064733&documentType=report&eventId=411100&navigation=external&utm_medium=referral&utm_source=mcp&rp=15,note_financial_instruments,"As at Mar 31, 2025",2025-03-31,instant,Fair value hierarchy | Assets | Total,Interest rate swaps,3.8,usd_millions,0,1,3,
business_100,4064733,15,https://web.quartr.com/companies/21558?companyId=21558&documentId=4064733&documentType=report&eventId=411100&navigation=external&utm_medium=referral&utm_source=mcp&rp=15,note_financial_instruments,"As at Mar 31, 2025",2025-03-31,instant,Fair value hierarchy | Assets | Level 1,Total assets,0,usd_millions,1,1,4,printed_dash_zero
business_100,4064733,15,https://web.quartr.com/companies/21558?companyId=21558&documentId=4064733&documentType=report&eventId=411100&navigation=external&utm_medium=referral&utm_source=mcp&rp=15,note_financial_instruments,"As at Mar 31, 2025",2025-03-31,instant,Fair value hierarchy | Assets | Level 2,Total assets,28.8,usd_millions,1,1,4,
business_100,4064733,15,https://web.quartr.com/companies/21558?companyId=21558&documentId=4064733&documentType=report&eventId=411100&navigation=external&utm_medium=referral&utm_source=mcp&rp=15,note_financial_instruments,"As at Mar 31, 2025",2025-03-31,instant,Fair value hierarchy | Assets | Level 3,Total assets,0,usd_millions,1,1,4,printed_dash_zero
business_100,4064733,15,https://web.quartr.com/companies/21558?companyId=21558&documentId=4064733&documentType=report&eventId=411100&navigation=external&utm_medium=referral&utm_source=mcp&rp=15,note_financial_instruments,"As at Mar 31, 2025",2025-03-31,instant,Fair value hierarchy | Assets | Total,Total assets,28.8,usd_millions,1,1,4,
business_100,4064733,15,https://web.quartr.com/companies/21558?companyId=21558&documentId=4064733&documentType=report&eventId=411100&navigation=external&utm_medium=referral&utm_source=mcp&rp=15,note_financial_instruments,"As at Mar 31, 2025",2025-03-31,instant,Fair value hierarchy | Liabilities | Level 1,Commodity derivatives,0,usd_millions,0,1,5,printed_dash_zero
business_100,4064733,15,https://web.quartr.com/companies/21558?companyId=21558&documentId=4064733&documentType=report&eventId=411100&navigation=external&utm_medium=referral&utm_source=mcp&rp=15,note_financial_instruments,"As at Mar 31, 2025",2025-03-31,instant,Fair value hierarchy | Liabilities | Level 2,Commodity derivatives,18.7,usd_millions,0,1,5,
business_100,4064733,15,https://web.quartr.com/companies/21558?companyId=21558&documentId=4064733&documentType=report&eventId=411100&navigation=external&utm_medium=referral&utm_source=mcp&rp=15,note_financial_instruments,"As at Mar 31, 2025",2025-03-31,instant,Fair value hierarchy | Liabilities | Level 3,Commodity derivatives,0,usd_millions,0,1,5,printed_dash_zero
business_100,4064733,15,https://web.quartr.com/companies/21558?companyId=21558&documentId=4064733&documentType=report&eventId=411100&navigation=external&utm_medium=referral&utm_source=mcp&rp=15,note_financial_instruments,"As at Mar 31, 2025",2025-03-31,instant,Fair value hierarchy | Liabilities | Total,Commodity derivatives,18.7,usd_millions,0,1,5,
business_100,4064733,15,https://web.quartr.com/companies/21558?companyId=21558&documentId=4064733&documentType=report&eventId=411100&navigation=external&utm_medium=referral&utm_source=mcp&rp=15,note_financial_instruments,"As at Mar 31, 2025",2025-03-31,instant,Fair value hierarchy | Liabilities | Level 1,Interest rate swaps,0,usd_millions,0,1,6,printed_dash_zero
business_100,4064733,15,https://web.quartr.com/companies/21558?companyId=21558&documentId=4064733&documentType=report&eventId=411100&navigation=external&utm_medium=referral&utm_source=mcp&rp=15,note_financial_instruments,"As at Mar 31, 2025",2025-03-31,instant,Fair value hierarchy | Liabilities | Level 2,Interest rate swaps,0.9,usd_millions,0,1,6,
business_100,4064733,15,https://web.quartr.com/companies/21558?companyId=21558&documentId=4064733&documentType=report&eventId=411100&navigation=external&utm_medium=referral&utm_source=mcp&rp=15,note_financial_instruments,"As at Mar 31, 2025",2025-03-31,instant,Fair value hierarchy | Liabilities | Level 3,Interest rate swaps,0,usd_millions,0,1,6,printed_dash_zero
business_100,4064733,15,https://web.quartr.com/companies/21558?companyId=21558&documentId=4064733&documentType=report&eventId=411100&navigation=external&utm_medium=referral&utm_source=mcp&rp=15,note_financial_instruments,"As at Mar 31, 2025",2025-03-31,instant,Fair value hierarchy | Liabilities | Total,Interest rate swaps,0.9,usd_millions,0,1,6,
business_100,4064733,15,https://web.quartr.com/companies/21558?companyId=21558&documentId=4064733&documentType=report&eventId=411100&navigation=external&utm_medium=referral&utm_source=mcp&rp=15,note_financial_instruments,"As at Mar 31, 2025",2025-03-31,instant,Fair value hierarchy | Liabilities | Level 1,Gas storage obligations,0,usd_millions,0,1,7,printed_dash_zero
business_100,4064733,15,https://web.quartr.com/companies/21558?companyId=21558&documentId=4064733&documentType=report&eventId=411100&navigation=external&utm_medium=referral&utm_source=mcp&rp=15,note_financial_instruments,"As at Mar 31, 2025",2025-03-31,instant,Fair value hierarchy | Liabilities | Level 2,Gas storage obligations,17.4,usd_millions,0,1,7,
business_100,4064733,15,https://web.quartr.com/companies/21558?companyId=21558&documentId=4064733&documentType=report&eventId=411100&navigation=external&utm_medium=referral&utm_source=mcp&rp=15,note_financial_instruments,"As at Mar 31, 2025",2025-03-31,instant,Fair value hierarchy | Liabilities | Level 3,Gas storage obligations,0,usd_millions,0,1,7,printed_dash_zero
business_100,4064733,15,https://web.quartr.com/companies/21558?companyId=21558&documentId=4064733&documentType=report&eventId=411100&navigation=external&utm_medium=referral&utm_source=mcp&rp=15,note_financial_instruments,"As at Mar 31, 2025",2025-03-31,instant,Fair value hierarchy | Liabilities | Total,Gas storage obligations,17.4,usd_millions,0,1,7,
business_100,4064733,15,https://web.quartr.com/companies/21558?companyId=21558&documentId=4064733&documentType=report&eventId=411100&navigation=external&utm_medium=referral&utm_source=mcp&rp=15,note_financial_instruments,"As at Mar 31, 2025",2025-03-31,instant,Fair value hierarchy | Liabilities | Level 1,Short-term debt,0,usd_millions,0,1,8,printed_dash_zero
business_100,4064733,15,https://web.quartr.com/companies/21558?companyId=21558&documentId=4064733&documentType=report&eventId=411100&navigation=external&utm_medium=referral&utm_source=mcp&rp=15,note_financial_instruments,"As at Mar 31, 2025",2025-03-31,instant,Fair value hierarchy | Liabilities | Level 2,Short-term debt,26.1,usd_millions,0,1,8,
business_100,4064733,15,https://web.quartr.com/companies/21558?companyId=21558&documentId=4064733&documentType=report&eventId=411100&navigation=external&utm_medium=referral&utm_source=mcp&rp=15,note_financial_instruments,"As at Mar 31, 2025",2025-03-31,instant,Fair value hierarchy | Liabilities | Level 3,Short-term debt,0,usd_millions,0,1,8,printed_dash_zero
business_100,4064733,15,https://web.quartr.com/companies/21558?companyId=21558&documentId=4064733&documentType=report&eventId=411100&navigation=external&utm_medium=referral&utm_source=mcp&rp=15,note_financial_instruments,"As at Mar 31, 2025",2025-03-31,instant,Fair value hierarchy | Liabilities | Total,Short-term debt,26.1,usd_millions,0,1,8,
business_100,4064733,15,https://web.quartr.com/companies/21558?companyId=21558&documentId=4064733&documentType=report&eventId=411100&navigation=external&utm_medium=referral&utm_source=mcp&rp=15,note_financial_instruments,"As at Mar 31, 2025",2025-03-31,instant,Fair value hierarchy | Liabilities | Level 1,Long-term debt,0,usd_millions,0,1,9,printed_dash_zero
business_100,4064733,15,https://web.quartr.com/companies/21558?companyId=21558&documentId=4064733&documentType=report&eventId=411100&navigation=external&utm_medium=referral&utm_source=mcp&rp=15,note_financial_instruments,"As at Mar 31, 2025",2025-03-31,instant,Fair value hierarchy | Liabilities | Level 2,Long-term debt,1229.7,usd_millions,0,1,9,
business_100,4064733,15,https://web.quartr.com/companies/21558?companyId=21558&documentId=4064733&documentType=report&eventId=411100&navigation=external&utm_medium=referral&utm_source=mcp&rp=15,note_financial_instruments,"As at Mar 31, 2025",2025-03-31,instant,Fair value hierarchy | Liabilities | Level 3,Long-term debt,0,usd_millions,0,1,9,printed_dash_zero
business_100,4064733,15,https://web.quartr.com/companies/21558?companyId=21558&documentId=4064733&documentType=report&eventId=411100&navigation=external&utm_medium=referral&utm_source=mcp&rp=15,note_financial_instruments,"As at Mar 31, 2025",2025-03-31,instant,Fair value hierarchy | Liabilities | Total,Long-term debt,1229.7,usd_millions,0,1,9,
business_100,4064733,15,https://web.quartr.com/companies/21558?companyId=21558&documentId=4064733&documentType=report&eventId=411100&navigation=external&utm_medium=referral&utm_source=mcp&rp=15,note_financial_instruments,"As at Mar 31, 2025",2025-03-31,instant,Fair value hierarchy | Liabilities | Level 1,Total liabilities,0,usd_millions,1,1,10,printed_dash_zero
business_100,4064733,15,https://web.quartr.com/companies/21558?companyId=21558&documentId=4064733&documentType=report&eventId=411100&navigation=external&utm_medium=referral&utm_source=mcp&rp=15,note_financial_instruments,"As at Mar 31, 2025",2025-03-31,instant,Fair value hierarchy | Liabilities | Level 2,Total liabilities,1292.8,usd_millions,1,1,10,
business_100,4064733,15,https://web.quartr.com/companies/21558?companyId=21558&documentId=4064733&documentType=report&eventId=411100&navigation=external&utm_medium=referral&utm_source=mcp&rp=15,note_financial_instruments,"As at Mar 31, 2025",2025-03-31,instant,Fair value hierarchy | Liabilities | Level 3,Total liabilities,0,usd_millions,1,1,10,printed_dash_zero
business_100,4064733,15,https://web.quartr.com/companies/21558?companyId=21558&documentId=4064733&documentType=report&eventId=411100&navigation=external&utm_medium=referral&utm_source=mcp&rp=15,note_financial_instruments,"As at Mar 31, 2025",2025-03-31,instant,Fair value hierarchy | Liabilities | Total,Total liabilities,1292.8,usd_millions,1,1,10,
business_100,4064733,15,https://web.quartr.com/companies/21558?companyId=21558&documentId=4064733&documentType=report&eventId=411100&navigation=external&utm_medium=referral&utm_source=mcp&rp=15,note_equity,"As at Jul 28, 2025",2025-07-28,instant,Share option continuity | Number of Options,"Outstanding at July 28, 2025",0,count,1,1,1,printed_dash_zero; opening balance of the share option continuity table
business_100,4064733,15,https://web.quartr.com/companies/21558?companyId=21558&documentId=4064733&documentType=report&eventId=411100&navigation=external&utm_medium=referral&utm_source=mcp&rp=15,note_equity,"As at Jul 28, 2025",2025-07-28,instant,Share option continuity | Weighted Average Exercise Price,"Outstanding at July 28, 2025",0,usd_per_share,1,1,1,printed_dash_zero; opening balance of the share option continuity table
business_100,4064733,15,https://web.quartr.com/companies/21558?companyId=21558&documentId=4064733&documentType=report&eventId=411100&navigation=external&utm_medium=referral&utm_source=mcp&rp=15,note_equity,"As at Jul 28, 2025",2025-07-28,instant,Share option continuity | Weighted Average Exercise Price C$,"Outstanding at July 28, 2025",0,cad_per_share,1,1,1,unit cad_per_share is not in SPEC section 5 enum; column is printed in Canadian dollars per share; printed_dash_zero; opening balance of the share option continuity table
business_100,4064733,15,https://web.quartr.com/companies/21558?companyId=21558&documentId=4064733&documentType=report&eventId=411100&navigation=external&utm_medium=referral&utm_source=mcp&rp=15,note_equity,Q3 FY2026,2025-12-31,Q,Share option continuity | Number of Options,"Granted - November 13, 2025",132844,count,0,0,2,
business_100,4064733,15,https://web.quartr.com/companies/21558?companyId=21558&documentId=4064733&documentType=report&eventId=411100&navigation=external&utm_medium=referral&utm_source=mcp&rp=15,note_equity,Q3 FY2026,2025-12-31,Q,Share option continuity | Weighted Average Exercise Price,"Granted - November 13, 2025",18.37,usd_per_share,0,0,2,
business_100,4064733,15,https://web.quartr.com/companies/21558?companyId=21558&documentId=4064733&documentType=report&eventId=411100&navigation=external&utm_medium=referral&utm_source=mcp&rp=15,note_equity,Q3 FY2026,2025-12-31,Q,Share option continuity | Weighted Average Exercise Price C$,"Granted - November 13, 2025",25.75,cad_per_share,0,0,2,unit cad_per_share is not in SPEC section 5 enum; column is printed in Canadian dollars per share
business_100,4064733,15,https://web.quartr.com/companies/21558?companyId=21558&documentId=4064733&documentType=report&eventId=411100&navigation=external&utm_medium=referral&utm_source=mcp&rp=15,note_equity,"As at Dec 31, 2025",2025-12-31,instant,Share option continuity | Number of Options,"Outstanding at December 31, 2025",132844,count,1,0,3,
business_100,4064733,15,https://web.quartr.com/companies/21558?companyId=21558&documentId=4064733&documentType=report&eventId=411100&navigation=external&utm_medium=referral&utm_source=mcp&rp=15,note_equity,"As at Dec 31, 2025",2025-12-31,instant,Share option continuity | Weighted Average Exercise Price,"Outstanding at December 31, 2025",18.37,usd_per_share,1,0,3,
business_100,4064733,15,https://web.quartr.com/companies/21558?companyId=21558&documentId=4064733&documentType=report&eventId=411100&navigation=external&utm_medium=referral&utm_source=mcp&rp=15,note_equity,"As at Dec 31, 2025",2025-12-31,instant,Share option continuity | Weighted Average Exercise Price C$,"Outstanding at December 31, 2025",25.75,cad_per_share,1,0,3,unit cad_per_share is not in SPEC section 5 enum; column is printed in Canadian dollars per share
business_100,4064733,16,https://web.quartr.com/companies/21558?companyId=21558&documentId=4064733&documentType=report&eventId=411100&navigation=external&utm_medium=referral&utm_source=mcp&rp=16,note_equity,"As at Dec 31, 2025",2025-12-31,instant,"Options outstanding and exercisable at December 31, 2025 | Number of Options Outstanding",$18.37 (C$25.75),132844,count,0,0,1,
business_100,4064733,16,https://web.quartr.com/companies/21558?companyId=21558&documentId=4064733&documentType=report&eventId=411100&navigation=external&utm_medium=referral&utm_source=mcp&rp=16,note_equity,"As at Dec 31, 2025",2025-12-31,instant,"Options outstanding and exercisable at December 31, 2025 | Exercisable Options",$18.37 (C$25.75),0,count,0,0,1,printed_dash_zero
business_100,4064733,16,https://web.quartr.com/companies/21558?companyId=21558&documentId=4064733&documentType=report&eventId=411100&navigation=external&utm_medium=referral&utm_source=mcp&rp=16,note_equity,"As at Dec 31, 2025",2025-12-31,instant,"Options outstanding and exercisable at December 31, 2025 | Weighted Average Remaining Life (years)",$18.37 (C$25.75),9.9,count,0,0,1,
business_100,4064733,16,https://web.quartr.com/companies/21558?companyId=21558&documentId=4064733&documentType=report&eventId=411100&navigation=external&utm_medium=referral&utm_source=mcp&rp=16,note_related_party,"As at Dec 31, 2025",2025-12-31,instant,,Due from affiliates (trade and accrued receivables),1.1,usd_millions,0,0,1,
business_100,4064733,16,https://web.quartr.com/companies/21558?companyId=21558&documentId=4064733&documentType=report&eventId=411100&navigation=external&utm_medium=referral&utm_source=mcp&rp=16,note_related_party,"As at Mar 31, 2025",2025-03-31,instant,,Due from affiliates (trade and accrued receivables),0,usd_millions,0,1,1,printed_dash_zero
business_100,4064733,16,https://web.quartr.com/companies/21558?companyId=21558&documentId=4064733&documentType=report&eventId=411100&navigation=external&utm_medium=referral&utm_source=mcp&rp=16,note_related_party,"As at Dec 31, 2025",2025-12-31,instant,,Included in due from affiliates,106.3,usd_millions,0,0,2,
business_100,4064733,16,https://web.quartr.com/companies/21558?companyId=21558&documentId=4064733&documentType=report&eventId=411100&navigation=external&utm_medium=referral&utm_source=mcp&rp=16,note_related_party,"As at Mar 31, 2025",2025-03-31,instant,,Included in due from affiliates,83.0,usd_millions,0,1,2,
business_100,4064733,16,https://web.quartr.com/companies/21558?companyId=21558&documentId=4064733&documentType=report&eventId=411100&navigation=external&utm_medium=referral&utm_source=mcp&rp=16,note_related_party,"As at Dec 31, 2025",2025-12-31,instant,,Total amounts due from related parties,107.4,usd_millions,1,0,3,
business_100,4064733,16,https://web.quartr.com/companies/21558?companyId=21558&documentId=4064733&documentType=report&eventId=411100&navigation=external&utm_medium=referral&utm_source=mcp&rp=16,note_related_party,"As at Mar 31, 2025",2025-03-31,instant,,Total amounts due from related parties,83.0,usd_millions,1,1,3,
business_100,4064733,16,https://web.quartr.com/companies/21558?companyId=21558&documentId=4064733&documentType=report&eventId=411100&navigation=external&utm_medium=referral&utm_source=mcp&rp=16,note_related_party,"As at Dec 31, 2025",2025-12-31,instant,,Accrued electricity costs (trade payables and accrued liabilities),0.3,usd_millions,0,0,4,
business_100,4064733,16,https://web.quartr.com/companies/21558?companyId=21558&documentId=4064733&documentType=report&eventId=411100&navigation=external&utm_medium=referral&utm_source=mcp&rp=16,note_related_party,"As at Mar 31, 2025",2025-03-31,instant,,Accrued electricity costs (trade payables and accrued liabilities),0.3,usd_millions,0,1,4,
business_100,4064733,16,https://web.quartr.com/companies/21558?companyId=21558&documentId=4064733&documentType=report&eventId=411100&navigation=external&utm_medium=referral&utm_source=mcp&rp=16,note_related_party,Q3 FY2026,2025-12-31,Q,,Interest on affiliated debt (financing costs),0,usd_millions,0,0,5,printed_dash_zero
business_100,4064733,16,https://web.quartr.com/companies/21558?companyId=21558&documentId=4064733&documentType=report&eventId=411100&navigation=external&utm_medium=referral&utm_source=mcp&rp=16,note_related_party,Q3 FY2025,2024-12-31,Q,,Interest on affiliated debt (financing costs),0,usd_millions,0,1,5,printed_dash_zero
business_100,4064733,16,https://web.quartr.com/companies/21558?companyId=21558&documentId=4064733&documentType=report&eventId=411100&navigation=external&utm_medium=referral&utm_source=mcp&rp=16,note_related_party,9M FY2026,2025-12-31,YTD,,Interest on affiliated debt (financing costs),0,usd_millions,0,0,5,printed_dash_zero
business_100,4064733,16,https://web.quartr.com/companies/21558?companyId=21558&documentId=4064733&documentType=report&eventId=411100&navigation=external&utm_medium=referral&utm_source=mcp&rp=16,note_related_party,9M FY2025,2024-12-31,YTD,,Interest on affiliated debt (financing costs),8.6,usd_millions,0,1,5,
business_100,4064733,16,https://web.quartr.com/companies/21558?companyId=21558&documentId=4064733&documentType=report&eventId=411100&navigation=external&utm_medium=referral&utm_source=mcp&rp=16,note_related_party,Q3 FY2026,2025-12-31,Q,,Electricity (operating),0.5,usd_millions,0,0,6,
business_100,4064733,16,https://web.quartr.com/companies/21558?companyId=21558&documentId=4064733&documentType=report&eventId=411100&navigation=external&utm_medium=referral&utm_source=mcp&rp=16,note_related_party,Q3 FY2025,2024-12-31,Q,,Electricity (operating),0.6,usd_millions,0,1,6,
business_100,4064733,16,https://web.quartr.com/companies/21558?companyId=21558&documentId=4064733&documentType=report&eventId=411100&navigation=external&utm_medium=referral&utm_source=mcp&rp=16,note_related_party,9M FY2026,2025-12-31,YTD,,Electricity (operating),1.5,usd_millions,0,0,6,
business_100,4064733,16,https://web.quartr.com/companies/21558?companyId=21558&documentId=4064733&documentType=report&eventId=411100&navigation=external&utm_medium=referral&utm_source=mcp&rp=16,note_related_party,9M FY2025,2024-12-31,YTD,,Electricity (operating),1.7,usd_millions,0,1,6,
business_100,4064733,16,https://web.quartr.com/companies/21558?companyId=21558&documentId=4064733&documentType=report&eventId=411100&navigation=external&utm_medium=referral&utm_source=mcp&rp=16,note_related_party,Q3 FY2026,2025-12-31,Q,,(unlabelled subtotal),0.5,usd_millions,1,0,7,unlabelled total row - no caption printed
business_100,4064733,16,https://web.quartr.com/companies/21558?companyId=21558&documentId=4064733&documentType=report&eventId=411100&navigation=external&utm_medium=referral&utm_source=mcp&rp=16,note_related_party,Q3 FY2025,2024-12-31,Q,,(unlabelled subtotal),0.6,usd_millions,1,1,7,unlabelled total row - no caption printed
business_100,4064733,16,https://web.quartr.com/companies/21558?companyId=21558&documentId=4064733&documentType=report&eventId=411100&navigation=external&utm_medium=referral&utm_source=mcp&rp=16,note_related_party,9M FY2026,2025-12-31,YTD,,(unlabelled subtotal),1.5,usd_millions,1,0,7,unlabelled total row - no caption printed
business_100,4064733,16,https://web.quartr.com/companies/21558?companyId=21558&documentId=4064733&documentType=report&eventId=411100&navigation=external&utm_medium=referral&utm_source=mcp&rp=16,note_related_party,9M FY2025,2024-12-31,YTD,,(unlabelled subtotal),10.3,usd_millions,1,1,7,unlabelled total row - no caption printed
business_100,4064733,17,https://web.quartr.com/companies/21558?companyId=21558&documentId=4064733&documentType=report&eventId=411100&navigation=external&utm_medium=referral&utm_source=mcp&rp=17,note_commitments,"As at Dec 31, 2025",2025-12-31,instant,For the fiscal year ending: | (column 1 - header not recovered by extractor; purchase obligations),2026,-67.1,usd_millions,0,0,1,column 1 caption lost in PDF extraction; printed values are negative and col1+col2=col3
business_100,4064733,17,https://web.quartr.com/companies/21558?companyId=21558&documentId=4064733&documentType=report&eventId=411100&navigation=external&utm_medium=referral&utm_source=mcp&rp=17,note_commitments,"As at Dec 31, 2025",2025-12-31,instant,For the fiscal year ending: | Unconditional sales obligations,2026,87.4,usd_millions,0,0,1,
business_100,4064733,17,https://web.quartr.com/companies/21558?companyId=21558&documentId=4064733&documentType=report&eventId=411100&navigation=external&utm_medium=referral&utm_source=mcp&rp=17,note_commitments,"As at Dec 31, 2025",2025-12-31,instant,For the fiscal year ending: | Net,2026,20.3,usd_millions,0,0,1,
business_100,4064733,17,https://web.quartr.com/companies/21558?companyId=21558&documentId=4064733&documentType=report&eventId=411100&navigation=external&utm_medium=referral&utm_source=mcp&rp=17,note_commitments,"As at Dec 31, 2025",2025-12-31,instant,For the fiscal year ending: | (column 1 - header not recovered by extractor; purchase obligations),2027,-67.8,usd_millions,0,0,2,column 1 caption lost in PDF extraction; printed values are negative and col1+col2=col3
business_100,4064733,17,https://web.quartr.com/companies/21558?companyId=21558&documentId=4064733&documentType=report&eventId=411100&navigation=external&utm_medium=referral&utm_source=mcp&rp=17,note_commitments,"As at Dec 31, 2025",2025-12-31,instant,For the fiscal year ending: | Unconditional sales obligations,2027,72.5,usd_millions,0,0,2,
business_100,4064733,17,https://web.quartr.com/companies/21558?companyId=21558&documentId=4064733&documentType=report&eventId=411100&navigation=external&utm_medium=referral&utm_source=mcp&rp=17,note_commitments,"As at Dec 31, 2025",2025-12-31,instant,For the fiscal year ending: | Net,2027,4.7,usd_millions,0,0,2,
business_100,4064733,17,https://web.quartr.com/companies/21558?companyId=21558&documentId=4064733&documentType=report&eventId=411100&navigation=external&utm_medium=referral&utm_source=mcp&rp=17,note_commitments,"As at Dec 31, 2025",2025-12-31,instant,For the fiscal year ending: | (column 1 - header not recovered by extractor; purchase obligations),2028,-18.6,usd_millions,0,0,3,column 1 caption lost in PDF extraction; printed values are negative and col1+col2=col3
business_100,4064733,17,https://web.quartr.com/companies/21558?companyId=21558&documentId=4064733&documentType=report&eventId=411100&navigation=external&utm_medium=referral&utm_source=mcp&rp=17,note_commitments,"As at Dec 31, 2025",2025-12-31,instant,For the fiscal year ending: | Unconditional sales obligations,2028,29.0,usd_millions,0,0,3,
business_100,4064733,17,https://web.quartr.com/companies/21558?companyId=21558&documentId=4064733&documentType=report&eventId=411100&navigation=external&utm_medium=referral&utm_source=mcp&rp=17,note_commitments,"As at Dec 31, 2025",2025-12-31,instant,For the fiscal year ending: | Net,2028,10.4,usd_millions,0,0,3,
business_100,4064733,17,https://web.quartr.com/companies/21558?companyId=21558&documentId=4064733&documentType=report&eventId=411100&navigation=external&utm_medium=referral&utm_source=mcp&rp=17,note_commitments,"As at Dec 31, 2025",2025-12-31,instant,For the fiscal year ending: | (column 1 - header not recovered by extractor; purchase obligations),2029,-6.1,usd_millions,0,0,4,column 1 caption lost in PDF extraction; printed values are negative and col1+col2=col3
business_100,4064733,17,https://web.quartr.com/companies/21558?companyId=21558&documentId=4064733&documentType=report&eventId=411100&navigation=external&utm_medium=referral&utm_source=mcp&rp=17,note_commitments,"As at Dec 31, 2025",2025-12-31,instant,For the fiscal year ending: | Unconditional sales obligations,2029,15.1,usd_millions,0,0,4,
business_100,4064733,17,https://web.quartr.com/companies/21558?companyId=21558&documentId=4064733&documentType=report&eventId=411100&navigation=external&utm_medium=referral&utm_source=mcp&rp=17,note_commitments,"As at Dec 31, 2025",2025-12-31,instant,For the fiscal year ending: | Net,2029,9.0,usd_millions,0,0,4,
business_100,4064733,17,https://web.quartr.com/companies/21558?companyId=21558&documentId=4064733&documentType=report&eventId=411100&navigation=external&utm_medium=referral&utm_source=mcp&rp=17,note_commitments,"As at Dec 31, 2025",2025-12-31,instant,For the fiscal year ending: | (column 1 - header not recovered by extractor; purchase obligations),2030,0,usd_millions,0,0,5,column 1 caption lost in PDF extraction; printed values are negative and col1+col2=col3; printed_dash_zero
business_100,4064733,17,https://web.quartr.com/companies/21558?companyId=21558&documentId=4064733&documentType=report&eventId=411100&navigation=external&utm_medium=referral&utm_source=mcp&rp=17,note_commitments,"As at Dec 31, 2025",2025-12-31,instant,For the fiscal year ending: | Unconditional sales obligations,2030,7.7,usd_millions,0,0,5,
business_100,4064733,17,https://web.quartr.com/companies/21558?companyId=21558&documentId=4064733&documentType=report&eventId=411100&navigation=external&utm_medium=referral&utm_source=mcp&rp=17,note_commitments,"As at Dec 31, 2025",2025-12-31,instant,For the fiscal year ending: | Net,2030,7.7,usd_millions,0,0,5,
business_100,4064733,17,https://web.quartr.com/companies/21558?companyId=21558&documentId=4064733&documentType=report&eventId=411100&navigation=external&utm_medium=referral&utm_source=mcp&rp=17,note_commitments,"As at Dec 31, 2025",2025-12-31,instant,For the fiscal year ending: | (column 1 - header not recovered by extractor; purchase obligations),2031 and thereafter,0,usd_millions,0,0,6,column 1 caption lost in PDF extraction; printed values are negative and col1+col2=col3; printed_dash_zero
business_100,4064733,17,https://web.quartr.com/companies/21558?companyId=21558&documentId=4064733&documentType=report&eventId=411100&navigation=external&utm_medium=referral&utm_source=mcp&rp=17,note_commitments,"As at Dec 31, 2025",2025-12-31,instant,For the fiscal year ending: | Unconditional sales obligations,2031 and thereafter,2.3,usd_millions,0,0,6,
business_100,4064733,17,https://web.quartr.com/companies/21558?companyId=21558&documentId=4064733&documentType=report&eventId=411100&navigation=external&utm_medium=referral&utm_source=mcp&rp=17,note_commitments,"As at Dec 31, 2025",2025-12-31,instant,For the fiscal year ending: | Net,2031 and thereafter,2.3,usd_millions,0,0,6,
business_100,4064733,17,https://web.quartr.com/companies/21558?companyId=21558&documentId=4064733&documentType=report&eventId=411100&navigation=external&utm_medium=referral&utm_source=mcp&rp=17,note_commitments,"As at Dec 31, 2025",2025-12-31,instant,For the fiscal year ending: | (column 1 - header not recovered by extractor; purchase obligations),Total,-159.6,usd_millions,1,0,7,column 1 caption lost in PDF extraction; printed values are negative and col1+col2=col3
business_100,4064733,17,https://web.quartr.com/companies/21558?companyId=21558&documentId=4064733&documentType=report&eventId=411100&navigation=external&utm_medium=referral&utm_source=mcp&rp=17,note_commitments,"As at Dec 31, 2025",2025-12-31,instant,For the fiscal year ending: | Unconditional sales obligations,Total,214.0,usd_millions,1,0,7,
business_100,4064733,17,https://web.quartr.com/companies/21558?companyId=21558&documentId=4064733&documentType=report&eventId=411100&navigation=external&utm_medium=referral&utm_source=mcp&rp=17,note_commitments,"As at Dec 31, 2025",2025-12-31,instant,For the fiscal year ending: | Net,Total,54.4,usd_millions,1,0,7,
business_100,4064733,18,https://web.quartr.com/companies/21558?companyId=21558&documentId=4064733&documentType=report&eventId=411100&navigation=external&utm_medium=referral&utm_source=mcp&rp=18,note_other,Q3 FY2026,2025-12-31,Q,Changes in non-cash working capital include:,Margin deposits,10.8,usd_millions,0,0,1,
business_100,4064733,18,https://web.quartr.com/companies/21558?companyId=21558&documentId=4064733&documentType=report&eventId=411100&navigation=external&utm_medium=referral&utm_source=mcp&rp=18,note_other,Q3 FY2025,2024-12-31,Q,Changes in non-cash working capital include:,Margin deposits,-3.9,usd_millions,0,1,1,
business_100,4064733,18,https://web.quartr.com/companies/21558?companyId=21558&documentId=4064733&documentType=report&eventId=411100&navigation=external&utm_medium=referral&utm_source=mcp&rp=18,note_other,9M FY2026,2025-12-31,YTD,Changes in non-cash working capital include:,Margin deposits,3.2,usd_millions,0,0,1,
business_100,4064733,18,https://web.quartr.com/companies/21558?companyId=21558&documentId=4064733&documentType=report&eventId=411100&navigation=external&utm_medium=referral&utm_source=mcp&rp=18,note_other,9M FY2025,2024-12-31,YTD,Changes in non-cash working capital include:,Margin deposits,18.5,usd_millions,0,1,1,
business_100,4064733,18,https://web.quartr.com/companies/21558?companyId=21558&documentId=4064733&documentType=report&eventId=411100&navigation=external&utm_medium=referral&utm_source=mcp&rp=18,note_other,Q3 FY2026,2025-12-31,Q,Changes in non-cash working capital include:,Trade receivables,-0.9,usd_millions,0,0,2,
business_100,4064733,18,https://web.quartr.com/companies/21558?companyId=21558&documentId=4064733&documentType=report&eventId=411100&navigation=external&utm_medium=referral&utm_source=mcp&rp=18,note_other,Q3 FY2025,2024-12-31,Q,Changes in non-cash working capital include:,Trade receivables,-1.9,usd_millions,0,1,2,
business_100,4064733,18,https://web.quartr.com/companies/21558?companyId=21558&documentId=4064733&documentType=report&eventId=411100&navigation=external&utm_medium=referral&utm_source=mcp&rp=18,note_other,9M FY2026,2025-12-31,YTD,Changes in non-cash working capital include:,Trade receivables,2.4,usd_millions,0,0,2,
business_100,4064733,18,https://web.quartr.com/companies/21558?companyId=21558&documentId=4064733&documentType=report&eventId=411100&navigation=external&utm_medium=referral&utm_source=mcp&rp=18,note_other,9M FY2025,2024-12-31,YTD,Changes in non-cash working capital include:,Trade receivables,1.7,usd_millions,0,1,2,
business_100,4064733,18,https://web.quartr.com/companies/21558?companyId=21558&documentId=4064733&documentType=report&eventId=411100&navigation=external&utm_medium=referral&utm_source=mcp&rp=18,note_other,Q3 FY2026,2025-12-31,Q,Changes in non-cash working capital include:,Accrued receivables,-21.7,usd_millions,0,0,3,
business_100,4064733,18,https://web.quartr.com/companies/21558?companyId=21558&documentId=4064733&documentType=report&eventId=411100&navigation=external&utm_medium=referral&utm_source=mcp&rp=18,note_other,Q3 FY2025,2024-12-31,Q,Changes in non-cash working capital include:,Accrued receivables,-14.1,usd_millions,0,1,3,
business_100,4064733,18,https://web.quartr.com/companies/21558?companyId=21558&documentId=4064733&documentType=report&eventId=411100&navigation=external&utm_medium=referral&utm_source=mcp&rp=18,note_other,9M FY2026,2025-12-31,YTD,Changes in non-cash working capital include:,Accrued receivables,2.0,usd_millions,0,0,3,
business_100,4064733,18,https://web.quartr.com/companies/21558?companyId=21558&documentId=4064733&documentType=report&eventId=411100&navigation=external&utm_medium=referral&utm_source=mcp&rp=18,note_other,9M FY2025,2024-12-31,YTD,Changes in non-cash working capital include:,Accrued receivables,4.3,usd_millions,0,1,3,
business_100,4064733,18,https://web.quartr.com/companies/21558?companyId=21558&documentId=4064733&documentType=report&eventId=411100&navigation=external&utm_medium=referral&utm_source=mcp&rp=18,note_other,Q3 FY2026,2025-12-31,Q,Changes in non-cash working capital include:,Natural gas inventory,-6.3,usd_millions,0,0,4,
business_100,4064733,18,https://web.quartr.com/companies/21558?companyId=21558&documentId=4064733&documentType=report&eventId=411100&navigation=external&utm_medium=referral&utm_source=mcp&rp=18,note_other,Q3 FY2025,2024-12-31,Q,Changes in non-cash working capital include:,Natural gas inventory,-5.4,usd_millions,0,1,4,
business_100,4064733,18,https://web.quartr.com/companies/21558?companyId=21558&documentId=4064733&documentType=report&eventId=411100&navigation=external&utm_medium=referral&utm_source=mcp&rp=18,note_other,9M FY2026,2025-12-31,YTD,Changes in non-cash working capital include:,Natural gas inventory,-28.0,usd_millions,0,0,4,
business_100,4064733,18,https://web.quartr.com/companies/21558?companyId=21558&documentId=4064733&documentType=report&eventId=411100&navigation=external&utm_medium=referral&utm_source=mcp&rp=18,note_other,9M FY2025,2024-12-31,YTD,Changes in non-cash working capital include:,Natural gas inventory,41.1,usd_millions,0,1,4,
business_100,4064733,18,https://web.quartr.com/companies/21558?companyId=21558&documentId=4064733&documentType=report&eventId=411100&navigation=external&utm_medium=referral&utm_source=mcp&rp=18,note_other,Q3 FY2026,2025-12-31,Q,Changes in non-cash working capital include:,Prepaid expenses and other current assets,0.6,usd_millions,0,0,5,
business_100,4064733,18,https://web.quartr.com/companies/21558?companyId=21558&documentId=4064733&documentType=report&eventId=411100&navigation=external&utm_medium=referral&utm_source=mcp&rp=18,note_other,Q3 FY2025,2024-12-31,Q,Changes in non-cash working capital include:,Prepaid expenses and other current assets,3.1,usd_millions,0,1,5,
business_100,4064733,18,https://web.quartr.com/companies/21558?companyId=21558&documentId=4064733&documentType=report&eventId=411100&navigation=external&utm_medium=referral&utm_source=mcp&rp=18,note_other,9M FY2026,2025-12-31,YTD,Changes in non-cash working capital include:,Prepaid expenses and other current assets,-3.2,usd_millions,0,0,5,
business_100,4064733,18,https://web.quartr.com/companies/21558?companyId=21558&documentId=4064733&documentType=report&eventId=411100&navigation=external&utm_medium=referral&utm_source=mcp&rp=18,note_other,9M FY2025,2024-12-31,YTD,Changes in non-cash working capital include:,Prepaid expenses and other current assets,0.6,usd_millions,0,1,5,
business_100,4064733,18,https://web.quartr.com/companies/21558?companyId=21558&documentId=4064733&documentType=report&eventId=411100&navigation=external&utm_medium=referral&utm_source=mcp&rp=18,note_other,Q3 FY2026,2025-12-31,Q,Changes in non-cash working capital include:,Other assets,-0.3,usd_millions,0,0,6,
business_100,4064733,18,https://web.quartr.com/companies/21558?companyId=21558&documentId=4064733&documentType=report&eventId=411100&navigation=external&utm_medium=referral&utm_source=mcp&rp=18,note_other,Q3 FY2025,2024-12-31,Q,Changes in non-cash working capital include:,Other assets,-1.0,usd_millions,0,1,6,
business_100,4064733,18,https://web.quartr.com/companies/21558?companyId=21558&documentId=4064733&documentType=report&eventId=411100&navigation=external&utm_medium=referral&utm_source=mcp&rp=18,note_other,9M FY2026,2025-12-31,YTD,Changes in non-cash working capital include:,Other assets,-0.5,usd_millions,0,0,6,
business_100,4064733,18,https://web.quartr.com/companies/21558?companyId=21558&documentId=4064733&documentType=report&eventId=411100&navigation=external&utm_medium=referral&utm_source=mcp&rp=18,note_other,9M FY2025,2024-12-31,YTD,Changes in non-cash working capital include:,Other assets,-1.7,usd_millions,0,1,6,
business_100,4064733,18,https://web.quartr.com/companies/21558?companyId=21558&documentId=4064733&documentType=report&eventId=411100&navigation=external&utm_medium=referral&utm_source=mcp&rp=18,note_other,Q3 FY2026,2025-12-31,Q,Changes in non-cash working capital include:,Trade payables,0.3,usd_millions,0,0,7,
business_100,4064733,18,https://web.quartr.com/companies/21558?companyId=21558&documentId=4064733&documentType=report&eventId=411100&navigation=external&utm_medium=referral&utm_source=mcp&rp=18,note_other,Q3 FY2025,2024-12-31,Q,Changes in non-cash working capital include:,Trade payables,-0.3,usd_millions,0,1,7,
business_100,4064733,18,https://web.quartr.com/companies/21558?companyId=21558&documentId=4064733&documentType=report&eventId=411100&navigation=external&utm_medium=referral&utm_source=mcp&rp=18,note_other,9M FY2026,2025-12-31,YTD,Changes in non-cash working capital include:,Trade payables,-1.7,usd_millions,0,0,7,
business_100,4064733,18,https://web.quartr.com/companies/21558?companyId=21558&documentId=4064733&documentType=report&eventId=411100&navigation=external&utm_medium=referral&utm_source=mcp&rp=18,note_other,9M FY2025,2024-12-31,YTD,Changes in non-cash working capital include:,Trade payables,0.1,usd_millions,0,1,7,
business_100,4064733,18,https://web.quartr.com/companies/21558?companyId=21558&documentId=4064733&documentType=report&eventId=411100&navigation=external&utm_medium=referral&utm_source=mcp&rp=18,note_other,Q3 FY2026,2025-12-31,Q,Changes in non-cash working capital include:,Accrued liabilities,11.5,usd_millions,0,0,8,
business_100,4064733,18,https://web.quartr.com/companies/21558?companyId=21558&documentId=4064733&documentType=report&eventId=411100&navigation=external&utm_medium=referral&utm_source=mcp&rp=18,note_other,Q3 FY2025,2024-12-31,Q,Changes in non-cash working capital include:,Accrued liabilities,35.0,usd_millions,0,1,8,
business_100,4064733,18,https://web.quartr.com/companies/21558?companyId=21558&documentId=4064733&documentType=report&eventId=411100&navigation=external&utm_medium=referral&utm_source=mcp&rp=18,note_other,9M FY2026,2025-12-31,YTD,Changes in non-cash working capital include:,Accrued liabilities,1.6,usd_millions,0,0,8,
business_100,4064733,18,https://web.quartr.com/companies/21558?companyId=21558&documentId=4064733&documentType=report&eventId=411100&navigation=external&utm_medium=referral&utm_source=mcp&rp=18,note_other,9M FY2025,2024-12-31,YTD,Changes in non-cash working capital include:,Accrued liabilities,18.0,usd_millions,0,1,8,
business_100,4064733,18,https://web.quartr.com/companies/21558?companyId=21558&documentId=4064733&documentType=report&eventId=411100&navigation=external&utm_medium=referral&utm_source=mcp&rp=18,note_other,Q3 FY2026,2025-12-31,Q,Changes in non-cash working capital include:,Accrued lease interest,-1.8,usd_millions,0,0,9,
business_100,4064733,18,https://web.quartr.com/companies/21558?companyId=21558&documentId=4064733&documentType=report&eventId=411100&navigation=external&utm_medium=referral&utm_source=mcp&rp=18,note_other,Q3 FY2025,2024-12-31,Q,Changes in non-cash working capital include:,Accrued lease interest,-2.4,usd_millions,0,1,9,
business_100,4064733,18,https://web.quartr.com/companies/21558?companyId=21558&documentId=4064733&documentType=report&eventId=411100&navigation=external&utm_medium=referral&utm_source=mcp&rp=18,note_other,9M FY2026,2025-12-31,YTD,Changes in non-cash working capital include:,Accrued lease interest,0.6,usd_millions,0,0,9,
business_100,4064733,18,https://web.quartr.com/companies/21558?companyId=21558&documentId=4064733&documentType=report&eventId=411100&navigation=external&utm_medium=referral&utm_source=mcp&rp=18,note_other,9M FY2025,2024-12-31,YTD,Changes in non-cash working capital include:,Accrued lease interest,2.4,usd_millions,0,1,9,
business_100,4064733,18,https://web.quartr.com/companies/21558?companyId=21558&documentId=4064733&documentType=report&eventId=411100&navigation=external&utm_medium=referral&utm_source=mcp&rp=18,note_other,Q3 FY2026,2025-12-31,Q,Changes in non-cash working capital include:,Deferred revenue,-0.2,usd_millions,0,0,10,
business_100,4064733,18,https://web.quartr.com/companies/21558?companyId=21558&documentId=4064733&documentType=report&eventId=411100&navigation=external&utm_medium=referral&utm_source=mcp&rp=18,note_other,Q3 FY2025,2024-12-31,Q,Changes in non-cash working capital include:,Deferred revenue,0.6,usd_millions,0,1,10,
business_100,4064733,18,https://web.quartr.com/companies/21558?companyId=21558&documentId=4064733&documentType=report&eventId=411100&navigation=external&utm_medium=referral&utm_source=mcp&rp=18,note_other,9M FY2026,2025-12-31,YTD,Changes in non-cash working capital include:,Deferred revenue,-0.8,usd_millions,0,0,10,
business_100,4064733,18,https://web.quartr.com/companies/21558?companyId=21558&documentId=4064733&documentType=report&eventId=411100&navigation=external&utm_medium=referral&utm_source=mcp&rp=18,note_other,9M FY2025,2024-12-31,YTD,Changes in non-cash working capital include:,Deferred revenue,-0.6,usd_millions,0,1,10,
business_100,4064733,18,https://web.quartr.com/companies/21558?companyId=21558&documentId=4064733&documentType=report&eventId=411100&navigation=external&utm_medium=referral&utm_source=mcp&rp=18,note_other,Q3 FY2026,2025-12-31,Q,Changes in non-cash working capital include:,Other long-term liabilities,1.1,usd_millions,0,0,11,
business_100,4064733,18,https://web.quartr.com/companies/21558?companyId=21558&documentId=4064733&documentType=report&eventId=411100&navigation=external&utm_medium=referral&utm_source=mcp&rp=18,note_other,Q3 FY2025,2024-12-31,Q,Changes in non-cash working capital include:,Other long-term liabilities,-0.2,usd_millions,0,1,11,
business_100,4064733,18,https://web.quartr.com/companies/21558?companyId=21558&documentId=4064733&documentType=report&eventId=411100&navigation=external&utm_medium=referral&utm_source=mcp&rp=18,note_other,9M FY2026,2025-12-31,YTD,Changes in non-cash working capital include:,Other long-term liabilities,1.6,usd_millions,0,0,11,
business_100,4064733,18,https://web.quartr.com/companies/21558?companyId=21558&documentId=4064733&documentType=report&eventId=411100&navigation=external&utm_medium=referral&utm_source=mcp&rp=18,note_other,9M FY2025,2024-12-31,YTD,Changes in non-cash working capital include:,Other long-term liabilities,-0.7,usd_millions,0,1,11,
business_100,4064733,18,https://web.quartr.com/companies/21558?companyId=21558&documentId=4064733&documentType=report&eventId=411100&navigation=external&utm_medium=referral&utm_source=mcp&rp=18,note_other,Q3 FY2026,2025-12-31,Q,Changes in non-cash working capital include:,Net changes in non-cash working capital,-6.9,usd_millions,1,0,12,
business_100,4064733,18,https://web.quartr.com/companies/21558?companyId=21558&documentId=4064733&documentType=report&eventId=411100&navigation=external&utm_medium=referral&utm_source=mcp&rp=18,note_other,Q3 FY2025,2024-12-31,Q,Changes in non-cash working capital include:,Net changes in non-cash working capital,9.5,usd_millions,1,1,12,
business_100,4064733,18,https://web.quartr.com/companies/21558?companyId=21558&documentId=4064733&documentType=report&eventId=411100&navigation=external&utm_medium=referral&utm_source=mcp&rp=18,note_other,9M FY2026,2025-12-31,YTD,Changes in non-cash working capital include:,Net changes in non-cash working capital,-22.8,usd_millions,1,0,12,
business_100,4064733,18,https://web.quartr.com/companies/21558?companyId=21558&documentId=4064733&documentType=report&eventId=411100&navigation=external&utm_medium=referral&utm_source=mcp&rp=18,note_other,9M FY2025,2024-12-31,YTD,Changes in non-cash working capital include:,Net changes in non-cash working capital,83.7,usd_millions,1,1,12,
business_100,4064733,18,https://web.quartr.com/companies/21558?companyId=21558&documentId=4064733&documentType=report&eventId=411100&navigation=external&utm_medium=referral&utm_source=mcp&rp=18,note_other,Q3 FY2026,2025-12-31,Q,Other supplemental cash flow information,Interest paid in cash,24.1,usd_millions,0,0,13,
business_100,4064733,18,https://web.quartr.com/companies/21558?companyId=21558&documentId=4064733&documentType=report&eventId=411100&navigation=external&utm_medium=referral&utm_source=mcp&rp=18,note_other,Q3 FY2025,2024-12-31,Q,Other supplemental cash flow information,Interest paid in cash,22.7,usd_millions,0,1,13,
business_100,4064733,18,https://web.quartr.com/companies/21558?companyId=21558&documentId=4064733&documentType=report&eventId=411100&navigation=external&utm_medium=referral&utm_source=mcp&rp=18,note_other,9M FY2026,2025-12-31,YTD,Other supplemental cash flow information,Interest paid in cash,69.3,usd_millions,0,0,13,
business_100,4064733,18,https://web.quartr.com/companies/21558?companyId=21558&documentId=4064733&documentType=report&eventId=411100&navigation=external&utm_medium=referral&utm_source=mcp&rp=18,note_other,9M FY2025,2024-12-31,YTD,Other supplemental cash flow information,Interest paid in cash,54.7,usd_millions,0,1,13,
business_100,4064733,18,https://web.quartr.com/companies/21558?companyId=21558&documentId=4064733&documentType=report&eventId=411100&navigation=external&utm_medium=referral&utm_source=mcp&rp=18,note_other,Q3 FY2026,2025-12-31,Q,Other supplemental cash flow information,Interest paid in-kind,0,usd_millions,0,0,14,printed_dash_zero
business_100,4064733,18,https://web.quartr.com/companies/21558?companyId=21558&documentId=4064733&documentType=report&eventId=411100&navigation=external&utm_medium=referral&utm_source=mcp&rp=18,note_other,Q3 FY2025,2024-12-31,Q,Other supplemental cash flow information,Interest paid in-kind,0,usd_millions,0,1,14,printed_dash_zero
business_100,4064733,18,https://web.quartr.com/companies/21558?companyId=21558&documentId=4064733&documentType=report&eventId=411100&navigation=external&utm_medium=referral&utm_source=mcp&rp=18,note_other,9M FY2026,2025-12-31,YTD,Other supplemental cash flow information,Interest paid in-kind,0,usd_millions,0,0,14,printed_dash_zero
business_100,4064733,18,https://web.quartr.com/companies/21558?companyId=21558&documentId=4064733&documentType=report&eventId=411100&navigation=external&utm_medium=referral&utm_source=mcp&rp=18,note_other,9M FY2025,2024-12-31,YTD,Other supplemental cash flow information,Interest paid in-kind,8.9,usd_millions,0,1,14,
business_100,4064733,18,https://web.quartr.com/companies/21558?companyId=21558&documentId=4064733&documentType=report&eventId=411100&navigation=external&utm_medium=referral&utm_source=mcp&rp=18,note_other,Q3 FY2026,2025-12-31,Q,Other supplemental cash flow information,Lease cash payments,4.2,usd_millions,0,0,15,
business_100,4064733,18,https://web.quartr.com/companies/21558?companyId=21558&documentId=4064733&documentType=report&eventId=411100&navigation=external&utm_medium=referral&utm_source=mcp&rp=18,note_other,Q3 FY2025,2024-12-31,Q,Other supplemental cash flow information,Lease cash payments,5.4,usd_millions,0,1,15,
business_100,4064733,18,https://web.quartr.com/companies/21558?companyId=21558&documentId=4064733&documentType=report&eventId=411100&navigation=external&utm_medium=referral&utm_source=mcp&rp=18,note_other,9M FY2026,2025-12-31,YTD,Other supplemental cash flow information,Lease cash payments,31.0,usd_millions,0,0,15,
business_100,4064733,18,https://web.quartr.com/companies/21558?companyId=21558&documentId=4064733&documentType=report&eventId=411100&navigation=external&utm_medium=referral&utm_source=mcp&rp=18,note_other,9M FY2025,2024-12-31,YTD,Other supplemental cash flow information,Lease cash payments,9.4,usd_millions,0,1,15,
business_100,4064733,18,https://web.quartr.com/companies/21558?companyId=21558&documentId=4064733&documentType=report&eventId=411100&navigation=external&utm_medium=referral&utm_source=mcp&rp=18,note_other,Q3 FY2026,2025-12-31,Q,Other supplemental cash flow information,Tax paid,0,usd_millions,0,0,16,printed_dash_zero
business_100,4064733,18,https://web.quartr.com/companies/21558?companyId=21558&documentId=4064733&documentType=report&eventId=411100&navigation=external&utm_medium=referral&utm_source=mcp&rp=18,note_other,Q3 FY2025,2024-12-31,Q,Other supplemental cash flow information,Tax paid,0.2,usd_millions,0,1,16,
business_100,4064733,18,https://web.quartr.com/companies/21558?companyId=21558&documentId=4064733&documentType=report&eventId=411100&navigation=external&utm_medium=referral&utm_source=mcp&rp=18,note_other,9M FY2026,2025-12-31,YTD,Other supplemental cash flow information,Tax paid,0.1,usd_millions,0,0,16,
business_100,4064733,18,https://web.quartr.com/companies/21558?companyId=21558&documentId=4064733&documentType=report&eventId=411100&navigation=external&utm_medium=referral&utm_source=mcp&rp=18,note_other,9M FY2025,2024-12-31,YTD,Other supplemental cash flow information,Tax paid,0.2,usd_millions,0,1,16,
business_100,4064733,18,https://web.quartr.com/companies/21558?companyId=21558&documentId=4064733&documentType=report&eventId=411100&navigation=external&utm_medium=referral&utm_source=mcp&rp=18,note_other,Q3 FY2026,2025-12-31,Q,Non-cash investing activities:,"Changes in working capital related to property, plant and equipment",2.6,usd_millions,0,0,17,
business_100,4064733,18,https://web.quartr.com/companies/21558?companyId=21558&documentId=4064733&documentType=report&eventId=411100&navigation=external&utm_medium=referral&utm_source=mcp&rp=18,note_other,Q3 FY2025,2024-12-31,Q,Non-cash investing activities:,"Changes in working capital related to property, plant and equipment",5.4,usd_millions,0,1,17,
business_100,4064733,18,https://web.quartr.com/companies/21558?companyId=21558&documentId=4064733&documentType=report&eventId=411100&navigation=external&utm_medium=referral&utm_source=mcp&rp=18,note_other,9M FY2026,2025-12-31,YTD,Non-cash investing activities:,"Changes in working capital related to property, plant and equipment",7.0,usd_millions,0,0,17,
business_100,4064733,18,https://web.quartr.com/companies/21558?companyId=21558&documentId=4064733&documentType=report&eventId=411100&navigation=external&utm_medium=referral&utm_source=mcp&rp=18,note_other,9M FY2025,2024-12-31,YTD,Non-cash investing activities:,"Changes in working capital related to property, plant and equipment",1.4,usd_millions,0,1,17,
business_100,3693795,2,https://web.quartr.com/companies/21558?companyId=21558&documentId=3693795&documentType=report&eventId=681828&navigation=external&utm_medium=referral&utm_source=mcp&rp=2,balance_sheet,"As at Jun 30, 2026",2026-06-30,instant,Current Assets,Cash and cash equivalents,69.1,usd_millions,0,0,1,
business_100,3693795,2,https://web.quartr.com/companies/21558?companyId=21558&documentId=3693795&documentType=report&eventId=681828&navigation=external&utm_medium=referral&utm_source=mcp&rp=2,balance_sheet,"As at Mar 31, 2026",2026-03-31,instant,Current Assets,Cash and cash equivalents,42.3,usd_millions,0,1,1,
business_100,3693795,2,https://web.quartr.com/companies/21558?companyId=21558&documentId=3693795&documentType=report&eventId=681828&navigation=external&utm_medium=referral&utm_source=mcp&rp=2,balance_sheet,"As at Jun 30, 2026",2026-06-30,instant,Current Assets,Trade and accrued receivables,55.9,usd_millions,0,0,2,
business_100,3693795,2,https://web.quartr.com/companies/21558?companyId=21558&documentId=3693795&documentType=report&eventId=681828&navigation=external&utm_medium=referral&utm_source=mcp&rp=2,balance_sheet,"As at Mar 31, 2026",2026-03-31,instant,Current Assets,Trade and accrued receivables,82.7,usd_millions,0,1,2,
business_100,3693795,2,https://web.quartr.com/companies/21558?companyId=21558&documentId=3693795&documentType=report&eventId=681828&navigation=external&utm_medium=referral&utm_source=mcp&rp=2,balance_sheet,"As at Jun 30, 2026",2026-06-30,instant,Current Assets,Natural gas inventory,48.4,usd_millions,0,0,3,
business_100,3693795,2,https://web.quartr.com/companies/21558?companyId=21558&documentId=3693795&documentType=report&eventId=681828&navigation=external&utm_medium=referral&utm_source=mcp&rp=2,balance_sheet,"As at Mar 31, 2026",2026-03-31,instant,Current Assets,Natural gas inventory,49.2,usd_millions,0,1,3,
business_100,3693795,2,https://web.quartr.com/companies/21558?companyId=21558&documentId=3693795&documentType=report&eventId=681828&navigation=external&utm_medium=referral&utm_source=mcp&rp=2,balance_sheet,"As at Jun 30, 2026",2026-06-30,instant,Current Assets,Short-term risk management assets,25.6,usd_millions,0,0,4,
business_100,3693795,2,https://web.quartr.com/companies/21558?companyId=21558&documentId=3693795&documentType=report&eventId=681828&navigation=external&utm_medium=referral&utm_source=mcp&rp=2,balance_sheet,"As at Mar 31, 2026",2026-03-31,instant,Current Assets,Short-term risk management assets,27.6,usd_millions,0,1,4,
business_100,3693795,2,https://web.quartr.com/companies/21558?companyId=21558&documentId=3693795&documentType=report&eventId=681828&navigation=external&utm_medium=referral&utm_source=mcp&rp=2,balance_sheet,"As at Jun 30, 2026",2026-06-30,instant,Current Assets,Margin deposits,12.8,usd_millions,0,0,5,
business_100,3693795,2,https://web.quartr.com/companies/21558?companyId=21558&documentId=3693795&documentType=report&eventId=681828&navigation=external&utm_medium=referral&utm_source=mcp&rp=2,balance_sheet,"As at Mar 31, 2026",2026-03-31,instant,Current Assets,Margin deposits,1.3,usd_millions,0,1,5,
business_100,3693795,2,https://web.quartr.com/companies/21558?companyId=21558&documentId=3693795&documentType=report&eventId=681828&navigation=external&utm_medium=referral&utm_source=mcp&rp=2,balance_sheet,"As at Jun 30, 2026",2026-06-30,instant,Current Assets,Prepaid expenses and other current assets,5.3,usd_millions,0,0,6,
business_100,3693795,2,https://web.quartr.com/companies/21558?companyId=21558&documentId=3693795&documentType=report&eventId=681828&navigation=external&utm_medium=referral&utm_source=mcp&rp=2,balance_sheet,"As at Mar 31, 2026",2026-03-31,instant,Current Assets,Prepaid expenses and other current assets,5.9,usd_millions,0,1,6,
business_100,3693795,2,https://web.quartr.com/companies/21558?companyId=21558&documentId=3693795&documentType=report&eventId=681828&navigation=external&utm_medium=referral&utm_source=mcp&rp=2,balance_sheet,"As at Jun 30, 2026",2026-06-30,instant,Current Assets,(unlabelled subtotal),217.1,usd_millions,1,0,7,unlabelled subtotal row - no caption printed in source - total current assets
business_100,3693795,2,https://web.quartr.com/companies/21558?companyId=21558&documentId=3693795&documentType=report&eventId=681828&navigation=external&utm_medium=referral&utm_source=mcp&rp=2,balance_sheet,"As at Mar 31, 2026",2026-03-31,instant,Current Assets,(unlabelled subtotal),209.0,usd_millions,1,1,7,unlabelled subtotal row - no caption printed in source - total current assets
business_100,3693795,2,https://web.quartr.com/companies/21558?companyId=21558&documentId=3693795&documentType=report&eventId=681828&navigation=external&utm_medium=referral&utm_source=mcp&rp=2,balance_sheet,"As at Jun 30, 2026",2026-06-30,instant,Long-term Assets,"Property, plant and equipment, net",884.3,usd_millions,0,0,8,
business_100,3693795,2,https://web.quartr.com/companies/21558?companyId=21558&documentId=3693795&documentType=report&eventId=681828&navigation=external&utm_medium=referral&utm_source=mcp&rp=2,balance_sheet,"As at Mar 31, 2026",2026-03-31,instant,Long-term Assets,"Property, plant and equipment, net",888.1,usd_millions,0,1,8,
business_100,3693795,2,https://web.quartr.com/companies/21558?companyId=21558&documentId=3693795&documentType=report&eventId=681828&navigation=external&utm_medium=referral&utm_source=mcp&rp=2,balance_sheet,"As at Jun 30, 2026",2026-06-30,instant,Long-term Assets,Goodwill,117.2,usd_millions,0,0,9,
business_100,3693795,2,https://web.quartr.com/companies/21558?companyId=21558&documentId=3693795&documentType=report&eventId=681828&navigation=external&utm_medium=referral&utm_source=mcp&rp=2,balance_sheet,"As at Mar 31, 2026",2026-03-31,instant,Long-term Assets,Goodwill,117.2,usd_millions,0,1,9,
business_100,3693795,2,https://web.quartr.com/companies/21558?companyId=21558&documentId=3693795&documentType=report&eventId=681828&navigation=external&utm_medium=referral&utm_source=mcp&rp=2,balance_sheet,"As at Jun 30, 2026",2026-06-30,instant,Long-term Assets,Long-term risk management assets,29.6,usd_millions,0,0,10,
business_100,3693795,2,https://web.quartr.com/companies/21558?companyId=21558&documentId=3693795&documentType=report&eventId=681828&navigation=external&utm_medium=referral&utm_source=mcp&rp=2,balance_sheet,"As at Mar 31, 2026",2026-03-31,instant,Long-term Assets,Long-term risk management assets,19.2,usd_millions,0,1,10,
business_100,3693795,2,https://web.quartr.com/companies/21558?companyId=21558&documentId=3693795&documentType=report&eventId=681828&navigation=external&utm_medium=referral&utm_source=mcp&rp=2,balance_sheet,"As at Jun 30, 2026",2026-06-30,instant,Long-term Assets,Other assets,4.6,usd_millions,0,0,11,
business_100,3693795,2,https://web.quartr.com/companies/21558?companyId=21558&documentId=3693795&documentType=report&eventId=681828&navigation=external&utm_medium=referral&utm_source=mcp&rp=2,balance_sheet,"As at Mar 31, 2026",2026-03-31,instant,Long-term Assets,Other assets,6.2,usd_millions,0,1,11,
business_100,3693795,2,https://web.quartr.com/companies/21558?companyId=21558&documentId=3693795&documentType=report&eventId=681828&navigation=external&utm_medium=referral&utm_source=mcp&rp=2,balance_sheet,"As at Jun 30, 2026",2026-06-30,instant,Long-term Assets,(unlabelled subtotal),1035.7,usd_millions,1,0,12,unlabelled subtotal row - no caption printed in source - total long-term assets
business_100,3693795,2,https://web.quartr.com/companies/21558?companyId=21558&documentId=3693795&documentType=report&eventId=681828&navigation=external&utm_medium=referral&utm_source=mcp&rp=2,balance_sheet,"As at Mar 31, 2026",2026-03-31,instant,Long-term Assets,(unlabelled subtotal),1030.7,usd_millions,1,1,12,unlabelled subtotal row - no caption printed in source - total long-term assets
business_100,3693795,2,https://web.quartr.com/companies/21558?companyId=21558&documentId=3693795&documentType=report&eventId=681828&navigation=external&utm_medium=referral&utm_source=mcp&rp=2,balance_sheet,"As at Jun 30, 2026",2026-06-30,instant,ASSETS,TOTAL,1252.8,usd_millions,1,0,13,total assets
business_100,3693795,2,https://web.quartr.com/companies/21558?companyId=21558&documentId=3693795&documentType=report&eventId=681828&navigation=external&utm_medium=referral&utm_source=mcp&rp=2,balance_sheet,"As at Mar 31, 2026",2026-03-31,instant,ASSETS,TOTAL,1239.7,usd_millions,1,1,13,total assets
business_100,3693795,2,https://web.quartr.com/companies/21558?companyId=21558&documentId=3693795&documentType=report&eventId=681828&navigation=external&utm_medium=referral&utm_source=mcp&rp=2,balance_sheet,"As at Jun 30, 2026",2026-06-30,instant,Current Liabilities,Trade payables and accrued liabilities,39.3,usd_millions,0,0,14,
business_100,3693795,2,https://web.quartr.com/companies/21558?companyId=21558&documentId=3693795&documentType=report&eventId=681828&navigation=external&utm_medium=referral&utm_source=mcp&rp=2,balance_sheet,"As at Mar 31, 2026",2026-03-31,instant,Current Liabilities,Trade payables and accrued liabilities,45.6,usd_millions,0,1,14,
business_100,3693795,2,https://web.quartr.com/companies/21558?companyId=21558&documentId=3693795&documentType=report&eventId=681828&navigation=external&utm_medium=referral&utm_source=mcp&rp=2,balance_sheet,"As at Jun 30, 2026",2026-06-30,instant,Current Liabilities,Short-term debt,12.2,usd_millions,0,0,15,
business_100,3693795,2,https://web.quartr.com/companies/21558?companyId=21558&documentId=3693795&documentType=report&eventId=681828&navigation=external&utm_medium=referral&utm_source=mcp&rp=2,balance_sheet,"As at Mar 31, 2026",2026-03-31,instant,Current Liabilities,Short-term debt,12.2,usd_millions,0,1,15,
business_100,3693795,2,https://web.quartr.com/companies/21558?companyId=21558&documentId=3693795&documentType=report&eventId=681828&navigation=external&utm_medium=referral&utm_source=mcp&rp=2,balance_sheet,"As at Jun 30, 2026",2026-06-30,instant,Current Liabilities,Short-term risk management liabilities,7.8,usd_millions,0,0,16,
business_100,3693795,2,https://web.quartr.com/companies/21558?companyId=21558&documentId=3693795&documentType=report&eventId=681828&navigation=external&utm_medium=referral&utm_source=mcp&rp=2,balance_sheet,"As at Mar 31, 2026",2026-03-31,instant,Current Liabilities,Short-term risk management liabilities,13.0,usd_millions,0,1,16,
business_100,3693795,2,https://web.quartr.com/companies/21558?companyId=21558&documentId=3693795&documentType=report&eventId=681828&navigation=external&utm_medium=referral&utm_source=mcp&rp=2,balance_sheet,"As at Jun 30, 2026",2026-06-30,instant,Current Liabilities,Short-term lease liabilities,8.5,usd_millions,0,0,17,
business_100,3693795,2,https://web.quartr.com/companies/21558?companyId=21558&documentId=3693795&documentType=report&eventId=681828&navigation=external&utm_medium=referral&utm_source=mcp&rp=2,balance_sheet,"As at Mar 31, 2026",2026-03-31,instant,Current Liabilities,Short-term lease liabilities,8.6,usd_millions,0,1,17,
business_100,3693795,2,https://web.quartr.com/companies/21558?companyId=21558&documentId=3693795&documentType=report&eventId=681828&navigation=external&utm_medium=referral&utm_source=mcp&rp=2,balance_sheet,"As at Jun 30, 2026",2026-06-30,instant,Current Liabilities,Short-term gas storage obligations,0.2,usd_millions,0,0,18,
business_100,3693795,2,https://web.quartr.com/companies/21558?companyId=21558&documentId=3693795&documentType=report&eventId=681828&navigation=external&utm_medium=referral&utm_source=mcp&rp=2,balance_sheet,"As at Mar 31, 2026",2026-03-31,instant,Current Liabilities,Short-term gas storage obligations,0.2,usd_millions,0,1,18,
business_100,3693795,2,https://web.quartr.com/companies/21558?companyId=21558&documentId=3693795&documentType=report&eventId=681828&navigation=external&utm_medium=referral&utm_source=mcp&rp=2,balance_sheet,"As at Jun 30, 2026",2026-06-30,instant,Current Liabilities,Deferred revenue,0.3,usd_millions,0,0,19,
business_100,3693795,2,https://web.quartr.com/companies/21558?companyId=21558&documentId=3693795&documentType=report&eventId=681828&navigation=external&utm_medium=referral&utm_source=mcp&rp=2,balance_sheet,"As at Mar 31, 2026",2026-03-31,instant,Current Liabilities,Deferred revenue,0.3,usd_millions,0,1,19,
business_100,3693795,2,https://web.quartr.com/companies/21558?companyId=21558&documentId=3693795&documentType=report&eventId=681828&navigation=external&utm_medium=referral&utm_source=mcp&rp=2,balance_sheet,"As at Jun 30, 2026",2026-06-30,instant,Current Liabilities,(unlabelled subtotal),68.3,usd_millions,1,0,20,unlabelled subtotal row - no caption printed in source - total current liabilities
business_100,3693795,2,https://web.quartr.com/companies/21558?companyId=21558&documentId=3693795&documentType=report&eventId=681828&navigation=external&utm_medium=referral&utm_source=mcp&rp=2,balance_sheet,"As at Mar 31, 2026",2026-03-31,instant,Current Liabilities,(unlabelled subtotal),79.9,usd_millions,1,1,20,unlabelled subtotal row - no caption printed in source - total current liabilities
business_100,3693795,2,https://web.quartr.com/companies/21558?companyId=21558&documentId=3693795&documentType=report&eventId=681828&navigation=external&utm_medium=referral&utm_source=mcp&rp=2,balance_sheet,"As at Jun 30, 2026",2026-06-30,instant,Long-term Liabilities,Long-term debt,1194.1,usd_millions,0,0,21,
business_100,3693795,2,https://web.quartr.com/companies/21558?companyId=21558&documentId=3693795&documentType=report&eventId=681828&navigation=external&utm_medium=referral&utm_source=mcp&rp=2,balance_sheet,"As at Mar 31, 2026",2026-03-31,instant,Long-term Liabilities,Long-term debt,1197.3,usd_millions,0,1,21,
business_100,3693795,2,https://web.quartr.com/companies/21558?companyId=21558&documentId=3693795&documentType=report&eventId=681828&navigation=external&utm_medium=referral&utm_source=mcp&rp=2,balance_sheet,"As at Jun 30, 2026",2026-06-30,instant,Long-term Liabilities,Long-term risk management liabilities,4.1,usd_millions,0,0,22,
business_100,3693795,2,https://web.quartr.com/companies/21558?companyId=21558&documentId=3693795&documentType=report&eventId=681828&navigation=external&utm_medium=referral&utm_source=mcp&rp=2,balance_sheet,"As at Mar 31, 2026",2026-03-31,instant,Long-term Liabilities,Long-term risk management liabilities,4.1,usd_millions,0,1,22,
business_100,3693795,2,https://web.quartr.com/companies/21558?companyId=21558&documentId=3693795&documentType=report&eventId=681828&navigation=external&utm_medium=referral&utm_source=mcp&rp=2,balance_sheet,"As at Jun 30, 2026",2026-06-30,instant,Long-term Liabilities,Long-term lease liabilities,93.0,usd_millions,0,0,23,
business_100,3693795,2,https://web.quartr.com/companies/21558?companyId=21558&documentId=3693795&documentType=report&eventId=681828&navigation=external&utm_medium=referral&utm_source=mcp&rp=2,balance_sheet,"As at Mar 31, 2026",2026-03-31,instant,Long-term Liabilities,Long-term lease liabilities,90.9,usd_millions,0,1,23,
business_100,3693795,2,https://web.quartr.com/companies/21558?companyId=21558&documentId=3693795&documentType=report&eventId=681828&navigation=external&utm_medium=referral&utm_source=mcp&rp=2,balance_sheet,"As at Jun 30, 2026",2026-06-30,instant,Long-term Liabilities,Long-term gas storage obligations,12.7,usd_millions,0,0,24,
business_100,3693795,2,https://web.quartr.com/companies/21558?companyId=21558&documentId=3693795&documentType=report&eventId=681828&navigation=external&utm_medium=referral&utm_source=mcp&rp=2,balance_sheet,"As at Mar 31, 2026",2026-03-31,instant,Long-term Liabilities,Long-term gas storage obligations,13.3,usd_millions,0,1,24,
business_100,3693795,2,https://web.quartr.com/companies/21558?companyId=21558&documentId=3693795&documentType=report&eventId=681828&navigation=external&utm_medium=referral&utm_source=mcp&rp=2,balance_sheet,"As at Jun 30, 2026",2026-06-30,instant,Long-term Liabilities,Decommissioning obligations,6.0,usd_millions,0,0,25,
business_100,3693795,2,https://web.quartr.com/companies/21558?companyId=21558&documentId=3693795&documentType=report&eventId=681828&navigation=external&utm_medium=referral&utm_source=mcp&rp=2,balance_sheet,"As at Mar 31, 2026",2026-03-31,instant,Long-term Liabilities,Decommissioning obligations,6.4,usd_millions,0,1,25,
business_100,3693795,2,https://web.quartr.com/companies/21558?companyId=21558&documentId=3693795&documentType=report&eventId=681828&navigation=external&utm_medium=referral&utm_source=mcp&rp=2,balance_sheet,"As at Jun 30, 2026",2026-06-30,instant,Long-term Liabilities,Other long-term liabilities,1.9,usd_millions,0,0,26,
business_100,3693795,2,https://web.quartr.com/companies/21558?companyId=21558&documentId=3693795&documentType=report&eventId=681828&navigation=external&utm_medium=referral&utm_source=mcp&rp=2,balance_sheet,"As at Mar 31, 2026",2026-03-31,instant,Long-term Liabilities,Other long-term liabilities,2.2,usd_millions,0,1,26,
business_100,3693795,2,https://web.quartr.com/companies/21558?companyId=21558&documentId=3693795&documentType=report&eventId=681828&navigation=external&utm_medium=referral&utm_source=mcp&rp=2,balance_sheet,"As at Jun 30, 2026",2026-06-30,instant,Long-term Liabilities,Deferred income taxes,85.1,usd_millions,0,0,27,
business_100,3693795,2,https://web.quartr.com/companies/21558?companyId=21558&documentId=3693795&documentType=report&eventId=681828&navigation=external&utm_medium=referral&utm_source=mcp&rp=2,balance_sheet,"As at Mar 31, 2026",2026-03-31,instant,Long-term Liabilities,Deferred income taxes,84.4,usd_millions,0,1,27,
business_100,3693795,2,https://web.quartr.com/companies/21558?companyId=21558&documentId=3693795&documentType=report&eventId=681828&navigation=external&utm_medium=referral&utm_source=mcp&rp=2,balance_sheet,"As at Jun 30, 2026",2026-06-30,instant,Long-term Liabilities,(unlabelled subtotal),1396.9,usd_millions,1,0,28,unlabelled subtotal row - no caption printed in source - total long-term liabilities
business_100,3693795,2,https://web.quartr.com/companies/21558?companyId=21558&documentId=3693795&documentType=report&eventId=681828&navigation=external&utm_medium=referral&utm_source=mcp&rp=2,balance_sheet,"As at Mar 31, 2026",2026-03-31,instant,Long-term Liabilities,(unlabelled subtotal),1398.6,usd_millions,1,1,28,unlabelled subtotal row - no caption printed in source - total long-term liabilities
business_100,3693795,2,https://web.quartr.com/companies/21558?companyId=21558&documentId=3693795&documentType=report&eventId=681828&navigation=external&utm_medium=referral&utm_source=mcp&rp=2,balance_sheet,"As at Jun 30, 2026",2026-06-30,instant,,Owners' Equity,-212.4,usd_millions,1,0,29,section heading not recovered by PDF extractor (liabilities and owners' equity)
business_100,3693795,2,https://web.quartr.com/companies/21558?companyId=21558&documentId=3693795&documentType=report&eventId=681828&navigation=external&utm_medium=referral&utm_source=mcp&rp=2,balance_sheet,"As at Mar 31, 2026",2026-03-31,instant,,Owners' Equity,-238.8,usd_millions,1,1,29,section heading not recovered by PDF extractor (liabilities and owners' equity)
business_100,3693795,2,https://web.quartr.com/companies/21558?companyId=21558&documentId=3693795&documentType=report&eventId=681828&navigation=external&utm_medium=referral&utm_source=mcp&rp=2,balance_sheet,"As at Jun 30, 2026",2026-06-30,instant,,TOTAL,1252.8,usd_millions,1,0,30,total liabilities and owners' equity; section heading not recovered by PDF extractor
business_100,3693795,2,https://web.quartr.com/companies/21558?companyId=21558&documentId=3693795&documentType=report&eventId=681828&navigation=external&utm_medium=referral&utm_source=mcp&rp=2,balance_sheet,"As at Mar 31, 2026",2026-03-31,instant,,TOTAL,1239.7,usd_millions,1,1,30,total liabilities and owners' equity; section heading not recovered by PDF extractor
business_100,3693795,2,https://web.quartr.com/companies/21558?companyId=21558&documentId=3693795&documentType=report&eventId=681828&navigation=external&utm_medium=referral&utm_source=mcp&rp=2,balance_sheet,"As at Jun 30, 2026",2026-06-30,instant,,Commitments and contingencies disclosures,0,usd_millions,0,0,31,note 12 cross-reference line; printed_dash_zero
business_100,3693795,2,https://web.quartr.com/companies/21558?companyId=21558&documentId=3693795&documentType=report&eventId=681828&navigation=external&utm_medium=referral&utm_source=mcp&rp=2,balance_sheet,"As at Mar 31, 2026",2026-03-31,instant,,Commitments and contingencies disclosures,0,usd_millions,0,1,31,note 12 cross-reference line; printed_dash_zero
business_100,3693795,3,https://web.quartr.com/companies/21558?companyId=21558&documentId=3693795&documentType=report&eventId=681828&navigation=external&utm_medium=referral&utm_source=mcp&rp=3,income_statement,Q1 FY2027,2026-06-30,Q,REVENUES,Fee-for-Service revenue,95.6,usd_millions,0,0,1,caption re-styled from 'Fee for service revenue' used in FY2026 interim filings
business_100,3693795,3,https://web.quartr.com/companies/21558?companyId=21558&documentId=3693795&documentType=report&eventId=681828&navigation=external&utm_medium=referral&utm_source=mcp&rp=3,income_statement,Q1 FY2026,2025-06-30,Q,REVENUES,Fee-for-Service revenue,92.2,usd_millions,0,1,1,caption re-styled from 'Fee for service revenue' used in FY2026 interim filings
business_100,3693795,3,https://web.quartr.com/companies/21558?companyId=21558&documentId=3693795&documentType=report&eventId=681828&navigation=external&utm_medium=referral&utm_source=mcp&rp=3,income_statement,Q1 FY2027,2026-06-30,Q,REVENUES,"Optimization, net",-3.0,usd_millions,0,0,2,
business_100,3693795,3,https://web.quartr.com/companies/21558?companyId=21558&documentId=3693795&documentType=report&eventId=681828&navigation=external&utm_medium=referral&utm_source=mcp&rp=3,income_statement,Q1 FY2026,2025-06-30,Q,REVENUES,"Optimization, net",11.9,usd_millions,0,1,2,
business_100,3693795,3,https://web.quartr.com/companies/21558?companyId=21558&documentId=3693795&documentType=report&eventId=681828&navigation=external&utm_medium=referral&utm_source=mcp&rp=3,income_statement,Q1 FY2027,2026-06-30,Q,REVENUES,Total revenues,92.6,usd_millions,1,0,3,
business_100,3693795,3,https://web.quartr.com/companies/21558?companyId=21558&documentId=3693795&documentType=report&eventId=681828&navigation=external&utm_medium=referral&utm_source=mcp&rp=3,income_statement,Q1 FY2026,2025-06-30,Q,REVENUES,Total revenues,104.1,usd_millions,1,1,3,
business_100,3693795,3,https://web.quartr.com/companies/21558?companyId=21558&documentId=3693795&documentType=report&eventId=681828&navigation=external&utm_medium=referral&utm_source=mcp&rp=3,income_statement,Q1 FY2027,2026-06-30,Q,EXPENSES (INCOME),Cost of gas storage services,0.6,usd_millions,0,0,4,
business_100,3693795,3,https://web.quartr.com/companies/21558?companyId=21558&documentId=3693795&documentType=report&eventId=681828&navigation=external&utm_medium=referral&utm_source=mcp&rp=3,income_statement,Q1 FY2026,2025-06-30,Q,EXPENSES (INCOME),Cost of gas storage services,1.2,usd_millions,0,1,4,
business_100,3693795,3,https://web.quartr.com/companies/21558?companyId=21558&documentId=3693795&documentType=report&eventId=681828&navigation=external&utm_medium=referral&utm_source=mcp&rp=3,income_statement,Q1 FY2027,2026-06-30,Q,EXPENSES (INCOME),Operating,11.9,usd_millions,0,0,5,
business_100,3693795,3,https://web.quartr.com/companies/21558?companyId=21558&documentId=3693795&documentType=report&eventId=681828&navigation=external&utm_medium=referral&utm_source=mcp&rp=3,income_statement,Q1 FY2026,2025-06-30,Q,EXPENSES (INCOME),Operating,12.7,usd_millions,0,1,5,
business_100,3693795,3,https://web.quartr.com/companies/21558?companyId=21558&documentId=3693795&documentType=report&eventId=681828&navigation=external&utm_medium=referral&utm_source=mcp&rp=3,income_statement,Q1 FY2027,2026-06-30,Q,EXPENSES (INCOME),General and administrative,6.3,usd_millions,0,0,6,
business_100,3693795,3,https://web.quartr.com/companies/21558?companyId=21558&documentId=3693795&documentType=report&eventId=681828&navigation=external&utm_medium=referral&utm_source=mcp&rp=3,income_statement,Q1 FY2026,2025-06-30,Q,EXPENSES (INCOME),General and administrative,5.5,usd_millions,0,1,6,
business_100,3693795,3,https://web.quartr.com/companies/21558?companyId=21558&documentId=3693795&documentType=report&eventId=681828&navigation=external&utm_medium=referral&utm_source=mcp&rp=3,income_statement,Q1 FY2027,2026-06-30,Q,EXPENSES (INCOME),Depreciation and amortization,8.0,usd_millions,0,0,7,
business_100,3693795,3,https://web.quartr.com/companies/21558?companyId=21558&documentId=3693795&documentType=report&eventId=681828&navigation=external&utm_medium=referral&utm_source=mcp&rp=3,income_statement,Q1 FY2026,2025-06-30,Q,EXPENSES (INCOME),Depreciation and amortization,8.1,usd_millions,0,1,7,
business_100,3693795,3,https://web.quartr.com/companies/21558?companyId=21558&documentId=3693795&documentType=report&eventId=681828&navigation=external&utm_medium=referral&utm_source=mcp&rp=3,income_statement,Q1 FY2027,2026-06-30,Q,EXPENSES (INCOME),Financing costs,7.0,usd_millions,0,0,8,
business_100,3693795,3,https://web.quartr.com/companies/21558?companyId=21558&documentId=3693795&documentType=report&eventId=681828&navigation=external&utm_medium=referral&utm_source=mcp&rp=3,income_statement,Q1 FY2026,2025-06-30,Q,EXPENSES (INCOME),Financing costs,25.6,usd_millions,0,1,8,
business_100,3693795,3,https://web.quartr.com/companies/21558?companyId=21558&documentId=3693795&documentType=report&eventId=681828&navigation=external&utm_medium=referral&utm_source=mcp&rp=3,income_statement,Q1 FY2027,2026-06-30,Q,EXPENSES (INCOME),"Gain on gas storage obligations, net",-0.7,usd_millions,0,0,9,
business_100,3693795,3,https://web.quartr.com/companies/21558?companyId=21558&documentId=3693795&documentType=report&eventId=681828&navigation=external&utm_medium=referral&utm_source=mcp&rp=3,income_statement,Q1 FY2026,2025-06-30,Q,EXPENSES (INCOME),"Gain on gas storage obligations, net",-1.6,usd_millions,0,1,9,
business_100,3693795,3,https://web.quartr.com/companies/21558?companyId=21558&documentId=3693795&documentType=report&eventId=681828&navigation=external&utm_medium=referral&utm_source=mcp&rp=3,income_statement,Q1 FY2027,2026-06-30,Q,EXPENSES (INCOME),Other expenses,0.5,usd_millions,0,0,10,
business_100,3693795,3,https://web.quartr.com/companies/21558?companyId=21558&documentId=3693795&documentType=report&eventId=681828&navigation=external&utm_medium=referral&utm_source=mcp&rp=3,income_statement,Q1 FY2026,2025-06-30,Q,EXPENSES (INCOME),Other expenses,1.0,usd_millions,0,1,10,
business_100,3693795,3,https://web.quartr.com/companies/21558?companyId=21558&documentId=3693795&documentType=report&eventId=681828&navigation=external&utm_medium=referral&utm_source=mcp&rp=3,income_statement,Q1 FY2027,2026-06-30,Q,EXPENSES (INCOME),(unlabelled subtotal),33.6,usd_millions,1,0,11,unlabelled subtotal row - no caption printed in source - total expenses (income)
business_100,3693795,3,https://web.quartr.com/companies/21558?companyId=21558&documentId=3693795&documentType=report&eventId=681828&navigation=external&utm_medium=referral&utm_source=mcp&rp=3,income_statement,Q1 FY2026,2025-06-30,Q,EXPENSES (INCOME),(unlabelled subtotal),52.5,usd_millions,1,1,11,unlabelled subtotal row - no caption printed in source - total expenses (income)
business_100,3693795,3,https://web.quartr.com/companies/21558?companyId=21558&documentId=3693795&documentType=report&eventId=681828&navigation=external&utm_medium=referral&utm_source=mcp&rp=3,income_statement,Q1 FY2027,2026-06-30,Q,,EARNINGS BEFORE INCOME TAXES,59.0,usd_millions,1,0,12,
business_100,3693795,3,https://web.quartr.com/companies/21558?companyId=21558&documentId=3693795&documentType=report&eventId=681828&navigation=external&utm_medium=referral&utm_source=mcp&rp=3,income_statement,Q1 FY2026,2025-06-30,Q,,EARNINGS BEFORE INCOME TAXES,51.6,usd_millions,1,1,12,
business_100,3693795,3,https://web.quartr.com/companies/21558?companyId=21558&documentId=3693795&documentType=report&eventId=681828&navigation=external&utm_medium=referral&utm_source=mcp&rp=3,income_statement,Q1 FY2027,2026-06-30,Q,Income tax expense,Current,1.9,usd_millions,0,0,13,
business_100,3693795,3,https://web.quartr.com/companies/21558?companyId=21558&documentId=3693795&documentType=report&eventId=681828&navigation=external&utm_medium=referral&utm_source=mcp&rp=3,income_statement,Q1 FY2026,2025-06-30,Q,Income tax expense,Current,0,usd_millions,0,1,13,printed_dash_zero
business_100,3693795,3,https://web.quartr.com/companies/21558?companyId=21558&documentId=3693795&documentType=report&eventId=681828&navigation=external&utm_medium=referral&utm_source=mcp&rp=3,income_statement,Q1 FY2027,2026-06-30,Q,Income tax expense,Deferred,0.6,usd_millions,0,0,14,
business_100,3693795,3,https://web.quartr.com/companies/21558?companyId=21558&documentId=3693795&documentType=report&eventId=681828&navigation=external&utm_medium=referral&utm_source=mcp&rp=3,income_statement,Q1 FY2026,2025-06-30,Q,Income tax expense,Deferred,3.3,usd_millions,0,1,14,
business_100,3693795,3,https://web.quartr.com/companies/21558?companyId=21558&documentId=3693795&documentType=report&eventId=681828&navigation=external&utm_medium=referral&utm_source=mcp&rp=3,income_statement,Q1 FY2027,2026-06-30,Q,Income tax expense,(unlabelled subtotal),2.5,usd_millions,1,0,15,unlabelled subtotal row - no caption printed in source - total income tax expense
business_100,3693795,3,https://web.quartr.com/companies/21558?companyId=21558&documentId=3693795&documentType=report&eventId=681828&navigation=external&utm_medium=referral&utm_source=mcp&rp=3,income_statement,Q1 FY2026,2025-06-30,Q,Income tax expense,(unlabelled subtotal),3.3,usd_millions,1,1,15,unlabelled subtotal row - no caption printed in source - total income tax expense
business_100,3693795,3,https://web.quartr.com/companies/21558?companyId=21558&documentId=3693795&documentType=report&eventId=681828&navigation=external&utm_medium=referral&utm_source=mcp&rp=3,income_statement,Q1 FY2027,2026-06-30,Q,,NET EARNINGS,56.5,usd_millions,1,0,16,
business_100,3693795,3,https://web.quartr.com/companies/21558?companyId=21558&documentId=3693795&documentType=report&eventId=681828&navigation=external&utm_medium=referral&utm_source=mcp&rp=3,income_statement,Q1 FY2026,2025-06-30,Q,,NET EARNINGS,48.3,usd_millions,1,1,16,
business_100,3693795,3,https://web.quartr.com/companies/21558?companyId=21558&documentId=3693795&documentType=report&eventId=681828&navigation=external&utm_medium=referral&utm_source=mcp&rp=3,comprehensive_income,Q1 FY2027,2026-06-30,Q,"OTHER COMPREHENSIVE INCOME, NET OF TAX",Foreign currency translation adjustment,0.4,usd_millions,0,0,17,
business_100,3693795,3,https://web.quartr.com/companies/21558?companyId=21558&documentId=3693795&documentType=report&eventId=681828&navigation=external&utm_medium=referral&utm_source=mcp&rp=3,comprehensive_income,Q1 FY2026,2025-06-30,Q,"OTHER COMPREHENSIVE INCOME, NET OF TAX",Foreign currency translation adjustment,1.8,usd_millions,0,1,17,
business_100,3693795,3,https://web.quartr.com/companies/21558?companyId=21558&documentId=3693795&documentType=report&eventId=681828&navigation=external&utm_medium=referral&utm_source=mcp&rp=3,comprehensive_income,Q1 FY2027,2026-06-30,Q,,NET EARNINGS AND COMPREHENSIVE EARNINGS,56.9,usd_millions,1,0,18,
business_100,3693795,3,https://web.quartr.com/companies/21558?companyId=21558&documentId=3693795&documentType=report&eventId=681828&navigation=external&utm_medium=referral&utm_source=mcp&rp=3,comprehensive_income,Q1 FY2026,2025-06-30,Q,,NET EARNINGS AND COMPREHENSIVE EARNINGS,50.1,usd_millions,1,1,18,
business_100,3693795,4,https://web.quartr.com/companies/21558?companyId=21558&documentId=3693795&documentType=report&eventId=681828&navigation=external&utm_medium=referral&utm_source=mcp&rp=4,equity_changes,"As at Apr 1, 2026",2026-04-01,instant,Owners' Capital [column header not recovered by extractor],"Balance, April 1, 2026",219.1,usd_millions,1,1,1,column-1 header dropped by PDF extractor in all three filings; identified as the capital account from row content and column arithmetic
business_100,3693795,4,https://web.quartr.com/companies/21558?companyId=21558&documentId=3693795&documentType=report&eventId=681828&navigation=external&utm_medium=referral&utm_source=mcp&rp=4,equity_changes,"As at Apr 1, 2026",2026-04-01,instant,Deficit,"Balance, April 1, 2026",-436.3,usd_millions,1,1,1,
business_100,3693795,4,https://web.quartr.com/companies/21558?companyId=21558&documentId=3693795&documentType=report&eventId=681828&navigation=external&utm_medium=referral&utm_source=mcp&rp=4,equity_changes,"As at Apr 1, 2026",2026-04-01,instant,Accumulated Other Comprehensive Loss,"Balance, April 1, 2026",-21.6,usd_millions,1,1,1,
business_100,3693795,4,https://web.quartr.com/companies/21558?companyId=21558&documentId=3693795&documentType=report&eventId=681828&navigation=external&utm_medium=referral&utm_source=mcp&rp=4,equity_changes,"As at Apr 1, 2026",2026-04-01,instant,Owners' Deficiency,"Balance, April 1, 2026",-238.8,usd_millions,1,1,1,
business_100,3693795,4,https://web.quartr.com/companies/21558?companyId=21558&documentId=3693795&documentType=report&eventId=681828&navigation=external&utm_medium=referral&utm_source=mcp&rp=4,equity_changes,Q1 FY2027,2026-06-30,Q,Owners' Capital [column header not recovered by extractor],Net earnings,0,usd_millions,0,0,2,printed_dash_zero; column-1 header dropped by PDF extractor in all three filings; identified as the capital account from row content and column arithmetic
business_100,3693795,4,https://web.quartr.com/companies/21558?companyId=21558&documentId=3693795&documentType=report&eventId=681828&navigation=external&utm_medium=referral&utm_source=mcp&rp=4,equity_changes,Q1 FY2027,2026-06-30,Q,Deficit,Net earnings,56.5,usd_millions,0,0,2,
business_100,3693795,4,https://web.quartr.com/companies/21558?companyId=21558&documentId=3693795&documentType=report&eventId=681828&navigation=external&utm_medium=referral&utm_source=mcp&rp=4,equity_changes,Q1 FY2027,2026-06-30,Q,Accumulated Other Comprehensive Loss,Net earnings,0,usd_millions,0,0,2,printed_dash_zero
business_100,3693795,4,https://web.quartr.com/companies/21558?companyId=21558&documentId=3693795&documentType=report&eventId=681828&navigation=external&utm_medium=referral&utm_source=mcp&rp=4,equity_changes,Q1 FY2027,2026-06-30,Q,Owners' Deficiency,Net earnings,56.5,usd_millions,0,0,2,
business_100,3693795,4,https://web.quartr.com/companies/21558?companyId=21558&documentId=3693795&documentType=report&eventId=681828&navigation=external&utm_medium=referral&utm_source=mcp&rp=4,equity_changes,Q1 FY2027,2026-06-30,Q,Owners' Capital [column header not recovered by extractor],Other comprehensive income,0,usd_millions,0,0,3,printed_dash_zero; column-1 header dropped by PDF extractor in all three filings; identified as the capital account from row content and column arithmetic
business_100,3693795,4,https://web.quartr.com/companies/21558?companyId=21558&documentId=3693795&documentType=report&eventId=681828&navigation=external&utm_medium=referral&utm_source=mcp&rp=4,equity_changes,Q1 FY2027,2026-06-30,Q,Deficit,Other comprehensive income,0,usd_millions,0,0,3,printed_dash_zero
business_100,3693795,4,https://web.quartr.com/companies/21558?companyId=21558&documentId=3693795&documentType=report&eventId=681828&navigation=external&utm_medium=referral&utm_source=mcp&rp=4,equity_changes,Q1 FY2027,2026-06-30,Q,Accumulated Other Comprehensive Loss,Other comprehensive income,0.4,usd_millions,0,0,3,
business_100,3693795,4,https://web.quartr.com/companies/21558?companyId=21558&documentId=3693795&documentType=report&eventId=681828&navigation=external&utm_medium=referral&utm_source=mcp&rp=4,equity_changes,Q1 FY2027,2026-06-30,Q,Owners' Deficiency,Other comprehensive income,0.4,usd_millions,0,0,3,
business_100,3693795,4,https://web.quartr.com/companies/21558?companyId=21558&documentId=3693795&documentType=report&eventId=681828&navigation=external&utm_medium=referral&utm_source=mcp&rp=4,equity_changes,Q1 FY2027,2026-06-30,Q,Owners' Capital [column header not recovered by extractor],"Share-based compensation (Notes 10, 11)",0.2,usd_millions,0,0,4,column-1 header dropped by PDF extractor in all three filings; identified as the capital account from row content and column arithmetic
business_100,3693795,4,https://web.quartr.com/companies/21558?companyId=21558&documentId=3693795&documentType=report&eventId=681828&navigation=external&utm_medium=referral&utm_source=mcp&rp=4,equity_changes,Q1 FY2027,2026-06-30,Q,Deficit,"Share-based compensation (Notes 10, 11)",0,usd_millions,0,0,4,printed_dash_zero
business_100,3693795,4,https://web.quartr.com/companies/21558?companyId=21558&documentId=3693795&documentType=report&eventId=681828&navigation=external&utm_medium=referral&utm_source=mcp&rp=4,equity_changes,Q1 FY2027,2026-06-30,Q,Accumulated Other Comprehensive Loss,"Share-based compensation (Notes 10, 11)",0,usd_millions,0,0,4,printed_dash_zero
business_100,3693795,4,https://web.quartr.com/companies/21558?companyId=21558&documentId=3693795&documentType=report&eventId=681828&navigation=external&utm_medium=referral&utm_source=mcp&rp=4,equity_changes,Q1 FY2027,2026-06-30,Q,Owners' Deficiency,"Share-based compensation (Notes 10, 11)",0.2,usd_millions,0,0,4,
business_100,3693795,4,https://web.quartr.com/companies/21558?companyId=21558&documentId=3693795&documentType=report&eventId=681828&navigation=external&utm_medium=referral&utm_source=mcp&rp=4,equity_changes,Q1 FY2027,2026-06-30,Q,Owners' Capital [column header not recovered by extractor],Distributions,0,usd_millions,0,0,5,printed_dash_zero; column-1 header dropped by PDF extractor in all three filings; identified as the capital account from row content and column arithmetic
business_100,3693795,4,https://web.quartr.com/companies/21558?companyId=21558&documentId=3693795&documentType=report&eventId=681828&navigation=external&utm_medium=referral&utm_source=mcp&rp=4,equity_changes,Q1 FY2027,2026-06-30,Q,Deficit,Distributions,-30.7,usd_millions,0,0,5,
business_100,3693795,4,https://web.quartr.com/companies/21558?companyId=21558&documentId=3693795&documentType=report&eventId=681828&navigation=external&utm_medium=referral&utm_source=mcp&rp=4,equity_changes,Q1 FY2027,2026-06-30,Q,Accumulated Other Comprehensive Loss,Distributions,0,usd_millions,0,0,5,printed_dash_zero
business_100,3693795,4,https://web.quartr.com/companies/21558?companyId=21558&documentId=3693795&documentType=report&eventId=681828&navigation=external&utm_medium=referral&utm_source=mcp&rp=4,equity_changes,Q1 FY2027,2026-06-30,Q,Owners' Deficiency,Distributions,-30.7,usd_millions,0,0,5,
business_100,3693795,4,https://web.quartr.com/companies/21558?companyId=21558&documentId=3693795&documentType=report&eventId=681828&navigation=external&utm_medium=referral&utm_source=mcp&rp=4,equity_changes,"As at Jun 30, 2026",2026-06-30,instant,Owners' Capital [column header not recovered by extractor],"Balance, June 30, 2026",219.3,usd_millions,1,0,6,column-1 header dropped by PDF extractor in all three filings; identified as the capital account from row content and column arithmetic
business_100,3693795,4,https://web.quartr.com/companies/21558?companyId=21558&documentId=3693795&documentType=report&eventId=681828&navigation=external&utm_medium=referral&utm_source=mcp&rp=4,equity_changes,"As at Jun 30, 2026",2026-06-30,instant,Deficit,"Balance, June 30, 2026",-410.5,usd_millions,1,0,6,
business_100,3693795,4,https://web.quartr.com/companies/21558?companyId=21558&documentId=3693795&documentType=report&eventId=681828&navigation=external&utm_medium=referral&utm_source=mcp&rp=4,equity_changes,"As at Jun 30, 2026",2026-06-30,instant,Accumulated Other Comprehensive Loss,"Balance, June 30, 2026",-21.2,usd_millions,1,0,6,
business_100,3693795,4,https://web.quartr.com/companies/21558?companyId=21558&documentId=3693795&documentType=report&eventId=681828&navigation=external&utm_medium=referral&utm_source=mcp&rp=4,equity_changes,"As at Jun 30, 2026",2026-06-30,instant,Owners' Deficiency,"Balance, June 30, 2026",-212.4,usd_millions,1,0,6,
business_100,3693795,4,https://web.quartr.com/companies/21558?companyId=21558&documentId=3693795&documentType=report&eventId=681828&navigation=external&utm_medium=referral&utm_source=mcp&rp=4,equity_changes,"As at Apr 1, 2025",2025-04-01,instant,Owners' Capital [column header not recovered by extractor],"Balance, April 1, 2025",127.0,usd_millions,1,1,7,column-1 header dropped by PDF extractor in all three filings; identified as the capital account from row content and column arithmetic
business_100,3693795,4,https://web.quartr.com/companies/21558?companyId=21558&documentId=3693795&documentType=report&eventId=681828&navigation=external&utm_medium=referral&utm_source=mcp&rp=4,equity_changes,"As at Apr 1, 2025",2025-04-01,instant,Deficit,"Balance, April 1, 2025",-190.2,usd_millions,1,1,7,
business_100,3693795,4,https://web.quartr.com/companies/21558?companyId=21558&documentId=3693795&documentType=report&eventId=681828&navigation=external&utm_medium=referral&utm_source=mcp&rp=4,equity_changes,"As at Apr 1, 2025",2025-04-01,instant,Accumulated Other Comprehensive Loss,"Balance, April 1, 2025",-22.6,usd_millions,1,1,7,
business_100,3693795,4,https://web.quartr.com/companies/21558?companyId=21558&documentId=3693795&documentType=report&eventId=681828&navigation=external&utm_medium=referral&utm_source=mcp&rp=4,equity_changes,"As at Apr 1, 2025",2025-04-01,instant,Owners' Deficiency,"Balance, April 1, 2025",-85.8,usd_millions,1,1,7,
business_100,3693795,4,https://web.quartr.com/companies/21558?companyId=21558&documentId=3693795&documentType=report&eventId=681828&navigation=external&utm_medium=referral&utm_source=mcp&rp=4,equity_changes,Q1 FY2026,2025-06-30,Q,Owners' Capital [column header not recovered by extractor],Net earnings,0,usd_millions,0,1,8,printed_dash_zero; column-1 header dropped by PDF extractor in all three filings; identified as the capital account from row content and column arithmetic
business_100,3693795,4,https://web.quartr.com/companies/21558?companyId=21558&documentId=3693795&documentType=report&eventId=681828&navigation=external&utm_medium=referral&utm_source=mcp&rp=4,equity_changes,Q1 FY2026,2025-06-30,Q,Deficit,Net earnings,48.3,usd_millions,0,1,8,
business_100,3693795,4,https://web.quartr.com/companies/21558?companyId=21558&documentId=3693795&documentType=report&eventId=681828&navigation=external&utm_medium=referral&utm_source=mcp&rp=4,equity_changes,Q1 FY2026,2025-06-30,Q,Accumulated Other Comprehensive Loss,Net earnings,0,usd_millions,0,1,8,printed_dash_zero
business_100,3693795,4,https://web.quartr.com/companies/21558?companyId=21558&documentId=3693795&documentType=report&eventId=681828&navigation=external&utm_medium=referral&utm_source=mcp&rp=4,equity_changes,Q1 FY2026,2025-06-30,Q,Owners' Deficiency,Net earnings,48.3,usd_millions,0,1,8,
business_100,3693795,4,https://web.quartr.com/companies/21558?companyId=21558&documentId=3693795&documentType=report&eventId=681828&navigation=external&utm_medium=referral&utm_source=mcp&rp=4,equity_changes,Q1 FY2026,2025-06-30,Q,Owners' Capital [column header not recovered by extractor],Other comprehensive income,0,usd_millions,0,1,9,printed_dash_zero; column-1 header dropped by PDF extractor in all three filings; identified as the capital account from row content and column arithmetic
business_100,3693795,4,https://web.quartr.com/companies/21558?companyId=21558&documentId=3693795&documentType=report&eventId=681828&navigation=external&utm_medium=referral&utm_source=mcp&rp=4,equity_changes,Q1 FY2026,2025-06-30,Q,Deficit,Other comprehensive income,0,usd_millions,0,1,9,printed_dash_zero
business_100,3693795,4,https://web.quartr.com/companies/21558?companyId=21558&documentId=3693795&documentType=report&eventId=681828&navigation=external&utm_medium=referral&utm_source=mcp&rp=4,equity_changes,Q1 FY2026,2025-06-30,Q,Accumulated Other Comprehensive Loss,Other comprehensive income,1.8,usd_millions,0,1,9,
business_100,3693795,4,https://web.quartr.com/companies/21558?companyId=21558&documentId=3693795&documentType=report&eventId=681828&navigation=external&utm_medium=referral&utm_source=mcp&rp=4,equity_changes,Q1 FY2026,2025-06-30,Q,Owners' Deficiency,Other comprehensive income,1.8,usd_millions,0,1,9,
business_100,3693795,4,https://web.quartr.com/companies/21558?companyId=21558&documentId=3693795&documentType=report&eventId=681828&navigation=external&utm_medium=referral&utm_source=mcp&rp=4,equity_changes,Q1 FY2026,2025-06-30,Q,Owners' Capital [column header not recovered by extractor],Distributions,0,usd_millions,0,1,10,printed_dash_zero; column-1 header dropped by PDF extractor in all three filings; identified as the capital account from row content and column arithmetic
business_100,3693795,4,https://web.quartr.com/companies/21558?companyId=21558&documentId=3693795&documentType=report&eventId=681828&navigation=external&utm_medium=referral&utm_source=mcp&rp=4,equity_changes,Q1 FY2026,2025-06-30,Q,Deficit,Distributions,-182.8,usd_millions,0,1,10,
business_100,3693795,4,https://web.quartr.com/companies/21558?companyId=21558&documentId=3693795&documentType=report&eventId=681828&navigation=external&utm_medium=referral&utm_source=mcp&rp=4,equity_changes,Q1 FY2026,2025-06-30,Q,Accumulated Other Comprehensive Loss,Distributions,0,usd_millions,0,1,10,printed_dash_zero
business_100,3693795,4,https://web.quartr.com/companies/21558?companyId=21558&documentId=3693795&documentType=report&eventId=681828&navigation=external&utm_medium=referral&utm_source=mcp&rp=4,equity_changes,Q1 FY2026,2025-06-30,Q,Owners' Deficiency,Distributions,-182.8,usd_millions,0,1,10,
business_100,3693795,4,https://web.quartr.com/companies/21558?companyId=21558&documentId=3693795&documentType=report&eventId=681828&navigation=external&utm_medium=referral&utm_source=mcp&rp=4,equity_changes,"As at Jun 30, 2025",2025-06-30,instant,Owners' Capital [column header not recovered by extractor],"Balance, June 30, 2025",127.0,usd_millions,1,1,11,column-1 header dropped by PDF extractor in all three filings; identified as the capital account from row content and column arithmetic
business_100,3693795,4,https://web.quartr.com/companies/21558?companyId=21558&documentId=3693795&documentType=report&eventId=681828&navigation=external&utm_medium=referral&utm_source=mcp&rp=4,equity_changes,"As at Jun 30, 2025",2025-06-30,instant,Deficit,"Balance, June 30, 2025",-324.7,usd_millions,1,1,11,
business_100,3693795,4,https://web.quartr.com/companies/21558?companyId=21558&documentId=3693795&documentType=report&eventId=681828&navigation=external&utm_medium=referral&utm_source=mcp&rp=4,equity_changes,"As at Jun 30, 2025",2025-06-30,instant,Accumulated Other Comprehensive Loss,"Balance, June 30, 2025",-20.8,usd_millions,1,1,11,
business_100,3693795,4,https://web.quartr.com/companies/21558?companyId=21558&documentId=3693795&documentType=report&eventId=681828&navigation=external&utm_medium=referral&utm_source=mcp&rp=4,equity_changes,"As at Jun 30, 2025",2025-06-30,instant,Owners' Deficiency,"Balance, June 30, 2025",-218.5,usd_millions,1,1,11,
business_100,3693795,5,https://web.quartr.com/companies/21558?companyId=21558&documentId=3693795&documentType=report&eventId=681828&navigation=external&utm_medium=referral&utm_source=mcp&rp=5,cash_flow,Q1 FY2027,2026-06-30,Q,OPERATING ACTIVITIES,Net earnings,56.5,usd_millions,0,0,1,
business_100,3693795,5,https://web.quartr.com/companies/21558?companyId=21558&documentId=3693795&documentType=report&eventId=681828&navigation=external&utm_medium=referral&utm_source=mcp&rp=5,cash_flow,Q1 FY2026,2025-06-30,Q,OPERATING ACTIVITIES,Net earnings,48.3,usd_millions,0,1,1,
business_100,3693795,5,https://web.quartr.com/companies/21558?companyId=21558&documentId=3693795&documentType=report&eventId=681828&navigation=external&utm_medium=referral&utm_source=mcp&rp=5,cash_flow,Q1 FY2027,2026-06-30,Q,Adjustments to reconcile net earnings to net cash provided by operating activities:,Deferred income tax expense,0.6,usd_millions,0,0,2,
business_100,3693795,5,https://web.quartr.com/companies/21558?companyId=21558&documentId=3693795&documentType=report&eventId=681828&navigation=external&utm_medium=referral&utm_source=mcp&rp=5,cash_flow,Q1 FY2026,2025-06-30,Q,Adjustments to reconcile net earnings to net cash provided by operating activities:,Deferred income tax expense,3.3,usd_millions,0,1,2,
business_100,3693795,5,https://web.quartr.com/companies/21558?companyId=21558&documentId=3693795&documentType=report&eventId=681828&navigation=external&utm_medium=referral&utm_source=mcp&rp=5,cash_flow,Q1 FY2027,2026-06-30,Q,Adjustments to reconcile net earnings to net cash provided by operating activities:,Unrealized risk management gains,-14.3,usd_millions,0,0,3,
business_100,3693795,5,https://web.quartr.com/companies/21558?companyId=21558&documentId=3693795&documentType=report&eventId=681828&navigation=external&utm_medium=referral&utm_source=mcp&rp=5,cash_flow,Q1 FY2026,2025-06-30,Q,Adjustments to reconcile net earnings to net cash provided by operating activities:,Unrealized risk management gains,-7.9,usd_millions,0,1,3,
business_100,3693795,5,https://web.quartr.com/companies/21558?companyId=21558&documentId=3693795&documentType=report&eventId=681828&navigation=external&utm_medium=referral&utm_source=mcp&rp=5,cash_flow,Q1 FY2027,2026-06-30,Q,Adjustments to reconcile net earnings to net cash provided by operating activities:,Depreciation and amortization,8.0,usd_millions,0,0,4,
business_100,3693795,5,https://web.quartr.com/companies/21558?companyId=21558&documentId=3693795&documentType=report&eventId=681828&navigation=external&utm_medium=referral&utm_source=mcp&rp=5,cash_flow,Q1 FY2026,2025-06-30,Q,Adjustments to reconcile net earnings to net cash provided by operating activities:,Depreciation and amortization,8.1,usd_millions,0,1,4,
business_100,3693795,5,https://web.quartr.com/companies/21558?companyId=21558&documentId=3693795&documentType=report&eventId=681828&navigation=external&utm_medium=referral&utm_source=mcp&rp=5,cash_flow,Q1 FY2027,2026-06-30,Q,Adjustments to reconcile net earnings to net cash provided by operating activities:,Amortization of deferred financing costs,1.2,usd_millions,0,0,5,
business_100,3693795,5,https://web.quartr.com/companies/21558?companyId=21558&documentId=3693795&documentType=report&eventId=681828&navigation=external&utm_medium=referral&utm_source=mcp&rp=5,cash_flow,Q1 FY2026,2025-06-30,Q,Adjustments to reconcile net earnings to net cash provided by operating activities:,Amortization of deferred financing costs,1.1,usd_millions,0,1,5,
business_100,3693795,5,https://web.quartr.com/companies/21558?companyId=21558&documentId=3693795&documentType=report&eventId=681828&navigation=external&utm_medium=referral&utm_source=mcp&rp=5,cash_flow,Q1 FY2027,2026-06-30,Q,Adjustments to reconcile net earnings to net cash provided by operating activities:,Other,-0.1,usd_millions,0,0,6,
business_100,3693795,5,https://web.quartr.com/companies/21558?companyId=21558&documentId=3693795&documentType=report&eventId=681828&navigation=external&utm_medium=referral&utm_source=mcp&rp=5,cash_flow,Q1 FY2026,2025-06-30,Q,Adjustments to reconcile net earnings to net cash provided by operating activities:,Other,-0.3,usd_millions,0,1,6,
business_100,3693795,5,https://web.quartr.com/companies/21558?companyId=21558&documentId=3693795&documentType=report&eventId=681828&navigation=external&utm_medium=referral&utm_source=mcp&rp=5,cash_flow,Q1 FY2027,2026-06-30,Q,Adjustments to reconcile net earnings to net cash provided by operating activities:,Changes in non-cash working capital,18.2,usd_millions,0,0,7,
business_100,3693795,5,https://web.quartr.com/companies/21558?companyId=21558&documentId=3693795&documentType=report&eventId=681828&navigation=external&utm_medium=referral&utm_source=mcp&rp=5,cash_flow,Q1 FY2026,2025-06-30,Q,Adjustments to reconcile net earnings to net cash provided by operating activities:,Changes in non-cash working capital,-14.9,usd_millions,0,1,7,
business_100,3693795,5,https://web.quartr.com/companies/21558?companyId=21558&documentId=3693795&documentType=report&eventId=681828&navigation=external&utm_medium=referral&utm_source=mcp&rp=5,cash_flow,Q1 FY2027,2026-06-30,Q,OPERATING ACTIVITIES,Net cash provided by operating activities,70.1,usd_millions,1,0,8,
business_100,3693795,5,https://web.quartr.com/companies/21558?companyId=21558&documentId=3693795&documentType=report&eventId=681828&navigation=external&utm_medium=referral&utm_source=mcp&rp=5,cash_flow,Q1 FY2026,2025-06-30,Q,OPERATING ACTIVITIES,Net cash provided by operating activities,37.7,usd_millions,1,1,8,
business_100,3693795,5,https://web.quartr.com/companies/21558?companyId=21558&documentId=3693795&documentType=report&eventId=681828&navigation=external&utm_medium=referral&utm_source=mcp&rp=5,cash_flow,Q1 FY2027,2026-06-30,Q,INVESTING ACTIVITIES,"Property, plant and equipment expenditures",-4.3,usd_millions,0,0,9,
business_100,3693795,5,https://web.quartr.com/companies/21558?companyId=21558&documentId=3693795&documentType=report&eventId=681828&navigation=external&utm_medium=referral&utm_source=mcp&rp=5,cash_flow,Q1 FY2026,2025-06-30,Q,INVESTING ACTIVITIES,"Property, plant and equipment expenditures",-10.9,usd_millions,0,1,9,
business_100,3693795,5,https://web.quartr.com/companies/21558?companyId=21558&documentId=3693795&documentType=report&eventId=681828&navigation=external&utm_medium=referral&utm_source=mcp&rp=5,cash_flow,Q1 FY2027,2026-06-30,Q,INVESTING ACTIVITIES,Net cash used in investing activities,-4.3,usd_millions,1,0,10,
business_100,3693795,5,https://web.quartr.com/companies/21558?companyId=21558&documentId=3693795&documentType=report&eventId=681828&navigation=external&utm_medium=referral&utm_source=mcp&rp=5,cash_flow,Q1 FY2026,2025-06-30,Q,INVESTING ACTIVITIES,Net cash used in investing activities,-10.9,usd_millions,1,1,10,
business_100,3693795,5,https://web.quartr.com/companies/21558?companyId=21558&documentId=3693795&documentType=report&eventId=681828&navigation=external&utm_medium=referral&utm_source=mcp&rp=5,cash_flow,Q1 FY2027,2026-06-30,Q,FINANCING ACTIVITIES,Proceeds from revolving credit facilities,0,usd_millions,0,0,11,printed_dash_zero
business_100,3693795,5,https://web.quartr.com/companies/21558?companyId=21558&documentId=3693795&documentType=report&eventId=681828&navigation=external&utm_medium=referral&utm_source=mcp&rp=5,cash_flow,Q1 FY2026,2025-06-30,Q,FINANCING ACTIVITIES,Proceeds from revolving credit facilities,21.1,usd_millions,0,1,11,
business_100,3693795,5,https://web.quartr.com/companies/21558?companyId=21558&documentId=3693795&documentType=report&eventId=681828&navigation=external&utm_medium=referral&utm_source=mcp&rp=5,cash_flow,Q1 FY2027,2026-06-30,Q,FINANCING ACTIVITIES,Payments of revolving credit facilities,0,usd_millions,0,0,12,printed_dash_zero
business_100,3693795,5,https://web.quartr.com/companies/21558?companyId=21558&documentId=3693795&documentType=report&eventId=681828&navigation=external&utm_medium=referral&utm_source=mcp&rp=5,cash_flow,Q1 FY2026,2025-06-30,Q,FINANCING ACTIVITIES,Payments of revolving credit facilities,-9.5,usd_millions,0,1,12,
business_100,3693795,5,https://web.quartr.com/companies/21558?companyId=21558&documentId=3693795&documentType=report&eventId=681828&navigation=external&utm_medium=referral&utm_source=mcp&rp=5,cash_flow,Q1 FY2027,2026-06-30,Q,FINANCING ACTIVITIES,Payments of term loan,-3.1,usd_millions,0,0,13,caption was 'Payments of term loans' (plural) in FY2026 interim filings
business_100,3693795,5,https://web.quartr.com/companies/21558?companyId=21558&documentId=3693795&documentType=report&eventId=681828&navigation=external&utm_medium=referral&utm_source=mcp&rp=5,cash_flow,Q1 FY2026,2025-06-30,Q,FINANCING ACTIVITIES,Payments of term loan,-3.1,usd_millions,0,1,13,caption was 'Payments of term loans' (plural) in FY2026 interim filings
business_100,3693795,5,https://web.quartr.com/companies/21558?companyId=21558&documentId=3693795&documentType=report&eventId=681828&navigation=external&utm_medium=referral&utm_source=mcp&rp=5,cash_flow,Q1 FY2027,2026-06-30,Q,FINANCING ACTIVITIES,Advances and notes extended to related parties,-3.4,usd_millions,0,0,14,caption was 'Notes extended to related parties' in FY2026 interim filings
business_100,3693795,5,https://web.quartr.com/companies/21558?companyId=21558&documentId=3693795&documentType=report&eventId=681828&navigation=external&utm_medium=referral&utm_source=mcp&rp=5,cash_flow,Q1 FY2026,2025-06-30,Q,FINANCING ACTIVITIES,Advances and notes extended to related parties,-37.0,usd_millions,0,1,14,caption was 'Notes extended to related parties' in FY2026 interim filings
business_100,3693795,5,https://web.quartr.com/companies/21558?companyId=21558&documentId=3693795&documentType=report&eventId=681828&navigation=external&utm_medium=referral&utm_source=mcp&rp=5,cash_flow,Q1 FY2027,2026-06-30,Q,FINANCING ACTIVITIES,Payments of financing costs,-1.3,usd_millions,0,0,15,
business_100,3693795,5,https://web.quartr.com/companies/21558?companyId=21558&documentId=3693795&documentType=report&eventId=681828&navigation=external&utm_medium=referral&utm_source=mcp&rp=5,cash_flow,Q1 FY2026,2025-06-30,Q,FINANCING ACTIVITIES,Payments of financing costs,-0.2,usd_millions,0,1,15,
business_100,3693795,5,https://web.quartr.com/companies/21558?companyId=21558&documentId=3693795&documentType=report&eventId=681828&navigation=external&utm_medium=referral&utm_source=mcp&rp=5,cash_flow,Q1 FY2027,2026-06-30,Q,FINANCING ACTIVITIES,Payments of lease liabilities,-0.1,usd_millions,0,0,16,
business_100,3693795,5,https://web.quartr.com/companies/21558?companyId=21558&documentId=3693795&documentType=report&eventId=681828&navigation=external&utm_medium=referral&utm_source=mcp&rp=5,cash_flow,Q1 FY2026,2025-06-30,Q,FINANCING ACTIVITIES,Payments of lease liabilities,-0.1,usd_millions,0,1,16,
business_100,3693795,5,https://web.quartr.com/companies/21558?companyId=21558&documentId=3693795&documentType=report&eventId=681828&navigation=external&utm_medium=referral&utm_source=mcp&rp=5,cash_flow,Q1 FY2027,2026-06-30,Q,FINANCING ACTIVITIES,Distributions,-30.7,usd_millions,0,0,17,
business_100,3693795,5,https://web.quartr.com/companies/21558?companyId=21558&documentId=3693795&documentType=report&eventId=681828&navigation=external&utm_medium=referral&utm_source=mcp&rp=5,cash_flow,Q1 FY2026,2025-06-30,Q,FINANCING ACTIVITIES,Distributions,-182.8,usd_millions,0,1,17,
business_100,3693795,5,https://web.quartr.com/companies/21558?companyId=21558&documentId=3693795&documentType=report&eventId=681828&navigation=external&utm_medium=referral&utm_source=mcp&rp=5,cash_flow,Q1 FY2027,2026-06-30,Q,FINANCING ACTIVITIES,Net cash used in financing activities,-38.6,usd_millions,1,0,18,
business_100,3693795,5,https://web.quartr.com/companies/21558?companyId=21558&documentId=3693795&documentType=report&eventId=681828&navigation=external&utm_medium=referral&utm_source=mcp&rp=5,cash_flow,Q1 FY2026,2025-06-30,Q,FINANCING ACTIVITIES,Net cash used in financing activities,-211.6,usd_millions,1,1,18,
business_100,3693795,5,https://web.quartr.com/companies/21558?companyId=21558&documentId=3693795&documentType=report&eventId=681828&navigation=external&utm_medium=referral&utm_source=mcp&rp=5,cash_flow,Q1 FY2027,2026-06-30,Q,,Effect of translation on foreign currency cash and cash equivalents,-0.4,usd_millions,0,0,19,
business_100,3693795,5,https://web.quartr.com/companies/21558?companyId=21558&documentId=3693795&documentType=report&eventId=681828&navigation=external&utm_medium=referral&utm_source=mcp&rp=5,cash_flow,Q1 FY2026,2025-06-30,Q,,Effect of translation on foreign currency cash and cash equivalents,1.0,usd_millions,0,1,19,
business_100,3693795,5,https://web.quartr.com/companies/21558?companyId=21558&documentId=3693795&documentType=report&eventId=681828&navigation=external&utm_medium=referral&utm_source=mcp&rp=5,cash_flow,Q1 FY2027,2026-06-30,Q,,Net changes in cash and cash equivalents,26.8,usd_millions,1,0,20,
business_100,3693795,5,https://web.quartr.com/companies/21558?companyId=21558&documentId=3693795&documentType=report&eventId=681828&navigation=external&utm_medium=referral&utm_source=mcp&rp=5,cash_flow,Q1 FY2026,2025-06-30,Q,,Net changes in cash and cash equivalents,-183.8,usd_millions,1,1,20,
business_100,3693795,5,https://web.quartr.com/companies/21558?companyId=21558&documentId=3693795&documentType=report&eventId=681828&navigation=external&utm_medium=referral&utm_source=mcp&rp=5,cash_flow,Q1 FY2027,2026-06-30,Q,,"Cash and cash equivalents, beginning of the period",42.3,usd_millions,0,0,21,
business_100,3693795,5,https://web.quartr.com/companies/21558?companyId=21558&documentId=3693795&documentType=report&eventId=681828&navigation=external&utm_medium=referral&utm_source=mcp&rp=5,cash_flow,Q1 FY2026,2025-06-30,Q,,"Cash and cash equivalents, beginning of the period",204.1,usd_millions,0,1,21,
business_100,3693795,5,https://web.quartr.com/companies/21558?companyId=21558&documentId=3693795&documentType=report&eventId=681828&navigation=external&utm_medium=referral&utm_source=mcp&rp=5,cash_flow,Q1 FY2027,2026-06-30,Q,,"Cash and cash equivalents, end of the period",69.1,usd_millions,1,0,22,
business_100,3693795,5,https://web.quartr.com/companies/21558?companyId=21558&documentId=3693795&documentType=report&eventId=681828&navigation=external&utm_medium=referral&utm_source=mcp&rp=5,cash_flow,Q1 FY2026,2025-06-30,Q,,"Cash and cash equivalents, end of the period",20.3,usd_millions,1,1,22,
business_100,3693795,7,https://web.quartr.com/companies/21558?companyId=21558&documentId=3693795&documentType=report&eventId=681828&navigation=external&utm_medium=referral&utm_source=mcp&rp=7,note_ppe,"As at Apr 1, 2026",2026-04-01,instant,Cost | Cushion gas,"Balance, April 1, 2026",169.8,usd_millions,1,1,1,
business_100,3693795,7,https://web.quartr.com/companies/21558?companyId=21558&documentId=3693795&documentType=report&eventId=681828&navigation=external&utm_medium=referral&utm_source=mcp&rp=7,note_ppe,"As at Apr 1, 2026",2026-04-01,instant,Cost | Pipelines and interconnects,"Balance, April 1, 2026",154.8,usd_millions,1,1,1,
business_100,3693795,7,https://web.quartr.com/companies/21558?companyId=21558&documentId=3693795&documentType=report&eventId=681828&navigation=external&utm_medium=referral&utm_source=mcp&rp=7,note_ppe,"As at Apr 1, 2026",2026-04-01,instant,Cost | Wells,"Balance, April 1, 2026",332.6,usd_millions,1,1,1,
business_100,3693795,7,https://web.quartr.com/companies/21558?companyId=21558&documentId=3693795&documentType=report&eventId=681828&navigation=external&utm_medium=referral&utm_source=mcp&rp=7,note_ppe,"As at Apr 1, 2026",2026-04-01,instant,Cost | Land and storage formations,"Balance, April 1, 2026",109.6,usd_millions,1,1,1,
business_100,3693795,7,https://web.quartr.com/companies/21558?companyId=21558&documentId=3693795&documentType=report&eventId=681828&navigation=external&utm_medium=referral&utm_source=mcp&rp=7,note_ppe,"As at Apr 1, 2026",2026-04-01,instant,Cost | Facilities and other,"Balance, April 1, 2026",422.9,usd_millions,1,1,1,
business_100,3693795,7,https://web.quartr.com/companies/21558?companyId=21558&documentId=3693795&documentType=report&eventId=681828&navigation=external&utm_medium=referral&utm_source=mcp&rp=7,note_ppe,"As at Apr 1, 2026",2026-04-01,instant,Cost | Total,"Balance, April 1, 2026",1189.7,usd_millions,1,1,1,
business_100,3693795,7,https://web.quartr.com/companies/21558?companyId=21558&documentId=3693795&documentType=report&eventId=681828&navigation=external&utm_medium=referral&utm_source=mcp&rp=7,note_ppe,Q1 FY2027,2026-06-30,Q,Cost | Cushion gas,Additions,0.2,usd_millions,0,0,2,
business_100,3693795,7,https://web.quartr.com/companies/21558?companyId=21558&documentId=3693795&documentType=report&eventId=681828&navigation=external&utm_medium=referral&utm_source=mcp&rp=7,note_ppe,Q1 FY2027,2026-06-30,Q,Cost | Pipelines and interconnects,Additions,0.6,usd_millions,0,0,2,
business_100,3693795,7,https://web.quartr.com/companies/21558?companyId=21558&documentId=3693795&documentType=report&eventId=681828&navigation=external&utm_medium=referral&utm_source=mcp&rp=7,note_ppe,Q1 FY2027,2026-06-30,Q,Cost | Wells,Additions,1.8,usd_millions,0,0,2,
business_100,3693795,7,https://web.quartr.com/companies/21558?companyId=21558&documentId=3693795&documentType=report&eventId=681828&navigation=external&utm_medium=referral&utm_source=mcp&rp=7,note_ppe,Q1 FY2027,2026-06-30,Q,Cost | Land and storage formations,Additions,0.1,usd_millions,0,0,2,
business_100,3693795,7,https://web.quartr.com/companies/21558?companyId=21558&documentId=3693795&documentType=report&eventId=681828&navigation=external&utm_medium=referral&utm_source=mcp&rp=7,note_ppe,Q1 FY2027,2026-06-30,Q,Cost | Facilities and other,Additions,0.8,usd_millions,0,0,2,
business_100,3693795,7,https://web.quartr.com/companies/21558?companyId=21558&documentId=3693795&documentType=report&eventId=681828&navigation=external&utm_medium=referral&utm_source=mcp&rp=7,note_ppe,Q1 FY2027,2026-06-30,Q,Cost | Total,Additions,3.5,usd_millions,0,0,2,
business_100,3693795,7,https://web.quartr.com/companies/21558?companyId=21558&documentId=3693795&documentType=report&eventId=681828&navigation=external&utm_medium=referral&utm_source=mcp&rp=7,note_ppe,Q1 FY2027,2026-06-30,Q,Cost | Cushion gas,Lease additions and remeasurements - Note 6,0,usd_millions,0,0,3,printed_dash_zero
business_100,3693795,7,https://web.quartr.com/companies/21558?companyId=21558&documentId=3693795&documentType=report&eventId=681828&navigation=external&utm_medium=referral&utm_source=mcp&rp=7,note_ppe,Q1 FY2027,2026-06-30,Q,Cost | Pipelines and interconnects,Lease additions and remeasurements - Note 6,0,usd_millions,0,0,3,printed_dash_zero
business_100,3693795,7,https://web.quartr.com/companies/21558?companyId=21558&documentId=3693795&documentType=report&eventId=681828&navigation=external&utm_medium=referral&utm_source=mcp&rp=7,note_ppe,Q1 FY2027,2026-06-30,Q,Cost | Wells,Lease additions and remeasurements - Note 6,0,usd_millions,0,0,3,printed_dash_zero
business_100,3693795,7,https://web.quartr.com/companies/21558?companyId=21558&documentId=3693795&documentType=report&eventId=681828&navigation=external&utm_medium=referral&utm_source=mcp&rp=7,note_ppe,Q1 FY2027,2026-06-30,Q,Cost | Land and storage formations,Lease additions and remeasurements - Note 6,0.1,usd_millions,0,0,3,
business_100,3693795,7,https://web.quartr.com/companies/21558?companyId=21558&documentId=3693795&documentType=report&eventId=681828&navigation=external&utm_medium=referral&utm_source=mcp&rp=7,note_ppe,Q1 FY2027,2026-06-30,Q,Cost | Facilities and other,Lease additions and remeasurements - Note 6,0,usd_millions,0,0,3,printed_dash_zero
business_100,3693795,7,https://web.quartr.com/companies/21558?companyId=21558&documentId=3693795&documentType=report&eventId=681828&navigation=external&utm_medium=referral&utm_source=mcp&rp=7,note_ppe,Q1 FY2027,2026-06-30,Q,Cost | Total,Lease additions and remeasurements - Note 6,0.1,usd_millions,0,0,3,
business_100,3693795,7,https://web.quartr.com/companies/21558?companyId=21558&documentId=3693795&documentType=report&eventId=681828&navigation=external&utm_medium=referral&utm_source=mcp&rp=7,note_ppe,Q1 FY2027,2026-06-30,Q,Cost | Cushion gas,Migration/disposals,-0.2,usd_millions,0,0,4,
business_100,3693795,7,https://web.quartr.com/companies/21558?companyId=21558&documentId=3693795&documentType=report&eventId=681828&navigation=external&utm_medium=referral&utm_source=mcp&rp=7,note_ppe,Q1 FY2027,2026-06-30,Q,Cost | Pipelines and interconnects,Migration/disposals,0,usd_millions,0,0,4,printed_dash_zero
business_100,3693795,7,https://web.quartr.com/companies/21558?companyId=21558&documentId=3693795&documentType=report&eventId=681828&navigation=external&utm_medium=referral&utm_source=mcp&rp=7,note_ppe,Q1 FY2027,2026-06-30,Q,Cost | Wells,Migration/disposals,-0.7,usd_millions,0,0,4,
business_100,3693795,7,https://web.quartr.com/companies/21558?companyId=21558&documentId=3693795&documentType=report&eventId=681828&navigation=external&utm_medium=referral&utm_source=mcp&rp=7,note_ppe,Q1 FY2027,2026-06-30,Q,Cost | Land and storage formations,Migration/disposals,0,usd_millions,0,0,4,printed_dash_zero
business_100,3693795,7,https://web.quartr.com/companies/21558?companyId=21558&documentId=3693795&documentType=report&eventId=681828&navigation=external&utm_medium=referral&utm_source=mcp&rp=7,note_ppe,Q1 FY2027,2026-06-30,Q,Cost | Facilities and other,Migration/disposals,-0.1,usd_millions,0,0,4,
business_100,3693795,7,https://web.quartr.com/companies/21558?companyId=21558&documentId=3693795&documentType=report&eventId=681828&navigation=external&utm_medium=referral&utm_source=mcp&rp=7,note_ppe,Q1 FY2027,2026-06-30,Q,Cost | Total,Migration/disposals,-1.0,usd_millions,0,0,4,
business_100,3693795,7,https://web.quartr.com/companies/21558?companyId=21558&documentId=3693795&documentType=report&eventId=681828&navigation=external&utm_medium=referral&utm_source=mcp&rp=7,note_ppe,Q1 FY2027,2026-06-30,Q,Cost | Cushion gas,Foreign currency translation adjustments,0.2,usd_millions,0,0,5,
business_100,3693795,7,https://web.quartr.com/companies/21558?companyId=21558&documentId=3693795&documentType=report&eventId=681828&navigation=external&utm_medium=referral&utm_source=mcp&rp=7,note_ppe,Q1 FY2027,2026-06-30,Q,Cost | Pipelines and interconnects,Foreign currency translation adjustments,0,usd_millions,0,0,5,printed_dash_zero
business_100,3693795,7,https://web.quartr.com/companies/21558?companyId=21558&documentId=3693795&documentType=report&eventId=681828&navigation=external&utm_medium=referral&utm_source=mcp&rp=7,note_ppe,Q1 FY2027,2026-06-30,Q,Cost | Wells,Foreign currency translation adjustments,0.1,usd_millions,0,0,5,
business_100,3693795,7,https://web.quartr.com/companies/21558?companyId=21558&documentId=3693795&documentType=report&eventId=681828&navigation=external&utm_medium=referral&utm_source=mcp&rp=7,note_ppe,Q1 FY2027,2026-06-30,Q,Cost | Land and storage formations,Foreign currency translation adjustments,0.1,usd_millions,0,0,5,
business_100,3693795,7,https://web.quartr.com/companies/21558?companyId=21558&documentId=3693795&documentType=report&eventId=681828&navigation=external&utm_medium=referral&utm_source=mcp&rp=7,note_ppe,Q1 FY2027,2026-06-30,Q,Cost | Facilities and other,Foreign currency translation adjustments,0.6,usd_millions,0,0,5,
business_100,3693795,7,https://web.quartr.com/companies/21558?companyId=21558&documentId=3693795&documentType=report&eventId=681828&navigation=external&utm_medium=referral&utm_source=mcp&rp=7,note_ppe,Q1 FY2027,2026-06-30,Q,Cost | Total,Foreign currency translation adjustments,1.0,usd_millions,0,0,5,
business_100,3693795,7,https://web.quartr.com/companies/21558?companyId=21558&documentId=3693795&documentType=report&eventId=681828&navigation=external&utm_medium=referral&utm_source=mcp&rp=7,note_ppe,"As at Jun 30, 2026",2026-06-30,instant,Cost | Cushion gas,"Balance, June 30, 2026",170.0,usd_millions,1,0,6,
business_100,3693795,7,https://web.quartr.com/companies/21558?companyId=21558&documentId=3693795&documentType=report&eventId=681828&navigation=external&utm_medium=referral&utm_source=mcp&rp=7,note_ppe,"As at Jun 30, 2026",2026-06-30,instant,Cost | Pipelines and interconnects,"Balance, June 30, 2026",155.4,usd_millions,1,0,6,
business_100,3693795,7,https://web.quartr.com/companies/21558?companyId=21558&documentId=3693795&documentType=report&eventId=681828&navigation=external&utm_medium=referral&utm_source=mcp&rp=7,note_ppe,"As at Jun 30, 2026",2026-06-30,instant,Cost | Wells,"Balance, June 30, 2026",333.8,usd_millions,1,0,6,
business_100,3693795,7,https://web.quartr.com/companies/21558?companyId=21558&documentId=3693795&documentType=report&eventId=681828&navigation=external&utm_medium=referral&utm_source=mcp&rp=7,note_ppe,"As at Jun 30, 2026",2026-06-30,instant,Cost | Land and storage formations,"Balance, June 30, 2026",109.9,usd_millions,1,0,6,
business_100,3693795,7,https://web.quartr.com/companies/21558?companyId=21558&documentId=3693795&documentType=report&eventId=681828&navigation=external&utm_medium=referral&utm_source=mcp&rp=7,note_ppe,"As at Jun 30, 2026",2026-06-30,instant,Cost | Facilities and other,"Balance, June 30, 2026",424.2,usd_millions,1,0,6,
business_100,3693795,7,https://web.quartr.com/companies/21558?companyId=21558&documentId=3693795&documentType=report&eventId=681828&navigation=external&utm_medium=referral&utm_source=mcp&rp=7,note_ppe,"As at Jun 30, 2026",2026-06-30,instant,Cost | Total,"Balance, June 30, 2026",1193.3,usd_millions,1,0,6,
business_100,3693795,7,https://web.quartr.com/companies/21558?companyId=21558&documentId=3693795&documentType=report&eventId=681828&navigation=external&utm_medium=referral&utm_source=mcp&rp=7,note_ppe,"As at Apr 1, 2026",2026-04-01,instant,Accumulated depreciation | Cushion gas,"Balance, April 1, 2026",0,usd_millions,1,1,7,printed_dash_zero
business_100,3693795,7,https://web.quartr.com/companies/21558?companyId=21558&documentId=3693795&documentType=report&eventId=681828&navigation=external&utm_medium=referral&utm_source=mcp&rp=7,note_ppe,"As at Apr 1, 2026",2026-04-01,instant,Accumulated depreciation | Pipelines and interconnects,"Balance, April 1, 2026",-43.2,usd_millions,1,1,7,
business_100,3693795,7,https://web.quartr.com/companies/21558?companyId=21558&documentId=3693795&documentType=report&eventId=681828&navigation=external&utm_medium=referral&utm_source=mcp&rp=7,note_ppe,"As at Apr 1, 2026",2026-04-01,instant,Accumulated depreciation | Wells,"Balance, April 1, 2026",-81.7,usd_millions,1,1,7,
business_100,3693795,7,https://web.quartr.com/companies/21558?companyId=21558&documentId=3693795&documentType=report&eventId=681828&navigation=external&utm_medium=referral&utm_source=mcp&rp=7,note_ppe,"As at Apr 1, 2026",2026-04-01,instant,Accumulated depreciation | Land and storage formations,"Balance, April 1, 2026",-21.3,usd_millions,1,1,7,
business_100,3693795,7,https://web.quartr.com/companies/21558?companyId=21558&documentId=3693795&documentType=report&eventId=681828&navigation=external&utm_medium=referral&utm_source=mcp&rp=7,note_ppe,"As at Apr 1, 2026",2026-04-01,instant,Accumulated depreciation | Facilities and other,"Balance, April 1, 2026",-155.4,usd_millions,1,1,7,
business_100,3693795,7,https://web.quartr.com/companies/21558?companyId=21558&documentId=3693795&documentType=report&eventId=681828&navigation=external&utm_medium=referral&utm_source=mcp&rp=7,note_ppe,"As at Apr 1, 2026",2026-04-01,instant,Accumulated depreciation | Total,"Balance, April 1, 2026",-301.6,usd_millions,1,1,7,
business_100,3693795,7,https://web.quartr.com/companies/21558?companyId=21558&documentId=3693795&documentType=report&eventId=681828&navigation=external&utm_medium=referral&utm_source=mcp&rp=7,note_ppe,Q1 FY2027,2026-06-30,Q,Accumulated depreciation | Cushion gas,Depreciation expense,0,usd_millions,0,0,8,printed_dash_zero
business_100,3693795,7,https://web.quartr.com/companies/21558?companyId=21558&documentId=3693795&documentType=report&eventId=681828&navigation=external&utm_medium=referral&utm_source=mcp&rp=7,note_ppe,Q1 FY2027,2026-06-30,Q,Accumulated depreciation | Pipelines and interconnects,Depreciation expense,-1.1,usd_millions,0,0,8,
business_100,3693795,7,https://web.quartr.com/companies/21558?companyId=21558&documentId=3693795&documentType=report&eventId=681828&navigation=external&utm_medium=referral&utm_source=mcp&rp=7,note_ppe,Q1 FY2027,2026-06-30,Q,Accumulated depreciation | Wells,Depreciation expense,-2.6,usd_millions,0,0,8,
business_100,3693795,7,https://web.quartr.com/companies/21558?companyId=21558&documentId=3693795&documentType=report&eventId=681828&navigation=external&utm_medium=referral&utm_source=mcp&rp=7,note_ppe,Q1 FY2027,2026-06-30,Q,Accumulated depreciation | Land and storage formations,Depreciation expense,-0.9,usd_millions,0,0,8,
business_100,3693795,7,https://web.quartr.com/companies/21558?companyId=21558&documentId=3693795&documentType=report&eventId=681828&navigation=external&utm_medium=referral&utm_source=mcp&rp=7,note_ppe,Q1 FY2027,2026-06-30,Q,Accumulated depreciation | Facilities and other,Depreciation expense,-3.2,usd_millions,0,0,8,
business_100,3693795,7,https://web.quartr.com/companies/21558?companyId=21558&documentId=3693795&documentType=report&eventId=681828&navigation=external&utm_medium=referral&utm_source=mcp&rp=7,note_ppe,Q1 FY2027,2026-06-30,Q,Accumulated depreciation | Total,Depreciation expense,-7.8,usd_millions,0,0,8,
business_100,3693795,7,https://web.quartr.com/companies/21558?companyId=21558&documentId=3693795&documentType=report&eventId=681828&navigation=external&utm_medium=referral&utm_source=mcp&rp=7,note_ppe,Q1 FY2027,2026-06-30,Q,Accumulated depreciation | Cushion gas,Disposals,0,usd_millions,0,0,9,printed_dash_zero
business_100,3693795,7,https://web.quartr.com/companies/21558?companyId=21558&documentId=3693795&documentType=report&eventId=681828&navigation=external&utm_medium=referral&utm_source=mcp&rp=7,note_ppe,Q1 FY2027,2026-06-30,Q,Accumulated depreciation | Pipelines and interconnects,Disposals,0,usd_millions,0,0,9,printed_dash_zero
business_100,3693795,7,https://web.quartr.com/companies/21558?companyId=21558&documentId=3693795&documentType=report&eventId=681828&navigation=external&utm_medium=referral&utm_source=mcp&rp=7,note_ppe,Q1 FY2027,2026-06-30,Q,Accumulated depreciation | Wells,Disposals,0.6,usd_millions,0,0,9,
business_100,3693795,7,https://web.quartr.com/companies/21558?companyId=21558&documentId=3693795&documentType=report&eventId=681828&navigation=external&utm_medium=referral&utm_source=mcp&rp=7,note_ppe,Q1 FY2027,2026-06-30,Q,Accumulated depreciation | Land and storage formations,Disposals,0,usd_millions,0,0,9,printed_dash_zero
business_100,3693795,7,https://web.quartr.com/companies/21558?companyId=21558&documentId=3693795&documentType=report&eventId=681828&navigation=external&utm_medium=referral&utm_source=mcp&rp=7,note_ppe,Q1 FY2027,2026-06-30,Q,Accumulated depreciation | Facilities and other,Disposals,0.1,usd_millions,0,0,9,
business_100,3693795,7,https://web.quartr.com/companies/21558?companyId=21558&documentId=3693795&documentType=report&eventId=681828&navigation=external&utm_medium=referral&utm_source=mcp&rp=7,note_ppe,Q1 FY2027,2026-06-30,Q,Accumulated depreciation | Total,Disposals,0.7,usd_millions,0,0,9,
business_100,3693795,7,https://web.quartr.com/companies/21558?companyId=21558&documentId=3693795&documentType=report&eventId=681828&navigation=external&utm_medium=referral&utm_source=mcp&rp=7,note_ppe,Q1 FY2027,2026-06-30,Q,Accumulated depreciation | Cushion gas,Foreign currency translation adjustments,0,usd_millions,0,0,10,printed_dash_zero
business_100,3693795,7,https://web.quartr.com/companies/21558?companyId=21558&documentId=3693795&documentType=report&eventId=681828&navigation=external&utm_medium=referral&utm_source=mcp&rp=7,note_ppe,Q1 FY2027,2026-06-30,Q,Accumulated depreciation | Pipelines and interconnects,Foreign currency translation adjustments,0,usd_millions,0,0,10,printed_dash_zero
business_100,3693795,7,https://web.quartr.com/companies/21558?companyId=21558&documentId=3693795&documentType=report&eventId=681828&navigation=external&utm_medium=referral&utm_source=mcp&rp=7,note_ppe,Q1 FY2027,2026-06-30,Q,Accumulated depreciation | Wells,Foreign currency translation adjustments,-0.1,usd_millions,0,0,10,
business_100,3693795,7,https://web.quartr.com/companies/21558?companyId=21558&documentId=3693795&documentType=report&eventId=681828&navigation=external&utm_medium=referral&utm_source=mcp&rp=7,note_ppe,Q1 FY2027,2026-06-30,Q,Accumulated depreciation | Land and storage formations,Foreign currency translation adjustments,0,usd_millions,0,0,10,printed_dash_zero
business_100,3693795,7,https://web.quartr.com/companies/21558?companyId=21558&documentId=3693795&documentType=report&eventId=681828&navigation=external&utm_medium=referral&utm_source=mcp&rp=7,note_ppe,Q1 FY2027,2026-06-30,Q,Accumulated depreciation | Facilities and other,Foreign currency translation adjustments,-0.2,usd_millions,0,0,10,
business_100,3693795,7,https://web.quartr.com/companies/21558?companyId=21558&documentId=3693795&documentType=report&eventId=681828&navigation=external&utm_medium=referral&utm_source=mcp&rp=7,note_ppe,Q1 FY2027,2026-06-30,Q,Accumulated depreciation | Total,Foreign currency translation adjustments,-0.3,usd_millions,0,0,10,
business_100,3693795,7,https://web.quartr.com/companies/21558?companyId=21558&documentId=3693795&documentType=report&eventId=681828&navigation=external&utm_medium=referral&utm_source=mcp&rp=7,note_ppe,"As at Jun 30, 2026",2026-06-30,instant,Accumulated depreciation | Cushion gas,"Balance, June 30, 2026",0,usd_millions,1,0,11,printed_dash_zero
business_100,3693795,7,https://web.quartr.com/companies/21558?companyId=21558&documentId=3693795&documentType=report&eventId=681828&navigation=external&utm_medium=referral&utm_source=mcp&rp=7,note_ppe,"As at Jun 30, 2026",2026-06-30,instant,Accumulated depreciation | Pipelines and interconnects,"Balance, June 30, 2026",-44.3,usd_millions,1,0,11,
business_100,3693795,7,https://web.quartr.com/companies/21558?companyId=21558&documentId=3693795&documentType=report&eventId=681828&navigation=external&utm_medium=referral&utm_source=mcp&rp=7,note_ppe,"As at Jun 30, 2026",2026-06-30,instant,Accumulated depreciation | Wells,"Balance, June 30, 2026",-83.8,usd_millions,1,0,11,
business_100,3693795,7,https://web.quartr.com/companies/21558?companyId=21558&documentId=3693795&documentType=report&eventId=681828&navigation=external&utm_medium=referral&utm_source=mcp&rp=7,note_ppe,"As at Jun 30, 2026",2026-06-30,instant,Accumulated depreciation | Land and storage formations,"Balance, June 30, 2026",-22.2,usd_millions,1,0,11,
business_100,3693795,7,https://web.quartr.com/companies/21558?companyId=21558&documentId=3693795&documentType=report&eventId=681828&navigation=external&utm_medium=referral&utm_source=mcp&rp=7,note_ppe,"As at Jun 30, 2026",2026-06-30,instant,Accumulated depreciation | Facilities and other,"Balance, June 30, 2026",-158.7,usd_millions,1,0,11,
business_100,3693795,7,https://web.quartr.com/companies/21558?companyId=21558&documentId=3693795&documentType=report&eventId=681828&navigation=external&utm_medium=referral&utm_source=mcp&rp=7,note_ppe,"As at Jun 30, 2026",2026-06-30,instant,Accumulated depreciation | Total,"Balance, June 30, 2026",-309.0,usd_millions,1,0,11,
business_100,3693795,7,https://web.quartr.com/companies/21558?companyId=21558&documentId=3693795&documentType=report&eventId=681828&navigation=external&utm_medium=referral&utm_source=mcp&rp=7,note_ppe,"As at Apr 1, 2026",2026-04-01,instant,Net book value | Cushion gas,"Balance, April 1, 2026",169.8,usd_millions,1,1,12,
business_100,3693795,7,https://web.quartr.com/companies/21558?companyId=21558&documentId=3693795&documentType=report&eventId=681828&navigation=external&utm_medium=referral&utm_source=mcp&rp=7,note_ppe,"As at Apr 1, 2026",2026-04-01,instant,Net book value | Pipelines and interconnects,"Balance, April 1, 2026",111.6,usd_millions,1,1,12,
business_100,3693795,7,https://web.quartr.com/companies/21558?companyId=21558&documentId=3693795&documentType=report&eventId=681828&navigation=external&utm_medium=referral&utm_source=mcp&rp=7,note_ppe,"As at Apr 1, 2026",2026-04-01,instant,Net book value | Wells,"Balance, April 1, 2026",250.9,usd_millions,1,1,12,
business_100,3693795,7,https://web.quartr.com/companies/21558?companyId=21558&documentId=3693795&documentType=report&eventId=681828&navigation=external&utm_medium=referral&utm_source=mcp&rp=7,note_ppe,"As at Apr 1, 2026",2026-04-01,instant,Net book value | Land and storage formations,"Balance, April 1, 2026",88.3,usd_millions,1,1,12,
business_100,3693795,7,https://web.quartr.com/companies/21558?companyId=21558&documentId=3693795&documentType=report&eventId=681828&navigation=external&utm_medium=referral&utm_source=mcp&rp=7,note_ppe,"As at Apr 1, 2026",2026-04-01,instant,Net book value | Facilities and other,"Balance, April 1, 2026",267.5,usd_millions,1,1,12,
business_100,3693795,7,https://web.quartr.com/companies/21558?companyId=21558&documentId=3693795&documentType=report&eventId=681828&navigation=external&utm_medium=referral&utm_source=mcp&rp=7,note_ppe,"As at Apr 1, 2026",2026-04-01,instant,Net book value | Total,"Balance, April 1, 2026",888.1,usd_millions,1,1,12,
business_100,3693795,7,https://web.quartr.com/companies/21558?companyId=21558&documentId=3693795&documentType=report&eventId=681828&navigation=external&utm_medium=referral&utm_source=mcp&rp=7,note_ppe,"As at Jun 30, 2026",2026-06-30,instant,Net book value | Cushion gas,"Balance, June 30, 2026",170.0,usd_millions,1,0,13,
business_100,3693795,7,https://web.quartr.com/companies/21558?companyId=21558&documentId=3693795&documentType=report&eventId=681828&navigation=external&utm_medium=referral&utm_source=mcp&rp=7,note_ppe,"As at Jun 30, 2026",2026-06-30,instant,Net book value | Pipelines and interconnects,"Balance, June 30, 2026",111.1,usd_millions,1,0,13,
business_100,3693795,7,https://web.quartr.com/companies/21558?companyId=21558&documentId=3693795&documentType=report&eventId=681828&navigation=external&utm_medium=referral&utm_source=mcp&rp=7,note_ppe,"As at Jun 30, 2026",2026-06-30,instant,Net book value | Wells,"Balance, June 30, 2026",250.0,usd_millions,1,0,13,
business_100,3693795,7,https://web.quartr.com/companies/21558?companyId=21558&documentId=3693795&documentType=report&eventId=681828&navigation=external&utm_medium=referral&utm_source=mcp&rp=7,note_ppe,"As at Jun 30, 2026",2026-06-30,instant,Net book value | Land and storage formations,"Balance, June 30, 2026",87.7,usd_millions,1,0,13,
business_100,3693795,7,https://web.quartr.com/companies/21558?companyId=21558&documentId=3693795&documentType=report&eventId=681828&navigation=external&utm_medium=referral&utm_source=mcp&rp=7,note_ppe,"As at Jun 30, 2026",2026-06-30,instant,Net book value | Facilities and other,"Balance, June 30, 2026",265.5,usd_millions,1,0,13,
business_100,3693795,7,https://web.quartr.com/companies/21558?companyId=21558&documentId=3693795&documentType=report&eventId=681828&navigation=external&utm_medium=referral&utm_source=mcp&rp=7,note_ppe,"As at Jun 30, 2026",2026-06-30,instant,Net book value | Total,"Balance, June 30, 2026",884.3,usd_millions,1,0,13,
business_100,3693795,8,https://web.quartr.com/companies/21558?companyId=21558&documentId=3693795&documentType=report&eventId=681828&navigation=external&utm_medium=referral&utm_source=mcp&rp=8,note_debt,"As at Jun 30, 2026",2026-06-30,instant,,Revolving Credit Facility,0,usd_millions,0,0,1,printed_dash_zero
business_100,3693795,8,https://web.quartr.com/companies/21558?companyId=21558&documentId=3693795&documentType=report&eventId=681828&navigation=external&utm_medium=referral&utm_source=mcp&rp=8,note_debt,"As at Mar 31, 2026",2026-03-31,instant,,Revolving Credit Facility,0,usd_millions,0,1,1,printed_dash_zero
business_100,3693795,8,https://web.quartr.com/companies/21558?companyId=21558&documentId=3693795&documentType=report&eventId=681828&navigation=external&utm_medium=referral&utm_source=mcp&rp=8,note_debt,"As at Jun 30, 2026",2026-06-30,instant,,Term Loan,1231.3,usd_millions,0,0,2,
business_100,3693795,8,https://web.quartr.com/companies/21558?companyId=21558&documentId=3693795&documentType=report&eventId=681828&navigation=external&utm_medium=referral&utm_source=mcp&rp=8,note_debt,"As at Mar 31, 2026",2026-03-31,instant,,Term Loan,1234.4,usd_millions,0,1,2,
business_100,3693795,8,https://web.quartr.com/companies/21558?companyId=21558&documentId=3693795&documentType=report&eventId=681828&navigation=external&utm_medium=referral&utm_source=mcp&rp=8,note_debt,"As at Jun 30, 2026",2026-06-30,instant,,Total principal amount of debt,1231.3,usd_millions,1,0,3,
business_100,3693795,8,https://web.quartr.com/companies/21558?companyId=21558&documentId=3693795&documentType=report&eventId=681828&navigation=external&utm_medium=referral&utm_source=mcp&rp=8,note_debt,"As at Mar 31, 2026",2026-03-31,instant,,Total principal amount of debt,1234.4,usd_millions,1,1,3,
business_100,3693795,8,https://web.quartr.com/companies/21558?companyId=21558&documentId=3693795&documentType=report&eventId=681828&navigation=external&utm_medium=referral&utm_source=mcp&rp=8,note_debt,"As at Jun 30, 2026",2026-06-30,instant,Less:,"Portion classified as current, net",-12.2,usd_millions,0,0,4,
business_100,3693795,8,https://web.quartr.com/companies/21558?companyId=21558&documentId=3693795&documentType=report&eventId=681828&navigation=external&utm_medium=referral&utm_source=mcp&rp=8,note_debt,"As at Mar 31, 2026",2026-03-31,instant,Less:,"Portion classified as current, net",-12.2,usd_millions,0,1,4,
business_100,3693795,8,https://web.quartr.com/companies/21558?companyId=21558&documentId=3693795&documentType=report&eventId=681828&navigation=external&utm_medium=referral&utm_source=mcp&rp=8,note_debt,"As at Jun 30, 2026",2026-06-30,instant,Less:,Unamortized discount and deferred financing costs,-25.0,usd_millions,0,0,5,
business_100,3693795,8,https://web.quartr.com/companies/21558?companyId=21558&documentId=3693795&documentType=report&eventId=681828&navigation=external&utm_medium=referral&utm_source=mcp&rp=8,note_debt,"As at Mar 31, 2026",2026-03-31,instant,Less:,Unamortized discount and deferred financing costs,-24.9,usd_millions,0,1,5,
business_100,3693795,8,https://web.quartr.com/companies/21558?companyId=21558&documentId=3693795&documentType=report&eventId=681828&navigation=external&utm_medium=referral&utm_source=mcp&rp=8,note_debt,"As at Jun 30, 2026",2026-06-30,instant,,"Total long-term debt, net",1194.1,usd_millions,1,0,6,
business_100,3693795,8,https://web.quartr.com/companies/21558?companyId=21558&documentId=3693795&documentType=report&eventId=681828&navigation=external&utm_medium=referral&utm_source=mcp&rp=8,note_debt,"As at Mar 31, 2026",2026-03-31,instant,,"Total long-term debt, net",1197.3,usd_millions,1,1,6,
business_100,3693795,9,https://web.quartr.com/companies/21558?companyId=21558&documentId=3693795&documentType=report&eventId=681828&navigation=external&utm_medium=referral&utm_source=mcp&rp=9,note_leases,Q1 FY2027,2026-06-30,Q,,Opening lease liabilities,99.5,usd_millions,0,0,1,
business_100,3693795,9,https://web.quartr.com/companies/21558?companyId=21558&documentId=3693795&documentType=report&eventId=681828&navigation=external&utm_medium=referral&utm_source=mcp&rp=9,note_leases,Q1 FY2026,2025-06-30,Q,,Opening lease liabilities,108.8,usd_millions,0,1,1,
business_100,3693795,9,https://web.quartr.com/companies/21558?companyId=21558&documentId=3693795&documentType=report&eventId=681828&navigation=external&utm_medium=referral&utm_source=mcp&rp=9,note_leases,Q1 FY2027,2026-06-30,Q,,Lease interest expense,2.4,usd_millions,0,0,2,
business_100,3693795,9,https://web.quartr.com/companies/21558?companyId=21558&documentId=3693795&documentType=report&eventId=681828&navigation=external&utm_medium=referral&utm_source=mcp&rp=9,note_leases,Q1 FY2026,2025-06-30,Q,,Lease interest expense,2.7,usd_millions,0,1,2,
business_100,3693795,9,https://web.quartr.com/companies/21558?companyId=21558&documentId=3693795&documentType=report&eventId=681828&navigation=external&utm_medium=referral&utm_source=mcp&rp=9,note_leases,Q1 FY2027,2026-06-30,Q,,Principal repayments,-0.1,usd_millions,0,0,3,
business_100,3693795,9,https://web.quartr.com/companies/21558?companyId=21558&documentId=3693795&documentType=report&eventId=681828&navigation=external&utm_medium=referral&utm_source=mcp&rp=9,note_leases,Q1 FY2026,2025-06-30,Q,,Principal repayments,-0.1,usd_millions,0,1,3,
business_100,3693795,9,https://web.quartr.com/companies/21558?companyId=21558&documentId=3693795&documentType=report&eventId=681828&navigation=external&utm_medium=referral&utm_source=mcp&rp=9,note_leases,Q1 FY2027,2026-06-30,Q,,Interest payments,-0.1,usd_millions,0,0,4,
business_100,3693795,9,https://web.quartr.com/companies/21558?companyId=21558&documentId=3693795&documentType=report&eventId=681828&navigation=external&utm_medium=referral&utm_source=mcp&rp=9,note_leases,Q1 FY2026,2025-06-30,Q,,Interest payments,-0.2,usd_millions,0,1,4,
business_100,3693795,9,https://web.quartr.com/companies/21558?companyId=21558&documentId=3693795&documentType=report&eventId=681828&navigation=external&utm_medium=referral&utm_source=mcp&rp=9,note_leases,Q1 FY2027,2026-06-30,Q,,Foreign exchange and other,-0.3,usd_millions,0,0,5,
business_100,3693795,9,https://web.quartr.com/companies/21558?companyId=21558&documentId=3693795&documentType=report&eventId=681828&navigation=external&utm_medium=referral&utm_source=mcp&rp=9,note_leases,Q1 FY2026,2025-06-30,Q,,Foreign exchange and other,0.2,usd_millions,0,1,5,
business_100,3693795,9,https://web.quartr.com/companies/21558?companyId=21558&documentId=3693795&documentType=report&eventId=681828&navigation=external&utm_medium=referral&utm_source=mcp&rp=9,note_leases,Q1 FY2027,2026-06-30,Q,,Lease additions and remeasurements,0.1,usd_millions,0,0,6,"caption was 'Lease additions, remeasurements and modifications' in FY2026 interim filings"
business_100,3693795,9,https://web.quartr.com/companies/21558?companyId=21558&documentId=3693795&documentType=report&eventId=681828&navigation=external&utm_medium=referral&utm_source=mcp&rp=9,note_leases,Q1 FY2026,2025-06-30,Q,,Lease additions and remeasurements,0,usd_millions,0,1,6,"caption was 'Lease additions, remeasurements and modifications' in FY2026 interim filings; printed_dash_zero"
business_100,3693795,9,https://web.quartr.com/companies/21558?companyId=21558&documentId=3693795&documentType=report&eventId=681828&navigation=external&utm_medium=referral&utm_source=mcp&rp=9,note_leases,Q1 FY2027,2026-06-30,Q,,Total lease liabilities,101.5,usd_millions,1,0,7,
business_100,3693795,9,https://web.quartr.com/companies/21558?companyId=21558&documentId=3693795&documentType=report&eventId=681828&navigation=external&utm_medium=referral&utm_source=mcp&rp=9,note_leases,Q1 FY2026,2025-06-30,Q,,Total lease liabilities,111.4,usd_millions,1,1,7,
business_100,3693795,9,https://web.quartr.com/companies/21558?companyId=21558&documentId=3693795&documentType=report&eventId=681828&navigation=external&utm_medium=referral&utm_source=mcp&rp=9,note_leases,Q1 FY2027,2026-06-30,Q,,Portion classified as current,-8.5,usd_millions,0,0,8,printed under 'Less:'
business_100,3693795,9,https://web.quartr.com/companies/21558?companyId=21558&documentId=3693795&documentType=report&eventId=681828&navigation=external&utm_medium=referral&utm_source=mcp&rp=9,note_leases,Q1 FY2026,2025-06-30,Q,,Portion classified as current,-9.2,usd_millions,0,1,8,printed under 'Less:'
business_100,3693795,9,https://web.quartr.com/companies/21558?companyId=21558&documentId=3693795&documentType=report&eventId=681828&navigation=external&utm_medium=referral&utm_source=mcp&rp=9,note_leases,Q1 FY2027,2026-06-30,Q,,Long-term lease liabilities,93.0,usd_millions,1,0,9,
business_100,3693795,9,https://web.quartr.com/companies/21558?companyId=21558&documentId=3693795&documentType=report&eventId=681828&navigation=external&utm_medium=referral&utm_source=mcp&rp=9,note_leases,Q1 FY2026,2025-06-30,Q,,Long-term lease liabilities,102.2,usd_millions,1,1,9,
business_100,3693795,9,https://web.quartr.com/companies/21558?companyId=21558&documentId=3693795&documentType=report&eventId=681828&navigation=external&utm_medium=referral&utm_source=mcp&rp=9,note_other,"As at Jun 30, 2026",2026-06-30,instant,Trade payables and accrued liabilities,Trade payables,0.5,usd_millions,0,0,1,
business_100,3693795,9,https://web.quartr.com/companies/21558?companyId=21558&documentId=3693795&documentType=report&eventId=681828&navigation=external&utm_medium=referral&utm_source=mcp&rp=9,note_other,"As at Mar 31, 2026",2026-03-31,instant,Trade payables and accrued liabilities,Trade payables,1.4,usd_millions,0,1,1,
business_100,3693795,9,https://web.quartr.com/companies/21558?companyId=21558&documentId=3693795&documentType=report&eventId=681828&navigation=external&utm_medium=referral&utm_source=mcp&rp=9,note_other,"As at Jun 30, 2026",2026-06-30,instant,Trade payables and accrued liabilities,Accrued gas purchases,24.3,usd_millions,0,0,2,
business_100,3693795,9,https://web.quartr.com/companies/21558?companyId=21558&documentId=3693795&documentType=report&eventId=681828&navigation=external&utm_medium=referral&utm_source=mcp&rp=9,note_other,"As at Mar 31, 2026",2026-03-31,instant,Trade payables and accrued liabilities,Accrued gas purchases,20.6,usd_millions,0,1,2,
business_100,3693795,9,https://web.quartr.com/companies/21558?companyId=21558&documentId=3693795&documentType=report&eventId=681828&navigation=external&utm_medium=referral&utm_source=mcp&rp=9,note_other,"As at Jun 30, 2026",2026-06-30,instant,Trade payables and accrued liabilities,Accrued interest,0.8,usd_millions,0,0,3,
business_100,3693795,9,https://web.quartr.com/companies/21558?companyId=21558&documentId=3693795&documentType=report&eventId=681828&navigation=external&utm_medium=referral&utm_source=mcp&rp=9,note_other,"As at Mar 31, 2026",2026-03-31,instant,Trade payables and accrued liabilities,Accrued interest,1.0,usd_millions,0,1,3,
business_100,3693795,9,https://web.quartr.com/companies/21558?companyId=21558&documentId=3693795&documentType=report&eventId=681828&navigation=external&utm_medium=referral&utm_source=mcp&rp=9,note_other,"As at Jun 30, 2026",2026-06-30,instant,Trade payables and accrued liabilities,Employee-related accruals,3.5,usd_millions,0,0,4,
business_100,3693795,9,https://web.quartr.com/companies/21558?companyId=21558&documentId=3693795&documentType=report&eventId=681828&navigation=external&utm_medium=referral&utm_source=mcp&rp=9,note_other,"As at Mar 31, 2026",2026-03-31,instant,Trade payables and accrued liabilities,Employee-related accruals,7.6,usd_millions,0,1,4,
business_100,3693795,9,https://web.quartr.com/companies/21558?companyId=21558&documentId=3693795&documentType=report&eventId=681828&navigation=external&utm_medium=referral&utm_source=mcp&rp=9,note_other,"As at Jun 30, 2026",2026-06-30,instant,Trade payables and accrued liabilities,Current income taxes payable,3.4,usd_millions,0,0,5,
business_100,3693795,9,https://web.quartr.com/companies/21558?companyId=21558&documentId=3693795&documentType=report&eventId=681828&navigation=external&utm_medium=referral&utm_source=mcp&rp=9,note_other,"As at Mar 31, 2026",2026-03-31,instant,Trade payables and accrued liabilities,Current income taxes payable,5.4,usd_millions,0,1,5,
business_100,3693795,9,https://web.quartr.com/companies/21558?companyId=21558&documentId=3693795&documentType=report&eventId=681828&navigation=external&utm_medium=referral&utm_source=mcp&rp=9,note_other,"As at Jun 30, 2026",2026-06-30,instant,Trade payables and accrued liabilities,"Other accrued liabilities, affiliated",0.1,usd_millions,0,0,6,
business_100,3693795,9,https://web.quartr.com/companies/21558?companyId=21558&documentId=3693795&documentType=report&eventId=681828&navigation=external&utm_medium=referral&utm_source=mcp&rp=9,note_other,"As at Mar 31, 2026",2026-03-31,instant,Trade payables and accrued liabilities,"Other accrued liabilities, affiliated",0.2,usd_millions,0,1,6,
business_100,3693795,9,https://web.quartr.com/companies/21558?companyId=21558&documentId=3693795&documentType=report&eventId=681828&navigation=external&utm_medium=referral&utm_source=mcp&rp=9,note_other,"As at Jun 30, 2026",2026-06-30,instant,Trade payables and accrued liabilities,"Other accrued liabilities, non-affiliated",6.7,usd_millions,0,0,7,
business_100,3693795,9,https://web.quartr.com/companies/21558?companyId=21558&documentId=3693795&documentType=report&eventId=681828&navigation=external&utm_medium=referral&utm_source=mcp&rp=9,note_other,"As at Mar 31, 2026",2026-03-31,instant,Trade payables and accrued liabilities,"Other accrued liabilities, non-affiliated",9.4,usd_millions,0,1,7,
business_100,3693795,9,https://web.quartr.com/companies/21558?companyId=21558&documentId=3693795&documentType=report&eventId=681828&navigation=external&utm_medium=referral&utm_source=mcp&rp=9,note_other,"As at Jun 30, 2026",2026-06-30,instant,Trade payables and accrued liabilities,Total,39.3,usd_millions,1,0,8,
business_100,3693795,9,https://web.quartr.com/companies/21558?companyId=21558&documentId=3693795&documentType=report&eventId=681828&navigation=external&utm_medium=referral&utm_source=mcp&rp=9,note_other,"As at Mar 31, 2026",2026-03-31,instant,Trade payables and accrued liabilities,Total,45.6,usd_millions,1,1,8,
business_100,3693795,10,https://web.quartr.com/companies/21558?companyId=21558&documentId=3693795&documentType=report&eventId=681828&navigation=external&utm_medium=referral&utm_source=mcp&rp=10,note_revenue,Q1 FY2027,2026-06-30,Q,Take-or-Pay contract revenue,U.S.,53.6,usd_millions,0,0,1,
business_100,3693795,10,https://web.quartr.com/companies/21558?companyId=21558&documentId=3693795&documentType=report&eventId=681828&navigation=external&utm_medium=referral&utm_source=mcp&rp=10,note_revenue,Q1 FY2026,2025-06-30,Q,Take-or-Pay contract revenue,U.S.,51.6,usd_millions,0,1,1,
business_100,3693795,10,https://web.quartr.com/companies/21558?companyId=21558&documentId=3693795&documentType=report&eventId=681828&navigation=external&utm_medium=referral&utm_source=mcp&rp=10,note_revenue,Q1 FY2027,2026-06-30,Q,Take-or-Pay contract revenue,Canada,8.2,usd_millions,0,0,2,
business_100,3693795,10,https://web.quartr.com/companies/21558?companyId=21558&documentId=3693795&documentType=report&eventId=681828&navigation=external&utm_medium=referral&utm_source=mcp&rp=10,note_revenue,Q1 FY2026,2025-06-30,Q,Take-or-Pay contract revenue,Canada,6.9,usd_millions,0,1,2,
business_100,3693795,10,https://web.quartr.com/companies/21558?companyId=21558&documentId=3693795&documentType=report&eventId=681828&navigation=external&utm_medium=referral&utm_source=mcp&rp=10,note_revenue,Q1 FY2027,2026-06-30,Q,Short-term Storage service revenue,U.S.,13.1,usd_millions,0,0,3,
business_100,3693795,10,https://web.quartr.com/companies/21558?companyId=21558&documentId=3693795&documentType=report&eventId=681828&navigation=external&utm_medium=referral&utm_source=mcp&rp=10,note_revenue,Q1 FY2026,2025-06-30,Q,Short-term Storage service revenue,U.S.,13.7,usd_millions,0,1,3,
business_100,3693795,10,https://web.quartr.com/companies/21558?companyId=21558&documentId=3693795&documentType=report&eventId=681828&navigation=external&utm_medium=referral&utm_source=mcp&rp=10,note_revenue,Q1 FY2027,2026-06-30,Q,Short-term Storage service revenue,Canada,20.7,usd_millions,0,0,4,
business_100,3693795,10,https://web.quartr.com/companies/21558?companyId=21558&documentId=3693795&documentType=report&eventId=681828&navigation=external&utm_medium=referral&utm_source=mcp&rp=10,note_revenue,Q1 FY2026,2025-06-30,Q,Short-term Storage service revenue,Canada,20.0,usd_millions,0,1,4,
business_100,3693795,10,https://web.quartr.com/companies/21558?companyId=21558&documentId=3693795&documentType=report&eventId=681828&navigation=external&utm_medium=referral&utm_source=mcp&rp=10,note_revenue,Q1 FY2027,2026-06-30,Q,,Total Fee-for-Service revenue from contracts with customers,95.6,usd_millions,1,0,5,
business_100,3693795,10,https://web.quartr.com/companies/21558?companyId=21558&documentId=3693795&documentType=report&eventId=681828&navigation=external&utm_medium=referral&utm_source=mcp&rp=10,note_revenue,Q1 FY2026,2025-06-30,Q,,Total Fee-for-Service revenue from contracts with customers,92.2,usd_millions,1,1,5,
business_100,3693795,10,https://web.quartr.com/companies/21558?companyId=21558&documentId=3693795&documentType=report&eventId=681828&navigation=external&utm_medium=referral&utm_source=mcp&rp=10,note_revenue,Q1 FY2027,2026-06-30,Q,"Optimization, net",Retail realized optimization,3.8,usd_millions,0,0,6,
business_100,3693795,10,https://web.quartr.com/companies/21558?companyId=21558&documentId=3693795&documentType=report&eventId=681828&navigation=external&utm_medium=referral&utm_source=mcp&rp=10,note_revenue,Q1 FY2026,2025-06-30,Q,"Optimization, net",Retail realized optimization,4.0,usd_millions,0,1,6,
business_100,3693795,10,https://web.quartr.com/companies/21558?companyId=21558&documentId=3693795&documentType=report&eventId=681828&navigation=external&utm_medium=referral&utm_source=mcp&rp=10,note_revenue,Q1 FY2027,2026-06-30,Q,"Optimization, net",Storage realized optimization,-5.8,usd_millions,0,0,7,
business_100,3693795,10,https://web.quartr.com/companies/21558?companyId=21558&documentId=3693795&documentType=report&eventId=681828&navigation=external&utm_medium=referral&utm_source=mcp&rp=10,note_revenue,Q1 FY2026,2025-06-30,Q,"Optimization, net",Storage realized optimization,0.8,usd_millions,0,1,7,
business_100,3693795,10,https://web.quartr.com/companies/21558?companyId=21558&documentId=3693795&documentType=report&eventId=681828&navigation=external&utm_medium=referral&utm_source=mcp&rp=10,note_revenue,Q1 FY2027,2026-06-30,Q,"Optimization, net","Realized optimization, net",-2.0,usd_millions,1,0,8,
business_100,3693795,10,https://web.quartr.com/companies/21558?companyId=21558&documentId=3693795&documentType=report&eventId=681828&navigation=external&utm_medium=referral&utm_source=mcp&rp=10,note_revenue,Q1 FY2026,2025-06-30,Q,"Optimization, net","Realized optimization, net",4.8,usd_millions,1,1,8,
business_100,3693795,10,https://web.quartr.com/companies/21558?companyId=21558&documentId=3693795&documentType=report&eventId=681828&navigation=external&utm_medium=referral&utm_source=mcp&rp=10,note_revenue,Q1 FY2027,2026-06-30,Q,"Optimization, net",Retail unrealized optimization losses,-0.6,usd_millions,0,0,9,
business_100,3693795,10,https://web.quartr.com/companies/21558?companyId=21558&documentId=3693795&documentType=report&eventId=681828&navigation=external&utm_medium=referral&utm_source=mcp&rp=10,note_revenue,Q1 FY2026,2025-06-30,Q,"Optimization, net",Retail unrealized optimization losses,-0.9,usd_millions,0,1,9,
business_100,3693795,10,https://web.quartr.com/companies/21558?companyId=21558&documentId=3693795&documentType=report&eventId=681828&navigation=external&utm_medium=referral&utm_source=mcp&rp=10,note_revenue,Q1 FY2027,2026-06-30,Q,"Optimization, net",Storage unrealized optimization (losses) gains,-0.4,usd_millions,0,0,10,
business_100,3693795,10,https://web.quartr.com/companies/21558?companyId=21558&documentId=3693795&documentType=report&eventId=681828&navigation=external&utm_medium=referral&utm_source=mcp&rp=10,note_revenue,Q1 FY2026,2025-06-30,Q,"Optimization, net",Storage unrealized optimization (losses) gains,8.0,usd_millions,0,1,10,
business_100,3693795,10,https://web.quartr.com/companies/21558?companyId=21558&documentId=3693795&documentType=report&eventId=681828&navigation=external&utm_medium=referral&utm_source=mcp&rp=10,note_revenue,Q1 FY2027,2026-06-30,Q,"Optimization, net","Unrealized optimization (losses) gains, net",-1.0,usd_millions,1,0,11,
business_100,3693795,10,https://web.quartr.com/companies/21558?companyId=21558&documentId=3693795&documentType=report&eventId=681828&navigation=external&utm_medium=referral&utm_source=mcp&rp=10,note_revenue,Q1 FY2026,2025-06-30,Q,"Optimization, net","Unrealized optimization (losses) gains, net",7.1,usd_millions,1,1,11,
business_100,3693795,10,https://web.quartr.com/companies/21558?companyId=21558&documentId=3693795&documentType=report&eventId=681828&navigation=external&utm_medium=referral&utm_source=mcp&rp=10,note_revenue,Q1 FY2027,2026-06-30,Q,"Optimization, net",(unlabelled subtotal),-3.0,usd_millions,1,0,12,"unlabelled total row - no caption printed; equals Optimization, net on the income statement"
business_100,3693795,10,https://web.quartr.com/companies/21558?companyId=21558&documentId=3693795&documentType=report&eventId=681828&navigation=external&utm_medium=referral&utm_source=mcp&rp=10,note_revenue,Q1 FY2026,2025-06-30,Q,"Optimization, net",(unlabelled subtotal),11.9,usd_millions,1,1,12,"unlabelled total row - no caption printed; equals Optimization, net on the income statement"
business_100,3693795,11,https://web.quartr.com/companies/21558?companyId=21558&documentId=3693795&documentType=report&eventId=681828&navigation=external&utm_medium=referral&utm_source=mcp&rp=11,note_financial_instruments,"As at Jun 30, 2026",2026-06-30,instant,Risk management assets and liabilities | Energy Contracts,Short-term risk management assets,18.9,usd_millions,0,0,1,
business_100,3693795,11,https://web.quartr.com/companies/21558?companyId=21558&documentId=3693795&documentType=report&eventId=681828&navigation=external&utm_medium=referral&utm_source=mcp&rp=11,note_financial_instruments,"As at Jun 30, 2026",2026-06-30,instant,Risk management assets and liabilities | Currency Contracts,Short-term risk management assets,0.4,usd_millions,0,0,1,
business_100,3693795,11,https://web.quartr.com/companies/21558?companyId=21558&documentId=3693795&documentType=report&eventId=681828&navigation=external&utm_medium=referral&utm_source=mcp&rp=11,note_financial_instruments,"As at Jun 30, 2026",2026-06-30,instant,Risk management assets and liabilities | Interest Rate Contracts,Short-term risk management assets,6.3,usd_millions,0,0,1,
business_100,3693795,11,https://web.quartr.com/companies/21558?companyId=21558&documentId=3693795&documentType=report&eventId=681828&navigation=external&utm_medium=referral&utm_source=mcp&rp=11,note_financial_instruments,"As at Jun 30, 2026",2026-06-30,instant,Risk management assets and liabilities | Total,Short-term risk management assets,25.6,usd_millions,0,0,1,
business_100,3693795,11,https://web.quartr.com/companies/21558?companyId=21558&documentId=3693795&documentType=report&eventId=681828&navigation=external&utm_medium=referral&utm_source=mcp&rp=11,note_financial_instruments,"As at Jun 30, 2026",2026-06-30,instant,Risk management assets and liabilities | Energy Contracts,Long-term risk management assets,10.3,usd_millions,0,0,2,
business_100,3693795,11,https://web.quartr.com/companies/21558?companyId=21558&documentId=3693795&documentType=report&eventId=681828&navigation=external&utm_medium=referral&utm_source=mcp&rp=11,note_financial_instruments,"As at Jun 30, 2026",2026-06-30,instant,Risk management assets and liabilities | Currency Contracts,Long-term risk management assets,0,usd_millions,0,0,2,printed_dash_zero
business_100,3693795,11,https://web.quartr.com/companies/21558?companyId=21558&documentId=3693795&documentType=report&eventId=681828&navigation=external&utm_medium=referral&utm_source=mcp&rp=11,note_financial_instruments,"As at Jun 30, 2026",2026-06-30,instant,Risk management assets and liabilities | Interest Rate Contracts,Long-term risk management assets,19.3,usd_millions,0,0,2,
business_100,3693795,11,https://web.quartr.com/companies/21558?companyId=21558&documentId=3693795&documentType=report&eventId=681828&navigation=external&utm_medium=referral&utm_source=mcp&rp=11,note_financial_instruments,"As at Jun 30, 2026",2026-06-30,instant,Risk management assets and liabilities | Total,Long-term risk management assets,29.6,usd_millions,0,0,2,
business_100,3693795,11,https://web.quartr.com/companies/21558?companyId=21558&documentId=3693795&documentType=report&eventId=681828&navigation=external&utm_medium=referral&utm_source=mcp&rp=11,note_financial_instruments,"As at Jun 30, 2026",2026-06-30,instant,Risk management assets and liabilities | Energy Contracts,Short-term risk management liabilities,-7.8,usd_millions,0,0,3,
business_100,3693795,11,https://web.quartr.com/companies/21558?companyId=21558&documentId=3693795&documentType=report&eventId=681828&navigation=external&utm_medium=referral&utm_source=mcp&rp=11,note_financial_instruments,"As at Jun 30, 2026",2026-06-30,instant,Risk management assets and liabilities | Currency Contracts,Short-term risk management liabilities,0,usd_millions,0,0,3,printed_dash_zero
business_100,3693795,11,https://web.quartr.com/companies/21558?companyId=21558&documentId=3693795&documentType=report&eventId=681828&navigation=external&utm_medium=referral&utm_source=mcp&rp=11,note_financial_instruments,"As at Jun 30, 2026",2026-06-30,instant,Risk management assets and liabilities | Interest Rate Contracts,Short-term risk management liabilities,0,usd_millions,0,0,3,printed_dash_zero
business_100,3693795,11,https://web.quartr.com/companies/21558?companyId=21558&documentId=3693795&documentType=report&eventId=681828&navigation=external&utm_medium=referral&utm_source=mcp&rp=11,note_financial_instruments,"As at Jun 30, 2026",2026-06-30,instant,Risk management assets and liabilities | Total,Short-term risk management liabilities,-7.8,usd_millions,0,0,3,
business_100,3693795,11,https://web.quartr.com/companies/21558?companyId=21558&documentId=3693795&documentType=report&eventId=681828&navigation=external&utm_medium=referral&utm_source=mcp&rp=11,note_financial_instruments,"As at Jun 30, 2026",2026-06-30,instant,Risk management assets and liabilities | Energy Contracts,Long-term risk management liabilities,-4.1,usd_millions,0,0,4,
business_100,3693795,11,https://web.quartr.com/companies/21558?companyId=21558&documentId=3693795&documentType=report&eventId=681828&navigation=external&utm_medium=referral&utm_source=mcp&rp=11,note_financial_instruments,"As at Jun 30, 2026",2026-06-30,instant,Risk management assets and liabilities | Currency Contracts,Long-term risk management liabilities,0,usd_millions,0,0,4,printed_dash_zero
business_100,3693795,11,https://web.quartr.com/companies/21558?companyId=21558&documentId=3693795&documentType=report&eventId=681828&navigation=external&utm_medium=referral&utm_source=mcp&rp=11,note_financial_instruments,"As at Jun 30, 2026",2026-06-30,instant,Risk management assets and liabilities | Interest Rate Contracts,Long-term risk management liabilities,0,usd_millions,0,0,4,printed_dash_zero
business_100,3693795,11,https://web.quartr.com/companies/21558?companyId=21558&documentId=3693795&documentType=report&eventId=681828&navigation=external&utm_medium=referral&utm_source=mcp&rp=11,note_financial_instruments,"As at Jun 30, 2026",2026-06-30,instant,Risk management assets and liabilities | Total,Long-term risk management liabilities,-4.1,usd_millions,0,0,4,
business_100,3693795,11,https://web.quartr.com/companies/21558?companyId=21558&documentId=3693795&documentType=report&eventId=681828&navigation=external&utm_medium=referral&utm_source=mcp&rp=11,note_financial_instruments,"As at Jun 30, 2026",2026-06-30,instant,Risk management assets and liabilities | Energy Contracts,(unlabelled subtotal),17.3,usd_millions,1,0,5,unlabelled net total row - no caption printed
business_100,3693795,11,https://web.quartr.com/companies/21558?companyId=21558&documentId=3693795&documentType=report&eventId=681828&navigation=external&utm_medium=referral&utm_source=mcp&rp=11,note_financial_instruments,"As at Jun 30, 2026",2026-06-30,instant,Risk management assets and liabilities | Currency Contracts,(unlabelled subtotal),0.4,usd_millions,1,0,5,unlabelled net total row - no caption printed
business_100,3693795,11,https://web.quartr.com/companies/21558?companyId=21558&documentId=3693795&documentType=report&eventId=681828&navigation=external&utm_medium=referral&utm_source=mcp&rp=11,note_financial_instruments,"As at Jun 30, 2026",2026-06-30,instant,Risk management assets and liabilities | Interest Rate Contracts,(unlabelled subtotal),25.6,usd_millions,1,0,5,unlabelled net total row - no caption printed
business_100,3693795,11,https://web.quartr.com/companies/21558?companyId=21558&documentId=3693795&documentType=report&eventId=681828&navigation=external&utm_medium=referral&utm_source=mcp&rp=11,note_financial_instruments,"As at Jun 30, 2026",2026-06-30,instant,Risk management assets and liabilities | Total,(unlabelled subtotal),43.3,usd_millions,1,0,5,unlabelled net total row - no caption printed
business_100,3693795,11,https://web.quartr.com/companies/21558?companyId=21558&documentId=3693795&documentType=report&eventId=681828&navigation=external&utm_medium=referral&utm_source=mcp&rp=11,note_financial_instruments,"As at Mar 31, 2026",2026-03-31,instant,Risk management assets and liabilities | Energy Contracts,Short-term risk management assets,24.0,usd_millions,0,1,1,"'Balance, March 31, 2026' block was returned by the extractor as loose text rather than a table; reconstructed and cross-checked to the balance sheet and to column/row totals"
business_100,3693795,11,https://web.quartr.com/companies/21558?companyId=21558&documentId=3693795&documentType=report&eventId=681828&navigation=external&utm_medium=referral&utm_source=mcp&rp=11,note_financial_instruments,"As at Mar 31, 2026",2026-03-31,instant,Risk management assets and liabilities | Currency Contracts,Short-term risk management assets,0.5,usd_millions,0,1,1,"'Balance, March 31, 2026' block was returned by the extractor as loose text rather than a table; reconstructed and cross-checked to the balance sheet and to column/row totals"
business_100,3693795,11,https://web.quartr.com/companies/21558?companyId=21558&documentId=3693795&documentType=report&eventId=681828&navigation=external&utm_medium=referral&utm_source=mcp&rp=11,note_financial_instruments,"As at Mar 31, 2026",2026-03-31,instant,Risk management assets and liabilities | Interest Rate Contracts,Short-term risk management assets,3.1,usd_millions,0,1,1,"'Balance, March 31, 2026' block was returned by the extractor as loose text rather than a table; reconstructed and cross-checked to the balance sheet and to column/row totals"
business_100,3693795,11,https://web.quartr.com/companies/21558?companyId=21558&documentId=3693795&documentType=report&eventId=681828&navigation=external&utm_medium=referral&utm_source=mcp&rp=11,note_financial_instruments,"As at Mar 31, 2026",2026-03-31,instant,Risk management assets and liabilities | Total,Short-term risk management assets,27.6,usd_millions,0,1,1,"'Balance, March 31, 2026' block was returned by the extractor as loose text rather than a table; reconstructed and cross-checked to the balance sheet and to column/row totals"
business_100,3693795,11,https://web.quartr.com/companies/21558?companyId=21558&documentId=3693795&documentType=report&eventId=681828&navigation=external&utm_medium=referral&utm_source=mcp&rp=11,note_financial_instruments,"As at Mar 31, 2026",2026-03-31,instant,Risk management assets and liabilities | Energy Contracts,Long-term risk management assets,11.2,usd_millions,0,1,2,"'Balance, March 31, 2026' block was returned by the extractor as loose text rather than a table; reconstructed and cross-checked to the balance sheet and to column/row totals"
business_100,3693795,11,https://web.quartr.com/companies/21558?companyId=21558&documentId=3693795&documentType=report&eventId=681828&navigation=external&utm_medium=referral&utm_source=mcp&rp=11,note_financial_instruments,"As at Mar 31, 2026",2026-03-31,instant,Risk management assets and liabilities | Currency Contracts,Long-term risk management assets,0,usd_millions,0,1,2,"'Balance, March 31, 2026' block was returned by the extractor as loose text rather than a table; reconstructed and cross-checked to the balance sheet and to column/row totals; printed_dash_zero"
business_100,3693795,11,https://web.quartr.com/companies/21558?companyId=21558&documentId=3693795&documentType=report&eventId=681828&navigation=external&utm_medium=referral&utm_source=mcp&rp=11,note_financial_instruments,"As at Mar 31, 2026",2026-03-31,instant,Risk management assets and liabilities | Interest Rate Contracts,Long-term risk management assets,8.0,usd_millions,0,1,2,"'Balance, March 31, 2026' block was returned by the extractor as loose text rather than a table; reconstructed and cross-checked to the balance sheet and to column/row totals"
business_100,3693795,11,https://web.quartr.com/companies/21558?companyId=21558&documentId=3693795&documentType=report&eventId=681828&navigation=external&utm_medium=referral&utm_source=mcp&rp=11,note_financial_instruments,"As at Mar 31, 2026",2026-03-31,instant,Risk management assets and liabilities | Total,Long-term risk management assets,19.2,usd_millions,0,1,2,"'Balance, March 31, 2026' block was returned by the extractor as loose text rather than a table; reconstructed and cross-checked to the balance sheet and to column/row totals"
business_100,3693795,11,https://web.quartr.com/companies/21558?companyId=21558&documentId=3693795&documentType=report&eventId=681828&navigation=external&utm_medium=referral&utm_source=mcp&rp=11,note_financial_instruments,"As at Mar 31, 2026",2026-03-31,instant,Risk management assets and liabilities | Energy Contracts,Short-term risk management liabilities,-13.0,usd_millions,0,1,3,"'Balance, March 31, 2026' block was returned by the extractor as loose text rather than a table; reconstructed and cross-checked to the balance sheet and to column/row totals"
business_100,3693795,11,https://web.quartr.com/companies/21558?companyId=21558&documentId=3693795&documentType=report&eventId=681828&navigation=external&utm_medium=referral&utm_source=mcp&rp=11,note_financial_instruments,"As at Mar 31, 2026",2026-03-31,instant,Risk management assets and liabilities | Currency Contracts,Short-term risk management liabilities,0,usd_millions,0,1,3,"'Balance, March 31, 2026' block was returned by the extractor as loose text rather than a table; reconstructed and cross-checked to the balance sheet and to column/row totals; printed_dash_zero"
business_100,3693795,11,https://web.quartr.com/companies/21558?companyId=21558&documentId=3693795&documentType=report&eventId=681828&navigation=external&utm_medium=referral&utm_source=mcp&rp=11,note_financial_instruments,"As at Mar 31, 2026",2026-03-31,instant,Risk management assets and liabilities | Interest Rate Contracts,Short-term risk management liabilities,0,usd_millions,0,1,3,"'Balance, March 31, 2026' block was returned by the extractor as loose text rather than a table; reconstructed and cross-checked to the balance sheet and to column/row totals; printed_dash_zero"
business_100,3693795,11,https://web.quartr.com/companies/21558?companyId=21558&documentId=3693795&documentType=report&eventId=681828&navigation=external&utm_medium=referral&utm_source=mcp&rp=11,note_financial_instruments,"As at Mar 31, 2026",2026-03-31,instant,Risk management assets and liabilities | Total,Short-term risk management liabilities,-13.0,usd_millions,0,1,3,"'Balance, March 31, 2026' block was returned by the extractor as loose text rather than a table; reconstructed and cross-checked to the balance sheet and to column/row totals"
business_100,3693795,11,https://web.quartr.com/companies/21558?companyId=21558&documentId=3693795&documentType=report&eventId=681828&navigation=external&utm_medium=referral&utm_source=mcp&rp=11,note_financial_instruments,"As at Mar 31, 2026",2026-03-31,instant,Risk management assets and liabilities | Energy Contracts,Long-term risk management liabilities,-4.1,usd_millions,0,1,4,"'Balance, March 31, 2026' block was returned by the extractor as loose text rather than a table; reconstructed and cross-checked to the balance sheet and to column/row totals"
business_100,3693795,11,https://web.quartr.com/companies/21558?companyId=21558&documentId=3693795&documentType=report&eventId=681828&navigation=external&utm_medium=referral&utm_source=mcp&rp=11,note_financial_instruments,"As at Mar 31, 2026",2026-03-31,instant,Risk management assets and liabilities | Currency Contracts,Long-term risk management liabilities,0,usd_millions,0,1,4,"'Balance, March 31, 2026' block was returned by the extractor as loose text rather than a table; reconstructed and cross-checked to the balance sheet and to column/row totals; printed_dash_zero"
business_100,3693795,11,https://web.quartr.com/companies/21558?companyId=21558&documentId=3693795&documentType=report&eventId=681828&navigation=external&utm_medium=referral&utm_source=mcp&rp=11,note_financial_instruments,"As at Mar 31, 2026",2026-03-31,instant,Risk management assets and liabilities | Interest Rate Contracts,Long-term risk management liabilities,0,usd_millions,0,1,4,"'Balance, March 31, 2026' block was returned by the extractor as loose text rather than a table; reconstructed and cross-checked to the balance sheet and to column/row totals; printed_dash_zero"
business_100,3693795,11,https://web.quartr.com/companies/21558?companyId=21558&documentId=3693795&documentType=report&eventId=681828&navigation=external&utm_medium=referral&utm_source=mcp&rp=11,note_financial_instruments,"As at Mar 31, 2026",2026-03-31,instant,Risk management assets and liabilities | Total,Long-term risk management liabilities,-4.1,usd_millions,0,1,4,"'Balance, March 31, 2026' block was returned by the extractor as loose text rather than a table; reconstructed and cross-checked to the balance sheet and to column/row totals"
business_100,3693795,11,https://web.quartr.com/companies/21558?companyId=21558&documentId=3693795&documentType=report&eventId=681828&navigation=external&utm_medium=referral&utm_source=mcp&rp=11,note_financial_instruments,"As at Mar 31, 2026",2026-03-31,instant,Risk management assets and liabilities | Energy Contracts,(unlabelled subtotal),18.1,usd_millions,1,1,5,"'Balance, March 31, 2026' block was returned by the extractor as loose text rather than a table; reconstructed and cross-checked to the balance sheet and to column/row totals; unlabelled net total row - no caption printed"
business_100,3693795,11,https://web.quartr.com/companies/21558?companyId=21558&documentId=3693795&documentType=report&eventId=681828&navigation=external&utm_medium=referral&utm_source=mcp&rp=11,note_financial_instruments,"As at Mar 31, 2026",2026-03-31,instant,Risk management assets and liabilities | Currency Contracts,(unlabelled subtotal),0.5,usd_millions,1,1,5,"'Balance, March 31, 2026' block was returned by the extractor as loose text rather than a table; reconstructed and cross-checked to the balance sheet and to column/row totals; unlabelled net total row - no caption printed"
business_100,3693795,11,https://web.quartr.com/companies/21558?companyId=21558&documentId=3693795&documentType=report&eventId=681828&navigation=external&utm_medium=referral&utm_source=mcp&rp=11,note_financial_instruments,"As at Mar 31, 2026",2026-03-31,instant,Risk management assets and liabilities | Interest Rate Contracts,(unlabelled subtotal),11.1,usd_millions,1,1,5,"'Balance, March 31, 2026' block was returned by the extractor as loose text rather than a table; reconstructed and cross-checked to the balance sheet and to column/row totals; unlabelled net total row - no caption printed"
business_100,3693795,11,https://web.quartr.com/companies/21558?companyId=21558&documentId=3693795&documentType=report&eventId=681828&navigation=external&utm_medium=referral&utm_source=mcp&rp=11,note_financial_instruments,"As at Mar 31, 2026",2026-03-31,instant,Risk management assets and liabilities | Total,(unlabelled subtotal),29.7,usd_millions,1,1,5,"'Balance, March 31, 2026' block was returned by the extractor as loose text rather than a table; reconstructed and cross-checked to the balance sheet and to column/row totals; unlabelled net total row - no caption printed"
business_100,3693795,11,https://web.quartr.com/companies/21558?companyId=21558&documentId=3693795&documentType=report&eventId=681828&navigation=external&utm_medium=referral&utm_source=mcp&rp=11,note_financial_instruments,"As at Jun 30, 2026",2026-06-30,instant,Fair value hierarchy | Assets | Level 1,Commodity derivatives,0,usd_millions,0,0,1,printed_dash_zero
business_100,3693795,11,https://web.quartr.com/companies/21558?companyId=21558&documentId=3693795&documentType=report&eventId=681828&navigation=external&utm_medium=referral&utm_source=mcp&rp=11,note_financial_instruments,"As at Jun 30, 2026",2026-06-30,instant,Fair value hierarchy | Assets | Level 2,Commodity derivatives,29.2,usd_millions,0,0,1,
business_100,3693795,11,https://web.quartr.com/companies/21558?companyId=21558&documentId=3693795&documentType=report&eventId=681828&navigation=external&utm_medium=referral&utm_source=mcp&rp=11,note_financial_instruments,"As at Jun 30, 2026",2026-06-30,instant,Fair value hierarchy | Assets | Level 3,Commodity derivatives,0,usd_millions,0,0,1,printed_dash_zero
business_100,3693795,11,https://web.quartr.com/companies/21558?companyId=21558&documentId=3693795&documentType=report&eventId=681828&navigation=external&utm_medium=referral&utm_source=mcp&rp=11,note_financial_instruments,"As at Jun 30, 2026",2026-06-30,instant,Fair value hierarchy | Assets | Total,Commodity derivatives,29.2,usd_millions,0,0,1,
business_100,3693795,11,https://web.quartr.com/companies/21558?companyId=21558&documentId=3693795&documentType=report&eventId=681828&navigation=external&utm_medium=referral&utm_source=mcp&rp=11,note_financial_instruments,"As at Jun 30, 2026",2026-06-30,instant,Fair value hierarchy | Assets | Level 1,Currency derivatives,0,usd_millions,0,0,2,printed_dash_zero
business_100,3693795,11,https://web.quartr.com/companies/21558?companyId=21558&documentId=3693795&documentType=report&eventId=681828&navigation=external&utm_medium=referral&utm_source=mcp&rp=11,note_financial_instruments,"As at Jun 30, 2026",2026-06-30,instant,Fair value hierarchy | Assets | Level 2,Currency derivatives,0.4,usd_millions,0,0,2,
business_100,3693795,11,https://web.quartr.com/companies/21558?companyId=21558&documentId=3693795&documentType=report&eventId=681828&navigation=external&utm_medium=referral&utm_source=mcp&rp=11,note_financial_instruments,"As at Jun 30, 2026",2026-06-30,instant,Fair value hierarchy | Assets | Level 3,Currency derivatives,0,usd_millions,0,0,2,printed_dash_zero
business_100,3693795,11,https://web.quartr.com/companies/21558?companyId=21558&documentId=3693795&documentType=report&eventId=681828&navigation=external&utm_medium=referral&utm_source=mcp&rp=11,note_financial_instruments,"As at Jun 30, 2026",2026-06-30,instant,Fair value hierarchy | Assets | Total,Currency derivatives,0.4,usd_millions,0,0,2,
business_100,3693795,11,https://web.quartr.com/companies/21558?companyId=21558&documentId=3693795&documentType=report&eventId=681828&navigation=external&utm_medium=referral&utm_source=mcp&rp=11,note_financial_instruments,"As at Jun 30, 2026",2026-06-30,instant,Fair value hierarchy | Assets | Level 1,Interest rate swaps,0,usd_millions,0,0,3,printed_dash_zero
business_100,3693795,11,https://web.quartr.com/companies/21558?companyId=21558&documentId=3693795&documentType=report&eventId=681828&navigation=external&utm_medium=referral&utm_source=mcp&rp=11,note_financial_instruments,"As at Jun 30, 2026",2026-06-30,instant,Fair value hierarchy | Assets | Level 2,Interest rate swaps,25.6,usd_millions,0,0,3,
business_100,3693795,11,https://web.quartr.com/companies/21558?companyId=21558&documentId=3693795&documentType=report&eventId=681828&navigation=external&utm_medium=referral&utm_source=mcp&rp=11,note_financial_instruments,"As at Jun 30, 2026",2026-06-30,instant,Fair value hierarchy | Assets | Level 3,Interest rate swaps,0,usd_millions,0,0,3,printed_dash_zero
business_100,3693795,11,https://web.quartr.com/companies/21558?companyId=21558&documentId=3693795&documentType=report&eventId=681828&navigation=external&utm_medium=referral&utm_source=mcp&rp=11,note_financial_instruments,"As at Jun 30, 2026",2026-06-30,instant,Fair value hierarchy | Assets | Total,Interest rate swaps,25.6,usd_millions,0,0,3,
business_100,3693795,11,https://web.quartr.com/companies/21558?companyId=21558&documentId=3693795&documentType=report&eventId=681828&navigation=external&utm_medium=referral&utm_source=mcp&rp=11,note_financial_instruments,"As at Jun 30, 2026",2026-06-30,instant,Fair value hierarchy | Assets | Level 1,Total assets,0,usd_millions,1,0,4,printed_dash_zero
business_100,3693795,11,https://web.quartr.com/companies/21558?companyId=21558&documentId=3693795&documentType=report&eventId=681828&navigation=external&utm_medium=referral&utm_source=mcp&rp=11,note_financial_instruments,"As at Jun 30, 2026",2026-06-30,instant,Fair value hierarchy | Assets | Level 2,Total assets,55.2,usd_millions,1,0,4,
business_100,3693795,11,https://web.quartr.com/companies/21558?companyId=21558&documentId=3693795&documentType=report&eventId=681828&navigation=external&utm_medium=referral&utm_source=mcp&rp=11,note_financial_instruments,"As at Jun 30, 2026",2026-06-30,instant,Fair value hierarchy | Assets | Level 3,Total assets,0,usd_millions,1,0,4,printed_dash_zero
business_100,3693795,11,https://web.quartr.com/companies/21558?companyId=21558&documentId=3693795&documentType=report&eventId=681828&navigation=external&utm_medium=referral&utm_source=mcp&rp=11,note_financial_instruments,"As at Jun 30, 2026",2026-06-30,instant,Fair value hierarchy | Assets | Total,Total assets,55.2,usd_millions,1,0,4,
business_100,3693795,11,https://web.quartr.com/companies/21558?companyId=21558&documentId=3693795&documentType=report&eventId=681828&navigation=external&utm_medium=referral&utm_source=mcp&rp=11,note_financial_instruments,"As at Jun 30, 2026",2026-06-30,instant,Fair value hierarchy | Liabilities | Level 1,Commodity derivatives,0,usd_millions,0,0,5,printed_dash_zero
business_100,3693795,11,https://web.quartr.com/companies/21558?companyId=21558&documentId=3693795&documentType=report&eventId=681828&navigation=external&utm_medium=referral&utm_source=mcp&rp=11,note_financial_instruments,"As at Jun 30, 2026",2026-06-30,instant,Fair value hierarchy | Liabilities | Level 2,Commodity derivatives,11.9,usd_millions,0,0,5,
business_100,3693795,11,https://web.quartr.com/companies/21558?companyId=21558&documentId=3693795&documentType=report&eventId=681828&navigation=external&utm_medium=referral&utm_source=mcp&rp=11,note_financial_instruments,"As at Jun 30, 2026",2026-06-30,instant,Fair value hierarchy | Liabilities | Level 3,Commodity derivatives,0,usd_millions,0,0,5,printed_dash_zero
business_100,3693795,11,https://web.quartr.com/companies/21558?companyId=21558&documentId=3693795&documentType=report&eventId=681828&navigation=external&utm_medium=referral&utm_source=mcp&rp=11,note_financial_instruments,"As at Jun 30, 2026",2026-06-30,instant,Fair value hierarchy | Liabilities | Total,Commodity derivatives,11.9,usd_millions,0,0,5,
business_100,3693795,11,https://web.quartr.com/companies/21558?companyId=21558&documentId=3693795&documentType=report&eventId=681828&navigation=external&utm_medium=referral&utm_source=mcp&rp=11,note_financial_instruments,"As at Jun 30, 2026",2026-06-30,instant,Fair value hierarchy | Liabilities | Level 1,Gas storage obligations,0,usd_millions,0,0,6,printed_dash_zero
business_100,3693795,11,https://web.quartr.com/companies/21558?companyId=21558&documentId=3693795&documentType=report&eventId=681828&navigation=external&utm_medium=referral&utm_source=mcp&rp=11,note_financial_instruments,"As at Jun 30, 2026",2026-06-30,instant,Fair value hierarchy | Liabilities | Level 2,Gas storage obligations,12.9,usd_millions,0,0,6,
business_100,3693795,11,https://web.quartr.com/companies/21558?companyId=21558&documentId=3693795&documentType=report&eventId=681828&navigation=external&utm_medium=referral&utm_source=mcp&rp=11,note_financial_instruments,"As at Jun 30, 2026",2026-06-30,instant,Fair value hierarchy | Liabilities | Level 3,Gas storage obligations,0,usd_millions,0,0,6,printed_dash_zero
business_100,3693795,11,https://web.quartr.com/companies/21558?companyId=21558&documentId=3693795&documentType=report&eventId=681828&navigation=external&utm_medium=referral&utm_source=mcp&rp=11,note_financial_instruments,"As at Jun 30, 2026",2026-06-30,instant,Fair value hierarchy | Liabilities | Total,Gas storage obligations,12.9,usd_millions,0,0,6,
business_100,3693795,11,https://web.quartr.com/companies/21558?companyId=21558&documentId=3693795&documentType=report&eventId=681828&navigation=external&utm_medium=referral&utm_source=mcp&rp=11,note_financial_instruments,"As at Jun 30, 2026",2026-06-30,instant,Fair value hierarchy | Liabilities | Level 1,Short-term debt,0,usd_millions,0,0,7,printed_dash_zero
business_100,3693795,11,https://web.quartr.com/companies/21558?companyId=21558&documentId=3693795&documentType=report&eventId=681828&navigation=external&utm_medium=referral&utm_source=mcp&rp=11,note_financial_instruments,"As at Jun 30, 2026",2026-06-30,instant,Fair value hierarchy | Liabilities | Level 2,Short-term debt,12.5,usd_millions,0,0,7,
business_100,3693795,11,https://web.quartr.com/companies/21558?companyId=21558&documentId=3693795&documentType=report&eventId=681828&navigation=external&utm_medium=referral&utm_source=mcp&rp=11,note_financial_instruments,"As at Jun 30, 2026",2026-06-30,instant,Fair value hierarchy | Liabilities | Level 3,Short-term debt,0,usd_millions,0,0,7,printed_dash_zero
business_100,3693795,11,https://web.quartr.com/companies/21558?companyId=21558&documentId=3693795&documentType=report&eventId=681828&navigation=external&utm_medium=referral&utm_source=mcp&rp=11,note_financial_instruments,"As at Jun 30, 2026",2026-06-30,instant,Fair value hierarchy | Liabilities | Total,Short-term debt,12.5,usd_millions,0,0,7,
business_100,3693795,11,https://web.quartr.com/companies/21558?companyId=21558&documentId=3693795&documentType=report&eventId=681828&navigation=external&utm_medium=referral&utm_source=mcp&rp=11,note_financial_instruments,"As at Jun 30, 2026",2026-06-30,instant,Fair value hierarchy | Liabilities | Level 1,Long-term debt,0,usd_millions,0,0,8,printed_dash_zero
business_100,3693795,11,https://web.quartr.com/companies/21558?companyId=21558&documentId=3693795&documentType=report&eventId=681828&navigation=external&utm_medium=referral&utm_source=mcp&rp=11,note_financial_instruments,"As at Jun 30, 2026",2026-06-30,instant,Fair value hierarchy | Liabilities | Level 2,Long-term debt,1218.8,usd_millions,0,0,8,
business_100,3693795,11,https://web.quartr.com/companies/21558?companyId=21558&documentId=3693795&documentType=report&eventId=681828&navigation=external&utm_medium=referral&utm_source=mcp&rp=11,note_financial_instruments,"As at Jun 30, 2026",2026-06-30,instant,Fair value hierarchy | Liabilities | Level 3,Long-term debt,0,usd_millions,0,0,8,printed_dash_zero
business_100,3693795,11,https://web.quartr.com/companies/21558?companyId=21558&documentId=3693795&documentType=report&eventId=681828&navigation=external&utm_medium=referral&utm_source=mcp&rp=11,note_financial_instruments,"As at Jun 30, 2026",2026-06-30,instant,Fair value hierarchy | Liabilities | Total,Long-term debt,1218.8,usd_millions,0,0,8,
business_100,3693795,11,https://web.quartr.com/companies/21558?companyId=21558&documentId=3693795&documentType=report&eventId=681828&navigation=external&utm_medium=referral&utm_source=mcp&rp=11,note_financial_instruments,"As at Jun 30, 2026",2026-06-30,instant,Fair value hierarchy | Liabilities | Level 1,Total liabilities,0,usd_millions,1,0,9,printed_dash_zero
business_100,3693795,11,https://web.quartr.com/companies/21558?companyId=21558&documentId=3693795&documentType=report&eventId=681828&navigation=external&utm_medium=referral&utm_source=mcp&rp=11,note_financial_instruments,"As at Jun 30, 2026",2026-06-30,instant,Fair value hierarchy | Liabilities | Level 2,Total liabilities,1256.1,usd_millions,1,0,9,
business_100,3693795,11,https://web.quartr.com/companies/21558?companyId=21558&documentId=3693795&documentType=report&eventId=681828&navigation=external&utm_medium=referral&utm_source=mcp&rp=11,note_financial_instruments,"As at Jun 30, 2026",2026-06-30,instant,Fair value hierarchy | Liabilities | Level 3,Total liabilities,0,usd_millions,1,0,9,printed_dash_zero
business_100,3693795,11,https://web.quartr.com/companies/21558?companyId=21558&documentId=3693795&documentType=report&eventId=681828&navigation=external&utm_medium=referral&utm_source=mcp&rp=11,note_financial_instruments,"As at Jun 30, 2026",2026-06-30,instant,Fair value hierarchy | Liabilities | Total,Total liabilities,1256.1,usd_millions,1,0,9,
business_100,3693795,12,https://web.quartr.com/companies/21558?companyId=21558&documentId=3693795&documentType=report&eventId=681828&navigation=external&utm_medium=referral&utm_source=mcp&rp=12,note_financial_instruments,"As at Mar 31, 2026",2026-03-31,instant,Fair value hierarchy | Assets | Level 1,Commodity derivatives,0,usd_millions,0,1,1,printed_dash_zero
business_100,3693795,12,https://web.quartr.com/companies/21558?companyId=21558&documentId=3693795&documentType=report&eventId=681828&navigation=external&utm_medium=referral&utm_source=mcp&rp=12,note_financial_instruments,"As at Mar 31, 2026",2026-03-31,instant,Fair value hierarchy | Assets | Level 2,Commodity derivatives,35.2,usd_millions,0,1,1,
business_100,3693795,12,https://web.quartr.com/companies/21558?companyId=21558&documentId=3693795&documentType=report&eventId=681828&navigation=external&utm_medium=referral&utm_source=mcp&rp=12,note_financial_instruments,"As at Mar 31, 2026",2026-03-31,instant,Fair value hierarchy | Assets | Level 3,Commodity derivatives,0,usd_millions,0,1,1,printed_dash_zero
business_100,3693795,12,https://web.quartr.com/companies/21558?companyId=21558&documentId=3693795&documentType=report&eventId=681828&navigation=external&utm_medium=referral&utm_source=mcp&rp=12,note_financial_instruments,"As at Mar 31, 2026",2026-03-31,instant,Fair value hierarchy | Assets | Total,Commodity derivatives,35.2,usd_millions,0,1,1,
business_100,3693795,12,https://web.quartr.com/companies/21558?companyId=21558&documentId=3693795&documentType=report&eventId=681828&navigation=external&utm_medium=referral&utm_source=mcp&rp=12,note_financial_instruments,"As at Mar 31, 2026",2026-03-31,instant,Fair value hierarchy | Assets | Level 1,Currency derivatives,0,usd_millions,0,1,2,printed_dash_zero
business_100,3693795,12,https://web.quartr.com/companies/21558?companyId=21558&documentId=3693795&documentType=report&eventId=681828&navigation=external&utm_medium=referral&utm_source=mcp&rp=12,note_financial_instruments,"As at Mar 31, 2026",2026-03-31,instant,Fair value hierarchy | Assets | Level 2,Currency derivatives,0.5,usd_millions,0,1,2,
business_100,3693795,12,https://web.quartr.com/companies/21558?companyId=21558&documentId=3693795&documentType=report&eventId=681828&navigation=external&utm_medium=referral&utm_source=mcp&rp=12,note_financial_instruments,"As at Mar 31, 2026",2026-03-31,instant,Fair value hierarchy | Assets | Level 3,Currency derivatives,0,usd_millions,0,1,2,printed_dash_zero
business_100,3693795,12,https://web.quartr.com/companies/21558?companyId=21558&documentId=3693795&documentType=report&eventId=681828&navigation=external&utm_medium=referral&utm_source=mcp&rp=12,note_financial_instruments,"As at Mar 31, 2026",2026-03-31,instant,Fair value hierarchy | Assets | Total,Currency derivatives,0.5,usd_millions,0,1,2,
business_100,3693795,12,https://web.quartr.com/companies/21558?companyId=21558&documentId=3693795&documentType=report&eventId=681828&navigation=external&utm_medium=referral&utm_source=mcp&rp=12,note_financial_instruments,"As at Mar 31, 2026",2026-03-31,instant,Fair value hierarchy | Assets | Level 1,Interest rate swaps,0,usd_millions,0,1,3,printed_dash_zero
business_100,3693795,12,https://web.quartr.com/companies/21558?companyId=21558&documentId=3693795&documentType=report&eventId=681828&navigation=external&utm_medium=referral&utm_source=mcp&rp=12,note_financial_instruments,"As at Mar 31, 2026",2026-03-31,instant,Fair value hierarchy | Assets | Level 2,Interest rate swaps,11.1,usd_millions,0,1,3,
business_100,3693795,12,https://web.quartr.com/companies/21558?companyId=21558&documentId=3693795&documentType=report&eventId=681828&navigation=external&utm_medium=referral&utm_source=mcp&rp=12,note_financial_instruments,"As at Mar 31, 2026",2026-03-31,instant,Fair value hierarchy | Assets | Level 3,Interest rate swaps,0,usd_millions,0,1,3,printed_dash_zero
business_100,3693795,12,https://web.quartr.com/companies/21558?companyId=21558&documentId=3693795&documentType=report&eventId=681828&navigation=external&utm_medium=referral&utm_source=mcp&rp=12,note_financial_instruments,"As at Mar 31, 2026",2026-03-31,instant,Fair value hierarchy | Assets | Total,Interest rate swaps,11.1,usd_millions,0,1,3,
business_100,3693795,12,https://web.quartr.com/companies/21558?companyId=21558&documentId=3693795&documentType=report&eventId=681828&navigation=external&utm_medium=referral&utm_source=mcp&rp=12,note_financial_instruments,"As at Mar 31, 2026",2026-03-31,instant,Fair value hierarchy | Assets | Level 1,Total assets,0,usd_millions,1,1,4,printed_dash_zero
business_100,3693795,12,https://web.quartr.com/companies/21558?companyId=21558&documentId=3693795&documentType=report&eventId=681828&navigation=external&utm_medium=referral&utm_source=mcp&rp=12,note_financial_instruments,"As at Mar 31, 2026",2026-03-31,instant,Fair value hierarchy | Assets | Level 2,Total assets,46.8,usd_millions,1,1,4,
business_100,3693795,12,https://web.quartr.com/companies/21558?companyId=21558&documentId=3693795&documentType=report&eventId=681828&navigation=external&utm_medium=referral&utm_source=mcp&rp=12,note_financial_instruments,"As at Mar 31, 2026",2026-03-31,instant,Fair value hierarchy | Assets | Level 3,Total assets,0,usd_millions,1,1,4,printed_dash_zero
business_100,3693795,12,https://web.quartr.com/companies/21558?companyId=21558&documentId=3693795&documentType=report&eventId=681828&navigation=external&utm_medium=referral&utm_source=mcp&rp=12,note_financial_instruments,"As at Mar 31, 2026",2026-03-31,instant,Fair value hierarchy | Assets | Total,Total assets,46.8,usd_millions,1,1,4,
business_100,3693795,12,https://web.quartr.com/companies/21558?companyId=21558&documentId=3693795&documentType=report&eventId=681828&navigation=external&utm_medium=referral&utm_source=mcp&rp=12,note_financial_instruments,"As at Mar 31, 2026",2026-03-31,instant,Fair value hierarchy | Liabilities | Level 1,Commodity derivatives,0,usd_millions,0,1,5,printed_dash_zero
business_100,3693795,12,https://web.quartr.com/companies/21558?companyId=21558&documentId=3693795&documentType=report&eventId=681828&navigation=external&utm_medium=referral&utm_source=mcp&rp=12,note_financial_instruments,"As at Mar 31, 2026",2026-03-31,instant,Fair value hierarchy | Liabilities | Level 2,Commodity derivatives,17.1,usd_millions,0,1,5,
business_100,3693795,12,https://web.quartr.com/companies/21558?companyId=21558&documentId=3693795&documentType=report&eventId=681828&navigation=external&utm_medium=referral&utm_source=mcp&rp=12,note_financial_instruments,"As at Mar 31, 2026",2026-03-31,instant,Fair value hierarchy | Liabilities | Level 3,Commodity derivatives,0,usd_millions,0,1,5,printed_dash_zero
business_100,3693795,12,https://web.quartr.com/companies/21558?companyId=21558&documentId=3693795&documentType=report&eventId=681828&navigation=external&utm_medium=referral&utm_source=mcp&rp=12,note_financial_instruments,"As at Mar 31, 2026",2026-03-31,instant,Fair value hierarchy | Liabilities | Total,Commodity derivatives,17.1,usd_millions,0,1,5,
business_100,3693795,12,https://web.quartr.com/companies/21558?companyId=21558&documentId=3693795&documentType=report&eventId=681828&navigation=external&utm_medium=referral&utm_source=mcp&rp=12,note_financial_instruments,"As at Mar 31, 2026",2026-03-31,instant,Fair value hierarchy | Liabilities | Level 1,Gas storage obligations,0,usd_millions,0,1,6,printed_dash_zero
business_100,3693795,12,https://web.quartr.com/companies/21558?companyId=21558&documentId=3693795&documentType=report&eventId=681828&navigation=external&utm_medium=referral&utm_source=mcp&rp=12,note_financial_instruments,"As at Mar 31, 2026",2026-03-31,instant,Fair value hierarchy | Liabilities | Level 2,Gas storage obligations,13.5,usd_millions,0,1,6,
business_100,3693795,12,https://web.quartr.com/companies/21558?companyId=21558&documentId=3693795&documentType=report&eventId=681828&navigation=external&utm_medium=referral&utm_source=mcp&rp=12,note_financial_instruments,"As at Mar 31, 2026",2026-03-31,instant,Fair value hierarchy | Liabilities | Level 3,Gas storage obligations,0,usd_millions,0,1,6,printed_dash_zero
business_100,3693795,12,https://web.quartr.com/companies/21558?companyId=21558&documentId=3693795&documentType=report&eventId=681828&navigation=external&utm_medium=referral&utm_source=mcp&rp=12,note_financial_instruments,"As at Mar 31, 2026",2026-03-31,instant,Fair value hierarchy | Liabilities | Total,Gas storage obligations,13.5,usd_millions,0,1,6,
business_100,3693795,12,https://web.quartr.com/companies/21558?companyId=21558&documentId=3693795&documentType=report&eventId=681828&navigation=external&utm_medium=referral&utm_source=mcp&rp=12,note_financial_instruments,"As at Mar 31, 2026",2026-03-31,instant,Fair value hierarchy | Liabilities | Level 1,Short-term debt,0,usd_millions,0,1,7,printed_dash_zero
business_100,3693795,12,https://web.quartr.com/companies/21558?companyId=21558&documentId=3693795&documentType=report&eventId=681828&navigation=external&utm_medium=referral&utm_source=mcp&rp=12,note_financial_instruments,"As at Mar 31, 2026",2026-03-31,instant,Fair value hierarchy | Liabilities | Level 2,Short-term debt,12.5,usd_millions,0,1,7,
business_100,3693795,12,https://web.quartr.com/companies/21558?companyId=21558&documentId=3693795&documentType=report&eventId=681828&navigation=external&utm_medium=referral&utm_source=mcp&rp=12,note_financial_instruments,"As at Mar 31, 2026",2026-03-31,instant,Fair value hierarchy | Liabilities | Level 3,Short-term debt,0,usd_millions,0,1,7,printed_dash_zero
business_100,3693795,12,https://web.quartr.com/companies/21558?companyId=21558&documentId=3693795&documentType=report&eventId=681828&navigation=external&utm_medium=referral&utm_source=mcp&rp=12,note_financial_instruments,"As at Mar 31, 2026",2026-03-31,instant,Fair value hierarchy | Liabilities | Total,Short-term debt,12.5,usd_millions,0,1,7,
business_100,3693795,12,https://web.quartr.com/companies/21558?companyId=21558&documentId=3693795&documentType=report&eventId=681828&navigation=external&utm_medium=referral&utm_source=mcp&rp=12,note_financial_instruments,"As at Mar 31, 2026",2026-03-31,instant,Fair value hierarchy | Liabilities | Level 1,Long-term debt,0,usd_millions,0,1,8,printed_dash_zero
business_100,3693795,12,https://web.quartr.com/companies/21558?companyId=21558&documentId=3693795&documentType=report&eventId=681828&navigation=external&utm_medium=referral&utm_source=mcp&rp=12,note_financial_instruments,"As at Mar 31, 2026",2026-03-31,instant,Fair value hierarchy | Liabilities | Level 2,Long-term debt,1223.4,usd_millions,0,1,8,
business_100,3693795,12,https://web.quartr.com/companies/21558?companyId=21558&documentId=3693795&documentType=report&eventId=681828&navigation=external&utm_medium=referral&utm_source=mcp&rp=12,note_financial_instruments,"As at Mar 31, 2026",2026-03-31,instant,Fair value hierarchy | Liabilities | Level 3,Long-term debt,0,usd_millions,0,1,8,printed_dash_zero
business_100,3693795,12,https://web.quartr.com/companies/21558?companyId=21558&documentId=3693795&documentType=report&eventId=681828&navigation=external&utm_medium=referral&utm_source=mcp&rp=12,note_financial_instruments,"As at Mar 31, 2026",2026-03-31,instant,Fair value hierarchy | Liabilities | Total,Long-term debt,1223.4,usd_millions,0,1,8,
business_100,3693795,12,https://web.quartr.com/companies/21558?companyId=21558&documentId=3693795&documentType=report&eventId=681828&navigation=external&utm_medium=referral&utm_source=mcp&rp=12,note_financial_instruments,"As at Mar 31, 2026",2026-03-31,instant,Fair value hierarchy | Liabilities | Level 1,Total liabilities,0,usd_millions,1,1,9,printed_dash_zero
business_100,3693795,12,https://web.quartr.com/companies/21558?companyId=21558&documentId=3693795&documentType=report&eventId=681828&navigation=external&utm_medium=referral&utm_source=mcp&rp=12,note_financial_instruments,"As at Mar 31, 2026",2026-03-31,instant,Fair value hierarchy | Liabilities | Level 2,Total liabilities,1266.5,usd_millions,1,1,9,
business_100,3693795,12,https://web.quartr.com/companies/21558?companyId=21558&documentId=3693795&documentType=report&eventId=681828&navigation=external&utm_medium=referral&utm_source=mcp&rp=12,note_financial_instruments,"As at Mar 31, 2026",2026-03-31,instant,Fair value hierarchy | Liabilities | Level 3,Total liabilities,0,usd_millions,1,1,9,printed_dash_zero
business_100,3693795,12,https://web.quartr.com/companies/21558?companyId=21558&documentId=3693795&documentType=report&eventId=681828&navigation=external&utm_medium=referral&utm_source=mcp&rp=12,note_financial_instruments,"As at Mar 31, 2026",2026-03-31,instant,Fair value hierarchy | Liabilities | Total,Total liabilities,1266.5,usd_millions,1,1,9,
business_100,3693795,12,https://web.quartr.com/companies/21558?companyId=21558&documentId=3693795&documentType=report&eventId=681828&navigation=external&utm_medium=referral&utm_source=mcp&rp=12,note_equity,"As at Apr 1, 2026",2026-04-01,instant,Share option continuity | Number of Options,"Outstanding at April 1, 2026",132844,count,1,1,1,
business_100,3693795,12,https://web.quartr.com/companies/21558?companyId=21558&documentId=3693795&documentType=report&eventId=681828&navigation=external&utm_medium=referral&utm_source=mcp&rp=12,note_equity,"As at Apr 1, 2026",2026-04-01,instant,Share option continuity | Weighted Average Exercise Price U.S. Dollars,"Outstanding at April 1, 2026",18.12,usd_per_share,1,1,1,
business_100,3693795,12,https://web.quartr.com/companies/21558?companyId=21558&documentId=3693795&documentType=report&eventId=681828&navigation=external&utm_medium=referral&utm_source=mcp&rp=12,note_equity,"As at Apr 1, 2026",2026-04-01,instant,Share option continuity | Weighted Average Exercise Price Canadian Dollars,"Outstanding at April 1, 2026",25.75,cad_per_share,1,1,1,unit cad_per_share is not in SPEC section 5 enum; column is printed in Canadian dollars per share
business_100,3693795,12,https://web.quartr.com/companies/21558?companyId=21558&documentId=3693795&documentType=report&eventId=681828&navigation=external&utm_medium=referral&utm_source=mcp&rp=12,note_equity,Q1 FY2027,2026-06-30,Q,Share option continuity | Number of Options,Granted,132281,count,0,0,2,
business_100,3693795,12,https://web.quartr.com/companies/21558?companyId=21558&documentId=3693795&documentType=report&eventId=681828&navigation=external&utm_medium=referral&utm_source=mcp&rp=12,note_equity,Q1 FY2027,2026-06-30,Q,Share option continuity | Weighted Average Exercise Price U.S. Dollars,Granted,20.83,usd_per_share,0,0,2,
business_100,3693795,12,https://web.quartr.com/companies/21558?companyId=21558&documentId=3693795&documentType=report&eventId=681828&navigation=external&utm_medium=referral&utm_source=mcp&rp=12,note_equity,Q1 FY2027,2026-06-30,Q,Share option continuity | Weighted Average Exercise Price Canadian Dollars,Granted,29.60,cad_per_share,0,0,2,unit cad_per_share is not in SPEC section 5 enum; column is printed in Canadian dollars per share
business_100,3693795,12,https://web.quartr.com/companies/21558?companyId=21558&documentId=3693795&documentType=report&eventId=681828&navigation=external&utm_medium=referral&utm_source=mcp&rp=12,note_equity,"As at Jun 30, 2026",2026-06-30,instant,Share option continuity | Number of Options,"Outstanding at June 30, 2026",265125,count,1,0,3,
business_100,3693795,12,https://web.quartr.com/companies/21558?companyId=21558&documentId=3693795&documentType=report&eventId=681828&navigation=external&utm_medium=referral&utm_source=mcp&rp=12,note_equity,"As at Jun 30, 2026",2026-06-30,instant,Share option continuity | Weighted Average Exercise Price U.S. Dollars,"Outstanding at June 30, 2026",19.47,usd_per_share,1,0,3,
business_100,3693795,12,https://web.quartr.com/companies/21558?companyId=21558&documentId=3693795&documentType=report&eventId=681828&navigation=external&utm_medium=referral&utm_source=mcp&rp=12,note_equity,"As at Jun 30, 2026",2026-06-30,instant,Share option continuity | Weighted Average Exercise Price Canadian Dollars,"Outstanding at June 30, 2026",27.67,cad_per_share,1,0,3,unit cad_per_share is not in SPEC section 5 enum; column is printed in Canadian dollars per share
business_100,3693795,13,https://web.quartr.com/companies/21558?companyId=21558&documentId=3693795&documentType=report&eventId=681828&navigation=external&utm_medium=referral&utm_source=mcp&rp=13,note_equity,"As at Apr 1, 2026",2026-04-01,instant,RSU and PSU continuity | Restricted Share Units [column header not recovered by extractor],"Outstanding at April 1, 2026",0,count,1,1,1,"column identified from note narrative: 84,951 + 54,246 = 139,197 RSUs; printed_dash_zero"
business_100,3693795,13,https://web.quartr.com/companies/21558?companyId=21558&documentId=3693795&documentType=report&eventId=681828&navigation=external&utm_medium=referral&utm_source=mcp&rp=13,note_equity,"As at Apr 1, 2026",2026-04-01,instant,RSU and PSU continuity | Performance Share Units,"Outstanding at April 1, 2026",0,count,1,1,1,printed_dash_zero
business_100,3693795,13,https://web.quartr.com/companies/21558?companyId=21558&documentId=3693795&documentType=report&eventId=681828&navigation=external&utm_medium=referral&utm_source=mcp&rp=13,note_equity,Q1 FY2027,2026-06-30,Q,RSU and PSU continuity | Restricted Share Units [column header not recovered by extractor],Granted,139197,count,0,0,2,"column identified from note narrative: 84,951 + 54,246 = 139,197 RSUs"
business_100,3693795,13,https://web.quartr.com/companies/21558?companyId=21558&documentId=3693795&documentType=report&eventId=681828&navigation=external&utm_medium=referral&utm_source=mcp&rp=13,note_equity,Q1 FY2027,2026-06-30,Q,RSU and PSU continuity | Performance Share Units,Granted,52590,count,0,0,2,
business_100,3693795,13,https://web.quartr.com/companies/21558?companyId=21558&documentId=3693795&documentType=report&eventId=681828&navigation=external&utm_medium=referral&utm_source=mcp&rp=13,note_equity,"As at Jun 30, 2026",2026-06-30,instant,RSU and PSU continuity | Restricted Share Units [column header not recovered by extractor],"Outstanding at June 30, 2026",139197,count,1,0,3,"column identified from note narrative: 84,951 + 54,246 = 139,197 RSUs"
business_100,3693795,13,https://web.quartr.com/companies/21558?companyId=21558&documentId=3693795&documentType=report&eventId=681828&navigation=external&utm_medium=referral&utm_source=mcp&rp=13,note_equity,"As at Jun 30, 2026",2026-06-30,instant,RSU and PSU continuity | Performance Share Units,"Outstanding at June 30, 2026",52590,count,1,0,3,
business_100,3693795,13,https://web.quartr.com/companies/21558?companyId=21558&documentId=3693795&documentType=report&eventId=681828&navigation=external&utm_medium=referral&utm_source=mcp&rp=13,note_related_party,"As at Jun 30, 2026",2026-06-30,instant,,Due from affiliates (trade and accrued receivables),7.4,usd_millions,0,0,1,
business_100,3693795,13,https://web.quartr.com/companies/21558?companyId=21558&documentId=3693795&documentType=report&eventId=681828&navigation=external&utm_medium=referral&utm_source=mcp&rp=13,note_related_party,"As at Mar 31, 2026",2026-03-31,instant,,Due from affiliates (trade and accrued receivables),3.1,usd_millions,0,1,1,
business_100,3693795,13,https://web.quartr.com/companies/21558?companyId=21558&documentId=3693795&documentType=report&eventId=681828&navigation=external&utm_medium=referral&utm_source=mcp&rp=13,note_related_party,"As at Jun 30, 2026",2026-06-30,instant,,Accrued electricity costs (trade payables and accrued liabilities),0.1,usd_millions,0,0,2,
business_100,3693795,13,https://web.quartr.com/companies/21558?companyId=21558&documentId=3693795&documentType=report&eventId=681828&navigation=external&utm_medium=referral&utm_source=mcp&rp=13,note_related_party,"As at Mar 31, 2026",2026-03-31,instant,,Accrued electricity costs (trade payables and accrued liabilities),0.2,usd_millions,0,1,2,
business_100,3693795,13,https://web.quartr.com/companies/21558?companyId=21558&documentId=3693795&documentType=report&eventId=681828&navigation=external&utm_medium=referral&utm_source=mcp&rp=13,note_related_party,Q1 FY2027,2026-06-30,Q,,Management fees recovery (general and administrative),-0.2,usd_millions,0,0,3,
business_100,3693795,13,https://web.quartr.com/companies/21558?companyId=21558&documentId=3693795&documentType=report&eventId=681828&navigation=external&utm_medium=referral&utm_source=mcp&rp=13,note_related_party,Q1 FY2026,2025-06-30,Q,,Management fees recovery (general and administrative),0,usd_millions,0,1,3,printed_dash_zero
business_100,3693795,13,https://web.quartr.com/companies/21558?companyId=21558&documentId=3693795&documentType=report&eventId=681828&navigation=external&utm_medium=referral&utm_source=mcp&rp=13,note_related_party,Q1 FY2027,2026-06-30,Q,,Electricity (operating),0.2,usd_millions,0,0,4,
business_100,3693795,13,https://web.quartr.com/companies/21558?companyId=21558&documentId=3693795&documentType=report&eventId=681828&navigation=external&utm_medium=referral&utm_source=mcp&rp=13,note_related_party,Q1 FY2026,2025-06-30,Q,,Electricity (operating),0.5,usd_millions,0,1,4,
business_100,3693795,13,https://web.quartr.com/companies/21558?companyId=21558&documentId=3693795&documentType=report&eventId=681828&navigation=external&utm_medium=referral&utm_source=mcp&rp=13,note_related_party,Q1 FY2027,2026-06-30,Q,,(unlabelled subtotal),0,usd_millions,1,0,5,unlabelled total row - no caption printed; printed_dash_zero
business_100,3693795,13,https://web.quartr.com/companies/21558?companyId=21558&documentId=3693795&documentType=report&eventId=681828&navigation=external&utm_medium=referral&utm_source=mcp&rp=13,note_related_party,Q1 FY2026,2025-06-30,Q,,(unlabelled subtotal),0.5,usd_millions,1,1,5,unlabelled total row - no caption printed
business_100,3693795,15,https://web.quartr.com/companies/21558?companyId=21558&documentId=3693795&documentType=report&eventId=681828&navigation=external&utm_medium=referral&utm_source=mcp&rp=15,note_commitments,"As at Jun 30, 2026",2026-06-30,instant,For the fiscal year ending: | (column 1 - header not recovered by extractor; purchase obligations),2027,-59.7,usd_millions,0,0,1,column 1 caption lost in PDF extraction; printed values are negative and col1+col2=col3
business_100,3693795,15,https://web.quartr.com/companies/21558?companyId=21558&documentId=3693795&documentType=report&eventId=681828&navigation=external&utm_medium=referral&utm_source=mcp&rp=15,note_commitments,"As at Jun 30, 2026",2026-06-30,instant,For the fiscal year ending: | Unconditional sales obligations,2027,96.6,usd_millions,0,0,1,
business_100,3693795,15,https://web.quartr.com/companies/21558?companyId=21558&documentId=3693795&documentType=report&eventId=681828&navigation=external&utm_medium=referral&utm_source=mcp&rp=15,note_commitments,"As at Jun 30, 2026",2026-06-30,instant,For the fiscal year ending: | Net,2027,36.9,usd_millions,0,0,1,
business_100,3693795,15,https://web.quartr.com/companies/21558?companyId=21558&documentId=3693795&documentType=report&eventId=681828&navigation=external&utm_medium=referral&utm_source=mcp&rp=15,note_commitments,"As at Jun 30, 2026",2026-06-30,instant,For the fiscal year ending: | (column 1 - header not recovered by extractor; purchase obligations),2028,-24.8,usd_millions,0,0,2,column 1 caption lost in PDF extraction; printed values are negative and col1+col2=col3
business_100,3693795,15,https://web.quartr.com/companies/21558?companyId=21558&documentId=3693795&documentType=report&eventId=681828&navigation=external&utm_medium=referral&utm_source=mcp&rp=15,note_commitments,"As at Jun 30, 2026",2026-06-30,instant,For the fiscal year ending: | Unconditional sales obligations,2028,35.2,usd_millions,0,0,2,
business_100,3693795,15,https://web.quartr.com/companies/21558?companyId=21558&documentId=3693795&documentType=report&eventId=681828&navigation=external&utm_medium=referral&utm_source=mcp&rp=15,note_commitments,"As at Jun 30, 2026",2026-06-30,instant,For the fiscal year ending: | Net,2028,10.4,usd_millions,0,0,2,
business_100,3693795,15,https://web.quartr.com/companies/21558?companyId=21558&documentId=3693795&documentType=report&eventId=681828&navigation=external&utm_medium=referral&utm_source=mcp&rp=15,note_commitments,"As at Jun 30, 2026",2026-06-30,instant,For the fiscal year ending: | (column 1 - header not recovered by extractor; purchase obligations),2029,-10.1,usd_millions,0,0,3,column 1 caption lost in PDF extraction; printed values are negative and col1+col2=col3
business_100,3693795,15,https://web.quartr.com/companies/21558?companyId=21558&documentId=3693795&documentType=report&eventId=681828&navigation=external&utm_medium=referral&utm_source=mcp&rp=15,note_commitments,"As at Jun 30, 2026",2026-06-30,instant,For the fiscal year ending: | Unconditional sales obligations,2029,20.2,usd_millions,0,0,3,
business_100,3693795,15,https://web.quartr.com/companies/21558?companyId=21558&documentId=3693795&documentType=report&eventId=681828&navigation=external&utm_medium=referral&utm_source=mcp&rp=15,note_commitments,"As at Jun 30, 2026",2026-06-30,instant,For the fiscal year ending: | Net,2029,10.1,usd_millions,0,0,3,
business_100,3693795,15,https://web.quartr.com/companies/21558?companyId=21558&documentId=3693795&documentType=report&eventId=681828&navigation=external&utm_medium=referral&utm_source=mcp&rp=15,note_commitments,"As at Jun 30, 2026",2026-06-30,instant,For the fiscal year ending: | (column 1 - header not recovered by extractor; purchase obligations),2030,-4.7,usd_millions,0,0,4,column 1 caption lost in PDF extraction; printed values are negative and col1+col2=col3
business_100,3693795,15,https://web.quartr.com/companies/21558?companyId=21558&documentId=3693795&documentType=report&eventId=681828&navigation=external&utm_medium=referral&utm_source=mcp&rp=15,note_commitments,"As at Jun 30, 2026",2026-06-30,instant,For the fiscal year ending: | Unconditional sales obligations,2030,10.2,usd_millions,0,0,4,
business_100,3693795,15,https://web.quartr.com/companies/21558?companyId=21558&documentId=3693795&documentType=report&eventId=681828&navigation=external&utm_medium=referral&utm_source=mcp&rp=15,note_commitments,"As at Jun 30, 2026",2026-06-30,instant,For the fiscal year ending: | Net,2030,5.5,usd_millions,0,0,4,
business_100,3693795,15,https://web.quartr.com/companies/21558?companyId=21558&documentId=3693795&documentType=report&eventId=681828&navigation=external&utm_medium=referral&utm_source=mcp&rp=15,note_commitments,"As at Jun 30, 2026",2026-06-30,instant,For the fiscal year ending: | (column 1 - header not recovered by extractor; purchase obligations),2031,0,usd_millions,0,0,5,column 1 caption lost in PDF extraction; printed values are negative and col1+col2=col3; printed_dash_zero
business_100,3693795,15,https://web.quartr.com/companies/21558?companyId=21558&documentId=3693795&documentType=report&eventId=681828&navigation=external&utm_medium=referral&utm_source=mcp&rp=15,note_commitments,"As at Jun 30, 2026",2026-06-30,instant,For the fiscal year ending: | Unconditional sales obligations,2031,3.2,usd_millions,0,0,5,
business_100,3693795,15,https://web.quartr.com/companies/21558?companyId=21558&documentId=3693795&documentType=report&eventId=681828&navigation=external&utm_medium=referral&utm_source=mcp&rp=15,note_commitments,"As at Jun 30, 2026",2026-06-30,instant,For the fiscal year ending: | Net,2031,3.2,usd_millions,0,0,5,
business_100,3693795,15,https://web.quartr.com/companies/21558?companyId=21558&documentId=3693795&documentType=report&eventId=681828&navigation=external&utm_medium=referral&utm_source=mcp&rp=15,note_commitments,"As at Jun 30, 2026",2026-06-30,instant,For the fiscal year ending: | (column 1 - header not recovered by extractor; purchase obligations),2032 and thereafter,0,usd_millions,0,0,6,column 1 caption lost in PDF extraction; printed values are negative and col1+col2=col3; printed_dash_zero
business_100,3693795,15,https://web.quartr.com/companies/21558?companyId=21558&documentId=3693795&documentType=report&eventId=681828&navigation=external&utm_medium=referral&utm_source=mcp&rp=15,note_commitments,"As at Jun 30, 2026",2026-06-30,instant,For the fiscal year ending: | Unconditional sales obligations,2032 and thereafter,0.3,usd_millions,0,0,6,
business_100,3693795,15,https://web.quartr.com/companies/21558?companyId=21558&documentId=3693795&documentType=report&eventId=681828&navigation=external&utm_medium=referral&utm_source=mcp&rp=15,note_commitments,"As at Jun 30, 2026",2026-06-30,instant,For the fiscal year ending: | Net,2032 and thereafter,0.3,usd_millions,0,0,6,
business_100,3693795,15,https://web.quartr.com/companies/21558?companyId=21558&documentId=3693795&documentType=report&eventId=681828&navigation=external&utm_medium=referral&utm_source=mcp&rp=15,note_commitments,"As at Jun 30, 2026",2026-06-30,instant,For the fiscal year ending: | (column 1 - header not recovered by extractor; purchase obligations),Total,-99.3,usd_millions,1,0,7,column 1 caption lost in PDF extraction; printed values are negative and col1+col2=col3
business_100,3693795,15,https://web.quartr.com/companies/21558?companyId=21558&documentId=3693795&documentType=report&eventId=681828&navigation=external&utm_medium=referral&utm_source=mcp&rp=15,note_commitments,"As at Jun 30, 2026",2026-06-30,instant,For the fiscal year ending: | Unconditional sales obligations,Total,165.7,usd_millions,1,0,7,
business_100,3693795,15,https://web.quartr.com/companies/21558?companyId=21558&documentId=3693795&documentType=report&eventId=681828&navigation=external&utm_medium=referral&utm_source=mcp&rp=15,note_commitments,"As at Jun 30, 2026",2026-06-30,instant,For the fiscal year ending: | Net,Total,66.4,usd_millions,1,0,7,
business_100,3693795,15,https://web.quartr.com/companies/21558?companyId=21558&documentId=3693795&documentType=report&eventId=681828&navigation=external&utm_medium=referral&utm_source=mcp&rp=15,note_other,Q1 FY2027,2026-06-30,Q,Changes in non-cash working capital include:,Margin deposits,-11.6,usd_millions,0,0,1,
business_100,3693795,15,https://web.quartr.com/companies/21558?companyId=21558&documentId=3693795&documentType=report&eventId=681828&navigation=external&utm_medium=referral&utm_source=mcp&rp=15,note_other,Q1 FY2026,2025-06-30,Q,Changes in non-cash working capital include:,Margin deposits,-5.5,usd_millions,0,1,1,
business_100,3693795,15,https://web.quartr.com/companies/21558?companyId=21558&documentId=3693795&documentType=report&eventId=681828&navigation=external&utm_medium=referral&utm_source=mcp&rp=15,note_other,Q1 FY2027,2026-06-30,Q,Changes in non-cash working capital include:,Trade receivables,2.3,usd_millions,0,0,2,
business_100,3693795,15,https://web.quartr.com/companies/21558?companyId=21558&documentId=3693795&documentType=report&eventId=681828&navigation=external&utm_medium=referral&utm_source=mcp&rp=15,note_other,Q1 FY2026,2025-06-30,Q,Changes in non-cash working capital include:,Trade receivables,2.8,usd_millions,0,1,2,
business_100,3693795,15,https://web.quartr.com/companies/21558?companyId=21558&documentId=3693795&documentType=report&eventId=681828&navigation=external&utm_medium=referral&utm_source=mcp&rp=15,note_other,Q1 FY2027,2026-06-30,Q,Changes in non-cash working capital include:,Accrued receivables,28.5,usd_millions,0,0,3,
business_100,3693795,15,https://web.quartr.com/companies/21558?companyId=21558&documentId=3693795&documentType=report&eventId=681828&navigation=external&utm_medium=referral&utm_source=mcp&rp=15,note_other,Q1 FY2026,2025-06-30,Q,Changes in non-cash working capital include:,Accrued receivables,24.7,usd_millions,0,1,3,
business_100,3693795,15,https://web.quartr.com/companies/21558?companyId=21558&documentId=3693795&documentType=report&eventId=681828&navigation=external&utm_medium=referral&utm_source=mcp&rp=15,note_other,Q1 FY2027,2026-06-30,Q,Changes in non-cash working capital include:,Natural gas inventory,0.8,usd_millions,0,0,4,
business_100,3693795,15,https://web.quartr.com/companies/21558?companyId=21558&documentId=3693795&documentType=report&eventId=681828&navigation=external&utm_medium=referral&utm_source=mcp&rp=15,note_other,Q1 FY2026,2025-06-30,Q,Changes in non-cash working capital include:,Natural gas inventory,-22.0,usd_millions,0,1,4,
business_100,3693795,15,https://web.quartr.com/companies/21558?companyId=21558&documentId=3693795&documentType=report&eventId=681828&navigation=external&utm_medium=referral&utm_source=mcp&rp=15,note_other,Q1 FY2027,2026-06-30,Q,Changes in non-cash working capital include:,Prepaid expenses and other current assets,0.6,usd_millions,0,0,5,
business_100,3693795,15,https://web.quartr.com/companies/21558?companyId=21558&documentId=3693795&documentType=report&eventId=681828&navigation=external&utm_medium=referral&utm_source=mcp&rp=15,note_other,Q1 FY2026,2025-06-30,Q,Changes in non-cash working capital include:,Prepaid expenses and other current assets,-2.3,usd_millions,0,1,5,
business_100,3693795,15,https://web.quartr.com/companies/21558?companyId=21558&documentId=3693795&documentType=report&eventId=681828&navigation=external&utm_medium=referral&utm_source=mcp&rp=15,note_other,Q1 FY2027,2026-06-30,Q,Changes in non-cash working capital include:,Other assets,1.6,usd_millions,0,0,6,
business_100,3693795,15,https://web.quartr.com/companies/21558?companyId=21558&documentId=3693795&documentType=report&eventId=681828&navigation=external&utm_medium=referral&utm_source=mcp&rp=15,note_other,Q1 FY2026,2025-06-30,Q,Changes in non-cash working capital include:,Other assets,-0.7,usd_millions,0,1,6,
business_100,3693795,15,https://web.quartr.com/companies/21558?companyId=21558&documentId=3693795&documentType=report&eventId=681828&navigation=external&utm_medium=referral&utm_source=mcp&rp=15,note_other,Q1 FY2027,2026-06-30,Q,Changes in non-cash working capital include:,Trade payables,-0.9,usd_millions,0,0,7,
business_100,3693795,15,https://web.quartr.com/companies/21558?companyId=21558&documentId=3693795&documentType=report&eventId=681828&navigation=external&utm_medium=referral&utm_source=mcp&rp=15,note_other,Q1 FY2026,2025-06-30,Q,Changes in non-cash working capital include:,Trade payables,-2.1,usd_millions,0,1,7,
business_100,3693795,15,https://web.quartr.com/companies/21558?companyId=21558&documentId=3693795&documentType=report&eventId=681828&navigation=external&utm_medium=referral&utm_source=mcp&rp=15,note_other,Q1 FY2027,2026-06-30,Q,Changes in non-cash working capital include:,Accrued liabilities,-5.3,usd_millions,0,0,8,
business_100,3693795,15,https://web.quartr.com/companies/21558?companyId=21558&documentId=3693795&documentType=report&eventId=681828&navigation=external&utm_medium=referral&utm_source=mcp&rp=15,note_other,Q1 FY2026,2025-06-30,Q,Changes in non-cash working capital include:,Accrued liabilities,-12.5,usd_millions,0,1,8,
business_100,3693795,15,https://web.quartr.com/companies/21558?companyId=21558&documentId=3693795&documentType=report&eventId=681828&navigation=external&utm_medium=referral&utm_source=mcp&rp=15,note_other,Q1 FY2027,2026-06-30,Q,Changes in non-cash working capital include:,Accrued lease interest,2.3,usd_millions,0,0,9,
business_100,3693795,15,https://web.quartr.com/companies/21558?companyId=21558&documentId=3693795&documentType=report&eventId=681828&navigation=external&utm_medium=referral&utm_source=mcp&rp=15,note_other,Q1 FY2026,2025-06-30,Q,Changes in non-cash working capital include:,Accrued lease interest,2.5,usd_millions,0,1,9,
business_100,3693795,15,https://web.quartr.com/companies/21558?companyId=21558&documentId=3693795&documentType=report&eventId=681828&navigation=external&utm_medium=referral&utm_source=mcp&rp=15,note_other,Q1 FY2027,2026-06-30,Q,Changes in non-cash working capital include:,Deferred revenue,0,usd_millions,0,0,10,printed_dash_zero
business_100,3693795,15,https://web.quartr.com/companies/21558?companyId=21558&documentId=3693795&documentType=report&eventId=681828&navigation=external&utm_medium=referral&utm_source=mcp&rp=15,note_other,Q1 FY2026,2025-06-30,Q,Changes in non-cash working capital include:,Deferred revenue,-0.1,usd_millions,0,1,10,
business_100,3693795,15,https://web.quartr.com/companies/21558?companyId=21558&documentId=3693795&documentType=report&eventId=681828&navigation=external&utm_medium=referral&utm_source=mcp&rp=15,note_other,Q1 FY2027,2026-06-30,Q,Changes in non-cash working capital include:,Other long-term liabilities,-0.1,usd_millions,0,0,11,
business_100,3693795,15,https://web.quartr.com/companies/21558?companyId=21558&documentId=3693795&documentType=report&eventId=681828&navigation=external&utm_medium=referral&utm_source=mcp&rp=15,note_other,Q1 FY2026,2025-06-30,Q,Changes in non-cash working capital include:,Other long-term liabilities,0.3,usd_millions,0,1,11,
business_100,3693795,15,https://web.quartr.com/companies/21558?companyId=21558&documentId=3693795&documentType=report&eventId=681828&navigation=external&utm_medium=referral&utm_source=mcp&rp=15,note_other,Q1 FY2027,2026-06-30,Q,Changes in non-cash working capital include:,Net changes in non-cash working capital,18.2,usd_millions,1,0,12,
business_100,3693795,15,https://web.quartr.com/companies/21558?companyId=21558&documentId=3693795&documentType=report&eventId=681828&navigation=external&utm_medium=referral&utm_source=mcp&rp=15,note_other,Q1 FY2026,2025-06-30,Q,Changes in non-cash working capital include:,Net changes in non-cash working capital,-14.9,usd_millions,1,1,12,
business_100,3693795,16,https://web.quartr.com/companies/21558?companyId=21558&documentId=3693795&documentType=report&eventId=681828&navigation=external&utm_medium=referral&utm_source=mcp&rp=16,note_other,Q1 FY2027,2026-06-30,Q,Other supplemental cash flow information,Interest paid in cash,18.2,usd_millions,0,0,1,
business_100,3693795,16,https://web.quartr.com/companies/21558?companyId=21558&documentId=3693795&documentType=report&eventId=681828&navigation=external&utm_medium=referral&utm_source=mcp&rp=16,note_other,Q1 FY2026,2025-06-30,Q,Other supplemental cash flow information,Interest paid in cash,21.2,usd_millions,0,1,1,
business_100,3693795,16,https://web.quartr.com/companies/21558?companyId=21558&documentId=3693795&documentType=report&eventId=681828&navigation=external&utm_medium=referral&utm_source=mcp&rp=16,note_other,Q1 FY2027,2026-06-30,Q,Other supplemental cash flow information,Lease cash payments,7.2,usd_millions,0,0,2,
business_100,3693795,16,https://web.quartr.com/companies/21558?companyId=21558&documentId=3693795&documentType=report&eventId=681828&navigation=external&utm_medium=referral&utm_source=mcp&rp=16,note_other,Q1 FY2026,2025-06-30,Q,Other supplemental cash flow information,Lease cash payments,6.6,usd_millions,0,1,2,
business_100,3693795,16,https://web.quartr.com/companies/21558?companyId=21558&documentId=3693795&documentType=report&eventId=681828&navigation=external&utm_medium=referral&utm_source=mcp&rp=16,note_other,Q1 FY2027,2026-06-30,Q,Other supplemental cash flow information,Income tax cash payments,4.0,usd_millions,0,0,3,caption was 'Tax paid' in FY2026 interim filings
business_100,3693795,16,https://web.quartr.com/companies/21558?companyId=21558&documentId=3693795&documentType=report&eventId=681828&navigation=external&utm_medium=referral&utm_source=mcp&rp=16,note_other,Q1 FY2026,2025-06-30,Q,Other supplemental cash flow information,Income tax cash payments,0,usd_millions,0,1,3,caption was 'Tax paid' in FY2026 interim filings; printed_dash_zero
business_100,3693795,16,https://web.quartr.com/companies/21558?companyId=21558&documentId=3693795&documentType=report&eventId=681828&navigation=external&utm_medium=referral&utm_source=mcp&rp=16,note_other,Q1 FY2027,2026-06-30,Q,Non-cash investing activities:,"Changes in working capital related to property, plant and equipment",0.9,usd_millions,0,0,4,
business_100,3693795,16,https://web.quartr.com/companies/21558?companyId=21558&documentId=3693795&documentType=report&eventId=681828&navigation=external&utm_medium=referral&utm_source=mcp&rp=16,note_other,Q1 FY2026,2025-06-30,Q,Non-cash investing activities:,"Changes in working capital related to property, plant and equipment",4.2,usd_millions,0,1,4,
