basis,source_doc,source_page,source_url,statement,period_label,period_end,period_type,section,line_item,value,unit,is_subtotal,is_comparative,order_index,note
business_100,3409150,1,https://web.quartr.com/companies/21558?companyId=21558&documentId=3409150&documentType=report&eventId=554427&navigation=external&utm_medium=referral&utm_source=mcp&rp=1,non_ifrs,Q4 FY2026,2026-03-31,Q,Highlights,Net earnings,24.4,usd_millions,0,0,1,column mapping proven: prose p.1-2 + components foot to Adjusted Gross Margin in all four columns
business_100,3409150,1,https://web.quartr.com/companies/21558?companyId=21558&documentId=3409150&documentType=report&eventId=554427&navigation=external&utm_medium=referral&utm_source=mcp&rp=1,non_ifrs,Q4 FY2025,2025-03-31,Q,Highlights,Net earnings,57.0,usd_millions,0,1,1,column mapping proven: prose p.1-2 + components foot to Adjusted Gross Margin in all four columns
business_100,3409150,1,https://web.quartr.com/companies/21558?companyId=21558&documentId=3409150&documentType=report&eventId=554427&navigation=external&utm_medium=referral&utm_source=mcp&rp=1,non_ifrs,FY2026,2026-03-31,FY,Highlights,Net earnings,206.9,usd_millions,0,0,1,column mapping proven: prose p.1-2 + components foot to Adjusted Gross Margin in all four columns
business_100,3409150,1,https://web.quartr.com/companies/21558?companyId=21558&documentId=3409150&documentType=report&eventId=554427&navigation=external&utm_medium=referral&utm_source=mcp&rp=1,non_ifrs,FY2025,2025-03-31,FY,Highlights,Net earnings,209.4,usd_millions,0,1,1,column mapping proven: prose p.1-2 + components foot to Adjusted Gross Margin in all four columns
business_100,3409150,1,https://web.quartr.com/companies/21558?companyId=21558&documentId=3409150&documentType=report&eventId=554427&navigation=external&utm_medium=referral&utm_source=mcp&rp=1,non_ifrs,Q4 FY2026,2026-03-31,Q,Highlights,Adjusted Gross Margin 1,128.7,usd_millions,1,0,2,column mapping proven: prose p.1-2 + components foot to Adjusted Gross Margin in all four columns
business_100,3409150,1,https://web.quartr.com/companies/21558?companyId=21558&documentId=3409150&documentType=report&eventId=554427&navigation=external&utm_medium=referral&utm_source=mcp&rp=1,non_ifrs,Q4 FY2025,2025-03-31,Q,Highlights,Adjusted Gross Margin 1,134.2,usd_millions,1,1,2,column mapping proven: prose p.1-2 + components foot to Adjusted Gross Margin in all four columns
business_100,3409150,1,https://web.quartr.com/companies/21558?companyId=21558&documentId=3409150&documentType=report&eventId=554427&navigation=external&utm_medium=referral&utm_source=mcp&rp=1,non_ifrs,FY2026,2026-03-31,FY,Highlights,Adjusted Gross Margin 1,459.1,usd_millions,1,0,2,column mapping proven: prose p.1-2 + components foot to Adjusted Gross Margin in all four columns
business_100,3409150,1,https://web.quartr.com/companies/21558?companyId=21558&documentId=3409150&documentType=report&eventId=554427&navigation=external&utm_medium=referral&utm_source=mcp&rp=1,non_ifrs,FY2025,2025-03-31,FY,Highlights,Adjusted Gross Margin 1,412.4,usd_millions,1,1,2,column mapping proven: prose p.1-2 + components foot to Adjusted Gross Margin in all four columns
business_100,3409150,1,https://web.quartr.com/companies/21558?companyId=21558&documentId=3409150&documentType=report&eventId=554427&navigation=external&utm_medium=referral&utm_source=mcp&rp=1,non_ifrs,Q4 FY2026,2026-03-31,Q,Highlights,Take-or-Pay,58.7,usd_millions,0,0,3,column mapping proven: prose p.1-2 + components foot to Adjusted Gross Margin in all four columns
business_100,3409150,1,https://web.quartr.com/companies/21558?companyId=21558&documentId=3409150&documentType=report&eventId=554427&navigation=external&utm_medium=referral&utm_source=mcp&rp=1,non_ifrs,Q4 FY2025,2025-03-31,Q,Highlights,Take-or-Pay,46.5,usd_millions,0,1,3,column mapping proven: prose p.1-2 + components foot to Adjusted Gross Margin in all four columns
business_100,3409150,1,https://web.quartr.com/companies/21558?companyId=21558&documentId=3409150&documentType=report&eventId=554427&navigation=external&utm_medium=referral&utm_source=mcp&rp=1,non_ifrs,FY2026,2026-03-31,FY,Highlights,Take-or-Pay,233.6,usd_millions,0,0,3,column mapping proven: prose p.1-2 + components foot to Adjusted Gross Margin in all four columns
business_100,3409150,1,https://web.quartr.com/companies/21558?companyId=21558&documentId=3409150&documentType=report&eventId=554427&navigation=external&utm_medium=referral&utm_source=mcp&rp=1,non_ifrs,FY2025,2025-03-31,FY,Highlights,Take-or-Pay,185.0,usd_millions,0,1,3,column mapping proven: prose p.1-2 + components foot to Adjusted Gross Margin in all four columns
business_100,3409150,1,https://web.quartr.com/companies/21558?companyId=21558&documentId=3409150&documentType=report&eventId=554427&navigation=external&utm_medium=referral&utm_source=mcp&rp=1,non_ifrs,Q4 FY2026,2026-03-31,Q,Highlights,"Short-term Storage service, net of cost of gas storage services",40.7,usd_millions,0,0,4,column mapping proven: prose p.1-2 + components foot to Adjusted Gross Margin in all four columns
business_100,3409150,1,https://web.quartr.com/companies/21558?companyId=21558&documentId=3409150&documentType=report&eventId=554427&navigation=external&utm_medium=referral&utm_source=mcp&rp=1,non_ifrs,Q4 FY2025,2025-03-31,Q,Highlights,"Short-term Storage service, net of cost of gas storage services",57.7,usd_millions,0,1,4,column mapping proven: prose p.1-2 + components foot to Adjusted Gross Margin in all four columns
business_100,3409150,1,https://web.quartr.com/companies/21558?companyId=21558&documentId=3409150&documentType=report&eventId=554427&navigation=external&utm_medium=referral&utm_source=mcp&rp=1,non_ifrs,FY2026,2026-03-31,FY,Highlights,"Short-term Storage service, net of cost of gas storage services",146.7,usd_millions,0,0,4,column mapping proven: prose p.1-2 + components foot to Adjusted Gross Margin in all four columns
business_100,3409150,1,https://web.quartr.com/companies/21558?companyId=21558&documentId=3409150&documentType=report&eventId=554427&navigation=external&utm_medium=referral&utm_source=mcp&rp=1,non_ifrs,FY2025,2025-03-31,FY,Highlights,"Short-term Storage service, net of cost of gas storage services",170.8,usd_millions,0,1,4,column mapping proven: prose p.1-2 + components foot to Adjusted Gross Margin in all four columns
business_100,3409150,1,https://web.quartr.com/companies/21558?companyId=21558&documentId=3409150&documentType=report&eventId=554427&navigation=external&utm_medium=referral&utm_source=mcp&rp=1,non_ifrs,Q4 FY2026,2026-03-31,Q,Highlights,Realized Optimization gross margin,29.3,usd_millions,0,0,5,column mapping proven: prose p.1-2 + components foot to Adjusted Gross Margin in all four columns
business_100,3409150,1,https://web.quartr.com/companies/21558?companyId=21558&documentId=3409150&documentType=report&eventId=554427&navigation=external&utm_medium=referral&utm_source=mcp&rp=1,non_ifrs,Q4 FY2025,2025-03-31,Q,Highlights,Realized Optimization gross margin,30.0,usd_millions,0,1,5,column mapping proven: prose p.1-2 + components foot to Adjusted Gross Margin in all four columns
business_100,3409150,1,https://web.quartr.com/companies/21558?companyId=21558&documentId=3409150&documentType=report&eventId=554427&navigation=external&utm_medium=referral&utm_source=mcp&rp=1,non_ifrs,FY2026,2026-03-31,FY,Highlights,Realized Optimization gross margin,78.8,usd_millions,0,0,5,column mapping proven: prose p.1-2 + components foot to Adjusted Gross Margin in all four columns
business_100,3409150,1,https://web.quartr.com/companies/21558?companyId=21558&documentId=3409150&documentType=report&eventId=554427&navigation=external&utm_medium=referral&utm_source=mcp&rp=1,non_ifrs,FY2025,2025-03-31,FY,Highlights,Realized Optimization gross margin,56.6,usd_millions,0,1,5,column mapping proven: prose p.1-2 + components foot to Adjusted Gross Margin in all four columns
business_100,3409150,1,https://web.quartr.com/companies/21558?companyId=21558&documentId=3409150&documentType=report&eventId=554427&navigation=external&utm_medium=referral&utm_source=mcp&rp=1,non_ifrs,Q4 FY2026,2026-03-31,Q,Highlights,Adjusted EBITDA 1,109.2,usd_millions,1,0,6,column mapping proven: prose p.1-2 + components foot to Adjusted Gross Margin in all four columns
business_100,3409150,1,https://web.quartr.com/companies/21558?companyId=21558&documentId=3409150&documentType=report&eventId=554427&navigation=external&utm_medium=referral&utm_source=mcp&rp=1,non_ifrs,Q4 FY2025,2025-03-31,Q,Highlights,Adjusted EBITDA 1,112.7,usd_millions,1,1,6,column mapping proven: prose p.1-2 + components foot to Adjusted Gross Margin in all four columns
business_100,3409150,1,https://web.quartr.com/companies/21558?companyId=21558&documentId=3409150&documentType=report&eventId=554427&navigation=external&utm_medium=referral&utm_source=mcp&rp=1,non_ifrs,FY2026,2026-03-31,FY,Highlights,Adjusted EBITDA 1,385.9,usd_millions,1,0,6,column mapping proven: prose p.1-2 + components foot to Adjusted Gross Margin in all four columns
business_100,3409150,1,https://web.quartr.com/companies/21558?companyId=21558&documentId=3409150&documentType=report&eventId=554427&navigation=external&utm_medium=referral&utm_source=mcp&rp=1,non_ifrs,FY2025,2025-03-31,FY,Highlights,Adjusted EBITDA 1,338.8,usd_millions,1,1,6,column mapping proven: prose p.1-2 + components foot to Adjusted Gross Margin in all four columns
business_100,3409150,1,https://web.quartr.com/companies/21558?companyId=21558&documentId=3409150&documentType=report&eventId=554427&navigation=external&utm_medium=referral&utm_source=mcp&rp=1,non_ifrs,Q4 FY2026,2026-03-31,Q,Highlights,Distributable Cash Flow 1,74.8,usd_millions,1,0,7,column mapping proven: prose p.1-2 + components foot to Adjusted Gross Margin in all four columns
business_100,3409150,1,https://web.quartr.com/companies/21558?companyId=21558&documentId=3409150&documentType=report&eventId=554427&navigation=external&utm_medium=referral&utm_source=mcp&rp=1,non_ifrs,Q4 FY2025,2025-03-31,Q,Highlights,Distributable Cash Flow 1,78.0,usd_millions,1,1,7,column mapping proven: prose p.1-2 + components foot to Adjusted Gross Margin in all four columns
business_100,3409150,1,https://web.quartr.com/companies/21558?companyId=21558&documentId=3409150&documentType=report&eventId=554427&navigation=external&utm_medium=referral&utm_source=mcp&rp=1,non_ifrs,FY2026,2026-03-31,FY,Highlights,Distributable Cash Flow 1,251.6,usd_millions,1,0,7,column mapping proven: prose p.1-2 + components foot to Adjusted Gross Margin in all four columns
business_100,3409150,1,https://web.quartr.com/companies/21558?companyId=21558&documentId=3409150&documentType=report&eventId=554427&navigation=external&utm_medium=referral&utm_source=mcp&rp=1,non_ifrs,FY2025,2025-03-31,FY,Highlights,Distributable Cash Flow 1,234.5,usd_millions,1,1,7,column mapping proven: prose p.1-2 + components foot to Adjusted Gross Margin in all four columns
business_100,3409150,1,https://web.quartr.com/companies/21558?companyId=21558&documentId=3409150&documentType=report&eventId=554427&navigation=external&utm_medium=referral&utm_source=mcp&rp=1,non_ifrs,Q4 FY2026,2026-03-31,Q,Highlights,Distributable Cash Flow per share 1,0.56,usd_per_share,0,0,8,column mapping proven: prose p.1-2 + components foot to Adjusted Gross Margin in all four columns
business_100,3409150,1,https://web.quartr.com/companies/21558?companyId=21558&documentId=3409150&documentType=report&eventId=554427&navigation=external&utm_medium=referral&utm_source=mcp&rp=1,non_ifrs,Q4 FY2025,2025-03-31,Q,Highlights,Distributable Cash Flow per share 1,0.59,usd_per_share,0,1,8,column mapping proven: prose p.1-2 + components foot to Adjusted Gross Margin in all four columns
business_100,3409150,1,https://web.quartr.com/companies/21558?companyId=21558&documentId=3409150&documentType=report&eventId=554427&navigation=external&utm_medium=referral&utm_source=mcp&rp=1,non_ifrs,FY2026,2026-03-31,FY,Highlights,Distributable Cash Flow per share 1,1.89,usd_per_share,0,0,8,column mapping proven: prose p.1-2 + components foot to Adjusted Gross Margin in all four columns
business_100,3409150,1,https://web.quartr.com/companies/21558?companyId=21558&documentId=3409150&documentType=report&eventId=554427&navigation=external&utm_medium=referral&utm_source=mcp&rp=1,non_ifrs,FY2025,2025-03-31,FY,Highlights,Distributable Cash Flow per share 1,1.76,usd_per_share,0,1,8,column mapping proven: prose p.1-2 + components foot to Adjusted Gross Margin in all four columns
business_100,3409150,1,https://web.quartr.com/companies/21558?companyId=21558&documentId=3409150&documentType=report&eventId=554427&navigation=external&utm_medium=referral&utm_source=mcp&rp=1,non_ifrs,Q4 FY2026,2026-03-31,Q,Highlights,Fee-for-Service gross margin as a %of Adjusted Gross Margin 1,77,pct,0,0,9,extractor renders '%of' without space; footnote marker 1 = non-IFRS. column mapping proven: prose p.1-2 + components foot to Adjusted Gross Margin in all four columns
business_100,3409150,1,https://web.quartr.com/companies/21558?companyId=21558&documentId=3409150&documentType=report&eventId=554427&navigation=external&utm_medium=referral&utm_source=mcp&rp=1,non_ifrs,Q4 FY2025,2025-03-31,Q,Highlights,Fee-for-Service gross margin as a %of Adjusted Gross Margin 1,78,pct,0,1,9,extractor renders '%of' without space; footnote marker 1 = non-IFRS. column mapping proven: prose p.1-2 + components foot to Adjusted Gross Margin in all four columns
business_100,3409150,1,https://web.quartr.com/companies/21558?companyId=21558&documentId=3409150&documentType=report&eventId=554427&navigation=external&utm_medium=referral&utm_source=mcp&rp=1,non_ifrs,FY2026,2026-03-31,FY,Highlights,Fee-for-Service gross margin as a %of Adjusted Gross Margin 1,83,pct,0,0,9,extractor renders '%of' without space; footnote marker 1 = non-IFRS. column mapping proven: prose p.1-2 + components foot to Adjusted Gross Margin in all four columns
business_100,3409150,1,https://web.quartr.com/companies/21558?companyId=21558&documentId=3409150&documentType=report&eventId=554427&navigation=external&utm_medium=referral&utm_source=mcp&rp=1,non_ifrs,FY2025,2025-03-31,FY,Highlights,Fee-for-Service gross margin as a %of Adjusted Gross Margin 1,86,pct,0,1,9,extractor renders '%of' without space; footnote marker 1 = non-IFRS. column mapping proven: prose p.1-2 + components foot to Adjusted Gross Margin in all four columns
business_100,3409150,14,https://web.quartr.com/companies/21558?companyId=21558&documentId=3409150&documentType=report&eventId=554427&navigation=external&utm_medium=referral&utm_source=mcp&rp=14,non_ifrs,Q4 FY2026,2026-03-31,Q,Reconciliation of Non-IFRS Measures,Net earnings,24.4,usd_millions,0,0,101,
business_100,3409150,14,https://web.quartr.com/companies/21558?companyId=21558&documentId=3409150&documentType=report&eventId=554427&navigation=external&utm_medium=referral&utm_source=mcp&rp=14,non_ifrs,Q4 FY2025,2025-03-31,Q,Reconciliation of Non-IFRS Measures,Net earnings,57.0,usd_millions,0,1,101,
business_100,3409150,14,https://web.quartr.com/companies/21558?companyId=21558&documentId=3409150&documentType=report&eventId=554427&navigation=external&utm_medium=referral&utm_source=mcp&rp=14,non_ifrs,FY2026,2026-03-31,FY,Reconciliation of Non-IFRS Measures,Net earnings,206.9,usd_millions,0,0,101,
business_100,3409150,14,https://web.quartr.com/companies/21558?companyId=21558&documentId=3409150&documentType=report&eventId=554427&navigation=external&utm_medium=referral&utm_source=mcp&rp=14,non_ifrs,FY2025,2025-03-31,FY,Reconciliation of Non-IFRS Measures,Net earnings,209.4,usd_millions,0,1,101,
business_100,3409150,14,https://web.quartr.com/companies/21558?companyId=21558&documentId=3409150&documentType=report&eventId=554427&navigation=external&utm_medium=referral&utm_source=mcp&rp=14,non_ifrs,Q4 FY2026,2026-03-31,Q,Reconciliation of Non-IFRS Measures,Financing costs,16.2,usd_millions,0,0,102,
business_100,3409150,14,https://web.quartr.com/companies/21558?companyId=21558&documentId=3409150&documentType=report&eventId=554427&navigation=external&utm_medium=referral&utm_source=mcp&rp=14,non_ifrs,Q4 FY2025,2025-03-31,Q,Reconciliation of Non-IFRS Measures,Financing costs,29.7,usd_millions,0,1,102,
business_100,3409150,14,https://web.quartr.com/companies/21558?companyId=21558&documentId=3409150&documentType=report&eventId=554427&navigation=external&utm_medium=referral&utm_source=mcp&rp=14,non_ifrs,FY2026,2026-03-31,FY,Reconciliation of Non-IFRS Measures,Financing costs,89.8,usd_millions,0,0,102,
business_100,3409150,14,https://web.quartr.com/companies/21558?companyId=21558&documentId=3409150&documentType=report&eventId=554427&navigation=external&utm_medium=referral&utm_source=mcp&rp=14,non_ifrs,FY2025,2025-03-31,FY,Reconciliation of Non-IFRS Measures,Financing costs,93.1,usd_millions,0,1,102,
business_100,3409150,14,https://web.quartr.com/companies/21558?companyId=21558&documentId=3409150&documentType=report&eventId=554427&navigation=external&utm_medium=referral&utm_source=mcp&rp=14,non_ifrs,Q4 FY2026,2026-03-31,Q,Reconciliation of Non-IFRS Measures,Income tax expense (benefit),2.3,usd_millions,0,0,103,
business_100,3409150,14,https://web.quartr.com/companies/21558?companyId=21558&documentId=3409150&documentType=report&eventId=554427&navigation=external&utm_medium=referral&utm_source=mcp&rp=14,non_ifrs,Q4 FY2025,2025-03-31,Q,Reconciliation of Non-IFRS Measures,Income tax expense (benefit),4.9,usd_millions,0,1,103,
business_100,3409150,14,https://web.quartr.com/companies/21558?companyId=21558&documentId=3409150&documentType=report&eventId=554427&navigation=external&utm_medium=referral&utm_source=mcp&rp=14,non_ifrs,FY2026,2026-03-31,FY,Reconciliation of Non-IFRS Measures,Income tax expense (benefit),16.6,usd_millions,0,0,103,
business_100,3409150,14,https://web.quartr.com/companies/21558?companyId=21558&documentId=3409150&documentType=report&eventId=554427&navigation=external&utm_medium=referral&utm_source=mcp&rp=14,non_ifrs,FY2025,2025-03-31,FY,Reconciliation of Non-IFRS Measures,Income tax expense (benefit),-10.6,usd_millions,0,1,103,
business_100,3409150,14,https://web.quartr.com/companies/21558?companyId=21558&documentId=3409150&documentType=report&eventId=554427&navigation=external&utm_medium=referral&utm_source=mcp&rp=14,non_ifrs,Q4 FY2026,2026-03-31,Q,Reconciliation of Non-IFRS Measures,Depreciation and amortization,7.7,usd_millions,0,0,104,
business_100,3409150,14,https://web.quartr.com/companies/21558?companyId=21558&documentId=3409150&documentType=report&eventId=554427&navigation=external&utm_medium=referral&utm_source=mcp&rp=14,non_ifrs,Q4 FY2025,2025-03-31,Q,Reconciliation of Non-IFRS Measures,Depreciation and amortization,7.7,usd_millions,0,1,104,
business_100,3409150,14,https://web.quartr.com/companies/21558?companyId=21558&documentId=3409150&documentType=report&eventId=554427&navigation=external&utm_medium=referral&utm_source=mcp&rp=14,non_ifrs,FY2026,2026-03-31,FY,Reconciliation of Non-IFRS Measures,Depreciation and amortization,34.1,usd_millions,0,0,104,
business_100,3409150,14,https://web.quartr.com/companies/21558?companyId=21558&documentId=3409150&documentType=report&eventId=554427&navigation=external&utm_medium=referral&utm_source=mcp&rp=14,non_ifrs,FY2025,2025-03-31,FY,Reconciliation of Non-IFRS Measures,Depreciation and amortization,33.1,usd_millions,0,1,104,
business_100,3409150,14,https://web.quartr.com/companies/21558?companyId=21558&documentId=3409150&documentType=report&eventId=554427&navigation=external&utm_medium=referral&utm_source=mcp&rp=14,non_ifrs,Q4 FY2026,2026-03-31,Q,Reconciliation of Non-IFRS Measures,Unrealized risk management losses (gains) (1),6.2,usd_millions,0,0,105,"fn1: Excludes the net unrealized impact from interest rate swaps, which are included within financing costs."
business_100,3409150,14,https://web.quartr.com/companies/21558?companyId=21558&documentId=3409150&documentType=report&eventId=554427&navigation=external&utm_medium=referral&utm_source=mcp&rp=14,non_ifrs,Q4 FY2025,2025-03-31,Q,Reconciliation of Non-IFRS Measures,Unrealized risk management losses (gains) (1),11.7,usd_millions,0,1,105,"fn1: Excludes the net unrealized impact from interest rate swaps, which are included within financing costs."
business_100,3409150,14,https://web.quartr.com/companies/21558?companyId=21558&documentId=3409150&documentType=report&eventId=554427&navigation=external&utm_medium=referral&utm_source=mcp&rp=14,non_ifrs,FY2026,2026-03-31,FY,Reconciliation of Non-IFRS Measures,Unrealized risk management losses (gains) (1),-16.8,usd_millions,0,0,105,"fn1: Excludes the net unrealized impact from interest rate swaps, which are included within financing costs."
business_100,3409150,14,https://web.quartr.com/companies/21558?companyId=21558&documentId=3409150&documentType=report&eventId=554427&navigation=external&utm_medium=referral&utm_source=mcp&rp=14,non_ifrs,FY2025,2025-03-31,FY,Reconciliation of Non-IFRS Measures,Unrealized risk management losses (gains) (1),6.9,usd_millions,0,1,105,"fn1: Excludes the net unrealized impact from interest rate swaps, which are included within financing costs."
business_100,3409150,14,https://web.quartr.com/companies/21558?companyId=21558&documentId=3409150&documentType=report&eventId=554427&navigation=external&utm_medium=referral&utm_source=mcp&rp=14,non_ifrs,Q4 FY2026,2026-03-31,Q,Reconciliation of Non-IFRS Measures,Other expenses,52.4,usd_millions,0,0,106,FY2026/Q4 FY2026 inflated by Brookfield Legacy Incentive Plan compensation costs (p.1)
business_100,3409150,14,https://web.quartr.com/companies/21558?companyId=21558&documentId=3409150&documentType=report&eventId=554427&navigation=external&utm_medium=referral&utm_source=mcp&rp=14,non_ifrs,Q4 FY2025,2025-03-31,Q,Reconciliation of Non-IFRS Measures,Other expenses,1.7,usd_millions,0,1,106,FY2026/Q4 FY2026 inflated by Brookfield Legacy Incentive Plan compensation costs (p.1)
business_100,3409150,14,https://web.quartr.com/companies/21558?companyId=21558&documentId=3409150&documentType=report&eventId=554427&navigation=external&utm_medium=referral&utm_source=mcp&rp=14,non_ifrs,FY2026,2026-03-31,FY,Reconciliation of Non-IFRS Measures,Other expenses,55.3,usd_millions,0,0,106,FY2026/Q4 FY2026 inflated by Brookfield Legacy Incentive Plan compensation costs (p.1)
business_100,3409150,14,https://web.quartr.com/companies/21558?companyId=21558&documentId=3409150&documentType=report&eventId=554427&navigation=external&utm_medium=referral&utm_source=mcp&rp=14,non_ifrs,FY2025,2025-03-31,FY,Reconciliation of Non-IFRS Measures,Other expenses,6.9,usd_millions,0,1,106,FY2026/Q4 FY2026 inflated by Brookfield Legacy Incentive Plan compensation costs (p.1)
business_100,3409150,14,https://web.quartr.com/companies/21558?companyId=21558&documentId=3409150&documentType=report&eventId=554427&navigation=external&utm_medium=referral&utm_source=mcp&rp=14,non_ifrs,Q4 FY2026,2026-03-31,Q,Reconciliation of Non-IFRS Measures,Adjusted EBITDA,109.2,usd_millions,1,0,107,
business_100,3409150,14,https://web.quartr.com/companies/21558?companyId=21558&documentId=3409150&documentType=report&eventId=554427&navigation=external&utm_medium=referral&utm_source=mcp&rp=14,non_ifrs,Q4 FY2025,2025-03-31,Q,Reconciliation of Non-IFRS Measures,Adjusted EBITDA,112.7,usd_millions,1,1,107,
business_100,3409150,14,https://web.quartr.com/companies/21558?companyId=21558&documentId=3409150&documentType=report&eventId=554427&navigation=external&utm_medium=referral&utm_source=mcp&rp=14,non_ifrs,FY2026,2026-03-31,FY,Reconciliation of Non-IFRS Measures,Adjusted EBITDA,385.9,usd_millions,1,0,107,
business_100,3409150,14,https://web.quartr.com/companies/21558?companyId=21558&documentId=3409150&documentType=report&eventId=554427&navigation=external&utm_medium=referral&utm_source=mcp&rp=14,non_ifrs,FY2025,2025-03-31,FY,Reconciliation of Non-IFRS Measures,Adjusted EBITDA,338.8,usd_millions,1,1,107,
business_100,3409150,14,https://web.quartr.com/companies/21558?companyId=21558&documentId=3409150&documentType=report&eventId=554427&navigation=external&utm_medium=referral&utm_source=mcp&rp=14,non_ifrs,Q4 FY2026,2026-03-31,Q,Reconciliation of Non-IFRS Measures,Operating,13.2,usd_millions,0,0,108,
business_100,3409150,14,https://web.quartr.com/companies/21558?companyId=21558&documentId=3409150&documentType=report&eventId=554427&navigation=external&utm_medium=referral&utm_source=mcp&rp=14,non_ifrs,Q4 FY2025,2025-03-31,Q,Reconciliation of Non-IFRS Measures,Operating,13.8,usd_millions,0,1,108,
business_100,3409150,14,https://web.quartr.com/companies/21558?companyId=21558&documentId=3409150&documentType=report&eventId=554427&navigation=external&utm_medium=referral&utm_source=mcp&rp=14,non_ifrs,FY2026,2026-03-31,FY,Reconciliation of Non-IFRS Measures,Operating,50.8,usd_millions,0,0,108,
business_100,3409150,14,https://web.quartr.com/companies/21558?companyId=21558&documentId=3409150&documentType=report&eventId=554427&navigation=external&utm_medium=referral&utm_source=mcp&rp=14,non_ifrs,FY2025,2025-03-31,FY,Reconciliation of Non-IFRS Measures,Operating,49.5,usd_millions,0,1,108,
business_100,3409150,14,https://web.quartr.com/companies/21558?companyId=21558&documentId=3409150&documentType=report&eventId=554427&navigation=external&utm_medium=referral&utm_source=mcp&rp=14,non_ifrs,Q4 FY2026,2026-03-31,Q,Reconciliation of Non-IFRS Measures,General and administrative,6.5,usd_millions,0,0,109,
business_100,3409150,14,https://web.quartr.com/companies/21558?companyId=21558&documentId=3409150&documentType=report&eventId=554427&navigation=external&utm_medium=referral&utm_source=mcp&rp=14,non_ifrs,Q4 FY2025,2025-03-31,Q,Reconciliation of Non-IFRS Measures,General and administrative,7.8,usd_millions,0,1,109,
business_100,3409150,14,https://web.quartr.com/companies/21558?companyId=21558&documentId=3409150&documentType=report&eventId=554427&navigation=external&utm_medium=referral&utm_source=mcp&rp=14,non_ifrs,FY2026,2026-03-31,FY,Reconciliation of Non-IFRS Measures,General and administrative,22.2,usd_millions,0,0,109,
business_100,3409150,14,https://web.quartr.com/companies/21558?companyId=21558&documentId=3409150&documentType=report&eventId=554427&navigation=external&utm_medium=referral&utm_source=mcp&rp=14,non_ifrs,FY2025,2025-03-31,FY,Reconciliation of Non-IFRS Measures,General and administrative,24.2,usd_millions,0,1,109,
business_100,3409150,14,https://web.quartr.com/companies/21558?companyId=21558&documentId=3409150&documentType=report&eventId=554427&navigation=external&utm_medium=referral&utm_source=mcp&rp=14,non_ifrs,Q4 FY2026,2026-03-31,Q,Reconciliation of Non-IFRS Measures,Other items (2),-0.2,usd_millions,0,0,110,fn2: Other items consists of net unrealized electricity contract losses/gains.
business_100,3409150,14,https://web.quartr.com/companies/21558?companyId=21558&documentId=3409150&documentType=report&eventId=554427&navigation=external&utm_medium=referral&utm_source=mcp&rp=14,non_ifrs,Q4 FY2025,2025-03-31,Q,Reconciliation of Non-IFRS Measures,Other items (2),-0.1,usd_millions,0,1,110,fn2: Other items consists of net unrealized electricity contract losses/gains.
business_100,3409150,14,https://web.quartr.com/companies/21558?companyId=21558&documentId=3409150&documentType=report&eventId=554427&navigation=external&utm_medium=referral&utm_source=mcp&rp=14,non_ifrs,FY2026,2026-03-31,FY,Reconciliation of Non-IFRS Measures,Other items (2),0.2,usd_millions,0,0,110,fn2: Other items consists of net unrealized electricity contract losses/gains.
business_100,3409150,14,https://web.quartr.com/companies/21558?companyId=21558&documentId=3409150&documentType=report&eventId=554427&navigation=external&utm_medium=referral&utm_source=mcp&rp=14,non_ifrs,FY2025,2025-03-31,FY,Reconciliation of Non-IFRS Measures,Other items (2),-0.1,usd_millions,0,1,110,fn2: Other items consists of net unrealized electricity contract losses/gains.
business_100,3409150,14,https://web.quartr.com/companies/21558?companyId=21558&documentId=3409150&documentType=report&eventId=554427&navigation=external&utm_medium=referral&utm_source=mcp&rp=14,non_ifrs,Q4 FY2026,2026-03-31,Q,Reconciliation of Non-IFRS Measures,Adjusted Gross Margin,128.7,usd_millions,1,0,111,
business_100,3409150,14,https://web.quartr.com/companies/21558?companyId=21558&documentId=3409150&documentType=report&eventId=554427&navigation=external&utm_medium=referral&utm_source=mcp&rp=14,non_ifrs,Q4 FY2025,2025-03-31,Q,Reconciliation of Non-IFRS Measures,Adjusted Gross Margin,134.2,usd_millions,1,1,111,
business_100,3409150,14,https://web.quartr.com/companies/21558?companyId=21558&documentId=3409150&documentType=report&eventId=554427&navigation=external&utm_medium=referral&utm_source=mcp&rp=14,non_ifrs,FY2026,2026-03-31,FY,Reconciliation of Non-IFRS Measures,Adjusted Gross Margin,459.1,usd_millions,1,0,111,
business_100,3409150,14,https://web.quartr.com/companies/21558?companyId=21558&documentId=3409150&documentType=report&eventId=554427&navigation=external&utm_medium=referral&utm_source=mcp&rp=14,non_ifrs,FY2025,2025-03-31,FY,Reconciliation of Non-IFRS Measures,Adjusted Gross Margin,412.4,usd_millions,1,1,111,
business_100,3409150,14,https://web.quartr.com/companies/21558?companyId=21558&documentId=3409150&documentType=report&eventId=554427&navigation=external&utm_medium=referral&utm_source=mcp&rp=14,non_ifrs,Q4 FY2026,2026-03-31,Q,Reconciliation of Non-IFRS Measures,Operating,-13.2,usd_millions,0,0,112,"second occurrence of caption, deducted"
business_100,3409150,14,https://web.quartr.com/companies/21558?companyId=21558&documentId=3409150&documentType=report&eventId=554427&navigation=external&utm_medium=referral&utm_source=mcp&rp=14,non_ifrs,Q4 FY2025,2025-03-31,Q,Reconciliation of Non-IFRS Measures,Operating,-13.8,usd_millions,0,1,112,"second occurrence of caption, deducted"
business_100,3409150,14,https://web.quartr.com/companies/21558?companyId=21558&documentId=3409150&documentType=report&eventId=554427&navigation=external&utm_medium=referral&utm_source=mcp&rp=14,non_ifrs,FY2026,2026-03-31,FY,Reconciliation of Non-IFRS Measures,Operating,-50.8,usd_millions,0,0,112,"second occurrence of caption, deducted"
business_100,3409150,14,https://web.quartr.com/companies/21558?companyId=21558&documentId=3409150&documentType=report&eventId=554427&navigation=external&utm_medium=referral&utm_source=mcp&rp=14,non_ifrs,FY2025,2025-03-31,FY,Reconciliation of Non-IFRS Measures,Operating,-49.5,usd_millions,0,1,112,"second occurrence of caption, deducted"
business_100,3409150,14,https://web.quartr.com/companies/21558?companyId=21558&documentId=3409150&documentType=report&eventId=554427&navigation=external&utm_medium=referral&utm_source=mcp&rp=14,non_ifrs,Q4 FY2026,2026-03-31,Q,Reconciliation of Non-IFRS Measures,General and administrative,-6.5,usd_millions,0,0,113,"second occurrence of caption, deducted"
business_100,3409150,14,https://web.quartr.com/companies/21558?companyId=21558&documentId=3409150&documentType=report&eventId=554427&navigation=external&utm_medium=referral&utm_source=mcp&rp=14,non_ifrs,Q4 FY2025,2025-03-31,Q,Reconciliation of Non-IFRS Measures,General and administrative,-7.8,usd_millions,0,1,113,"second occurrence of caption, deducted"
business_100,3409150,14,https://web.quartr.com/companies/21558?companyId=21558&documentId=3409150&documentType=report&eventId=554427&navigation=external&utm_medium=referral&utm_source=mcp&rp=14,non_ifrs,FY2026,2026-03-31,FY,Reconciliation of Non-IFRS Measures,General and administrative,-22.2,usd_millions,0,0,113,"second occurrence of caption, deducted"
business_100,3409150,14,https://web.quartr.com/companies/21558?companyId=21558&documentId=3409150&documentType=report&eventId=554427&navigation=external&utm_medium=referral&utm_source=mcp&rp=14,non_ifrs,FY2025,2025-03-31,FY,Reconciliation of Non-IFRS Measures,General and administrative,-24.2,usd_millions,0,1,113,"second occurrence of caption, deducted"
business_100,3409150,14,https://web.quartr.com/companies/21558?companyId=21558&documentId=3409150&documentType=report&eventId=554427&navigation=external&utm_medium=referral&utm_source=mcp&rp=14,non_ifrs,Q4 FY2026,2026-03-31,Q,Reconciliation of Non-IFRS Measures,Interest expense (3),-18.6,usd_millions,0,0,114,"fn3: interest on NON-AFFILIATED debt obligations incl. Term Loan due 2026, Term Loan due 2031, ABL Facility, Warwick Credit Facility, net of realized gains on interest rate swaps"
business_100,3409150,14,https://web.quartr.com/companies/21558?companyId=21558&documentId=3409150&documentType=report&eventId=554427&navigation=external&utm_medium=referral&utm_source=mcp&rp=14,non_ifrs,Q4 FY2025,2025-03-31,Q,Reconciliation of Non-IFRS Measures,Interest expense (3),-22.7,usd_millions,0,1,114,"fn3: interest on NON-AFFILIATED debt obligations incl. Term Loan due 2026, Term Loan due 2031, ABL Facility, Warwick Credit Facility, net of realized gains on interest rate swaps"
business_100,3409150,14,https://web.quartr.com/companies/21558?companyId=21558&documentId=3409150&documentType=report&eventId=554427&navigation=external&utm_medium=referral&utm_source=mcp&rp=14,non_ifrs,FY2026,2026-03-31,FY,Reconciliation of Non-IFRS Measures,Interest expense (3),-80.7,usd_millions,0,0,114,"fn3: interest on NON-AFFILIATED debt obligations incl. Term Loan due 2026, Term Loan due 2031, ABL Facility, Warwick Credit Facility, net of realized gains on interest rate swaps"
business_100,3409150,14,https://web.quartr.com/companies/21558?companyId=21558&documentId=3409150&documentType=report&eventId=554427&navigation=external&utm_medium=referral&utm_source=mcp&rp=14,non_ifrs,FY2025,2025-03-31,FY,Reconciliation of Non-IFRS Measures,Interest expense (3),-70.0,usd_millions,0,1,114,"fn3: interest on NON-AFFILIATED debt obligations incl. Term Loan due 2026, Term Loan due 2031, ABL Facility, Warwick Credit Facility, net of realized gains on interest rate swaps"
business_100,3409150,14,https://web.quartr.com/companies/21558?companyId=21558&documentId=3409150&documentType=report&eventId=554427&navigation=external&utm_medium=referral&utm_source=mcp&rp=14,non_ifrs,Q4 FY2026,2026-03-31,Q,Reconciliation of Non-IFRS Measures,Mandatory debt repayments,-3.1,usd_millions,0,0,115,
business_100,3409150,14,https://web.quartr.com/companies/21558?companyId=21558&documentId=3409150&documentType=report&eventId=554427&navigation=external&utm_medium=referral&utm_source=mcp&rp=14,non_ifrs,Q4 FY2025,2025-03-31,Q,Reconciliation of Non-IFRS Measures,Mandatory debt repayments,-3.1,usd_millions,0,1,115,
business_100,3409150,14,https://web.quartr.com/companies/21558?companyId=21558&documentId=3409150&documentType=report&eventId=554427&navigation=external&utm_medium=referral&utm_source=mcp&rp=14,non_ifrs,FY2026,2026-03-31,FY,Reconciliation of Non-IFRS Measures,Mandatory debt repayments,-12.5,usd_millions,0,0,115,
business_100,3409150,14,https://web.quartr.com/companies/21558?companyId=21558&documentId=3409150&documentType=report&eventId=554427&navigation=external&utm_medium=referral&utm_source=mcp&rp=14,non_ifrs,FY2025,2025-03-31,FY,Reconciliation of Non-IFRS Measures,Mandatory debt repayments,-3.1,usd_millions,0,1,115,
business_100,3409150,14,https://web.quartr.com/companies/21558?companyId=21558&documentId=3409150&documentType=report&eventId=554427&navigation=external&utm_medium=referral&utm_source=mcp&rp=14,non_ifrs,Q4 FY2026,2026-03-31,Q,Reconciliation of Non-IFRS Measures,Current taxes,-3.0,usd_millions,0,0,116,
business_100,3409150,14,https://web.quartr.com/companies/21558?companyId=21558&documentId=3409150&documentType=report&eventId=554427&navigation=external&utm_medium=referral&utm_source=mcp&rp=14,non_ifrs,Q4 FY2025,2025-03-31,Q,Reconciliation of Non-IFRS Measures,Current taxes,0,usd_millions,0,1,116,printed_dash_zero
business_100,3409150,14,https://web.quartr.com/companies/21558?companyId=21558&documentId=3409150&documentType=report&eventId=554427&navigation=external&utm_medium=referral&utm_source=mcp&rp=14,non_ifrs,FY2026,2026-03-31,FY,Reconciliation of Non-IFRS Measures,Current taxes,-6.1,usd_millions,0,0,116,
business_100,3409150,14,https://web.quartr.com/companies/21558?companyId=21558&documentId=3409150&documentType=report&eventId=554427&navigation=external&utm_medium=referral&utm_source=mcp&rp=14,non_ifrs,FY2025,2025-03-31,FY,Reconciliation of Non-IFRS Measures,Current taxes,-0.6,usd_millions,0,1,116,
business_100,3409150,14,https://web.quartr.com/companies/21558?companyId=21558&documentId=3409150&documentType=report&eventId=554427&navigation=external&utm_medium=referral&utm_source=mcp&rp=14,non_ifrs,Q4 FY2026,2026-03-31,Q,Reconciliation of Non-IFRS Measures,Cash lease payments (4),-3.4,usd_millions,0,0,117,fn4: excludes one-time $19.3m payment in 3M ended 2025-09-30 re modified storage leases; excludes variable lease payments in operating
business_100,3409150,14,https://web.quartr.com/companies/21558?companyId=21558&documentId=3409150&documentType=report&eventId=554427&navigation=external&utm_medium=referral&utm_source=mcp&rp=14,non_ifrs,Q4 FY2025,2025-03-31,Q,Reconciliation of Non-IFRS Measures,Cash lease payments (4),-3.1,usd_millions,0,1,117,fn4: excludes one-time $19.3m payment in 3M ended 2025-09-30 re modified storage leases; excludes variable lease payments in operating
business_100,3409150,14,https://web.quartr.com/companies/21558?companyId=21558&documentId=3409150&documentType=report&eventId=554427&navigation=external&utm_medium=referral&utm_source=mcp&rp=14,non_ifrs,FY2026,2026-03-31,FY,Reconciliation of Non-IFRS Measures,Cash lease payments (4),-8.6,usd_millions,0,0,117,fn4: excludes one-time $19.3m payment in 3M ended 2025-09-30 re modified storage leases; excludes variable lease payments in operating
business_100,3409150,14,https://web.quartr.com/companies/21558?companyId=21558&documentId=3409150&documentType=report&eventId=554427&navigation=external&utm_medium=referral&utm_source=mcp&rp=14,non_ifrs,FY2025,2025-03-31,FY,Reconciliation of Non-IFRS Measures,Cash lease payments (4),-9.3,usd_millions,0,1,117,fn4: excludes one-time $19.3m payment in 3M ended 2025-09-30 re modified storage leases; excludes variable lease payments in operating
business_100,3409150,14,https://web.quartr.com/companies/21558?companyId=21558&documentId=3409150&documentType=report&eventId=554427&navigation=external&utm_medium=referral&utm_source=mcp&rp=14,non_ifrs,Q4 FY2026,2026-03-31,Q,Reconciliation of Non-IFRS Measures,Maintenance capital expenditures (5),-6.3,usd_millions,0,0,118,fn5: fiscal 2025 maintenance capex ADJUSTED DOWNWARDS by $5.5m for one-time historical heat imbalance / cushion gas migration costs - restatement of prior-year comparative
business_100,3409150,14,https://web.quartr.com/companies/21558?companyId=21558&documentId=3409150&documentType=report&eventId=554427&navigation=external&utm_medium=referral&utm_source=mcp&rp=14,non_ifrs,Q4 FY2025,2025-03-31,Q,Reconciliation of Non-IFRS Measures,Maintenance capital expenditures (5),-5.8,usd_millions,0,1,118,fn5: fiscal 2025 maintenance capex ADJUSTED DOWNWARDS by $5.5m for one-time historical heat imbalance / cushion gas migration costs - restatement of prior-year comparative
business_100,3409150,14,https://web.quartr.com/companies/21558?companyId=21558&documentId=3409150&documentType=report&eventId=554427&navigation=external&utm_medium=referral&utm_source=mcp&rp=14,non_ifrs,FY2026,2026-03-31,FY,Reconciliation of Non-IFRS Measures,Maintenance capital expenditures (5),-26.4,usd_millions,0,0,118,fn5: fiscal 2025 maintenance capex ADJUSTED DOWNWARDS by $5.5m for one-time historical heat imbalance / cushion gas migration costs - restatement of prior-year comparative
business_100,3409150,14,https://web.quartr.com/companies/21558?companyId=21558&documentId=3409150&documentType=report&eventId=554427&navigation=external&utm_medium=referral&utm_source=mcp&rp=14,non_ifrs,FY2025,2025-03-31,FY,Reconciliation of Non-IFRS Measures,Maintenance capital expenditures (5),-21.3,usd_millions,0,1,118,fn5: fiscal 2025 maintenance capex ADJUSTED DOWNWARDS by $5.5m for one-time historical heat imbalance / cushion gas migration costs - restatement of prior-year comparative
business_100,3409150,14,https://web.quartr.com/companies/21558?companyId=21558&documentId=3409150&documentType=report&eventId=554427&navigation=external&utm_medium=referral&utm_source=mcp&rp=14,non_ifrs,Q4 FY2026,2026-03-31,Q,Reconciliation of Non-IFRS Measures,Other items (2),0.2,usd_millions,0,0,119,second occurrence of caption
business_100,3409150,14,https://web.quartr.com/companies/21558?companyId=21558&documentId=3409150&documentType=report&eventId=554427&navigation=external&utm_medium=referral&utm_source=mcp&rp=14,non_ifrs,Q4 FY2025,2025-03-31,Q,Reconciliation of Non-IFRS Measures,Other items (2),0.1,usd_millions,0,1,119,second occurrence of caption
business_100,3409150,14,https://web.quartr.com/companies/21558?companyId=21558&documentId=3409150&documentType=report&eventId=554427&navigation=external&utm_medium=referral&utm_source=mcp&rp=14,non_ifrs,FY2026,2026-03-31,FY,Reconciliation of Non-IFRS Measures,Other items (2),-0.2,usd_millions,0,0,119,second occurrence of caption
business_100,3409150,14,https://web.quartr.com/companies/21558?companyId=21558&documentId=3409150&documentType=report&eventId=554427&navigation=external&utm_medium=referral&utm_source=mcp&rp=14,non_ifrs,FY2025,2025-03-31,FY,Reconciliation of Non-IFRS Measures,Other items (2),0.1,usd_millions,0,1,119,second occurrence of caption
business_100,3409150,14,https://web.quartr.com/companies/21558?companyId=21558&documentId=3409150&documentType=report&eventId=554427&navigation=external&utm_medium=referral&utm_source=mcp&rp=14,non_ifrs,Q4 FY2026,2026-03-31,Q,Reconciliation of Non-IFRS Measures,Distributable Cash Flow,74.8,usd_millions,1,0,120,
business_100,3409150,14,https://web.quartr.com/companies/21558?companyId=21558&documentId=3409150&documentType=report&eventId=554427&navigation=external&utm_medium=referral&utm_source=mcp&rp=14,non_ifrs,Q4 FY2025,2025-03-31,Q,Reconciliation of Non-IFRS Measures,Distributable Cash Flow,78.0,usd_millions,1,1,120,
business_100,3409150,14,https://web.quartr.com/companies/21558?companyId=21558&documentId=3409150&documentType=report&eventId=554427&navigation=external&utm_medium=referral&utm_source=mcp&rp=14,non_ifrs,FY2026,2026-03-31,FY,Reconciliation of Non-IFRS Measures,Distributable Cash Flow,251.6,usd_millions,1,0,120,
business_100,3409150,14,https://web.quartr.com/companies/21558?companyId=21558&documentId=3409150&documentType=report&eventId=554427&navigation=external&utm_medium=referral&utm_source=mcp&rp=14,non_ifrs,FY2025,2025-03-31,FY,Reconciliation of Non-IFRS Measures,Distributable Cash Flow,234.5,usd_millions,1,1,120,
business_100,3409150,14,https://web.quartr.com/companies/21558?companyId=21558&documentId=3409150&documentType=report&eventId=554427&navigation=external&utm_medium=referral&utm_source=mcp&rp=14,non_ifrs,Q4 FY2026,2026-03-31,Q,Reconciliation of Non-IFRS Measures,ToP,58.7,usd_millions,0,0,201,row-group header above: 'Fee-for-Service gross margin'
business_100,3409150,14,https://web.quartr.com/companies/21558?companyId=21558&documentId=3409150&documentType=report&eventId=554427&navigation=external&utm_medium=referral&utm_source=mcp&rp=14,non_ifrs,Q4 FY2025,2025-03-31,Q,Reconciliation of Non-IFRS Measures,ToP,46.5,usd_millions,0,1,201,row-group header above: 'Fee-for-Service gross margin'
business_100,3409150,14,https://web.quartr.com/companies/21558?companyId=21558&documentId=3409150&documentType=report&eventId=554427&navigation=external&utm_medium=referral&utm_source=mcp&rp=14,non_ifrs,FY2026,2026-03-31,FY,Reconciliation of Non-IFRS Measures,ToP,233.6,usd_millions,0,0,201,row-group header above: 'Fee-for-Service gross margin'
business_100,3409150,14,https://web.quartr.com/companies/21558?companyId=21558&documentId=3409150&documentType=report&eventId=554427&navigation=external&utm_medium=referral&utm_source=mcp&rp=14,non_ifrs,FY2025,2025-03-31,FY,Reconciliation of Non-IFRS Measures,ToP,185.0,usd_millions,0,1,201,row-group header above: 'Fee-for-Service gross margin'
business_100,3409150,14,https://web.quartr.com/companies/21558?companyId=21558&documentId=3409150&documentType=report&eventId=554427&navigation=external&utm_medium=referral&utm_source=mcp&rp=14,non_ifrs,Q4 FY2026,2026-03-31,Q,Reconciliation of Non-IFRS Measures,"STS, net of cost of gas storage services",40.7,usd_millions,0,0,202,
business_100,3409150,14,https://web.quartr.com/companies/21558?companyId=21558&documentId=3409150&documentType=report&eventId=554427&navigation=external&utm_medium=referral&utm_source=mcp&rp=14,non_ifrs,Q4 FY2025,2025-03-31,Q,Reconciliation of Non-IFRS Measures,"STS, net of cost of gas storage services",57.7,usd_millions,0,1,202,
business_100,3409150,14,https://web.quartr.com/companies/21558?companyId=21558&documentId=3409150&documentType=report&eventId=554427&navigation=external&utm_medium=referral&utm_source=mcp&rp=14,non_ifrs,FY2026,2026-03-31,FY,Reconciliation of Non-IFRS Measures,"STS, net of cost of gas storage services",146.7,usd_millions,0,0,202,
business_100,3409150,14,https://web.quartr.com/companies/21558?companyId=21558&documentId=3409150&documentType=report&eventId=554427&navigation=external&utm_medium=referral&utm_source=mcp&rp=14,non_ifrs,FY2025,2025-03-31,FY,Reconciliation of Non-IFRS Measures,"STS, net of cost of gas storage services",170.8,usd_millions,0,1,202,
business_100,3409150,14,https://web.quartr.com/companies/21558?companyId=21558&documentId=3409150&documentType=report&eventId=554427&navigation=external&utm_medium=referral&utm_source=mcp&rp=14,non_ifrs,Q4 FY2026,2026-03-31,Q,Reconciliation of Non-IFRS Measures,Total Fee-for-Service gross margin,99.4,usd_millions,1,0,203,
business_100,3409150,14,https://web.quartr.com/companies/21558?companyId=21558&documentId=3409150&documentType=report&eventId=554427&navigation=external&utm_medium=referral&utm_source=mcp&rp=14,non_ifrs,Q4 FY2025,2025-03-31,Q,Reconciliation of Non-IFRS Measures,Total Fee-for-Service gross margin,104.2,usd_millions,1,1,203,
business_100,3409150,14,https://web.quartr.com/companies/21558?companyId=21558&documentId=3409150&documentType=report&eventId=554427&navigation=external&utm_medium=referral&utm_source=mcp&rp=14,non_ifrs,FY2026,2026-03-31,FY,Reconciliation of Non-IFRS Measures,Total Fee-for-Service gross margin,380.3,usd_millions,1,0,203,
business_100,3409150,14,https://web.quartr.com/companies/21558?companyId=21558&documentId=3409150&documentType=report&eventId=554427&navigation=external&utm_medium=referral&utm_source=mcp&rp=14,non_ifrs,FY2025,2025-03-31,FY,Reconciliation of Non-IFRS Measures,Total Fee-for-Service gross margin,355.8,usd_millions,1,1,203,
business_100,3409150,14,https://web.quartr.com/companies/21558?companyId=21558&documentId=3409150&documentType=report&eventId=554427&navigation=external&utm_medium=referral&utm_source=mcp&rp=14,non_ifrs,Q4 FY2026,2026-03-31,Q,Reconciliation of Non-IFRS Measures,"Realized Optimization, net",29.3,usd_millions,0,0,204,
business_100,3409150,14,https://web.quartr.com/companies/21558?companyId=21558&documentId=3409150&documentType=report&eventId=554427&navigation=external&utm_medium=referral&utm_source=mcp&rp=14,non_ifrs,Q4 FY2025,2025-03-31,Q,Reconciliation of Non-IFRS Measures,"Realized Optimization, net",30.0,usd_millions,0,1,204,
business_100,3409150,14,https://web.quartr.com/companies/21558?companyId=21558&documentId=3409150&documentType=report&eventId=554427&navigation=external&utm_medium=referral&utm_source=mcp&rp=14,non_ifrs,FY2026,2026-03-31,FY,Reconciliation of Non-IFRS Measures,"Realized Optimization, net",78.8,usd_millions,0,0,204,
business_100,3409150,14,https://web.quartr.com/companies/21558?companyId=21558&documentId=3409150&documentType=report&eventId=554427&navigation=external&utm_medium=referral&utm_source=mcp&rp=14,non_ifrs,FY2025,2025-03-31,FY,Reconciliation of Non-IFRS Measures,"Realized Optimization, net",56.6,usd_millions,0,1,204,
business_100,3409150,14,https://web.quartr.com/companies/21558?companyId=21558&documentId=3409150&documentType=report&eventId=554427&navigation=external&utm_medium=referral&utm_source=mcp&rp=14,non_ifrs,Q4 FY2026,2026-03-31,Q,Reconciliation of Non-IFRS Measures,Adjusted Gross Margin,128.7,usd_millions,1,0,205,
business_100,3409150,14,https://web.quartr.com/companies/21558?companyId=21558&documentId=3409150&documentType=report&eventId=554427&navigation=external&utm_medium=referral&utm_source=mcp&rp=14,non_ifrs,Q4 FY2025,2025-03-31,Q,Reconciliation of Non-IFRS Measures,Adjusted Gross Margin,134.2,usd_millions,1,1,205,
business_100,3409150,14,https://web.quartr.com/companies/21558?companyId=21558&documentId=3409150&documentType=report&eventId=554427&navigation=external&utm_medium=referral&utm_source=mcp&rp=14,non_ifrs,FY2026,2026-03-31,FY,Reconciliation of Non-IFRS Measures,Adjusted Gross Margin,459.1,usd_millions,1,0,205,
business_100,3409150,14,https://web.quartr.com/companies/21558?companyId=21558&documentId=3409150&documentType=report&eventId=554427&navigation=external&utm_medium=referral&utm_source=mcp&rp=14,non_ifrs,FY2025,2025-03-31,FY,Reconciliation of Non-IFRS Measures,Adjusted Gross Margin,412.4,usd_millions,1,1,205,
business_100,3409150,15,https://web.quartr.com/companies/21558?companyId=21558&documentId=3409150&documentType=report&eventId=554427&navigation=external&utm_medium=referral&utm_source=mcp&rp=15,non_ifrs,FY2026,2026-03-31,instant,Reconciliation of Non-IFRS Measures,Short-term debt,12.2,usd_millions,0,0,301,
business_100,3409150,15,https://web.quartr.com/companies/21558?companyId=21558&documentId=3409150&documentType=report&eventId=554427&navigation=external&utm_medium=referral&utm_source=mcp&rp=15,non_ifrs,FY2025,2025-03-31,instant,Reconciliation of Non-IFRS Measures,Short-term debt,25.8,usd_millions,0,1,301,
business_100,3409150,15,https://web.quartr.com/companies/21558?companyId=21558&documentId=3409150&documentType=report&eventId=554427&navigation=external&utm_medium=referral&utm_source=mcp&rp=15,non_ifrs,FY2026,2026-03-31,instant,Reconciliation of Non-IFRS Measures,Long-term debt,1197.3,usd_millions,0,0,302,
business_100,3409150,15,https://web.quartr.com/companies/21558?companyId=21558&documentId=3409150&documentType=report&eventId=554427&navigation=external&utm_medium=referral&utm_source=mcp&rp=15,non_ifrs,FY2025,2025-03-31,instant,Reconciliation of Non-IFRS Measures,Long-term debt,1208.1,usd_millions,0,1,302,
business_100,3409150,15,https://web.quartr.com/companies/21558?companyId=21558&documentId=3409150&documentType=report&eventId=554427&navigation=external&utm_medium=referral&utm_source=mcp&rp=15,non_ifrs,FY2026,2026-03-31,instant,Reconciliation of Non-IFRS Measures,Total debt outstanding,1209.5,usd_millions,1,0,303,
business_100,3409150,15,https://web.quartr.com/companies/21558?companyId=21558&documentId=3409150&documentType=report&eventId=554427&navigation=external&utm_medium=referral&utm_source=mcp&rp=15,non_ifrs,FY2025,2025-03-31,instant,Reconciliation of Non-IFRS Measures,Total debt outstanding,1233.9,usd_millions,1,1,303,
business_100,3409150,15,https://web.quartr.com/companies/21558?companyId=21558&documentId=3409150&documentType=report&eventId=554427&navigation=external&utm_medium=referral&utm_source=mcp&rp=15,non_ifrs,FY2026,2026-03-31,instant,Reconciliation of Non-IFRS Measures,Add: Unamortized discount and deferred financing costs,24.9,usd_millions,0,0,304,
business_100,3409150,15,https://web.quartr.com/companies/21558?companyId=21558&documentId=3409150&documentType=report&eventId=554427&navigation=external&utm_medium=referral&utm_source=mcp&rp=15,non_ifrs,FY2025,2025-03-31,instant,Reconciliation of Non-IFRS Measures,Add: Unamortized discount and deferred financing costs,26.5,usd_millions,0,1,304,
business_100,3409150,15,https://web.quartr.com/companies/21558?companyId=21558&documentId=3409150&documentType=report&eventId=554427&navigation=external&utm_medium=referral&utm_source=mcp&rp=15,non_ifrs,FY2026,2026-03-31,instant,Reconciliation of Non-IFRS Measures,Less: Cash and cash equivalents,-42.3,usd_millions,0,0,305,
business_100,3409150,15,https://web.quartr.com/companies/21558?companyId=21558&documentId=3409150&documentType=report&eventId=554427&navigation=external&utm_medium=referral&utm_source=mcp&rp=15,non_ifrs,FY2025,2025-03-31,instant,Reconciliation of Non-IFRS Measures,Less: Cash and cash equivalents,-204.1,usd_millions,0,1,305,
business_100,3409150,15,https://web.quartr.com/companies/21558?companyId=21558&documentId=3409150&documentType=report&eventId=554427&navigation=external&utm_medium=referral&utm_source=mcp&rp=15,non_ifrs,FY2026,2026-03-31,instant,Reconciliation of Non-IFRS Measures,Net debt,1192.1,usd_millions,1,0,306,
business_100,3409150,15,https://web.quartr.com/companies/21558?companyId=21558&documentId=3409150&documentType=report&eventId=554427&navigation=external&utm_medium=referral&utm_source=mcp&rp=15,non_ifrs,FY2025,2025-03-31,instant,Reconciliation of Non-IFRS Measures,Net debt,1056.3,usd_millions,1,1,306,
business_100,3409150,15,https://web.quartr.com/companies/21558?companyId=21558&documentId=3409150&documentType=report&eventId=554427&navigation=external&utm_medium=referral&utm_source=mcp&rp=15,non_ifrs,FY2026,2026-03-31,instant,Reconciliation of Non-IFRS Measures,Net debt to Adjusted EBITDA,3.1,count,0,0,307,"printed as '3.1x'; ratio, not a dollar amount"
business_100,3409150,15,https://web.quartr.com/companies/21558?companyId=21558&documentId=3409150&documentType=report&eventId=554427&navigation=external&utm_medium=referral&utm_source=mcp&rp=15,non_ifrs,FY2025,2025-03-31,instant,Reconciliation of Non-IFRS Measures,Net debt to Adjusted EBITDA,3.1,count,0,1,307,"printed as '3.1x'; ratio, not a dollar amount"
company,3409150,8,https://web.quartr.com/companies/21558?companyId=21558&documentId=3409150&documentType=report&eventId=554427&navigation=external&utm_medium=referral&utm_source=mcp&rp=8,balance_sheet,FY2026,2026-03-31,instant,Current Assets,Restricted cash,14.8,usd_millions,0,0,1,
company,3409150,8,https://web.quartr.com/companies/21558?companyId=21558&documentId=3409150&documentType=report&eventId=554427&navigation=external&utm_medium=referral&utm_source=mcp&rp=8,balance_sheet,"July 28, 2025",2025-07-28,instant,Current Assets,Restricted cash,0,usd_millions,0,1,1,printed_dash_zero
company,3409150,8,https://web.quartr.com/companies/21558?companyId=21558&documentId=3409150&documentType=report&eventId=554427&navigation=external&utm_medium=referral&utm_source=mcp&rp=8,balance_sheet,FY2026,2026-03-31,instant,Current Assets,Current income taxes receivable,0.5,usd_millions,0,0,2,
company,3409150,8,https://web.quartr.com/companies/21558?companyId=21558&documentId=3409150&documentType=report&eventId=554427&navigation=external&utm_medium=referral&utm_source=mcp&rp=8,balance_sheet,"July 28, 2025",2025-07-28,instant,Current Assets,Current income taxes receivable,0,usd_millions,0,1,2,printed_dash_zero
company,3409150,8,https://web.quartr.com/companies/21558?companyId=21558&documentId=3409150&documentType=report&eventId=554427&navigation=external&utm_medium=referral&utm_source=mcp&rp=8,balance_sheet,FY2026,2026-03-31,instant,Current Assets,Prepaid expenses and other current assets,0.1,usd_millions,0,0,3,
company,3409150,8,https://web.quartr.com/companies/21558?companyId=21558&documentId=3409150&documentType=report&eventId=554427&navigation=external&utm_medium=referral&utm_source=mcp&rp=8,balance_sheet,"July 28, 2025",2025-07-28,instant,Current Assets,Prepaid expenses and other current assets,0,usd_millions,0,1,3,printed_dash_zero
company,3409150,8,https://web.quartr.com/companies/21558?companyId=21558&documentId=3409150&documentType=report&eventId=554427&navigation=external&utm_medium=referral&utm_source=mcp&rp=8,balance_sheet,FY2026,2026-03-31,instant,Current Assets,[no caption printed],15.4,usd_millions,1,0,4,"subtotal row printed without a caption; column header partially lost by extractor (shows 'As at July 28,' + '2026 | 2025'); primary column proven = As at March 31, 2026, comparative = As at July 28, 2025 (fn1 'Comparative period is the date of incorporation'); confirmed by Q1 FY2027 release p.8 which reprints this column verbatim as 'As at March 31, 2026'"
company,3409150,8,https://web.quartr.com/companies/21558?companyId=21558&documentId=3409150&documentType=report&eventId=554427&navigation=external&utm_medium=referral&utm_source=mcp&rp=8,balance_sheet,"July 28, 2025",2025-07-28,instant,Current Assets,[no caption printed],0,usd_millions,1,1,4,printed_dash_zero; subtotal row printed without a caption
company,3409150,8,https://web.quartr.com/companies/21558?companyId=21558&documentId=3409150&documentType=report&eventId=554427&navigation=external&utm_medium=referral&utm_source=mcp&rp=8,balance_sheet,FY2026,2026-03-31,instant,Long-term Assets,Equity accounted investments,900.9,usd_millions,0,0,11,
company,3409150,8,https://web.quartr.com/companies/21558?companyId=21558&documentId=3409150&documentType=report&eventId=554427&navigation=external&utm_medium=referral&utm_source=mcp&rp=8,balance_sheet,"July 28, 2025",2025-07-28,instant,Long-term Assets,Equity accounted investments,0,usd_millions,0,1,11,printed_dash_zero
company,3409150,8,https://web.quartr.com/companies/21558?companyId=21558&documentId=3409150&documentType=report&eventId=554427&navigation=external&utm_medium=referral&utm_source=mcp&rp=8,balance_sheet,FY2026,2026-03-31,instant,Long-term Assets,TOTAL,916.3,usd_millions,1,0,12,"total assets; column header partially lost by extractor (shows 'As at July 28,' + '2026 | 2025'); primary column proven = As at March 31, 2026, comparative = As at July 28, 2025 (fn1 'Comparative period is the date of incorporation'); confirmed by Q1 FY2027 release p.8 which reprints this column verbatim as 'As at March 31, 2026'"
company,3409150,8,https://web.quartr.com/companies/21558?companyId=21558&documentId=3409150&documentType=report&eventId=554427&navigation=external&utm_medium=referral&utm_source=mcp&rp=8,balance_sheet,"July 28, 2025",2025-07-28,instant,Long-term Assets,TOTAL,0,usd_millions,1,1,12,printed_dash_zero
company,3409150,8,https://web.quartr.com/companies/21558?companyId=21558&documentId=3409150&documentType=report&eventId=554427&navigation=external&utm_medium=referral&utm_source=mcp&rp=8,balance_sheet,FY2026,2026-03-31,instant,Current Liabilities,Accounts payable and accrued liabilities,0.5,usd_millions,0,0,21,parent heading printed as 'LIABILITIESAND EQUITY' (missing space - extractor artifact)
company,3409150,8,https://web.quartr.com/companies/21558?companyId=21558&documentId=3409150&documentType=report&eventId=554427&navigation=external&utm_medium=referral&utm_source=mcp&rp=8,balance_sheet,"July 28, 2025",2025-07-28,instant,Current Liabilities,Accounts payable and accrued liabilities,0,usd_millions,0,1,21,printed_dash_zero
company,3409150,8,https://web.quartr.com/companies/21558?companyId=21558&documentId=3409150&documentType=report&eventId=554427&navigation=external&utm_medium=referral&utm_source=mcp&rp=8,balance_sheet,FY2026,2026-03-31,instant,Current Liabilities,Related party payables,17.1,usd_millions,0,0,22,
company,3409150,8,https://web.quartr.com/companies/21558?companyId=21558&documentId=3409150&documentType=report&eventId=554427&navigation=external&utm_medium=referral&utm_source=mcp&rp=8,balance_sheet,"July 28, 2025",2025-07-28,instant,Current Liabilities,Related party payables,0,usd_millions,0,1,22,printed_dash_zero
company,3409150,8,https://web.quartr.com/companies/21558?companyId=21558&documentId=3409150&documentType=report&eventId=554427&navigation=external&utm_medium=referral&utm_source=mcp&rp=8,balance_sheet,FY2026,2026-03-31,instant,Current Liabilities,[no caption printed],17.6,usd_millions,1,0,23,subtotal row printed without a caption
company,3409150,8,https://web.quartr.com/companies/21558?companyId=21558&documentId=3409150&documentType=report&eventId=554427&navigation=external&utm_medium=referral&utm_source=mcp&rp=8,balance_sheet,"July 28, 2025",2025-07-28,instant,Current Liabilities,[no caption printed],0,usd_millions,1,1,23,printed_dash_zero; subtotal row printed without a caption
company,3409150,8,https://web.quartr.com/companies/21558?companyId=21558&documentId=3409150&documentType=report&eventId=554427&navigation=external&utm_medium=referral&utm_source=mcp&rp=8,balance_sheet,FY2026,2026-03-31,instant,Long-term Liabilities,Deferred income taxes,16.8,usd_millions,0,0,31,
company,3409150,8,https://web.quartr.com/companies/21558?companyId=21558&documentId=3409150&documentType=report&eventId=554427&navigation=external&utm_medium=referral&utm_source=mcp&rp=8,balance_sheet,"July 28, 2025",2025-07-28,instant,Long-term Liabilities,Deferred income taxes,0,usd_millions,0,1,31,printed_dash_zero
company,3409150,8,https://web.quartr.com/companies/21558?companyId=21558&documentId=3409150&documentType=report&eventId=554427&navigation=external&utm_medium=referral&utm_source=mcp&rp=8,balance_sheet,FY2026,2026-03-31,instant,Long-term Liabilities,Equity,881.9,usd_millions,0,0,32,presented outside a printed 'Equity' section heading
company,3409150,8,https://web.quartr.com/companies/21558?companyId=21558&documentId=3409150&documentType=report&eventId=554427&navigation=external&utm_medium=referral&utm_source=mcp&rp=8,balance_sheet,"July 28, 2025",2025-07-28,instant,Long-term Liabilities,Equity,0,usd_millions,0,1,32,printed_dash_zero
company,3409150,8,https://web.quartr.com/companies/21558?companyId=21558&documentId=3409150&documentType=report&eventId=554427&navigation=external&utm_medium=referral&utm_source=mcp&rp=8,balance_sheet,FY2026,2026-03-31,instant,Long-term Liabilities,TOTAL,916.3,usd_millions,1,0,33,total liabilities and equity
company,3409150,8,https://web.quartr.com/companies/21558?companyId=21558&documentId=3409150&documentType=report&eventId=554427&navigation=external&utm_medium=referral&utm_source=mcp&rp=8,balance_sheet,"July 28, 2025",2025-07-28,instant,Long-term Liabilities,TOTAL,0,usd_millions,1,1,33,printed_dash_zero
company,3409150,9,https://web.quartr.com/companies/21558?companyId=21558&documentId=3409150&documentType=report&eventId=554427&navigation=external&utm_medium=referral&utm_source=mcp&rp=9,income_statement,Q4 FY2026,2026-03-31,Q,INCOME (EXPENSES),Share of income from equity accounted investees,4.4,usd_millions,0,0,1,
company,3409150,9,https://web.quartr.com/companies/21558?companyId=21558&documentId=3409150&documentType=report&eventId=554427&navigation=external&utm_medium=referral&utm_source=mcp&rp=9,income_statement,"July 28, 2025 to March 31, 2026",2026-03-31,YTD,INCOME (EXPENSES),Share of income from equity accounted investees,31.9,usd_millions,0,0,1,
company,3409150,9,https://web.quartr.com/companies/21558?companyId=21558&documentId=3409150&documentType=report&eventId=554427&navigation=external&utm_medium=referral&utm_source=mcp&rp=9,income_statement,Q4 FY2026,2026-03-31,Q,INCOME (EXPENSES),General and administrative,-0.6,usd_millions,0,0,2,
company,3409150,9,https://web.quartr.com/companies/21558?companyId=21558&documentId=3409150&documentType=report&eventId=554427&navigation=external&utm_medium=referral&utm_source=mcp&rp=9,income_statement,"July 28, 2025 to March 31, 2026",2026-03-31,YTD,INCOME (EXPENSES),General and administrative,-1.3,usd_millions,0,0,2,
company,3409150,9,https://web.quartr.com/companies/21558?companyId=21558&documentId=3409150&documentType=report&eventId=554427&navigation=external&utm_medium=referral&utm_source=mcp&rp=9,income_statement,Q4 FY2026,2026-03-31,Q,INCOME (EXPENSES),Foreign exchange gains,0,usd_millions,0,0,3,printed_dash_zero
company,3409150,9,https://web.quartr.com/companies/21558?companyId=21558&documentId=3409150&documentType=report&eventId=554427&navigation=external&utm_medium=referral&utm_source=mcp&rp=9,income_statement,"July 28, 2025 to March 31, 2026",2026-03-31,YTD,INCOME (EXPENSES),Foreign exchange gains,3.4,usd_millions,0,0,3,
company,3409150,9,https://web.quartr.com/companies/21558?companyId=21558&documentId=3409150&documentType=report&eventId=554427&navigation=external&utm_medium=referral&utm_source=mcp&rp=9,income_statement,Q4 FY2026,2026-03-31,Q,INCOME (EXPENSES),Other expenses,-1.0,usd_millions,0,0,4,
company,3409150,9,https://web.quartr.com/companies/21558?companyId=21558&documentId=3409150&documentType=report&eventId=554427&navigation=external&utm_medium=referral&utm_source=mcp&rp=9,income_statement,"July 28, 2025 to March 31, 2026",2026-03-31,YTD,INCOME (EXPENSES),Other expenses,-1.0,usd_millions,0,0,4,
company,3409150,9,https://web.quartr.com/companies/21558?companyId=21558&documentId=3409150&documentType=report&eventId=554427&navigation=external&utm_medium=referral&utm_source=mcp&rp=9,income_statement,Q4 FY2026,2026-03-31,Q,INCOME (EXPENSES),EARNINGS BEFORE INCOME TAXES,2.8,usd_millions,1,0,5,
company,3409150,9,https://web.quartr.com/companies/21558?companyId=21558&documentId=3409150&documentType=report&eventId=554427&navigation=external&utm_medium=referral&utm_source=mcp&rp=9,income_statement,"July 28, 2025 to March 31, 2026",2026-03-31,YTD,INCOME (EXPENSES),EARNINGS BEFORE INCOME TAXES,33.0,usd_millions,1,0,5,
company,3409150,9,https://web.quartr.com/companies/21558?companyId=21558&documentId=3409150&documentType=report&eventId=554427&navigation=external&utm_medium=referral&utm_source=mcp&rp=9,income_statement,Q4 FY2026,2026-03-31,Q,Income tax (benefit) expense,Current,-0.7,usd_millions,0,0,11,printed in parentheses = negative = a benefit
company,3409150,9,https://web.quartr.com/companies/21558?companyId=21558&documentId=3409150&documentType=report&eventId=554427&navigation=external&utm_medium=referral&utm_source=mcp&rp=9,income_statement,"July 28, 2025 to March 31, 2026",2026-03-31,YTD,Income tax (benefit) expense,Current,-0.1,usd_millions,0,0,11,printed in parentheses = negative = a benefit
company,3409150,9,https://web.quartr.com/companies/21558?companyId=21558&documentId=3409150&documentType=report&eventId=554427&navigation=external&utm_medium=referral&utm_source=mcp&rp=9,income_statement,Q4 FY2026,2026-03-31,Q,Income tax (benefit) expense,Deferred,2.1,usd_millions,0,0,12,
company,3409150,9,https://web.quartr.com/companies/21558?companyId=21558&documentId=3409150&documentType=report&eventId=554427&navigation=external&utm_medium=referral&utm_source=mcp&rp=9,income_statement,"July 28, 2025 to March 31, 2026",2026-03-31,YTD,Income tax (benefit) expense,Deferred,6.6,usd_millions,0,0,12,
company,3409150,9,https://web.quartr.com/companies/21558?companyId=21558&documentId=3409150&documentType=report&eventId=554427&navigation=external&utm_medium=referral&utm_source=mcp&rp=9,income_statement,Q4 FY2026,2026-03-31,Q,Income tax (benefit) expense,[no caption printed],1.4,usd_millions,1,0,13,"subtotal of Current + Deferred, printed without a caption"
company,3409150,9,https://web.quartr.com/companies/21558?companyId=21558&documentId=3409150&documentType=report&eventId=554427&navigation=external&utm_medium=referral&utm_source=mcp&rp=9,income_statement,"July 28, 2025 to March 31, 2026",2026-03-31,YTD,Income tax (benefit) expense,[no caption printed],6.5,usd_millions,1,0,13,"subtotal of Current + Deferred, printed without a caption"
company,3409150,9,https://web.quartr.com/companies/21558?companyId=21558&documentId=3409150&documentType=report&eventId=554427&navigation=external&utm_medium=referral&utm_source=mcp&rp=9,income_statement,Q4 FY2026,2026-03-31,Q,,NET EARNINGS,1.4,usd_millions,1,0,21,
company,3409150,9,https://web.quartr.com/companies/21558?companyId=21558&documentId=3409150&documentType=report&eventId=554427&navigation=external&utm_medium=referral&utm_source=mcp&rp=9,income_statement,"July 28, 2025 to March 31, 2026",2026-03-31,YTD,,NET EARNINGS,26.5,usd_millions,1,0,21,
company,3409150,9,https://web.quartr.com/companies/21558?companyId=21558&documentId=3409150&documentType=report&eventId=554427&navigation=external&utm_medium=referral&utm_source=mcp&rp=9,comprehensive_income,Q4 FY2026,2026-03-31,Q,OTHER COMPREHENSIVE (LOSS) INCOME,Share from equity accounted investees,-0.3,usd_millions,0,0,31,
company,3409150,9,https://web.quartr.com/companies/21558?companyId=21558&documentId=3409150&documentType=report&eventId=554427&navigation=external&utm_medium=referral&utm_source=mcp&rp=9,comprehensive_income,"July 28, 2025 to March 31, 2026",2026-03-31,YTD,OTHER COMPREHENSIVE (LOSS) INCOME,Share from equity accounted investees,0.2,usd_millions,0,0,31,
company,3409150,9,https://web.quartr.com/companies/21558?companyId=21558&documentId=3409150&documentType=report&eventId=554427&navigation=external&utm_medium=referral&utm_source=mcp&rp=9,comprehensive_income,Q4 FY2026,2026-03-31,Q,OTHER COMPREHENSIVE (LOSS) INCOME,NET EARNINGSAND COMPREHENSIVE EARNINGS,1.1,usd_millions,1,0,32,caption printed as 'NET EARNINGSAND' (missing space - extractor artifact)
company,3409150,9,https://web.quartr.com/companies/21558?companyId=21558&documentId=3409150&documentType=report&eventId=554427&navigation=external&utm_medium=referral&utm_source=mcp&rp=9,comprehensive_income,"July 28, 2025 to March 31, 2026",2026-03-31,YTD,OTHER COMPREHENSIVE (LOSS) INCOME,NET EARNINGSAND COMPREHENSIVE EARNINGS,26.7,usd_millions,1,0,32,caption printed as 'NET EARNINGSAND' (missing space - extractor artifact)
company,3409150,9,https://web.quartr.com/companies/21558?companyId=21558&documentId=3409150&documentType=report&eventId=554427&navigation=external&utm_medium=referral&utm_source=mcp&rp=9,income_statement,Q4 FY2026,2026-03-31,Q,EARNINGS PER CLASSA SHARE,Basic,0.03,usd_per_share,0,0,41,section heading printed as 'EARNINGS PER CLASSA SHARE' (missing space - extractor artifact)
company,3409150,9,https://web.quartr.com/companies/21558?companyId=21558&documentId=3409150&documentType=report&eventId=554427&navigation=external&utm_medium=referral&utm_source=mcp&rp=9,income_statement,"July 28, 2025 to March 31, 2026",2026-03-31,YTD,EARNINGS PER CLASSA SHARE,Basic,0.73,usd_per_share,0,0,41,section heading printed as 'EARNINGS PER CLASSA SHARE' (missing space - extractor artifact)
company,3409150,9,https://web.quartr.com/companies/21558?companyId=21558&documentId=3409150&documentType=report&eventId=554427&navigation=external&utm_medium=referral&utm_source=mcp&rp=9,income_statement,Q4 FY2026,2026-03-31,Q,EARNINGS PER CLASSA SHARE,Diluted,0.03,usd_per_share,0,0,42,
company,3409150,9,https://web.quartr.com/companies/21558?companyId=21558&documentId=3409150&documentType=report&eventId=554427&navigation=external&utm_medium=referral&utm_source=mcp&rp=9,income_statement,"July 28, 2025 to March 31, 2026",2026-03-31,YTD,EARNINGS PER CLASSA SHARE,Diluted,0.73,usd_per_share,0,0,42,
company,3409150,10,https://web.quartr.com/companies/21558?companyId=21558&documentId=3409150&documentType=report&eventId=554427&navigation=external&utm_medium=referral&utm_source=mcp&rp=10,cash_flow,"July 28, 2025 to March 31, 2026",2026-03-31,YTD,OPERATING ACTIVITIES,Net earnings,26.5,usd_millions,0,0,1,
company,3409150,10,https://web.quartr.com/companies/21558?companyId=21558&documentId=3409150&documentType=report&eventId=554427&navigation=external&utm_medium=referral&utm_source=mcp&rp=10,cash_flow,"July 28, 2025 to March 31, 2026",2026-03-31,YTD,OPERATING ACTIVITIES,Share of income from equity accounted investees,-31.9,usd_millions,0,0,2,
company,3409150,10,https://web.quartr.com/companies/21558?companyId=21558&documentId=3409150&documentType=report&eventId=554427&navigation=external&utm_medium=referral&utm_source=mcp&rp=10,cash_flow,"July 28, 2025 to March 31, 2026",2026-03-31,YTD,OPERATING ACTIVITIES,Deferred income tax expense,6.6,usd_millions,0,0,3,
company,3409150,10,https://web.quartr.com/companies/21558?companyId=21558&documentId=3409150&documentType=report&eventId=554427&navigation=external&utm_medium=referral&utm_source=mcp&rp=10,cash_flow,"July 28, 2025 to March 31, 2026",2026-03-31,YTD,OPERATING ACTIVITIES,Foreign exchange gain related to investing activities,-3.4,usd_millions,0,0,4,
company,3409150,10,https://web.quartr.com/companies/21558?companyId=21558&documentId=3409150&documentType=report&eventId=554427&navigation=external&utm_medium=referral&utm_source=mcp&rp=10,cash_flow,"July 28, 2025 to March 31, 2026",2026-03-31,YTD,Changes in non-cash working capital:,Restricted cash,-14.8,usd_millions,0,0,11,
company,3409150,10,https://web.quartr.com/companies/21558?companyId=21558&documentId=3409150&documentType=report&eventId=554427&navigation=external&utm_medium=referral&utm_source=mcp&rp=10,cash_flow,"July 28, 2025 to March 31, 2026",2026-03-31,YTD,Changes in non-cash working capital:,Prepaid expenses and other current assets,-0.1,usd_millions,0,0,12,
company,3409150,10,https://web.quartr.com/companies/21558?companyId=21558&documentId=3409150&documentType=report&eventId=554427&navigation=external&utm_medium=referral&utm_source=mcp&rp=10,cash_flow,"July 28, 2025 to March 31, 2026",2026-03-31,YTD,Changes in non-cash working capital:,Accounts payable and accrued liabilities,0.5,usd_millions,0,0,13,
company,3409150,10,https://web.quartr.com/companies/21558?companyId=21558&documentId=3409150&documentType=report&eventId=554427&navigation=external&utm_medium=referral&utm_source=mcp&rp=10,cash_flow,"July 28, 2025 to March 31, 2026",2026-03-31,YTD,Changes in non-cash working capital:,Current income tax receivable,-0.5,usd_millions,0,0,14,
company,3409150,10,https://web.quartr.com/companies/21558?companyId=21558&documentId=3409150&documentType=report&eventId=554427&navigation=external&utm_medium=referral&utm_source=mcp&rp=10,cash_flow,"July 28, 2025 to March 31, 2026",2026-03-31,YTD,Changes in non-cash working capital:,Related party payables,17.1,usd_millions,0,0,15,
company,3409150,10,https://web.quartr.com/companies/21558?companyId=21558&documentId=3409150&documentType=report&eventId=554427&navigation=external&utm_medium=referral&utm_source=mcp&rp=10,cash_flow,"July 28, 2025 to March 31, 2026",2026-03-31,YTD,Changes in non-cash working capital:,Net cash provided by operating activities,0,usd_millions,1,0,16,printed_dash_zero
company,3409150,10,https://web.quartr.com/companies/21558?companyId=21558&documentId=3409150&documentType=report&eventId=554427&navigation=external&utm_medium=referral&utm_source=mcp&rp=10,cash_flow,"July 28, 2025 to March 31, 2026",2026-03-31,YTD,INVESTING ACTIVITIES,Distributions received from equity accounted affiliates,11.7,usd_millions,0,0,21,
company,3409150,10,https://web.quartr.com/companies/21558?companyId=21558&documentId=3409150&documentType=report&eventId=554427&navigation=external&utm_medium=referral&utm_source=mcp&rp=10,cash_flow,"July 28, 2025 to March 31, 2026",2026-03-31,YTD,INVESTING ACTIVITIES,Cash paid for equity accounted investments,-501.2,usd_millions,0,0,22,
company,3409150,10,https://web.quartr.com/companies/21558?companyId=21558&documentId=3409150&documentType=report&eventId=554427&navigation=external&utm_medium=referral&utm_source=mcp&rp=10,cash_flow,"July 28, 2025 to March 31, 2026",2026-03-31,YTD,INVESTING ACTIVITIES,Net cash used in investing activities,-489.5,usd_millions,1,0,23,
company,3409150,10,https://web.quartr.com/companies/21558?companyId=21558&documentId=3409150&documentType=report&eventId=554427&navigation=external&utm_medium=referral&utm_source=mcp&rp=10,cash_flow,"July 28, 2025 to March 31, 2026",2026-03-31,YTD,FINANCING ACTIVITIES,Note extended to related parties,11.7,usd_millions,0,0,31,"SIGN/CAPTION ODDITY: caption says notes were EXTENDED (i.e. lent out) yet the amount is a financing INFLOW; Q3 balance sheet p.7 shows a 'Note payable to related party' of 11.7, so the cash effect is a borrowing. Recorded as printed."
company,3409150,10,https://web.quartr.com/companies/21558?companyId=21558&documentId=3409150&documentType=report&eventId=554427&navigation=external&utm_medium=referral&utm_source=mcp&rp=10,cash_flow,"July 28, 2025 to March 31, 2026",2026-03-31,YTD,FINANCING ACTIVITIES,Proceeds from share issuance,501.2,usd_millions,0,0,32,
company,3409150,10,https://web.quartr.com/companies/21558?companyId=21558&documentId=3409150&documentType=report&eventId=554427&navigation=external&utm_medium=referral&utm_source=mcp&rp=10,cash_flow,"July 28, 2025 to March 31, 2026",2026-03-31,YTD,FINANCING ACTIVITIES,Dividends to owners ($0.44 per Class Acommon share),-23.4,usd_millions,0,0,33,caption printed as 'Class Acommon' (missing space - extractor artifact); $0.44 = two quarterly dividends of $0.22
company,3409150,10,https://web.quartr.com/companies/21558?companyId=21558&documentId=3409150&documentType=report&eventId=554427&navigation=external&utm_medium=referral&utm_source=mcp&rp=10,cash_flow,"July 28, 2025 to March 31, 2026",2026-03-31,YTD,FINANCING ACTIVITIES,Net cash provided by financing activities,489.5,usd_millions,1,0,34,
company,3409150,10,https://web.quartr.com/companies/21558?companyId=21558&documentId=3409150&documentType=report&eventId=554427&navigation=external&utm_medium=referral&utm_source=mcp&rp=10,cash_flow,"July 28, 2025 to March 31, 2026",2026-03-31,YTD,FINANCING ACTIVITIES,Effect of translation on foreign currency cash and cash equivalents,0,usd_millions,0,0,35,printed_dash_zero
company,3409150,10,https://web.quartr.com/companies/21558?companyId=21558&documentId=3409150&documentType=report&eventId=554427&navigation=external&utm_medium=referral&utm_source=mcp&rp=10,cash_flow,"July 28, 2025 to March 31, 2026",2026-03-31,YTD,FINANCING ACTIVITIES,Net changes in cash and cash equivalents,0,usd_millions,1,0,36,printed_dash_zero
company,3409150,10,https://web.quartr.com/companies/21558?companyId=21558&documentId=3409150&documentType=report&eventId=554427&navigation=external&utm_medium=referral&utm_source=mcp&rp=10,cash_flow,"July 28, 2025 to March 31, 2026",2026-03-31,YTD,FINANCING ACTIVITIES,"Cash and cash equivalents, beginning of the period",0,usd_millions,0,0,37,printed_dash_zero
company,3409150,10,https://web.quartr.com/companies/21558?companyId=21558&documentId=3409150&documentType=report&eventId=554427&navigation=external&utm_medium=referral&utm_source=mcp&rp=10,cash_flow,"July 28, 2025 to March 31, 2026",2026-03-31,YTD,FINANCING ACTIVITIES,"Cash and cash equivalents, end of the period",0,usd_millions,1,0,38,printed_dash_zero
business_100,2794952,1,https://web.quartr.com/companies/21558?companyId=21558&documentId=2794952&documentType=report&eventId=411100&navigation=external&utm_medium=referral&utm_source=mcp&rp=1,non_ifrs,Q3 FY2026,2025-12-31,Q,Highlights,Net earnings,88.4,usd_millions,0,0,1,"column mapping proven: prose p.2 growth percentages (+52%/+7%, +18%/+15%, +20%/+18%, +34%/+4%) and components foot to Adjusted Gross Margin in all four columns"
business_100,2794952,1,https://web.quartr.com/companies/21558?companyId=21558&documentId=2794952&documentType=report&eventId=411100&navigation=external&utm_medium=referral&utm_source=mcp&rp=1,non_ifrs,Q3 FY2025,2024-12-31,Q,Highlights,Net earnings,58.1,usd_millions,0,1,1,"column mapping proven: prose p.2 growth percentages (+52%/+7%, +18%/+15%, +20%/+18%, +34%/+4%) and components foot to Adjusted Gross Margin in all four columns"
business_100,2794952,1,https://web.quartr.com/companies/21558?companyId=21558&documentId=2794952&documentType=report&eventId=411100&navigation=external&utm_medium=referral&utm_source=mcp&rp=1,non_ifrs,"LTM ended December 31, 2025",2025-12-31,YTD,Highlights,Net earnings,239.5,usd_millions,0,0,1,"column mapping proven: prose p.2 growth percentages (+52%/+7%, +18%/+15%, +20%/+18%, +34%/+4%) and components foot to Adjusted Gross Margin in all four columns | period_type YTD used for a LAST TWELVE MONTHS column (no LTM value in the SPEC enum). This release presents LTM, NOT fiscal-year-to-date and NOT a fiscal year."
business_100,2794952,1,https://web.quartr.com/companies/21558?companyId=21558&documentId=2794952&documentType=report&eventId=411100&navigation=external&utm_medium=referral&utm_source=mcp&rp=1,non_ifrs,"LTM ended December 31, 2024",2024-12-31,YTD,Highlights,Net earnings,224.4,usd_millions,0,1,1,"column mapping proven: prose p.2 growth percentages (+52%/+7%, +18%/+15%, +20%/+18%, +34%/+4%) and components foot to Adjusted Gross Margin in all four columns | period_type YTD used for a LAST TWELVE MONTHS column (no LTM value in the SPEC enum). This release presents LTM, NOT fiscal-year-to-date and NOT a fiscal year."
business_100,2794952,1,https://web.quartr.com/companies/21558?companyId=21558&documentId=2794952&documentType=report&eventId=411100&navigation=external&utm_medium=referral&utm_source=mcp&rp=1,non_ifrs,Q3 FY2026,2025-12-31,Q,Highlights,Adjusted Gross Margin 1,133.3,usd_millions,1,0,2,"column mapping proven: prose p.2 growth percentages (+52%/+7%, +18%/+15%, +20%/+18%, +34%/+4%) and components foot to Adjusted Gross Margin in all four columns"
business_100,2794952,1,https://web.quartr.com/companies/21558?companyId=21558&documentId=2794952&documentType=report&eventId=411100&navigation=external&utm_medium=referral&utm_source=mcp&rp=1,non_ifrs,Q3 FY2025,2024-12-31,Q,Highlights,Adjusted Gross Margin 1,113.0,usd_millions,1,1,2,"column mapping proven: prose p.2 growth percentages (+52%/+7%, +18%/+15%, +20%/+18%, +34%/+4%) and components foot to Adjusted Gross Margin in all four columns"
business_100,2794952,1,https://web.quartr.com/companies/21558?companyId=21558&documentId=2794952&documentType=report&eventId=411100&navigation=external&utm_medium=referral&utm_source=mcp&rp=1,non_ifrs,"LTM ended December 31, 2025",2025-12-31,YTD,Highlights,Adjusted Gross Margin 1,464.6,usd_millions,1,0,2,"column mapping proven: prose p.2 growth percentages (+52%/+7%, +18%/+15%, +20%/+18%, +34%/+4%) and components foot to Adjusted Gross Margin in all four columns | period_type YTD used for a LAST TWELVE MONTHS column (no LTM value in the SPEC enum). This release presents LTM, NOT fiscal-year-to-date and NOT a fiscal year."
business_100,2794952,1,https://web.quartr.com/companies/21558?companyId=21558&documentId=2794952&documentType=report&eventId=411100&navigation=external&utm_medium=referral&utm_source=mcp&rp=1,non_ifrs,"LTM ended December 31, 2024",2024-12-31,YTD,Highlights,Adjusted Gross Margin 1,405.4,usd_millions,1,1,2,"column mapping proven: prose p.2 growth percentages (+52%/+7%, +18%/+15%, +20%/+18%, +34%/+4%) and components foot to Adjusted Gross Margin in all four columns | period_type YTD used for a LAST TWELVE MONTHS column (no LTM value in the SPEC enum). This release presents LTM, NOT fiscal-year-to-date and NOT a fiscal year."
business_100,2794952,1,https://web.quartr.com/companies/21558?companyId=21558&documentId=2794952&documentType=report&eventId=411100&navigation=external&utm_medium=referral&utm_source=mcp&rp=1,non_ifrs,Q3 FY2026,2025-12-31,Q,Highlights,Take-or-pay,58.7,usd_millions,0,0,3,"caption lower-case 'pay' this release (Q4 FY2026 and Q1 FY2027 print 'Take-or-Pay'). column mapping proven: prose p.2 growth percentages (+52%/+7%, +18%/+15%, +20%/+18%, +34%/+4%) and components foot to Adjusted Gross Margin in all four columns"
business_100,2794952,1,https://web.quartr.com/companies/21558?companyId=21558&documentId=2794952&documentType=report&eventId=411100&navigation=external&utm_medium=referral&utm_source=mcp&rp=1,non_ifrs,Q3 FY2025,2024-12-31,Q,Highlights,Take-or-pay,46.2,usd_millions,0,1,3,"caption lower-case 'pay' this release (Q4 FY2026 and Q1 FY2027 print 'Take-or-Pay'). column mapping proven: prose p.2 growth percentages (+52%/+7%, +18%/+15%, +20%/+18%, +34%/+4%) and components foot to Adjusted Gross Margin in all four columns"
business_100,2794952,1,https://web.quartr.com/companies/21558?companyId=21558&documentId=2794952&documentType=report&eventId=411100&navigation=external&utm_medium=referral&utm_source=mcp&rp=1,non_ifrs,"LTM ended December 31, 2025",2025-12-31,YTD,Highlights,Take-or-pay,221.4,usd_millions,0,0,3,"caption lower-case 'pay' this release (Q4 FY2026 and Q1 FY2027 print 'Take-or-Pay'). column mapping proven: prose p.2 growth percentages (+52%/+7%, +18%/+15%, +20%/+18%, +34%/+4%) and components foot to Adjusted Gross Margin in all four columns | period_type YTD used for a LAST TWELVE MONTHS column (no LTM value in the SPEC enum). This release presents LTM, NOT fiscal-year-to-date and NOT a fiscal year."
business_100,2794952,1,https://web.quartr.com/companies/21558?companyId=21558&documentId=2794952&documentType=report&eventId=411100&navigation=external&utm_medium=referral&utm_source=mcp&rp=1,non_ifrs,"LTM ended December 31, 2024",2024-12-31,YTD,Highlights,Take-or-pay,178.1,usd_millions,0,1,3,"caption lower-case 'pay' this release (Q4 FY2026 and Q1 FY2027 print 'Take-or-Pay'). column mapping proven: prose p.2 growth percentages (+52%/+7%, +18%/+15%, +20%/+18%, +34%/+4%) and components foot to Adjusted Gross Margin in all four columns | period_type YTD used for a LAST TWELVE MONTHS column (no LTM value in the SPEC enum). This release presents LTM, NOT fiscal-year-to-date and NOT a fiscal year."
business_100,2794952,1,https://web.quartr.com/companies/21558?companyId=21558&documentId=2794952&documentType=report&eventId=411100&navigation=external&utm_medium=referral&utm_source=mcp&rp=1,non_ifrs,Q3 FY2026,2025-12-31,Q,Highlights,"Short-term storage service, net of cost of gas storage services",35.6,usd_millions,0,0,4,"caption lower-case 'storage service' this release. column mapping proven: prose p.2 growth percentages (+52%/+7%, +18%/+15%, +20%/+18%, +34%/+4%) and components foot to Adjusted Gross Margin in all four columns"
business_100,2794952,1,https://web.quartr.com/companies/21558?companyId=21558&documentId=2794952&documentType=report&eventId=411100&navigation=external&utm_medium=referral&utm_source=mcp&rp=1,non_ifrs,Q3 FY2025,2024-12-31,Q,Highlights,"Short-term storage service, net of cost of gas storage services",36.7,usd_millions,0,1,4,"caption lower-case 'storage service' this release. column mapping proven: prose p.2 growth percentages (+52%/+7%, +18%/+15%, +20%/+18%, +34%/+4%) and components foot to Adjusted Gross Margin in all four columns"
business_100,2794952,1,https://web.quartr.com/companies/21558?companyId=21558&documentId=2794952&documentType=report&eventId=411100&navigation=external&utm_medium=referral&utm_source=mcp&rp=1,non_ifrs,"LTM ended December 31, 2025",2025-12-31,YTD,Highlights,"Short-term storage service, net of cost of gas storage services",163.7,usd_millions,0,0,4,"caption lower-case 'storage service' this release. column mapping proven: prose p.2 growth percentages (+52%/+7%, +18%/+15%, +20%/+18%, +34%/+4%) and components foot to Adjusted Gross Margin in all four columns | period_type YTD used for a LAST TWELVE MONTHS column (no LTM value in the SPEC enum). This release presents LTM, NOT fiscal-year-to-date and NOT a fiscal year."
business_100,2794952,1,https://web.quartr.com/companies/21558?companyId=21558&documentId=2794952&documentType=report&eventId=411100&navigation=external&utm_medium=referral&utm_source=mcp&rp=1,non_ifrs,"LTM ended December 31, 2024",2024-12-31,YTD,Highlights,"Short-term storage service, net of cost of gas storage services",156.2,usd_millions,0,1,4,"caption lower-case 'storage service' this release. column mapping proven: prose p.2 growth percentages (+52%/+7%, +18%/+15%, +20%/+18%, +34%/+4%) and components foot to Adjusted Gross Margin in all four columns | period_type YTD used for a LAST TWELVE MONTHS column (no LTM value in the SPEC enum). This release presents LTM, NOT fiscal-year-to-date and NOT a fiscal year."
business_100,2794952,1,https://web.quartr.com/companies/21558?companyId=21558&documentId=2794952&documentType=report&eventId=411100&navigation=external&utm_medium=referral&utm_source=mcp&rp=1,non_ifrs,Q3 FY2026,2025-12-31,Q,Highlights,Realized optimization gross margin,39.0,usd_millions,0,0,5,"caption lower-case 'optimization' this release. column mapping proven: prose p.2 growth percentages (+52%/+7%, +18%/+15%, +20%/+18%, +34%/+4%) and components foot to Adjusted Gross Margin in all four columns"
business_100,2794952,1,https://web.quartr.com/companies/21558?companyId=21558&documentId=2794952&documentType=report&eventId=411100&navigation=external&utm_medium=referral&utm_source=mcp&rp=1,non_ifrs,Q3 FY2025,2024-12-31,Q,Highlights,Realized optimization gross margin,30.1,usd_millions,0,1,5,"caption lower-case 'optimization' this release. column mapping proven: prose p.2 growth percentages (+52%/+7%, +18%/+15%, +20%/+18%, +34%/+4%) and components foot to Adjusted Gross Margin in all four columns"
business_100,2794952,1,https://web.quartr.com/companies/21558?companyId=21558&documentId=2794952&documentType=report&eventId=411100&navigation=external&utm_medium=referral&utm_source=mcp&rp=1,non_ifrs,"LTM ended December 31, 2025",2025-12-31,YTD,Highlights,Realized optimization gross margin,79.5,usd_millions,0,0,5,"caption lower-case 'optimization' this release. column mapping proven: prose p.2 growth percentages (+52%/+7%, +18%/+15%, +20%/+18%, +34%/+4%) and components foot to Adjusted Gross Margin in all four columns | period_type YTD used for a LAST TWELVE MONTHS column (no LTM value in the SPEC enum). This release presents LTM, NOT fiscal-year-to-date and NOT a fiscal year."
business_100,2794952,1,https://web.quartr.com/companies/21558?companyId=21558&documentId=2794952&documentType=report&eventId=411100&navigation=external&utm_medium=referral&utm_source=mcp&rp=1,non_ifrs,"LTM ended December 31, 2024",2024-12-31,YTD,Highlights,Realized optimization gross margin,71.1,usd_millions,0,1,5,"caption lower-case 'optimization' this release. column mapping proven: prose p.2 growth percentages (+52%/+7%, +18%/+15%, +20%/+18%, +34%/+4%) and components foot to Adjusted Gross Margin in all four columns | period_type YTD used for a LAST TWELVE MONTHS column (no LTM value in the SPEC enum). This release presents LTM, NOT fiscal-year-to-date and NOT a fiscal year."
business_100,2794952,1,https://web.quartr.com/companies/21558?companyId=21558&documentId=2794952&documentType=report&eventId=411100&navigation=external&utm_medium=referral&utm_source=mcp&rp=1,non_ifrs,Q3 FY2026,2025-12-31,Q,Highlights,Adjusted EBITDA 1,116.4,usd_millions,1,0,6,"column mapping proven: prose p.2 growth percentages (+52%/+7%, +18%/+15%, +20%/+18%, +34%/+4%) and components foot to Adjusted Gross Margin in all four columns"
business_100,2794952,1,https://web.quartr.com/companies/21558?companyId=21558&documentId=2794952&documentType=report&eventId=411100&navigation=external&utm_medium=referral&utm_source=mcp&rp=1,non_ifrs,Q3 FY2025,2024-12-31,Q,Highlights,Adjusted EBITDA 1,96.6,usd_millions,1,1,6,"column mapping proven: prose p.2 growth percentages (+52%/+7%, +18%/+15%, +20%/+18%, +34%/+4%) and components foot to Adjusted Gross Margin in all four columns"
business_100,2794952,1,https://web.quartr.com/companies/21558?companyId=21558&documentId=2794952&documentType=report&eventId=411100&navigation=external&utm_medium=referral&utm_source=mcp&rp=1,non_ifrs,"LTM ended December 31, 2025",2025-12-31,YTD,Highlights,Adjusted EBITDA 1,389.4,usd_millions,1,0,6,"column mapping proven: prose p.2 growth percentages (+52%/+7%, +18%/+15%, +20%/+18%, +34%/+4%) and components foot to Adjusted Gross Margin in all four columns | period_type YTD used for a LAST TWELVE MONTHS column (no LTM value in the SPEC enum). This release presents LTM, NOT fiscal-year-to-date and NOT a fiscal year."
business_100,2794952,1,https://web.quartr.com/companies/21558?companyId=21558&documentId=2794952&documentType=report&eventId=411100&navigation=external&utm_medium=referral&utm_source=mcp&rp=1,non_ifrs,"LTM ended December 31, 2024",2024-12-31,YTD,Highlights,Adjusted EBITDA 1,331.1,usd_millions,1,1,6,"column mapping proven: prose p.2 growth percentages (+52%/+7%, +18%/+15%, +20%/+18%, +34%/+4%) and components foot to Adjusted Gross Margin in all four columns | period_type YTD used for a LAST TWELVE MONTHS column (no LTM value in the SPEC enum). This release presents LTM, NOT fiscal-year-to-date and NOT a fiscal year."
business_100,2794952,1,https://web.quartr.com/companies/21558?companyId=21558&documentId=2794952&documentType=report&eventId=411100&navigation=external&utm_medium=referral&utm_source=mcp&rp=1,non_ifrs,Q3 FY2026,2025-12-31,Q,Highlights,Distributable Cash Flow 1,82.2,usd_millions,1,0,7,"column mapping proven: prose p.2 growth percentages (+52%/+7%, +18%/+15%, +20%/+18%, +34%/+4%) and components foot to Adjusted Gross Margin in all four columns"
business_100,2794952,1,https://web.quartr.com/companies/21558?companyId=21558&documentId=2794952&documentType=report&eventId=411100&navigation=external&utm_medium=referral&utm_source=mcp&rp=1,non_ifrs,Q3 FY2025,2024-12-31,Q,Highlights,Distributable Cash Flow 1,61.5,usd_millions,1,1,7,"column mapping proven: prose p.2 growth percentages (+52%/+7%, +18%/+15%, +20%/+18%, +34%/+4%) and components foot to Adjusted Gross Margin in all four columns"
business_100,2794952,1,https://web.quartr.com/companies/21558?companyId=21558&documentId=2794952&documentType=report&eventId=411100&navigation=external&utm_medium=referral&utm_source=mcp&rp=1,non_ifrs,"LTM ended December 31, 2025",2025-12-31,YTD,Highlights,Distributable Cash Flow 1,254.8,usd_millions,1,0,7,"column mapping proven: prose p.2 growth percentages (+52%/+7%, +18%/+15%, +20%/+18%, +34%/+4%) and components foot to Adjusted Gross Margin in all four columns | period_type YTD used for a LAST TWELVE MONTHS column (no LTM value in the SPEC enum). This release presents LTM, NOT fiscal-year-to-date and NOT a fiscal year."
business_100,2794952,1,https://web.quartr.com/companies/21558?companyId=21558&documentId=2794952&documentType=report&eventId=411100&navigation=external&utm_medium=referral&utm_source=mcp&rp=1,non_ifrs,"LTM ended December 31, 2024",2024-12-31,YTD,Highlights,Distributable Cash Flow 1,245.0,usd_millions,1,1,7,"column mapping proven: prose p.2 growth percentages (+52%/+7%, +18%/+15%, +20%/+18%, +34%/+4%) and components foot to Adjusted Gross Margin in all four columns | period_type YTD used for a LAST TWELVE MONTHS column (no LTM value in the SPEC enum). This release presents LTM, NOT fiscal-year-to-date and NOT a fiscal year."
business_100,2794952,1,https://web.quartr.com/companies/21558?companyId=21558&documentId=2794952&documentType=report&eventId=411100&navigation=external&utm_medium=referral&utm_source=mcp&rp=1,non_ifrs,Q3 FY2026,2025-12-31,Q,Highlights,Distributable Cash Flow per share 1,0.62,usd_per_share,0,0,8,"column mapping proven: prose p.2 growth percentages (+52%/+7%, +18%/+15%, +20%/+18%, +34%/+4%) and components foot to Adjusted Gross Margin in all four columns"
business_100,2794952,1,https://web.quartr.com/companies/21558?companyId=21558&documentId=2794952&documentType=report&eventId=411100&navigation=external&utm_medium=referral&utm_source=mcp&rp=1,non_ifrs,Q3 FY2025,2024-12-31,Q,Highlights,Distributable Cash Flow per share 1,0.46,usd_per_share,0,1,8,"column mapping proven: prose p.2 growth percentages (+52%/+7%, +18%/+15%, +20%/+18%, +34%/+4%) and components foot to Adjusted Gross Margin in all four columns"
business_100,2794952,1,https://web.quartr.com/companies/21558?companyId=21558&documentId=2794952&documentType=report&eventId=411100&navigation=external&utm_medium=referral&utm_source=mcp&rp=1,non_ifrs,"LTM ended December 31, 2025",2025-12-31,YTD,Highlights,Distributable Cash Flow per share 1,1.92,usd_per_share,0,0,8,"column mapping proven: prose p.2 growth percentages (+52%/+7%, +18%/+15%, +20%/+18%, +34%/+4%) and components foot to Adjusted Gross Margin in all four columns | period_type YTD used for a LAST TWELVE MONTHS column (no LTM value in the SPEC enum). This release presents LTM, NOT fiscal-year-to-date and NOT a fiscal year."
business_100,2794952,1,https://web.quartr.com/companies/21558?companyId=21558&documentId=2794952&documentType=report&eventId=411100&navigation=external&utm_medium=referral&utm_source=mcp&rp=1,non_ifrs,"LTM ended December 31, 2024",2024-12-31,YTD,Highlights,Distributable Cash Flow per share 1,1.84,usd_per_share,0,1,8,"column mapping proven: prose p.2 growth percentages (+52%/+7%, +18%/+15%, +20%/+18%, +34%/+4%) and components foot to Adjusted Gross Margin in all four columns | period_type YTD used for a LAST TWELVE MONTHS column (no LTM value in the SPEC enum). This release presents LTM, NOT fiscal-year-to-date and NOT a fiscal year."
business_100,2794952,1,https://web.quartr.com/companies/21558?companyId=21558&documentId=2794952&documentType=report&eventId=411100&navigation=external&utm_medium=referral&utm_source=mcp&rp=1,non_ifrs,Q3 FY2026,2025-12-31,Q,Highlights,Fee for service gross margin as a %of Adjusted Gross Margin 1,71,pct,0,0,9,"caption unhyphenated 'Fee for service' this release. extractor renders '%of' without space. column mapping proven: prose p.2 growth percentages (+52%/+7%, +18%/+15%, +20%/+18%, +34%/+4%) and components foot to Adjusted Gross Margin in all four columns"
business_100,2794952,1,https://web.quartr.com/companies/21558?companyId=21558&documentId=2794952&documentType=report&eventId=411100&navigation=external&utm_medium=referral&utm_source=mcp&rp=1,non_ifrs,Q3 FY2025,2024-12-31,Q,Highlights,Fee for service gross margin as a %of Adjusted Gross Margin 1,73,pct,0,1,9,"caption unhyphenated 'Fee for service' this release. extractor renders '%of' without space. column mapping proven: prose p.2 growth percentages (+52%/+7%, +18%/+15%, +20%/+18%, +34%/+4%) and components foot to Adjusted Gross Margin in all four columns"
business_100,2794952,1,https://web.quartr.com/companies/21558?companyId=21558&documentId=2794952&documentType=report&eventId=411100&navigation=external&utm_medium=referral&utm_source=mcp&rp=1,non_ifrs,"LTM ended December 31, 2025",2025-12-31,YTD,Highlights,Fee for service gross margin as a %of Adjusted Gross Margin 1,83,pct,0,0,9,"caption unhyphenated 'Fee for service' this release. extractor renders '%of' without space. column mapping proven: prose p.2 growth percentages (+52%/+7%, +18%/+15%, +20%/+18%, +34%/+4%) and components foot to Adjusted Gross Margin in all four columns | period_type YTD used for a LAST TWELVE MONTHS column (no LTM value in the SPEC enum). This release presents LTM, NOT fiscal-year-to-date and NOT a fiscal year."
business_100,2794952,1,https://web.quartr.com/companies/21558?companyId=21558&documentId=2794952&documentType=report&eventId=411100&navigation=external&utm_medium=referral&utm_source=mcp&rp=1,non_ifrs,"LTM ended December 31, 2024",2024-12-31,YTD,Highlights,Fee for service gross margin as a %of Adjusted Gross Margin 1,82,pct,0,1,9,"caption unhyphenated 'Fee for service' this release. extractor renders '%of' without space. column mapping proven: prose p.2 growth percentages (+52%/+7%, +18%/+15%, +20%/+18%, +34%/+4%) and components foot to Adjusted Gross Margin in all four columns | period_type YTD used for a LAST TWELVE MONTHS column (no LTM value in the SPEC enum). This release presents LTM, NOT fiscal-year-to-date and NOT a fiscal year."
business_100,2794952,13,https://web.quartr.com/companies/21558?companyId=21558&documentId=2794952&documentType=report&eventId=411100&navigation=external&utm_medium=referral&utm_source=mcp&rp=13,non_ifrs,Q3 FY2026,2025-12-31,Q,Reconciliation of Non-IFRS Measures,Net earnings,88.4,usd_millions,0,0,101,
business_100,2794952,13,https://web.quartr.com/companies/21558?companyId=21558&documentId=2794952&documentType=report&eventId=411100&navigation=external&utm_medium=referral&utm_source=mcp&rp=13,non_ifrs,Q3 FY2025,2024-12-31,Q,Reconciliation of Non-IFRS Measures,Net earnings,58.1,usd_millions,0,1,101,
business_100,2794952,13,https://web.quartr.com/companies/21558?companyId=21558&documentId=2794952&documentType=report&eventId=411100&navigation=external&utm_medium=referral&utm_source=mcp&rp=13,non_ifrs,"LTM ended December 31, 2025",2025-12-31,YTD,Reconciliation of Non-IFRS Measures,Net earnings,239.5,usd_millions,0,0,101,
business_100,2794952,13,https://web.quartr.com/companies/21558?companyId=21558&documentId=2794952&documentType=report&eventId=411100&navigation=external&utm_medium=referral&utm_source=mcp&rp=13,non_ifrs,"LTM ended December 31, 2024",2024-12-31,YTD,Reconciliation of Non-IFRS Measures,Net earnings,224.4,usd_millions,0,1,101,
business_100,2794952,13,https://web.quartr.com/companies/21558?companyId=21558&documentId=2794952&documentType=report&eventId=411100&navigation=external&utm_medium=referral&utm_source=mcp&rp=13,non_ifrs,Q3 FY2026,2025-12-31,Q,Reconciliation of Non-IFRS Measures,Financing costs,20.8,usd_millions,0,0,102,
business_100,2794952,13,https://web.quartr.com/companies/21558?companyId=21558&documentId=2794952&documentType=report&eventId=411100&navigation=external&utm_medium=referral&utm_source=mcp&rp=13,non_ifrs,Q3 FY2025,2024-12-31,Q,Reconciliation of Non-IFRS Measures,Financing costs,17.3,usd_millions,0,1,102,
business_100,2794952,13,https://web.quartr.com/companies/21558?companyId=21558&documentId=2794952&documentType=report&eventId=411100&navigation=external&utm_medium=referral&utm_source=mcp&rp=13,non_ifrs,"LTM ended December 31, 2025",2025-12-31,YTD,Reconciliation of Non-IFRS Measures,Financing costs,103.3,usd_millions,0,0,102,
business_100,2794952,13,https://web.quartr.com/companies/21558?companyId=21558&documentId=2794952&documentType=report&eventId=411100&navigation=external&utm_medium=referral&utm_source=mcp&rp=13,non_ifrs,"LTM ended December 31, 2024",2024-12-31,YTD,Reconciliation of Non-IFRS Measures,Financing costs,76.6,usd_millions,0,1,102,
business_100,2794952,13,https://web.quartr.com/companies/21558?companyId=21558&documentId=2794952&documentType=report&eventId=411100&navigation=external&utm_medium=referral&utm_source=mcp&rp=13,non_ifrs,Q3 FY2026,2025-12-31,Q,Reconciliation of Non-IFRS Measures,Income tax expense (benefit),10.1,usd_millions,0,0,103,
business_100,2794952,13,https://web.quartr.com/companies/21558?companyId=21558&documentId=2794952&documentType=report&eventId=411100&navigation=external&utm_medium=referral&utm_source=mcp&rp=13,non_ifrs,Q3 FY2025,2024-12-31,Q,Reconciliation of Non-IFRS Measures,Income tax expense (benefit),4.2,usd_millions,0,1,103,
business_100,2794952,13,https://web.quartr.com/companies/21558?companyId=21558&documentId=2794952&documentType=report&eventId=411100&navigation=external&utm_medium=referral&utm_source=mcp&rp=13,non_ifrs,"LTM ended December 31, 2025",2025-12-31,YTD,Reconciliation of Non-IFRS Measures,Income tax expense (benefit),19.2,usd_millions,0,0,103,
business_100,2794952,13,https://web.quartr.com/companies/21558?companyId=21558&documentId=2794952&documentType=report&eventId=411100&navigation=external&utm_medium=referral&utm_source=mcp&rp=13,non_ifrs,"LTM ended December 31, 2024",2024-12-31,YTD,Reconciliation of Non-IFRS Measures,Income tax expense (benefit),-18.9,usd_millions,0,1,103,
business_100,2794952,13,https://web.quartr.com/companies/21558?companyId=21558&documentId=2794952&documentType=report&eventId=411100&navigation=external&utm_medium=referral&utm_source=mcp&rp=13,non_ifrs,Q3 FY2026,2025-12-31,Q,Reconciliation of Non-IFRS Measures,Depreciation and amortization,9.4,usd_millions,0,0,104,
business_100,2794952,13,https://web.quartr.com/companies/21558?companyId=21558&documentId=2794952&documentType=report&eventId=411100&navigation=external&utm_medium=referral&utm_source=mcp&rp=13,non_ifrs,Q3 FY2025,2024-12-31,Q,Reconciliation of Non-IFRS Measures,Depreciation and amortization,9.0,usd_millions,0,1,104,
business_100,2794952,13,https://web.quartr.com/companies/21558?companyId=21558&documentId=2794952&documentType=report&eventId=411100&navigation=external&utm_medium=referral&utm_source=mcp&rp=13,non_ifrs,"LTM ended December 31, 2025",2025-12-31,YTD,Reconciliation of Non-IFRS Measures,Depreciation and amortization,34.1,usd_millions,0,0,104,
business_100,2794952,13,https://web.quartr.com/companies/21558?companyId=21558&documentId=2794952&documentType=report&eventId=411100&navigation=external&utm_medium=referral&utm_source=mcp&rp=13,non_ifrs,"LTM ended December 31, 2024",2024-12-31,YTD,Reconciliation of Non-IFRS Measures,Depreciation and amortization,35.1,usd_millions,0,1,104,
business_100,2794952,13,https://web.quartr.com/companies/21558?companyId=21558&documentId=2794952&documentType=report&eventId=411100&navigation=external&utm_medium=referral&utm_source=mcp&rp=13,non_ifrs,Q3 FY2026,2025-12-31,Q,Reconciliation of Non-IFRS Measures,Unrealized risk management (gains) losses 1,-12.1,usd_millions,0,0,105,caption word-order differs from Q4 FY2026 ('Unrealized risk management losses (gains) (1)'); fn markers printed without parentheses this release
business_100,2794952,13,https://web.quartr.com/companies/21558?companyId=21558&documentId=2794952&documentType=report&eventId=411100&navigation=external&utm_medium=referral&utm_source=mcp&rp=13,non_ifrs,Q3 FY2025,2024-12-31,Q,Reconciliation of Non-IFRS Measures,Unrealized risk management (gains) losses 1,4.7,usd_millions,0,1,105,caption word-order differs from Q4 FY2026 ('Unrealized risk management losses (gains) (1)'); fn markers printed without parentheses this release
business_100,2794952,13,https://web.quartr.com/companies/21558?companyId=21558&documentId=2794952&documentType=report&eventId=411100&navigation=external&utm_medium=referral&utm_source=mcp&rp=13,non_ifrs,"LTM ended December 31, 2025",2025-12-31,YTD,Reconciliation of Non-IFRS Measures,Unrealized risk management (gains) losses 1,-11.3,usd_millions,0,0,105,caption word-order differs from Q4 FY2026 ('Unrealized risk management losses (gains) (1)'); fn markers printed without parentheses this release
business_100,2794952,13,https://web.quartr.com/companies/21558?companyId=21558&documentId=2794952&documentType=report&eventId=411100&navigation=external&utm_medium=referral&utm_source=mcp&rp=13,non_ifrs,"LTM ended December 31, 2024",2024-12-31,YTD,Reconciliation of Non-IFRS Measures,Unrealized risk management (gains) losses 1,8.0,usd_millions,0,1,105,caption word-order differs from Q4 FY2026 ('Unrealized risk management losses (gains) (1)'); fn markers printed without parentheses this release
business_100,2794952,13,https://web.quartr.com/companies/21558?companyId=21558&documentId=2794952&documentType=report&eventId=411100&navigation=external&utm_medium=referral&utm_source=mcp&rp=13,non_ifrs,Q3 FY2026,2025-12-31,Q,Reconciliation of Non-IFRS Measures,Other (income) expenses,-0.2,usd_millions,0,0,106,caption '(income) expenses' this release; Q4 FY2026 prints 'Other expenses'
business_100,2794952,13,https://web.quartr.com/companies/21558?companyId=21558&documentId=2794952&documentType=report&eventId=411100&navigation=external&utm_medium=referral&utm_source=mcp&rp=13,non_ifrs,Q3 FY2025,2024-12-31,Q,Reconciliation of Non-IFRS Measures,Other (income) expenses,3.3,usd_millions,0,1,106,caption '(income) expenses' this release; Q4 FY2026 prints 'Other expenses'
business_100,2794952,13,https://web.quartr.com/companies/21558?companyId=21558&documentId=2794952&documentType=report&eventId=411100&navigation=external&utm_medium=referral&utm_source=mcp&rp=13,non_ifrs,"LTM ended December 31, 2025",2025-12-31,YTD,Reconciliation of Non-IFRS Measures,Other (income) expenses,4.6,usd_millions,0,0,106,caption '(income) expenses' this release; Q4 FY2026 prints 'Other expenses'
business_100,2794952,13,https://web.quartr.com/companies/21558?companyId=21558&documentId=2794952&documentType=report&eventId=411100&navigation=external&utm_medium=referral&utm_source=mcp&rp=13,non_ifrs,"LTM ended December 31, 2024",2024-12-31,YTD,Reconciliation of Non-IFRS Measures,Other (income) expenses,5.9,usd_millions,0,1,106,caption '(income) expenses' this release; Q4 FY2026 prints 'Other expenses'
business_100,2794952,13,https://web.quartr.com/companies/21558?companyId=21558&documentId=2794952&documentType=report&eventId=411100&navigation=external&utm_medium=referral&utm_source=mcp&rp=13,non_ifrs,Q3 FY2026,2025-12-31,Q,Reconciliation of Non-IFRS Measures,Adjusted EBITDA,116.4,usd_millions,1,0,107,
business_100,2794952,13,https://web.quartr.com/companies/21558?companyId=21558&documentId=2794952&documentType=report&eventId=411100&navigation=external&utm_medium=referral&utm_source=mcp&rp=13,non_ifrs,Q3 FY2025,2024-12-31,Q,Reconciliation of Non-IFRS Measures,Adjusted EBITDA,96.6,usd_millions,1,1,107,
business_100,2794952,13,https://web.quartr.com/companies/21558?companyId=21558&documentId=2794952&documentType=report&eventId=411100&navigation=external&utm_medium=referral&utm_source=mcp&rp=13,non_ifrs,"LTM ended December 31, 2025",2025-12-31,YTD,Reconciliation of Non-IFRS Measures,Adjusted EBITDA,389.4,usd_millions,1,0,107,
business_100,2794952,13,https://web.quartr.com/companies/21558?companyId=21558&documentId=2794952&documentType=report&eventId=411100&navigation=external&utm_medium=referral&utm_source=mcp&rp=13,non_ifrs,"LTM ended December 31, 2024",2024-12-31,YTD,Reconciliation of Non-IFRS Measures,Adjusted EBITDA,331.1,usd_millions,1,1,107,
business_100,2794952,13,https://web.quartr.com/companies/21558?companyId=21558&documentId=2794952&documentType=report&eventId=411100&navigation=external&utm_medium=referral&utm_source=mcp&rp=13,non_ifrs,Q3 FY2026,2025-12-31,Q,Reconciliation of Non-IFRS Measures,Operating,11.8,usd_millions,0,0,108,
business_100,2794952,13,https://web.quartr.com/companies/21558?companyId=21558&documentId=2794952&documentType=report&eventId=411100&navigation=external&utm_medium=referral&utm_source=mcp&rp=13,non_ifrs,Q3 FY2025,2024-12-31,Q,Reconciliation of Non-IFRS Measures,Operating,11.4,usd_millions,0,1,108,
business_100,2794952,13,https://web.quartr.com/companies/21558?companyId=21558&documentId=2794952&documentType=report&eventId=411100&navigation=external&utm_medium=referral&utm_source=mcp&rp=13,non_ifrs,"LTM ended December 31, 2025",2025-12-31,YTD,Reconciliation of Non-IFRS Measures,Operating,51.4,usd_millions,0,0,108,
business_100,2794952,13,https://web.quartr.com/companies/21558?companyId=21558&documentId=2794952&documentType=report&eventId=411100&navigation=external&utm_medium=referral&utm_source=mcp&rp=13,non_ifrs,"LTM ended December 31, 2024",2024-12-31,YTD,Reconciliation of Non-IFRS Measures,Operating,48.9,usd_millions,0,1,108,
business_100,2794952,13,https://web.quartr.com/companies/21558?companyId=21558&documentId=2794952&documentType=report&eventId=411100&navigation=external&utm_medium=referral&utm_source=mcp&rp=13,non_ifrs,Q3 FY2026,2025-12-31,Q,Reconciliation of Non-IFRS Measures,General and administrative,5.1,usd_millions,0,0,109,
business_100,2794952,13,https://web.quartr.com/companies/21558?companyId=21558&documentId=2794952&documentType=report&eventId=411100&navigation=external&utm_medium=referral&utm_source=mcp&rp=13,non_ifrs,Q3 FY2025,2024-12-31,Q,Reconciliation of Non-IFRS Measures,General and administrative,4.8,usd_millions,0,1,109,
business_100,2794952,13,https://web.quartr.com/companies/21558?companyId=21558&documentId=2794952&documentType=report&eventId=411100&navigation=external&utm_medium=referral&utm_source=mcp&rp=13,non_ifrs,"LTM ended December 31, 2025",2025-12-31,YTD,Reconciliation of Non-IFRS Measures,General and administrative,23.5,usd_millions,0,0,109,
business_100,2794952,13,https://web.quartr.com/companies/21558?companyId=21558&documentId=2794952&documentType=report&eventId=411100&navigation=external&utm_medium=referral&utm_source=mcp&rp=13,non_ifrs,"LTM ended December 31, 2024",2024-12-31,YTD,Reconciliation of Non-IFRS Measures,General and administrative,25.9,usd_millions,0,1,109,
business_100,2794952,13,https://web.quartr.com/companies/21558?companyId=21558&documentId=2794952&documentType=report&eventId=411100&navigation=external&utm_medium=referral&utm_source=mcp&rp=13,non_ifrs,Q3 FY2026,2025-12-31,Q,Reconciliation of Non-IFRS Measures,Other items 2,0,usd_millions,0,0,110,printed_dash_zero
business_100,2794952,13,https://web.quartr.com/companies/21558?companyId=21558&documentId=2794952&documentType=report&eventId=411100&navigation=external&utm_medium=referral&utm_source=mcp&rp=13,non_ifrs,Q3 FY2025,2024-12-31,Q,Reconciliation of Non-IFRS Measures,Other items 2,0.2,usd_millions,0,1,110,
business_100,2794952,13,https://web.quartr.com/companies/21558?companyId=21558&documentId=2794952&documentType=report&eventId=411100&navigation=external&utm_medium=referral&utm_source=mcp&rp=13,non_ifrs,"LTM ended December 31, 2025",2025-12-31,YTD,Reconciliation of Non-IFRS Measures,Other items 2,0.3,usd_millions,0,0,110,
business_100,2794952,13,https://web.quartr.com/companies/21558?companyId=21558&documentId=2794952&documentType=report&eventId=411100&navigation=external&utm_medium=referral&utm_source=mcp&rp=13,non_ifrs,"LTM ended December 31, 2024",2024-12-31,YTD,Reconciliation of Non-IFRS Measures,Other items 2,-0.5,usd_millions,0,1,110,
business_100,2794952,13,https://web.quartr.com/companies/21558?companyId=21558&documentId=2794952&documentType=report&eventId=411100&navigation=external&utm_medium=referral&utm_source=mcp&rp=13,non_ifrs,Q3 FY2026,2025-12-31,Q,Reconciliation of Non-IFRS Measures,Adjusted Gross Margin,133.3,usd_millions,1,0,111,
business_100,2794952,13,https://web.quartr.com/companies/21558?companyId=21558&documentId=2794952&documentType=report&eventId=411100&navigation=external&utm_medium=referral&utm_source=mcp&rp=13,non_ifrs,Q3 FY2025,2024-12-31,Q,Reconciliation of Non-IFRS Measures,Adjusted Gross Margin,113.0,usd_millions,1,1,111,
business_100,2794952,13,https://web.quartr.com/companies/21558?companyId=21558&documentId=2794952&documentType=report&eventId=411100&navigation=external&utm_medium=referral&utm_source=mcp&rp=13,non_ifrs,"LTM ended December 31, 2025",2025-12-31,YTD,Reconciliation of Non-IFRS Measures,Adjusted Gross Margin,464.6,usd_millions,1,0,111,
business_100,2794952,13,https://web.quartr.com/companies/21558?companyId=21558&documentId=2794952&documentType=report&eventId=411100&navigation=external&utm_medium=referral&utm_source=mcp&rp=13,non_ifrs,"LTM ended December 31, 2024",2024-12-31,YTD,Reconciliation of Non-IFRS Measures,Adjusted Gross Margin,405.4,usd_millions,1,1,111,
business_100,2794952,13,https://web.quartr.com/companies/21558?companyId=21558&documentId=2794952&documentType=report&eventId=411100&navigation=external&utm_medium=referral&utm_source=mcp&rp=13,non_ifrs,Q3 FY2026,2025-12-31,Q,Reconciliation of Non-IFRS Measures,Operating,-11.8,usd_millions,0,0,112,"second occurrence of caption, deducted"
business_100,2794952,13,https://web.quartr.com/companies/21558?companyId=21558&documentId=2794952&documentType=report&eventId=411100&navigation=external&utm_medium=referral&utm_source=mcp&rp=13,non_ifrs,Q3 FY2025,2024-12-31,Q,Reconciliation of Non-IFRS Measures,Operating,-11.4,usd_millions,0,1,112,"second occurrence of caption, deducted"
business_100,2794952,13,https://web.quartr.com/companies/21558?companyId=21558&documentId=2794952&documentType=report&eventId=411100&navigation=external&utm_medium=referral&utm_source=mcp&rp=13,non_ifrs,"LTM ended December 31, 2025",2025-12-31,YTD,Reconciliation of Non-IFRS Measures,Operating,-51.4,usd_millions,0,0,112,"second occurrence of caption, deducted"
business_100,2794952,13,https://web.quartr.com/companies/21558?companyId=21558&documentId=2794952&documentType=report&eventId=411100&navigation=external&utm_medium=referral&utm_source=mcp&rp=13,non_ifrs,"LTM ended December 31, 2024",2024-12-31,YTD,Reconciliation of Non-IFRS Measures,Operating,-48.9,usd_millions,0,1,112,"second occurrence of caption, deducted"
business_100,2794952,13,https://web.quartr.com/companies/21558?companyId=21558&documentId=2794952&documentType=report&eventId=411100&navigation=external&utm_medium=referral&utm_source=mcp&rp=13,non_ifrs,Q3 FY2026,2025-12-31,Q,Reconciliation of Non-IFRS Measures,General and administrative,-5.1,usd_millions,0,0,113,"second occurrence of caption, deducted"
business_100,2794952,13,https://web.quartr.com/companies/21558?companyId=21558&documentId=2794952&documentType=report&eventId=411100&navigation=external&utm_medium=referral&utm_source=mcp&rp=13,non_ifrs,Q3 FY2025,2024-12-31,Q,Reconciliation of Non-IFRS Measures,General and administrative,-4.8,usd_millions,0,1,113,"second occurrence of caption, deducted"
business_100,2794952,13,https://web.quartr.com/companies/21558?companyId=21558&documentId=2794952&documentType=report&eventId=411100&navigation=external&utm_medium=referral&utm_source=mcp&rp=13,non_ifrs,"LTM ended December 31, 2025",2025-12-31,YTD,Reconciliation of Non-IFRS Measures,General and administrative,-23.5,usd_millions,0,0,113,"second occurrence of caption, deducted"
business_100,2794952,13,https://web.quartr.com/companies/21558?companyId=21558&documentId=2794952&documentType=report&eventId=411100&navigation=external&utm_medium=referral&utm_source=mcp&rp=13,non_ifrs,"LTM ended December 31, 2024",2024-12-31,YTD,Reconciliation of Non-IFRS Measures,General and administrative,-25.9,usd_millions,0,1,113,"second occurrence of caption, deducted"
business_100,2794952,13,https://web.quartr.com/companies/21558?companyId=21558&documentId=2794952&documentType=report&eventId=411100&navigation=external&utm_medium=referral&utm_source=mcp&rp=13,non_ifrs,Q3 FY2026,2025-12-31,Q,Reconciliation of Non-IFRS Measures,Interest expense 3,-19.7,usd_millions,0,0,114,fn3 this release: interest on DEBT OBLIGATIONS (no 'non-affiliated' qualifier - added in Q4 FY2026)
business_100,2794952,13,https://web.quartr.com/companies/21558?companyId=21558&documentId=2794952&documentType=report&eventId=411100&navigation=external&utm_medium=referral&utm_source=mcp&rp=13,non_ifrs,Q3 FY2025,2024-12-31,Q,Reconciliation of Non-IFRS Measures,Interest expense 3,-24.9,usd_millions,0,1,114,fn3 this release: interest on DEBT OBLIGATIONS (no 'non-affiliated' qualifier - added in Q4 FY2026)
business_100,2794952,13,https://web.quartr.com/companies/21558?companyId=21558&documentId=2794952&documentType=report&eventId=411100&navigation=external&utm_medium=referral&utm_source=mcp&rp=13,non_ifrs,"LTM ended December 31, 2025",2025-12-31,YTD,Reconciliation of Non-IFRS Measures,Interest expense 3,-84.8,usd_millions,0,0,114,fn3 this release: interest on DEBT OBLIGATIONS (no 'non-affiliated' qualifier - added in Q4 FY2026)
business_100,2794952,13,https://web.quartr.com/companies/21558?companyId=21558&documentId=2794952&documentType=report&eventId=411100&navigation=external&utm_medium=referral&utm_source=mcp&rp=13,non_ifrs,"LTM ended December 31, 2024",2024-12-31,YTD,Reconciliation of Non-IFRS Measures,Interest expense 3,-58.1,usd_millions,0,1,114,fn3 this release: interest on DEBT OBLIGATIONS (no 'non-affiliated' qualifier - added in Q4 FY2026)
business_100,2794952,13,https://web.quartr.com/companies/21558?companyId=21558&documentId=2794952&documentType=report&eventId=411100&navigation=external&utm_medium=referral&utm_source=mcp&rp=13,non_ifrs,Q3 FY2026,2025-12-31,Q,Reconciliation of Non-IFRS Measures,Mandatory debt repayments,-3.1,usd_millions,0,0,115,
business_100,2794952,13,https://web.quartr.com/companies/21558?companyId=21558&documentId=2794952&documentType=report&eventId=411100&navigation=external&utm_medium=referral&utm_source=mcp&rp=13,non_ifrs,Q3 FY2025,2024-12-31,Q,Reconciliation of Non-IFRS Measures,Mandatory debt repayments,0,usd_millions,0,1,115,printed_dash_zero
business_100,2794952,13,https://web.quartr.com/companies/21558?companyId=21558&documentId=2794952&documentType=report&eventId=411100&navigation=external&utm_medium=referral&utm_source=mcp&rp=13,non_ifrs,"LTM ended December 31, 2025",2025-12-31,YTD,Reconciliation of Non-IFRS Measures,Mandatory debt repayments,-12.5,usd_millions,0,0,115,
business_100,2794952,13,https://web.quartr.com/companies/21558?companyId=21558&documentId=2794952&documentType=report&eventId=411100&navigation=external&utm_medium=referral&utm_source=mcp&rp=13,non_ifrs,"LTM ended December 31, 2024",2024-12-31,YTD,Reconciliation of Non-IFRS Measures,Mandatory debt repayments,0,usd_millions,0,1,115,printed_dash_zero
business_100,2794952,13,https://web.quartr.com/companies/21558?companyId=21558&documentId=2794952&documentType=report&eventId=411100&navigation=external&utm_medium=referral&utm_source=mcp&rp=13,non_ifrs,Q3 FY2026,2025-12-31,Q,Reconciliation of Non-IFRS Measures,Current taxes,-3.1,usd_millions,0,0,116,
business_100,2794952,13,https://web.quartr.com/companies/21558?companyId=21558&documentId=2794952&documentType=report&eventId=411100&navigation=external&utm_medium=referral&utm_source=mcp&rp=13,non_ifrs,Q3 FY2025,2024-12-31,Q,Reconciliation of Non-IFRS Measures,Current taxes,-0.6,usd_millions,0,1,116,
business_100,2794952,13,https://web.quartr.com/companies/21558?companyId=21558&documentId=2794952&documentType=report&eventId=411100&navigation=external&utm_medium=referral&utm_source=mcp&rp=13,non_ifrs,"LTM ended December 31, 2025",2025-12-31,YTD,Reconciliation of Non-IFRS Measures,Current taxes,-3.1,usd_millions,0,0,116,
business_100,2794952,13,https://web.quartr.com/companies/21558?companyId=21558&documentId=2794952&documentType=report&eventId=411100&navigation=external&utm_medium=referral&utm_source=mcp&rp=13,non_ifrs,"LTM ended December 31, 2024",2024-12-31,YTD,Reconciliation of Non-IFRS Measures,Current taxes,-0.5,usd_millions,0,1,116,
business_100,2794952,13,https://web.quartr.com/companies/21558?companyId=21558&documentId=2794952&documentType=report&eventId=411100&navigation=external&utm_medium=referral&utm_source=mcp&rp=13,non_ifrs,Q3 FY2026,2025-12-31,Q,Reconciliation of Non-IFRS Measures,Cash lease payments 4,-4.3,usd_millions,0,0,117,
business_100,2794952,13,https://web.quartr.com/companies/21558?companyId=21558&documentId=2794952&documentType=report&eventId=411100&navigation=external&utm_medium=referral&utm_source=mcp&rp=13,non_ifrs,Q3 FY2025,2024-12-31,Q,Reconciliation of Non-IFRS Measures,Cash lease payments 4,-5.3,usd_millions,0,1,117,
business_100,2794952,13,https://web.quartr.com/companies/21558?companyId=21558&documentId=2794952&documentType=report&eventId=411100&navigation=external&utm_medium=referral&utm_source=mcp&rp=13,non_ifrs,"LTM ended December 31, 2025",2025-12-31,YTD,Reconciliation of Non-IFRS Measures,Cash lease payments 4,-8.3,usd_millions,0,0,117,
business_100,2794952,13,https://web.quartr.com/companies/21558?companyId=21558&documentId=2794952&documentType=report&eventId=411100&navigation=external&utm_medium=referral&utm_source=mcp&rp=13,non_ifrs,"LTM ended December 31, 2024",2024-12-31,YTD,Reconciliation of Non-IFRS Measures,Cash lease payments 4,-9.4,usd_millions,0,1,117,
business_100,2794952,13,https://web.quartr.com/companies/21558?companyId=21558&documentId=2794952&documentType=report&eventId=411100&navigation=external&utm_medium=referral&utm_source=mcp&rp=13,non_ifrs,Q3 FY2026,2025-12-31,Q,Reconciliation of Non-IFRS Measures,Maintenance capital expenditures,-4.0,usd_millions,0,0,118,NO footnote on this caption this release; Q4 FY2026 adds fn5 disclosing a $5.5m downward adjustment to fiscal 2025 maintenance capex
business_100,2794952,13,https://web.quartr.com/companies/21558?companyId=21558&documentId=2794952&documentType=report&eventId=411100&navigation=external&utm_medium=referral&utm_source=mcp&rp=13,non_ifrs,Q3 FY2025,2024-12-31,Q,Reconciliation of Non-IFRS Measures,Maintenance capital expenditures,-4.3,usd_millions,0,1,118,NO footnote on this caption this release; Q4 FY2026 adds fn5 disclosing a $5.5m downward adjustment to fiscal 2025 maintenance capex
business_100,2794952,13,https://web.quartr.com/companies/21558?companyId=21558&documentId=2794952&documentType=report&eventId=411100&navigation=external&utm_medium=referral&utm_source=mcp&rp=13,non_ifrs,"LTM ended December 31, 2025",2025-12-31,YTD,Reconciliation of Non-IFRS Measures,Maintenance capital expenditures,-25.9,usd_millions,0,0,118,NO footnote on this caption this release; Q4 FY2026 adds fn5 disclosing a $5.5m downward adjustment to fiscal 2025 maintenance capex
business_100,2794952,13,https://web.quartr.com/companies/21558?companyId=21558&documentId=2794952&documentType=report&eventId=411100&navigation=external&utm_medium=referral&utm_source=mcp&rp=13,non_ifrs,"LTM ended December 31, 2024",2024-12-31,YTD,Reconciliation of Non-IFRS Measures,Maintenance capital expenditures,-18.1,usd_millions,0,1,118,NO footnote on this caption this release; Q4 FY2026 adds fn5 disclosing a $5.5m downward adjustment to fiscal 2025 maintenance capex
business_100,2794952,13,https://web.quartr.com/companies/21558?companyId=21558&documentId=2794952&documentType=report&eventId=411100&navigation=external&utm_medium=referral&utm_source=mcp&rp=13,non_ifrs,Q3 FY2026,2025-12-31,Q,Reconciliation of Non-IFRS Measures,Other items 2,0,usd_millions,0,0,119,printed_dash_zero
business_100,2794952,13,https://web.quartr.com/companies/21558?companyId=21558&documentId=2794952&documentType=report&eventId=411100&navigation=external&utm_medium=referral&utm_source=mcp&rp=13,non_ifrs,Q3 FY2025,2024-12-31,Q,Reconciliation of Non-IFRS Measures,Other items 2,-0.2,usd_millions,0,1,119,
business_100,2794952,13,https://web.quartr.com/companies/21558?companyId=21558&documentId=2794952&documentType=report&eventId=411100&navigation=external&utm_medium=referral&utm_source=mcp&rp=13,non_ifrs,"LTM ended December 31, 2025",2025-12-31,YTD,Reconciliation of Non-IFRS Measures,Other items 2,-0.3,usd_millions,0,0,119,
business_100,2794952,13,https://web.quartr.com/companies/21558?companyId=21558&documentId=2794952&documentType=report&eventId=411100&navigation=external&utm_medium=referral&utm_source=mcp&rp=13,non_ifrs,"LTM ended December 31, 2024",2024-12-31,YTD,Reconciliation of Non-IFRS Measures,Other items 2,0.5,usd_millions,0,1,119,
business_100,2794952,13,https://web.quartr.com/companies/21558?companyId=21558&documentId=2794952&documentType=report&eventId=411100&navigation=external&utm_medium=referral&utm_source=mcp&rp=13,non_ifrs,Q3 FY2026,2025-12-31,Q,Reconciliation of Non-IFRS Measures,Distributable Cash Flow,82.2,usd_millions,1,0,120,
business_100,2794952,13,https://web.quartr.com/companies/21558?companyId=21558&documentId=2794952&documentType=report&eventId=411100&navigation=external&utm_medium=referral&utm_source=mcp&rp=13,non_ifrs,Q3 FY2025,2024-12-31,Q,Reconciliation of Non-IFRS Measures,Distributable Cash Flow,61.5,usd_millions,1,1,120,
business_100,2794952,13,https://web.quartr.com/companies/21558?companyId=21558&documentId=2794952&documentType=report&eventId=411100&navigation=external&utm_medium=referral&utm_source=mcp&rp=13,non_ifrs,"LTM ended December 31, 2025",2025-12-31,YTD,Reconciliation of Non-IFRS Measures,Distributable Cash Flow,254.8,usd_millions,1,0,120,
business_100,2794952,13,https://web.quartr.com/companies/21558?companyId=21558&documentId=2794952&documentType=report&eventId=411100&navigation=external&utm_medium=referral&utm_source=mcp&rp=13,non_ifrs,"LTM ended December 31, 2024",2024-12-31,YTD,Reconciliation of Non-IFRS Measures,Distributable Cash Flow,245.0,usd_millions,1,1,120,
business_100,2794952,13,https://web.quartr.com/companies/21558?companyId=21558&documentId=2794952&documentType=report&eventId=411100&navigation=external&utm_medium=referral&utm_source=mcp&rp=13,non_ifrs,Q3 FY2026,2025-12-31,Q,Reconciliation of Non-IFRS Measures,ToP,58.7,usd_millions,0,0,201,row-group header above: 'Fee for Service gross margin'
business_100,2794952,13,https://web.quartr.com/companies/21558?companyId=21558&documentId=2794952&documentType=report&eventId=411100&navigation=external&utm_medium=referral&utm_source=mcp&rp=13,non_ifrs,Q3 FY2025,2024-12-31,Q,Reconciliation of Non-IFRS Measures,ToP,46.2,usd_millions,0,1,201,row-group header above: 'Fee for Service gross margin'
business_100,2794952,13,https://web.quartr.com/companies/21558?companyId=21558&documentId=2794952&documentType=report&eventId=411100&navigation=external&utm_medium=referral&utm_source=mcp&rp=13,non_ifrs,"LTM ended December 31, 2025",2025-12-31,YTD,Reconciliation of Non-IFRS Measures,ToP,221.4,usd_millions,0,0,201,row-group header above: 'Fee for Service gross margin'
business_100,2794952,13,https://web.quartr.com/companies/21558?companyId=21558&documentId=2794952&documentType=report&eventId=411100&navigation=external&utm_medium=referral&utm_source=mcp&rp=13,non_ifrs,"LTM ended December 31, 2024",2024-12-31,YTD,Reconciliation of Non-IFRS Measures,ToP,178.1,usd_millions,0,1,201,row-group header above: 'Fee for Service gross margin'
business_100,2794952,13,https://web.quartr.com/companies/21558?companyId=21558&documentId=2794952&documentType=report&eventId=411100&navigation=external&utm_medium=referral&utm_source=mcp&rp=13,non_ifrs,Q3 FY2026,2025-12-31,Q,Reconciliation of Non-IFRS Measures,"STS, net of cost of gas storage services",35.6,usd_millions,0,0,202,
business_100,2794952,13,https://web.quartr.com/companies/21558?companyId=21558&documentId=2794952&documentType=report&eventId=411100&navigation=external&utm_medium=referral&utm_source=mcp&rp=13,non_ifrs,Q3 FY2025,2024-12-31,Q,Reconciliation of Non-IFRS Measures,"STS, net of cost of gas storage services",36.7,usd_millions,0,1,202,
business_100,2794952,13,https://web.quartr.com/companies/21558?companyId=21558&documentId=2794952&documentType=report&eventId=411100&navigation=external&utm_medium=referral&utm_source=mcp&rp=13,non_ifrs,"LTM ended December 31, 2025",2025-12-31,YTD,Reconciliation of Non-IFRS Measures,"STS, net of cost of gas storage services",163.7,usd_millions,0,0,202,
business_100,2794952,13,https://web.quartr.com/companies/21558?companyId=21558&documentId=2794952&documentType=report&eventId=411100&navigation=external&utm_medium=referral&utm_source=mcp&rp=13,non_ifrs,"LTM ended December 31, 2024",2024-12-31,YTD,Reconciliation of Non-IFRS Measures,"STS, net of cost of gas storage services",156.2,usd_millions,0,1,202,
business_100,2794952,13,https://web.quartr.com/companies/21558?companyId=21558&documentId=2794952&documentType=report&eventId=411100&navigation=external&utm_medium=referral&utm_source=mcp&rp=13,non_ifrs,Q3 FY2026,2025-12-31,Q,Reconciliation of Non-IFRS Measures,Total Fee for Service gross margin,94.3,usd_millions,1,0,203,
business_100,2794952,13,https://web.quartr.com/companies/21558?companyId=21558&documentId=2794952&documentType=report&eventId=411100&navigation=external&utm_medium=referral&utm_source=mcp&rp=13,non_ifrs,Q3 FY2025,2024-12-31,Q,Reconciliation of Non-IFRS Measures,Total Fee for Service gross margin,82.9,usd_millions,1,1,203,
business_100,2794952,13,https://web.quartr.com/companies/21558?companyId=21558&documentId=2794952&documentType=report&eventId=411100&navigation=external&utm_medium=referral&utm_source=mcp&rp=13,non_ifrs,"LTM ended December 31, 2025",2025-12-31,YTD,Reconciliation of Non-IFRS Measures,Total Fee for Service gross margin,385.1,usd_millions,1,0,203,
business_100,2794952,13,https://web.quartr.com/companies/21558?companyId=21558&documentId=2794952&documentType=report&eventId=411100&navigation=external&utm_medium=referral&utm_source=mcp&rp=13,non_ifrs,"LTM ended December 31, 2024",2024-12-31,YTD,Reconciliation of Non-IFRS Measures,Total Fee for Service gross margin,334.3,usd_millions,1,1,203,
business_100,2794952,13,https://web.quartr.com/companies/21558?companyId=21558&documentId=2794952&documentType=report&eventId=411100&navigation=external&utm_medium=referral&utm_source=mcp&rp=13,non_ifrs,Q3 FY2026,2025-12-31,Q,Reconciliation of Non-IFRS Measures,"Realized optimization, net",39.0,usd_millions,0,0,204,
business_100,2794952,13,https://web.quartr.com/companies/21558?companyId=21558&documentId=2794952&documentType=report&eventId=411100&navigation=external&utm_medium=referral&utm_source=mcp&rp=13,non_ifrs,Q3 FY2025,2024-12-31,Q,Reconciliation of Non-IFRS Measures,"Realized optimization, net",30.1,usd_millions,0,1,204,
business_100,2794952,13,https://web.quartr.com/companies/21558?companyId=21558&documentId=2794952&documentType=report&eventId=411100&navigation=external&utm_medium=referral&utm_source=mcp&rp=13,non_ifrs,"LTM ended December 31, 2025",2025-12-31,YTD,Reconciliation of Non-IFRS Measures,"Realized optimization, net",79.5,usd_millions,0,0,204,
business_100,2794952,13,https://web.quartr.com/companies/21558?companyId=21558&documentId=2794952&documentType=report&eventId=411100&navigation=external&utm_medium=referral&utm_source=mcp&rp=13,non_ifrs,"LTM ended December 31, 2024",2024-12-31,YTD,Reconciliation of Non-IFRS Measures,"Realized optimization, net",71.1,usd_millions,0,1,204,
business_100,2794952,13,https://web.quartr.com/companies/21558?companyId=21558&documentId=2794952&documentType=report&eventId=411100&navigation=external&utm_medium=referral&utm_source=mcp&rp=13,non_ifrs,Q3 FY2026,2025-12-31,Q,Reconciliation of Non-IFRS Measures,Adjusted Gross Margin,133.3,usd_millions,1,0,205,
business_100,2794952,13,https://web.quartr.com/companies/21558?companyId=21558&documentId=2794952&documentType=report&eventId=411100&navigation=external&utm_medium=referral&utm_source=mcp&rp=13,non_ifrs,Q3 FY2025,2024-12-31,Q,Reconciliation of Non-IFRS Measures,Adjusted Gross Margin,113.0,usd_millions,1,1,205,
business_100,2794952,13,https://web.quartr.com/companies/21558?companyId=21558&documentId=2794952&documentType=report&eventId=411100&navigation=external&utm_medium=referral&utm_source=mcp&rp=13,non_ifrs,"LTM ended December 31, 2025",2025-12-31,YTD,Reconciliation of Non-IFRS Measures,Adjusted Gross Margin,464.6,usd_millions,1,0,205,
business_100,2794952,13,https://web.quartr.com/companies/21558?companyId=21558&documentId=2794952&documentType=report&eventId=411100&navigation=external&utm_medium=referral&utm_source=mcp&rp=13,non_ifrs,"LTM ended December 31, 2024",2024-12-31,YTD,Reconciliation of Non-IFRS Measures,Adjusted Gross Margin,405.4,usd_millions,1,1,205,
business_100,2794952,14,https://web.quartr.com/companies/21558?companyId=21558&documentId=2794952&documentType=report&eventId=411100&navigation=external&utm_medium=referral&utm_source=mcp&rp=14,non_ifrs,Q3 FY2026,2025-12-31,instant,Reconciliation of Non-IFRS Measures,Short-term debt,12.2,usd_millions,0,0,301,
business_100,2794952,14,https://web.quartr.com/companies/21558?companyId=21558&documentId=2794952&documentType=report&eventId=411100&navigation=external&utm_medium=referral&utm_source=mcp&rp=14,non_ifrs,FY2025,2025-03-31,instant,Reconciliation of Non-IFRS Measures,Short-term debt,25.8,usd_millions,0,1,301,
business_100,2794952,14,https://web.quartr.com/companies/21558?companyId=21558&documentId=2794952&documentType=report&eventId=411100&navigation=external&utm_medium=referral&utm_source=mcp&rp=14,non_ifrs,Q3 FY2026,2025-12-31,instant,Reconciliation of Non-IFRS Measures,Long-term debt,1203.0,usd_millions,0,0,302,
business_100,2794952,14,https://web.quartr.com/companies/21558?companyId=21558&documentId=2794952&documentType=report&eventId=411100&navigation=external&utm_medium=referral&utm_source=mcp&rp=14,non_ifrs,FY2025,2025-03-31,instant,Reconciliation of Non-IFRS Measures,Long-term debt,1208.1,usd_millions,0,1,302,
business_100,2794952,14,https://web.quartr.com/companies/21558?companyId=21558&documentId=2794952&documentType=report&eventId=411100&navigation=external&utm_medium=referral&utm_source=mcp&rp=14,non_ifrs,Q3 FY2026,2025-12-31,instant,Reconciliation of Non-IFRS Measures,Total debt outstanding,1215.2,usd_millions,1,0,303,
business_100,2794952,14,https://web.quartr.com/companies/21558?companyId=21558&documentId=2794952&documentType=report&eventId=411100&navigation=external&utm_medium=referral&utm_source=mcp&rp=14,non_ifrs,FY2025,2025-03-31,instant,Reconciliation of Non-IFRS Measures,Total debt outstanding,1233.9,usd_millions,1,1,303,
business_100,2794952,14,https://web.quartr.com/companies/21558?companyId=21558&documentId=2794952&documentType=report&eventId=411100&navigation=external&utm_medium=referral&utm_source=mcp&rp=14,non_ifrs,Q3 FY2026,2025-12-31,instant,Reconciliation of Non-IFRS Measures,Add: Unamortized discount and deferred financing costs,27.3,usd_millions,0,0,304,
business_100,2794952,14,https://web.quartr.com/companies/21558?companyId=21558&documentId=2794952&documentType=report&eventId=411100&navigation=external&utm_medium=referral&utm_source=mcp&rp=14,non_ifrs,FY2025,2025-03-31,instant,Reconciliation of Non-IFRS Measures,Add: Unamortized discount and deferred financing costs,26.5,usd_millions,0,1,304,
business_100,2794952,14,https://web.quartr.com/companies/21558?companyId=21558&documentId=2794952&documentType=report&eventId=411100&navigation=external&utm_medium=referral&utm_source=mcp&rp=14,non_ifrs,Q3 FY2026,2025-12-31,instant,Reconciliation of Non-IFRS Measures,Less: Cash and cash equivalents,-22.2,usd_millions,0,0,305,
business_100,2794952,14,https://web.quartr.com/companies/21558?companyId=21558&documentId=2794952&documentType=report&eventId=411100&navigation=external&utm_medium=referral&utm_source=mcp&rp=14,non_ifrs,FY2025,2025-03-31,instant,Reconciliation of Non-IFRS Measures,Less: Cash and cash equivalents,-204.1,usd_millions,0,1,305,
business_100,2794952,14,https://web.quartr.com/companies/21558?companyId=21558&documentId=2794952&documentType=report&eventId=411100&navigation=external&utm_medium=referral&utm_source=mcp&rp=14,non_ifrs,Q3 FY2026,2025-12-31,instant,Reconciliation of Non-IFRS Measures,Net debt,1220.3,usd_millions,1,0,306,NO 'Net debt to Adjusted EBITDA' row printed in this release's table; the 3.1x ratio appears only in narrative (p.3)
business_100,2794952,14,https://web.quartr.com/companies/21558?companyId=21558&documentId=2794952&documentType=report&eventId=411100&navigation=external&utm_medium=referral&utm_source=mcp&rp=14,non_ifrs,FY2025,2025-03-31,instant,Reconciliation of Non-IFRS Measures,Net debt,1056.3,usd_millions,1,1,306,NO 'Net debt to Adjusted EBITDA' row printed in this release's table; the 3.1x ratio appears only in narrative (p.3)
company,2794952,7,https://web.quartr.com/companies/21558?companyId=21558&documentId=2794952&documentType=report&eventId=411100&navigation=external&utm_medium=referral&utm_source=mcp&rp=7,balance_sheet,Q3 FY2026,2025-12-31,instant,Current Assets,Restricted cash,29.3,usd_millions,0,0,1,"column headers printed cleanly: 'As at December 31, 2025' / 'As at July 28, 2025'; fn1 'Comparative period is the date of incorporation'"
company,2794952,7,https://web.quartr.com/companies/21558?companyId=21558&documentId=2794952&documentType=report&eventId=411100&navigation=external&utm_medium=referral&utm_source=mcp&rp=7,balance_sheet,"July 28, 2025",2025-07-28,instant,Current Assets,Restricted cash,0,usd_millions,0,1,1,printed_dash_zero
company,2794952,7,https://web.quartr.com/companies/21558?companyId=21558&documentId=2794952&documentType=report&eventId=411100&navigation=external&utm_medium=referral&utm_source=mcp&rp=7,balance_sheet,Q3 FY2026,2025-12-31,instant,Long-term Assets,Equity accounted investments,935.1,usd_millions,0,0,11,
company,2794952,7,https://web.quartr.com/companies/21558?companyId=21558&documentId=2794952&documentType=report&eventId=411100&navigation=external&utm_medium=referral&utm_source=mcp&rp=7,balance_sheet,"July 28, 2025",2025-07-28,instant,Long-term Assets,Equity accounted investments,0,usd_millions,0,1,11,printed_dash_zero
company,2794952,7,https://web.quartr.com/companies/21558?companyId=21558&documentId=2794952&documentType=report&eventId=411100&navigation=external&utm_medium=referral&utm_source=mcp&rp=7,balance_sheet,Q3 FY2026,2025-12-31,instant,Long-term Assets,TOTAL,964.4,usd_millions,1,0,12,total assets
company,2794952,7,https://web.quartr.com/companies/21558?companyId=21558&documentId=2794952&documentType=report&eventId=411100&navigation=external&utm_medium=referral&utm_source=mcp&rp=7,balance_sheet,"July 28, 2025",2025-07-28,instant,Long-term Assets,TOTAL,0,usd_millions,1,1,12,printed_dash_zero
company,2794952,7,https://web.quartr.com/companies/21558?companyId=21558&documentId=2794952&documentType=report&eventId=411100&navigation=external&utm_medium=referral&utm_source=mcp&rp=7,balance_sheet,Q3 FY2026,2025-12-31,instant,Current Liabilities,Accounts payable and accrued liabilities,0.3,usd_millions,0,0,21,
company,2794952,7,https://web.quartr.com/companies/21558?companyId=21558&documentId=2794952&documentType=report&eventId=411100&navigation=external&utm_medium=referral&utm_source=mcp&rp=7,balance_sheet,"July 28, 2025",2025-07-28,instant,Current Liabilities,Accounts payable and accrued liabilities,0,usd_millions,0,1,21,printed_dash_zero
company,2794952,7,https://web.quartr.com/companies/21558?companyId=21558&documentId=2794952&documentType=report&eventId=411100&navigation=external&utm_medium=referral&utm_source=mcp&rp=7,balance_sheet,Q3 FY2026,2025-12-31,instant,Current Liabilities,Current income taxes payable,0.6,usd_millions,0,0,22,Q4 FY2026 reports the same line as an ASSET: 'Current income taxes receivable'
company,2794952,7,https://web.quartr.com/companies/21558?companyId=21558&documentId=2794952&documentType=report&eventId=411100&navigation=external&utm_medium=referral&utm_source=mcp&rp=7,balance_sheet,"July 28, 2025",2025-07-28,instant,Current Liabilities,Current income taxes payable,0,usd_millions,0,1,22,printed_dash_zero
company,2794952,7,https://web.quartr.com/companies/21558?companyId=21558&documentId=2794952&documentType=report&eventId=411100&navigation=external&utm_medium=referral&utm_source=mcp&rp=7,balance_sheet,Q3 FY2026,2025-12-31,instant,Current Liabilities,Note payable to related party,11.7,usd_millions,0,0,23,
company,2794952,7,https://web.quartr.com/companies/21558?companyId=21558&documentId=2794952&documentType=report&eventId=411100&navigation=external&utm_medium=referral&utm_source=mcp&rp=7,balance_sheet,"July 28, 2025",2025-07-28,instant,Current Liabilities,Note payable to related party,0,usd_millions,0,1,23,printed_dash_zero
company,2794952,7,https://web.quartr.com/companies/21558?companyId=21558&documentId=2794952&documentType=report&eventId=411100&navigation=external&utm_medium=referral&utm_source=mcp&rp=7,balance_sheet,Q3 FY2026,2025-12-31,instant,Current Liabilities,Related party payables,29.7,usd_millions,0,0,24,
company,2794952,7,https://web.quartr.com/companies/21558?companyId=21558&documentId=2794952&documentType=report&eventId=411100&navigation=external&utm_medium=referral&utm_source=mcp&rp=7,balance_sheet,"July 28, 2025",2025-07-28,instant,Current Liabilities,Related party payables,0,usd_millions,0,1,24,printed_dash_zero
company,2794952,7,https://web.quartr.com/companies/21558?companyId=21558&documentId=2794952&documentType=report&eventId=411100&navigation=external&utm_medium=referral&utm_source=mcp&rp=7,balance_sheet,Q3 FY2026,2025-12-31,instant,Current Liabilities,[no caption printed],42.3,usd_millions,1,0,25,subtotal row printed without a caption
company,2794952,7,https://web.quartr.com/companies/21558?companyId=21558&documentId=2794952&documentType=report&eventId=411100&navigation=external&utm_medium=referral&utm_source=mcp&rp=7,balance_sheet,"July 28, 2025",2025-07-28,instant,Current Liabilities,[no caption printed],0,usd_millions,1,1,25,printed_dash_zero; subtotal row printed without a caption
company,2794952,7,https://web.quartr.com/companies/21558?companyId=21558&documentId=2794952&documentType=report&eventId=411100&navigation=external&utm_medium=referral&utm_source=mcp&rp=7,balance_sheet,Q3 FY2026,2025-12-31,instant,Long-term Liabilities,Deferred income taxes,29.6,usd_millions,0,0,31,
company,2794952,7,https://web.quartr.com/companies/21558?companyId=21558&documentId=2794952&documentType=report&eventId=411100&navigation=external&utm_medium=referral&utm_source=mcp&rp=7,balance_sheet,"July 28, 2025",2025-07-28,instant,Long-term Liabilities,Deferred income taxes,0,usd_millions,0,1,31,printed_dash_zero
company,2794952,7,https://web.quartr.com/companies/21558?companyId=21558&documentId=2794952&documentType=report&eventId=411100&navigation=external&utm_medium=referral&utm_source=mcp&rp=7,balance_sheet,Q3 FY2026,2025-12-31,instant,Long-term Liabilities,Equity,892.5,usd_millions,0,0,32,
company,2794952,7,https://web.quartr.com/companies/21558?companyId=21558&documentId=2794952&documentType=report&eventId=411100&navigation=external&utm_medium=referral&utm_source=mcp&rp=7,balance_sheet,"July 28, 2025",2025-07-28,instant,Long-term Liabilities,Equity,0,usd_millions,0,1,32,printed_dash_zero
company,2794952,7,https://web.quartr.com/companies/21558?companyId=21558&documentId=2794952&documentType=report&eventId=411100&navigation=external&utm_medium=referral&utm_source=mcp&rp=7,balance_sheet,Q3 FY2026,2025-12-31,instant,Long-term Liabilities,TOTAL,964.4,usd_millions,1,0,33,total liabilities and equity
company,2794952,7,https://web.quartr.com/companies/21558?companyId=21558&documentId=2794952&documentType=report&eventId=411100&navigation=external&utm_medium=referral&utm_source=mcp&rp=7,balance_sheet,"July 28, 2025",2025-07-28,instant,Long-term Liabilities,TOTAL,0,usd_millions,1,1,33,printed_dash_zero
company,2794952,8,https://web.quartr.com/companies/21558?companyId=21558&documentId=2794952&documentType=report&eventId=411100&navigation=external&utm_medium=referral&utm_source=mcp&rp=8,income_statement,Q3 FY2026,2025-12-31,Q,INCOME (EXPENSES),Share of income from equity accounted investees,27.5,usd_millions,0,0,1,"identical value printed in both the three-month and the inception-to-date column (the Company had no operations before 2025-10-15, and the quarter contains the whole post-acquisition period)"
company,2794952,8,https://web.quartr.com/companies/21558?companyId=21558&documentId=2794952&documentType=report&eventId=411100&navigation=external&utm_medium=referral&utm_source=mcp&rp=8,income_statement,"July 28 to December 31, 2025",2025-12-31,YTD,INCOME (EXPENSES),Share of income from equity accounted investees,27.5,usd_millions,0,0,1,"identical value printed in both the three-month and the inception-to-date column (the Company had no operations before 2025-10-15, and the quarter contains the whole post-acquisition period)"
company,2794952,8,https://web.quartr.com/companies/21558?companyId=21558&documentId=2794952&documentType=report&eventId=411100&navigation=external&utm_medium=referral&utm_source=mcp&rp=8,income_statement,Q3 FY2026,2025-12-31,Q,INCOME (EXPENSES),General and administrative,-0.7,usd_millions,0,0,2,"identical value printed in both the three-month and the inception-to-date column (the Company had no operations before 2025-10-15, and the quarter contains the whole post-acquisition period)"
company,2794952,8,https://web.quartr.com/companies/21558?companyId=21558&documentId=2794952&documentType=report&eventId=411100&navigation=external&utm_medium=referral&utm_source=mcp&rp=8,income_statement,"July 28 to December 31, 2025",2025-12-31,YTD,INCOME (EXPENSES),General and administrative,-0.7,usd_millions,0,0,2,"identical value printed in both the three-month and the inception-to-date column (the Company had no operations before 2025-10-15, and the quarter contains the whole post-acquisition period)"
company,2794952,8,https://web.quartr.com/companies/21558?companyId=21558&documentId=2794952&documentType=report&eventId=411100&navigation=external&utm_medium=referral&utm_source=mcp&rp=8,income_statement,Q3 FY2026,2025-12-31,Q,INCOME (EXPENSES),Foreign exchange gains,3.4,usd_millions,0,0,3,"identical value printed in both the three-month and the inception-to-date column (the Company had no operations before 2025-10-15, and the quarter contains the whole post-acquisition period)"
company,2794952,8,https://web.quartr.com/companies/21558?companyId=21558&documentId=2794952&documentType=report&eventId=411100&navigation=external&utm_medium=referral&utm_source=mcp&rp=8,income_statement,"July 28 to December 31, 2025",2025-12-31,YTD,INCOME (EXPENSES),Foreign exchange gains,3.4,usd_millions,0,0,3,"identical value printed in both the three-month and the inception-to-date column (the Company had no operations before 2025-10-15, and the quarter contains the whole post-acquisition period)"
company,2794952,8,https://web.quartr.com/companies/21558?companyId=21558&documentId=2794952&documentType=report&eventId=411100&navigation=external&utm_medium=referral&utm_source=mcp&rp=8,income_statement,Q3 FY2026,2025-12-31,Q,INCOME (EXPENSES),EARNINGS BEFORE INCOME TAXES,30.2,usd_millions,1,0,4,"identical value printed in both the three-month and the inception-to-date column (the Company had no operations before 2025-10-15, and the quarter contains the whole post-acquisition period)"
company,2794952,8,https://web.quartr.com/companies/21558?companyId=21558&documentId=2794952&documentType=report&eventId=411100&navigation=external&utm_medium=referral&utm_source=mcp&rp=8,income_statement,"July 28 to December 31, 2025",2025-12-31,YTD,INCOME (EXPENSES),EARNINGS BEFORE INCOME TAXES,30.2,usd_millions,1,0,4,"identical value printed in both the three-month and the inception-to-date column (the Company had no operations before 2025-10-15, and the quarter contains the whole post-acquisition period)"
company,2794952,8,https://web.quartr.com/companies/21558?companyId=21558&documentId=2794952&documentType=report&eventId=411100&navigation=external&utm_medium=referral&utm_source=mcp&rp=8,income_statement,Q3 FY2026,2025-12-31,Q,Income tax expense,Current,0.6,usd_millions,0,0,11,"identical value printed in both the three-month and the inception-to-date column (the Company had no operations before 2025-10-15, and the quarter contains the whole post-acquisition period)"
company,2794952,8,https://web.quartr.com/companies/21558?companyId=21558&documentId=2794952&documentType=report&eventId=411100&navigation=external&utm_medium=referral&utm_source=mcp&rp=8,income_statement,"July 28 to December 31, 2025",2025-12-31,YTD,Income tax expense,Current,0.6,usd_millions,0,0,11,"identical value printed in both the three-month and the inception-to-date column (the Company had no operations before 2025-10-15, and the quarter contains the whole post-acquisition period)"
company,2794952,8,https://web.quartr.com/companies/21558?companyId=21558&documentId=2794952&documentType=report&eventId=411100&navigation=external&utm_medium=referral&utm_source=mcp&rp=8,income_statement,Q3 FY2026,2025-12-31,Q,Income tax expense,Deferred,4.5,usd_millions,0,0,12,"identical value printed in both the three-month and the inception-to-date column (the Company had no operations before 2025-10-15, and the quarter contains the whole post-acquisition period)"
company,2794952,8,https://web.quartr.com/companies/21558?companyId=21558&documentId=2794952&documentType=report&eventId=411100&navigation=external&utm_medium=referral&utm_source=mcp&rp=8,income_statement,"July 28 to December 31, 2025",2025-12-31,YTD,Income tax expense,Deferred,4.5,usd_millions,0,0,12,"identical value printed in both the three-month and the inception-to-date column (the Company had no operations before 2025-10-15, and the quarter contains the whole post-acquisition period)"
company,2794952,8,https://web.quartr.com/companies/21558?companyId=21558&documentId=2794952&documentType=report&eventId=411100&navigation=external&utm_medium=referral&utm_source=mcp&rp=8,income_statement,Q3 FY2026,2025-12-31,Q,Income tax expense,[no caption printed],5.1,usd_millions,1,0,13,"subtotal of Current + Deferred, printed without a caption; identical value printed in both the three-month and the inception-to-date column (the Company had no operations before 2025-10-15, and the quarter contains the whole post-acquisition period)"
company,2794952,8,https://web.quartr.com/companies/21558?companyId=21558&documentId=2794952&documentType=report&eventId=411100&navigation=external&utm_medium=referral&utm_source=mcp&rp=8,income_statement,"July 28 to December 31, 2025",2025-12-31,YTD,Income tax expense,[no caption printed],5.1,usd_millions,1,0,13,"subtotal of Current + Deferred, printed without a caption; identical value printed in both the three-month and the inception-to-date column (the Company had no operations before 2025-10-15, and the quarter contains the whole post-acquisition period)"
company,2794952,8,https://web.quartr.com/companies/21558?companyId=21558&documentId=2794952&documentType=report&eventId=411100&navigation=external&utm_medium=referral&utm_source=mcp&rp=8,income_statement,Q3 FY2026,2025-12-31,Q,,NET EARNINGS,25.1,usd_millions,1,0,21,"identical value printed in both the three-month and the inception-to-date column (the Company had no operations before 2025-10-15, and the quarter contains the whole post-acquisition period)"
company,2794952,8,https://web.quartr.com/companies/21558?companyId=21558&documentId=2794952&documentType=report&eventId=411100&navigation=external&utm_medium=referral&utm_source=mcp&rp=8,income_statement,"July 28 to December 31, 2025",2025-12-31,YTD,,NET EARNINGS,25.1,usd_millions,1,0,21,"identical value printed in both the three-month and the inception-to-date column (the Company had no operations before 2025-10-15, and the quarter contains the whole post-acquisition period)"
company,2794952,8,https://web.quartr.com/companies/21558?companyId=21558&documentId=2794952&documentType=report&eventId=411100&navigation=external&utm_medium=referral&utm_source=mcp&rp=8,comprehensive_income,Q3 FY2026,2025-12-31,Q,OTHER COMPREHENSIVE INCOME,Share from equity accounted investees,0.5,usd_millions,0,0,31,"identical value printed in both the three-month and the inception-to-date column (the Company had no operations before 2025-10-15, and the quarter contains the whole post-acquisition period)"
company,2794952,8,https://web.quartr.com/companies/21558?companyId=21558&documentId=2794952&documentType=report&eventId=411100&navigation=external&utm_medium=referral&utm_source=mcp&rp=8,comprehensive_income,"July 28 to December 31, 2025",2025-12-31,YTD,OTHER COMPREHENSIVE INCOME,Share from equity accounted investees,0.5,usd_millions,0,0,31,"identical value printed in both the three-month and the inception-to-date column (the Company had no operations before 2025-10-15, and the quarter contains the whole post-acquisition period)"
company,2794952,8,https://web.quartr.com/companies/21558?companyId=21558&documentId=2794952&documentType=report&eventId=411100&navigation=external&utm_medium=referral&utm_source=mcp&rp=8,comprehensive_income,Q3 FY2026,2025-12-31,Q,OTHER COMPREHENSIVE INCOME,NET EARNINGS AND COMPREHENSIVE EARNINGS,25.6,usd_millions,1,0,32,"identical value printed in both the three-month and the inception-to-date column (the Company had no operations before 2025-10-15, and the quarter contains the whole post-acquisition period)"
company,2794952,8,https://web.quartr.com/companies/21558?companyId=21558&documentId=2794952&documentType=report&eventId=411100&navigation=external&utm_medium=referral&utm_source=mcp&rp=8,comprehensive_income,"July 28 to December 31, 2025",2025-12-31,YTD,OTHER COMPREHENSIVE INCOME,NET EARNINGS AND COMPREHENSIVE EARNINGS,25.6,usd_millions,1,0,32,"identical value printed in both the three-month and the inception-to-date column (the Company had no operations before 2025-10-15, and the quarter contains the whole post-acquisition period)"
company,2794952,8,https://web.quartr.com/companies/21558?companyId=21558&documentId=2794952&documentType=report&eventId=411100&navigation=external&utm_medium=referral&utm_source=mcp&rp=8,income_statement,Q3 FY2026,2025-12-31,Q,EARNINGS PER SHARE,Basic,0.56,usd_per_share,0,0,41,section heading 'EARNINGS PER SHARE' this release; Q4 FY2026 and Q1 FY2027 print 'EARNINGS PER CLASS A SHARE'. EPS DIFFERS between the two columns although net earnings are identical - different weighted-average share counts
company,2794952,8,https://web.quartr.com/companies/21558?companyId=21558&documentId=2794952&documentType=report&eventId=411100&navigation=external&utm_medium=referral&utm_source=mcp&rp=8,income_statement,"July 28 to December 31, 2025",2025-12-31,YTD,EARNINGS PER SHARE,Basic,0.95,usd_per_share,0,0,41,section heading 'EARNINGS PER SHARE' this release; Q4 FY2026 and Q1 FY2027 print 'EARNINGS PER CLASS A SHARE'. EPS DIFFERS between the two columns although net earnings are identical - different weighted-average share counts
company,2794952,8,https://web.quartr.com/companies/21558?companyId=21558&documentId=2794952&documentType=report&eventId=411100&navigation=external&utm_medium=referral&utm_source=mcp&rp=8,income_statement,Q3 FY2026,2025-12-31,Q,EARNINGS PER SHARE,Diluted,0.56,usd_per_share,0,0,42,
company,2794952,8,https://web.quartr.com/companies/21558?companyId=21558&documentId=2794952&documentType=report&eventId=411100&navigation=external&utm_medium=referral&utm_source=mcp&rp=8,income_statement,"July 28 to December 31, 2025",2025-12-31,YTD,EARNINGS PER SHARE,Diluted,0.95,usd_per_share,0,0,42,
company,2794952,9,https://web.quartr.com/companies/21558?companyId=21558&documentId=2794952&documentType=report&eventId=411100&navigation=external&utm_medium=referral&utm_source=mcp&rp=9,cash_flow,Q3 FY2026,2025-12-31,Q,OPERATING ACTIVITIES,Net earnings,25.1,usd_millions,0,0,1,"identical value printed in both the three-month and the inception-to-date column (the Company had no operations before 2025-10-15, and the quarter contains the whole post-acquisition period)"
company,2794952,9,https://web.quartr.com/companies/21558?companyId=21558&documentId=2794952&documentType=report&eventId=411100&navigation=external&utm_medium=referral&utm_source=mcp&rp=9,cash_flow,"July 28 to December 31, 2025",2025-12-31,YTD,OPERATING ACTIVITIES,Net earnings,25.1,usd_millions,0,0,1,"identical value printed in both the three-month and the inception-to-date column (the Company had no operations before 2025-10-15, and the quarter contains the whole post-acquisition period)"
company,2794952,9,https://web.quartr.com/companies/21558?companyId=21558&documentId=2794952&documentType=report&eventId=411100&navigation=external&utm_medium=referral&utm_source=mcp&rp=9,cash_flow,Q3 FY2026,2025-12-31,Q,OPERATING ACTIVITIES,Share of income from equity accounted investees,-27.5,usd_millions,0,0,2,
company,2794952,9,https://web.quartr.com/companies/21558?companyId=21558&documentId=2794952&documentType=report&eventId=411100&navigation=external&utm_medium=referral&utm_source=mcp&rp=9,cash_flow,"July 28 to December 31, 2025",2025-12-31,YTD,OPERATING ACTIVITIES,Share of income from equity accounted investees,-27.5,usd_millions,0,0,2,
company,2794952,9,https://web.quartr.com/companies/21558?companyId=21558&documentId=2794952&documentType=report&eventId=411100&navigation=external&utm_medium=referral&utm_source=mcp&rp=9,cash_flow,Q3 FY2026,2025-12-31,Q,OPERATING ACTIVITIES,Deferred income tax expense,4.5,usd_millions,0,0,3,
company,2794952,9,https://web.quartr.com/companies/21558?companyId=21558&documentId=2794952&documentType=report&eventId=411100&navigation=external&utm_medium=referral&utm_source=mcp&rp=9,cash_flow,"July 28 to December 31, 2025",2025-12-31,YTD,OPERATING ACTIVITIES,Deferred income tax expense,4.5,usd_millions,0,0,3,
company,2794952,9,https://web.quartr.com/companies/21558?companyId=21558&documentId=2794952&documentType=report&eventId=411100&navigation=external&utm_medium=referral&utm_source=mcp&rp=9,cash_flow,Q3 FY2026,2025-12-31,Q,OPERATING ACTIVITIES,Realized foreign exchange gain on settlement of payable,-3.4,usd_millions,0,0,4,
company,2794952,9,https://web.quartr.com/companies/21558?companyId=21558&documentId=2794952&documentType=report&eventId=411100&navigation=external&utm_medium=referral&utm_source=mcp&rp=9,cash_flow,"July 28 to December 31, 2025",2025-12-31,YTD,OPERATING ACTIVITIES,Realized foreign exchange gain on settlement of payable,-3.4,usd_millions,0,0,4,
company,2794952,9,https://web.quartr.com/companies/21558?companyId=21558&documentId=2794952&documentType=report&eventId=411100&navigation=external&utm_medium=referral&utm_source=mcp&rp=9,cash_flow,Q3 FY2026,2025-12-31,Q,Changes in non-cash working capital:,Restricted cash,-29.3,usd_millions,0,0,11,
company,2794952,9,https://web.quartr.com/companies/21558?companyId=21558&documentId=2794952&documentType=report&eventId=411100&navigation=external&utm_medium=referral&utm_source=mcp&rp=9,cash_flow,"July 28 to December 31, 2025",2025-12-31,YTD,Changes in non-cash working capital:,Restricted cash,-29.3,usd_millions,0,0,11,
company,2794952,9,https://web.quartr.com/companies/21558?companyId=21558&documentId=2794952&documentType=report&eventId=411100&navigation=external&utm_medium=referral&utm_source=mcp&rp=9,cash_flow,Q3 FY2026,2025-12-31,Q,Changes in non-cash working capital:,Accounts payable and accrued liabilities,0.3,usd_millions,0,0,12,
company,2794952,9,https://web.quartr.com/companies/21558?companyId=21558&documentId=2794952&documentType=report&eventId=411100&navigation=external&utm_medium=referral&utm_source=mcp&rp=9,cash_flow,"July 28 to December 31, 2025",2025-12-31,YTD,Changes in non-cash working capital:,Accounts payable and accrued liabilities,0.3,usd_millions,0,0,12,
company,2794952,9,https://web.quartr.com/companies/21558?companyId=21558&documentId=2794952&documentType=report&eventId=411100&navigation=external&utm_medium=referral&utm_source=mcp&rp=9,cash_flow,Q3 FY2026,2025-12-31,Q,Changes in non-cash working capital:,Current income tax payable,0.6,usd_millions,0,0,13,
company,2794952,9,https://web.quartr.com/companies/21558?companyId=21558&documentId=2794952&documentType=report&eventId=411100&navigation=external&utm_medium=referral&utm_source=mcp&rp=9,cash_flow,"July 28 to December 31, 2025",2025-12-31,YTD,Changes in non-cash working capital:,Current income tax payable,0.6,usd_millions,0,0,13,
company,2794952,9,https://web.quartr.com/companies/21558?companyId=21558&documentId=2794952&documentType=report&eventId=411100&navigation=external&utm_medium=referral&utm_source=mcp&rp=9,cash_flow,Q3 FY2026,2025-12-31,Q,Changes in non-cash working capital:,Related party payables,29.7,usd_millions,0,0,14,
company,2794952,9,https://web.quartr.com/companies/21558?companyId=21558&documentId=2794952&documentType=report&eventId=411100&navigation=external&utm_medium=referral&utm_source=mcp&rp=9,cash_flow,"July 28 to December 31, 2025",2025-12-31,YTD,Changes in non-cash working capital:,Related party payables,29.7,usd_millions,0,0,14,
company,2794952,9,https://web.quartr.com/companies/21558?companyId=21558&documentId=2794952&documentType=report&eventId=411100&navigation=external&utm_medium=referral&utm_source=mcp&rp=9,cash_flow,Q3 FY2026,2025-12-31,Q,Changes in non-cash working capital:,Net cash provided by operating activities,0,usd_millions,1,0,15,printed_dash_zero
company,2794952,9,https://web.quartr.com/companies/21558?companyId=21558&documentId=2794952&documentType=report&eventId=411100&navigation=external&utm_medium=referral&utm_source=mcp&rp=9,cash_flow,"July 28 to December 31, 2025",2025-12-31,YTD,Changes in non-cash working capital:,Net cash provided by operating activities,0,usd_millions,1,0,15,printed_dash_zero
company,2794952,9,https://web.quartr.com/companies/21558?companyId=21558&documentId=2794952&documentType=report&eventId=411100&navigation=external&utm_medium=referral&utm_source=mcp&rp=9,cash_flow,Q3 FY2026,2025-12-31,Q,INVESTING ACTIVITIES,Payments for investment in affiliates,-501.2,usd_millions,0,0,21,Q4 FY2026 prints the same line as 'Cash paid for equity accounted investments'
company,2794952,9,https://web.quartr.com/companies/21558?companyId=21558&documentId=2794952&documentType=report&eventId=411100&navigation=external&utm_medium=referral&utm_source=mcp&rp=9,cash_flow,"July 28 to December 31, 2025",2025-12-31,YTD,INVESTING ACTIVITIES,Payments for investment in affiliates,-501.2,usd_millions,0,0,21,Q4 FY2026 prints the same line as 'Cash paid for equity accounted investments'
company,2794952,9,https://web.quartr.com/companies/21558?companyId=21558&documentId=2794952&documentType=report&eventId=411100&navigation=external&utm_medium=referral&utm_source=mcp&rp=9,cash_flow,Q3 FY2026,2025-12-31,Q,INVESTING ACTIVITIES,Net cash used in investing activities,-501.2,usd_millions,1,0,22,
company,2794952,9,https://web.quartr.com/companies/21558?companyId=21558&documentId=2794952&documentType=report&eventId=411100&navigation=external&utm_medium=referral&utm_source=mcp&rp=9,cash_flow,"July 28 to December 31, 2025",2025-12-31,YTD,INVESTING ACTIVITIES,Net cash used in investing activities,-501.2,usd_millions,1,0,22,
company,2794952,9,https://web.quartr.com/companies/21558?companyId=21558&documentId=2794952&documentType=report&eventId=411100&navigation=external&utm_medium=referral&utm_source=mcp&rp=9,cash_flow,Q3 FY2026,2025-12-31,Q,FINANCING ACTIVITIES,Note extended to related parties,11.7,usd_millions,0,0,31,SIGN/CAPTION ODDITY: caption says notes EXTENDED yet shown as a financing INFLOW; balance sheet p.7 carries a matching 'Note payable to related party' of 11.7. Recorded as printed.
company,2794952,9,https://web.quartr.com/companies/21558?companyId=21558&documentId=2794952&documentType=report&eventId=411100&navigation=external&utm_medium=referral&utm_source=mcp&rp=9,cash_flow,"July 28 to December 31, 2025",2025-12-31,YTD,FINANCING ACTIVITIES,Note extended to related parties,11.7,usd_millions,0,0,31,SIGN/CAPTION ODDITY: caption says notes EXTENDED yet shown as a financing INFLOW; balance sheet p.7 carries a matching 'Note payable to related party' of 11.7. Recorded as printed.
company,2794952,9,https://web.quartr.com/companies/21558?companyId=21558&documentId=2794952&documentType=report&eventId=411100&navigation=external&utm_medium=referral&utm_source=mcp&rp=9,cash_flow,Q3 FY2026,2025-12-31,Q,FINANCING ACTIVITIES,Proceeds from share issuances,501.2,usd_millions,0,0,32,
company,2794952,9,https://web.quartr.com/companies/21558?companyId=21558&documentId=2794952&documentType=report&eventId=411100&navigation=external&utm_medium=referral&utm_source=mcp&rp=9,cash_flow,"July 28 to December 31, 2025",2025-12-31,YTD,FINANCING ACTIVITIES,Proceeds from share issuances,501.2,usd_millions,0,0,32,
company,2794952,9,https://web.quartr.com/companies/21558?companyId=21558&documentId=2794952&documentType=report&eventId=411100&navigation=external&utm_medium=referral&utm_source=mcp&rp=9,cash_flow,Q3 FY2026,2025-12-31,Q,FINANCING ACTIVITIES,Dividends to owners ($0.22 per Class A common share),-11.7,usd_millions,0,0,33,the INAUGURAL dividend; $11.7m / $0.22 = 53.2m class 'A' shares
company,2794952,9,https://web.quartr.com/companies/21558?companyId=21558&documentId=2794952&documentType=report&eventId=411100&navigation=external&utm_medium=referral&utm_source=mcp&rp=9,cash_flow,"July 28 to December 31, 2025",2025-12-31,YTD,FINANCING ACTIVITIES,Dividends to owners ($0.22 per Class A common share),-11.7,usd_millions,0,0,33,the INAUGURAL dividend; $11.7m / $0.22 = 53.2m class 'A' shares
company,2794952,9,https://web.quartr.com/companies/21558?companyId=21558&documentId=2794952&documentType=report&eventId=411100&navigation=external&utm_medium=referral&utm_source=mcp&rp=9,cash_flow,Q3 FY2026,2025-12-31,Q,FINANCING ACTIVITIES,Net cash provided by financing activities,501.2,usd_millions,1,0,34,
company,2794952,9,https://web.quartr.com/companies/21558?companyId=21558&documentId=2794952&documentType=report&eventId=411100&navigation=external&utm_medium=referral&utm_source=mcp&rp=9,cash_flow,"July 28 to December 31, 2025",2025-12-31,YTD,FINANCING ACTIVITIES,Net cash provided by financing activities,501.2,usd_millions,1,0,34,
company,2794952,9,https://web.quartr.com/companies/21558?companyId=21558&documentId=2794952&documentType=report&eventId=411100&navigation=external&utm_medium=referral&utm_source=mcp&rp=9,cash_flow,Q3 FY2026,2025-12-31,Q,FINANCING ACTIVITIES,Effect of translation on foreign currency cash and cash equivalents,0,usd_millions,0,0,35,printed_dash_zero
company,2794952,9,https://web.quartr.com/companies/21558?companyId=21558&documentId=2794952&documentType=report&eventId=411100&navigation=external&utm_medium=referral&utm_source=mcp&rp=9,cash_flow,"July 28 to December 31, 2025",2025-12-31,YTD,FINANCING ACTIVITIES,Effect of translation on foreign currency cash and cash equivalents,0,usd_millions,0,0,35,printed_dash_zero
company,2794952,9,https://web.quartr.com/companies/21558?companyId=21558&documentId=2794952&documentType=report&eventId=411100&navigation=external&utm_medium=referral&utm_source=mcp&rp=9,cash_flow,Q3 FY2026,2025-12-31,Q,FINANCING ACTIVITIES,Net changes in cash and cash equivalents,0,usd_millions,1,0,36,printed_dash_zero
company,2794952,9,https://web.quartr.com/companies/21558?companyId=21558&documentId=2794952&documentType=report&eventId=411100&navigation=external&utm_medium=referral&utm_source=mcp&rp=9,cash_flow,"July 28 to December 31, 2025",2025-12-31,YTD,FINANCING ACTIVITIES,Net changes in cash and cash equivalents,0,usd_millions,1,0,36,printed_dash_zero
company,2794952,9,https://web.quartr.com/companies/21558?companyId=21558&documentId=2794952&documentType=report&eventId=411100&navigation=external&utm_medium=referral&utm_source=mcp&rp=9,cash_flow,Q3 FY2026,2025-12-31,Q,FINANCING ACTIVITIES,"Cash and cash equivalents, beginning of the period",0,usd_millions,0,0,37,printed_dash_zero
company,2794952,9,https://web.quartr.com/companies/21558?companyId=21558&documentId=2794952&documentType=report&eventId=411100&navigation=external&utm_medium=referral&utm_source=mcp&rp=9,cash_flow,"July 28 to December 31, 2025",2025-12-31,YTD,FINANCING ACTIVITIES,"Cash and cash equivalents, beginning of the period",0,usd_millions,0,0,37,printed_dash_zero
company,2794952,9,https://web.quartr.com/companies/21558?companyId=21558&documentId=2794952&documentType=report&eventId=411100&navigation=external&utm_medium=referral&utm_source=mcp&rp=9,cash_flow,Q3 FY2026,2025-12-31,Q,FINANCING ACTIVITIES,"Cash and cash equivalents, end of the period",0,usd_millions,1,0,38,printed_dash_zero
company,2794952,9,https://web.quartr.com/companies/21558?companyId=21558&documentId=2794952&documentType=report&eventId=411100&navigation=external&utm_medium=referral&utm_source=mcp&rp=9,cash_flow,"July 28 to December 31, 2025",2025-12-31,YTD,FINANCING ACTIVITIES,"Cash and cash equivalents, end of the period",0,usd_millions,1,0,38,printed_dash_zero
business_100,3693793,1,https://web.quartr.com/companies/21558?companyId=21558&documentId=3693793&documentType=report&eventId=681828&navigation=external&utm_medium=referral&utm_source=mcp&rp=1,non_ifrs,Q1 FY2027,2026-06-30,Q,Highlights,Net earnings,56.5,usd_millions,0,0,1,"column mapping proven: prose p.2 ($456m/$426m AGM, $237m/$197m ToP, $384m/$352m Adj EBITDA, $253m/$231m/$48m/$47m DCF, $215m/$212m/$57m/$48m net earnings) and components foot to Adjusted Gross Margin in all four columns"
business_100,3693793,1,https://web.quartr.com/companies/21558?companyId=21558&documentId=3693793&documentType=report&eventId=681828&navigation=external&utm_medium=referral&utm_source=mcp&rp=1,non_ifrs,Q1 FY2026,2025-06-30,Q,Highlights,Net earnings,48.3,usd_millions,0,1,1,"column mapping proven: prose p.2 ($456m/$426m AGM, $237m/$197m ToP, $384m/$352m Adj EBITDA, $253m/$231m/$48m/$47m DCF, $215m/$212m/$57m/$48m net earnings) and components foot to Adjusted Gross Margin in all four columns"
business_100,3693793,1,https://web.quartr.com/companies/21558?companyId=21558&documentId=3693793&documentType=report&eventId=681828&navigation=external&utm_medium=referral&utm_source=mcp&rp=1,non_ifrs,"LTM ended June 30, 2026",2026-06-30,YTD,Highlights,Net earnings,215.1,usd_millions,0,0,1,"column mapping proven: prose p.2 ($456m/$426m AGM, $237m/$197m ToP, $384m/$352m Adj EBITDA, $253m/$231m/$48m/$47m DCF, $215m/$212m/$57m/$48m net earnings) and components foot to Adjusted Gross Margin in all four columns"
business_100,3693793,1,https://web.quartr.com/companies/21558?companyId=21558&documentId=3693793&documentType=report&eventId=681828&navigation=external&utm_medium=referral&utm_source=mcp&rp=1,non_ifrs,"LTM ended June 30, 2025",2025-06-30,YTD,Highlights,Net earnings,212.1,usd_millions,0,1,1,"column mapping proven: prose p.2 ($456m/$426m AGM, $237m/$197m ToP, $384m/$352m Adj EBITDA, $253m/$231m/$48m/$47m DCF, $215m/$212m/$57m/$48m net earnings) and components foot to Adjusted Gross Margin in all four columns"
business_100,3693793,1,https://web.quartr.com/companies/21558?companyId=21558&documentId=3693793&documentType=report&eventId=681828&navigation=external&utm_medium=referral&utm_source=mcp&rp=1,non_ifrs,Q1 FY2027,2026-06-30,Q,Highlights,Adjusted Gross Margin 2,93.0,usd_millions,1,0,2,"footnote marker is 2 in this release (1 is used for the 40%-interest/100%-basis note). column mapping proven: prose p.2 ($456m/$426m AGM, $237m/$197m ToP, $384m/$352m Adj EBITDA, $253m/$231m/$48m/$47m DCF, $215m/$212m/$57m/$48m net earnings) and components foot to Adjusted Gross Margin in all four columns"
business_100,3693793,1,https://web.quartr.com/companies/21558?companyId=21558&documentId=3693793&documentType=report&eventId=681828&navigation=external&utm_medium=referral&utm_source=mcp&rp=1,non_ifrs,Q1 FY2026,2025-06-30,Q,Highlights,Adjusted Gross Margin 2,95.8,usd_millions,1,1,2,"footnote marker is 2 in this release (1 is used for the 40%-interest/100%-basis note). column mapping proven: prose p.2 ($456m/$426m AGM, $237m/$197m ToP, $384m/$352m Adj EBITDA, $253m/$231m/$48m/$47m DCF, $215m/$212m/$57m/$48m net earnings) and components foot to Adjusted Gross Margin in all four columns"
business_100,3693793,1,https://web.quartr.com/companies/21558?companyId=21558&documentId=3693793&documentType=report&eventId=681828&navigation=external&utm_medium=referral&utm_source=mcp&rp=1,non_ifrs,"LTM ended June 30, 2026",2026-06-30,YTD,Highlights,Adjusted Gross Margin 2,456.3,usd_millions,1,0,2,"footnote marker is 2 in this release (1 is used for the 40%-interest/100%-basis note). column mapping proven: prose p.2 ($456m/$426m AGM, $237m/$197m ToP, $384m/$352m Adj EBITDA, $253m/$231m/$48m/$47m DCF, $215m/$212m/$57m/$48m net earnings) and components foot to Adjusted Gross Margin in all four columns"
business_100,3693793,1,https://web.quartr.com/companies/21558?companyId=21558&documentId=3693793&documentType=report&eventId=681828&navigation=external&utm_medium=referral&utm_source=mcp&rp=1,non_ifrs,"LTM ended June 30, 2025",2025-06-30,YTD,Highlights,Adjusted Gross Margin 2,425.8,usd_millions,1,1,2,"footnote marker is 2 in this release (1 is used for the 40%-interest/100%-basis note). column mapping proven: prose p.2 ($456m/$426m AGM, $237m/$197m ToP, $384m/$352m Adj EBITDA, $253m/$231m/$48m/$47m DCF, $215m/$212m/$57m/$48m net earnings) and components foot to Adjusted Gross Margin in all four columns"
business_100,3693793,1,https://web.quartr.com/companies/21558?companyId=21558&documentId=3693793&documentType=report&eventId=681828&navigation=external&utm_medium=referral&utm_source=mcp&rp=1,non_ifrs,Q1 FY2027,2026-06-30,Q,Highlights,Take-or-Pay,61.8,usd_millions,0,0,3,"column mapping proven: prose p.2 ($456m/$426m AGM, $237m/$197m ToP, $384m/$352m Adj EBITDA, $253m/$231m/$48m/$47m DCF, $215m/$212m/$57m/$48m net earnings) and components foot to Adjusted Gross Margin in all four columns"
business_100,3693793,1,https://web.quartr.com/companies/21558?companyId=21558&documentId=3693793&documentType=report&eventId=681828&navigation=external&utm_medium=referral&utm_source=mcp&rp=1,non_ifrs,Q1 FY2026,2025-06-30,Q,Highlights,Take-or-Pay,58.5,usd_millions,0,1,3,"column mapping proven: prose p.2 ($456m/$426m AGM, $237m/$197m ToP, $384m/$352m Adj EBITDA, $253m/$231m/$48m/$47m DCF, $215m/$212m/$57m/$48m net earnings) and components foot to Adjusted Gross Margin in all four columns"
business_100,3693793,1,https://web.quartr.com/companies/21558?companyId=21558&documentId=3693793&documentType=report&eventId=681828&navigation=external&utm_medium=referral&utm_source=mcp&rp=1,non_ifrs,"LTM ended June 30, 2026",2026-06-30,YTD,Highlights,Take-or-Pay,236.9,usd_millions,0,0,3,"column mapping proven: prose p.2 ($456m/$426m AGM, $237m/$197m ToP, $384m/$352m Adj EBITDA, $253m/$231m/$48m/$47m DCF, $215m/$212m/$57m/$48m net earnings) and components foot to Adjusted Gross Margin in all four columns"
business_100,3693793,1,https://web.quartr.com/companies/21558?companyId=21558&documentId=3693793&documentType=report&eventId=681828&navigation=external&utm_medium=referral&utm_source=mcp&rp=1,non_ifrs,"LTM ended June 30, 2025",2025-06-30,YTD,Highlights,Take-or-Pay,197.3,usd_millions,0,1,3,"column mapping proven: prose p.2 ($456m/$426m AGM, $237m/$197m ToP, $384m/$352m Adj EBITDA, $253m/$231m/$48m/$47m DCF, $215m/$212m/$57m/$48m net earnings) and components foot to Adjusted Gross Margin in all four columns"
business_100,3693793,1,https://web.quartr.com/companies/21558?companyId=21558&documentId=3693793&documentType=report&eventId=681828&navigation=external&utm_medium=referral&utm_source=mcp&rp=1,non_ifrs,Q1 FY2027,2026-06-30,Q,Highlights,"Short-term Storage service, net of cost of gas storage services",33.2,usd_millions,0,0,4,"column mapping proven: prose p.2 ($456m/$426m AGM, $237m/$197m ToP, $384m/$352m Adj EBITDA, $253m/$231m/$48m/$47m DCF, $215m/$212m/$57m/$48m net earnings) and components foot to Adjusted Gross Margin in all four columns"
business_100,3693793,1,https://web.quartr.com/companies/21558?companyId=21558&documentId=3693793&documentType=report&eventId=681828&navigation=external&utm_medium=referral&utm_source=mcp&rp=1,non_ifrs,Q1 FY2026,2025-06-30,Q,Highlights,"Short-term Storage service, net of cost of gas storage services",32.5,usd_millions,0,1,4,"column mapping proven: prose p.2 ($456m/$426m AGM, $237m/$197m ToP, $384m/$352m Adj EBITDA, $253m/$231m/$48m/$47m DCF, $215m/$212m/$57m/$48m net earnings) and components foot to Adjusted Gross Margin in all four columns"
business_100,3693793,1,https://web.quartr.com/companies/21558?companyId=21558&documentId=3693793&documentType=report&eventId=681828&navigation=external&utm_medium=referral&utm_source=mcp&rp=1,non_ifrs,"LTM ended June 30, 2026",2026-06-30,YTD,Highlights,"Short-term Storage service, net of cost of gas storage services",147.4,usd_millions,0,0,4,"column mapping proven: prose p.2 ($456m/$426m AGM, $237m/$197m ToP, $384m/$352m Adj EBITDA, $253m/$231m/$48m/$47m DCF, $215m/$212m/$57m/$48m net earnings) and components foot to Adjusted Gross Margin in all four columns"
business_100,3693793,1,https://web.quartr.com/companies/21558?companyId=21558&documentId=3693793&documentType=report&eventId=681828&navigation=external&utm_medium=referral&utm_source=mcp&rp=1,non_ifrs,"LTM ended June 30, 2025",2025-06-30,YTD,Highlights,"Short-term Storage service, net of cost of gas storage services",161.4,usd_millions,0,1,4,"column mapping proven: prose p.2 ($456m/$426m AGM, $237m/$197m ToP, $384m/$352m Adj EBITDA, $253m/$231m/$48m/$47m DCF, $215m/$212m/$57m/$48m net earnings) and components foot to Adjusted Gross Margin in all four columns"
business_100,3693793,1,https://web.quartr.com/companies/21558?companyId=21558&documentId=3693793&documentType=report&eventId=681828&navigation=external&utm_medium=referral&utm_source=mcp&rp=1,non_ifrs,Q1 FY2027,2026-06-30,Q,Highlights,Realized Optimization gross margin,-2.0,usd_millions,0,0,5,"NEGATIVE in Q1 FY2027 (printed '$ (2.0)'). column mapping proven: prose p.2 ($456m/$426m AGM, $237m/$197m ToP, $384m/$352m Adj EBITDA, $253m/$231m/$48m/$47m DCF, $215m/$212m/$57m/$48m net earnings) and components foot to Adjusted Gross Margin in all four columns"
business_100,3693793,1,https://web.quartr.com/companies/21558?companyId=21558&documentId=3693793&documentType=report&eventId=681828&navigation=external&utm_medium=referral&utm_source=mcp&rp=1,non_ifrs,Q1 FY2026,2025-06-30,Q,Highlights,Realized Optimization gross margin,4.8,usd_millions,0,1,5,"NEGATIVE in Q1 FY2027 (printed '$ (2.0)'). column mapping proven: prose p.2 ($456m/$426m AGM, $237m/$197m ToP, $384m/$352m Adj EBITDA, $253m/$231m/$48m/$47m DCF, $215m/$212m/$57m/$48m net earnings) and components foot to Adjusted Gross Margin in all four columns"
business_100,3693793,1,https://web.quartr.com/companies/21558?companyId=21558&documentId=3693793&documentType=report&eventId=681828&navigation=external&utm_medium=referral&utm_source=mcp&rp=1,non_ifrs,"LTM ended June 30, 2026",2026-06-30,YTD,Highlights,Realized Optimization gross margin,72.0,usd_millions,0,0,5,"NEGATIVE in Q1 FY2027 (printed '$ (2.0)'). column mapping proven: prose p.2 ($456m/$426m AGM, $237m/$197m ToP, $384m/$352m Adj EBITDA, $253m/$231m/$48m/$47m DCF, $215m/$212m/$57m/$48m net earnings) and components foot to Adjusted Gross Margin in all four columns"
business_100,3693793,1,https://web.quartr.com/companies/21558?companyId=21558&documentId=3693793&documentType=report&eventId=681828&navigation=external&utm_medium=referral&utm_source=mcp&rp=1,non_ifrs,"LTM ended June 30, 2025",2025-06-30,YTD,Highlights,Realized Optimization gross margin,67.1,usd_millions,0,1,5,"NEGATIVE in Q1 FY2027 (printed '$ (2.0)'). column mapping proven: prose p.2 ($456m/$426m AGM, $237m/$197m ToP, $384m/$352m Adj EBITDA, $253m/$231m/$48m/$47m DCF, $215m/$212m/$57m/$48m net earnings) and components foot to Adjusted Gross Margin in all four columns"
business_100,3693793,1,https://web.quartr.com/companies/21558?companyId=21558&documentId=3693793&documentType=report&eventId=681828&navigation=external&utm_medium=referral&utm_source=mcp&rp=1,non_ifrs,Q1 FY2027,2026-06-30,Q,Highlights,Adjusted EBITDA 2,74.9,usd_millions,1,0,6,"column mapping proven: prose p.2 ($456m/$426m AGM, $237m/$197m ToP, $384m/$352m Adj EBITDA, $253m/$231m/$48m/$47m DCF, $215m/$212m/$57m/$48m net earnings) and components foot to Adjusted Gross Margin in all four columns"
business_100,3693793,1,https://web.quartr.com/companies/21558?companyId=21558&documentId=3693793&documentType=report&eventId=681828&navigation=external&utm_medium=referral&utm_source=mcp&rp=1,non_ifrs,Q1 FY2026,2025-06-30,Q,Highlights,Adjusted EBITDA 2,77.1,usd_millions,1,1,6,"column mapping proven: prose p.2 ($456m/$426m AGM, $237m/$197m ToP, $384m/$352m Adj EBITDA, $253m/$231m/$48m/$47m DCF, $215m/$212m/$57m/$48m net earnings) and components foot to Adjusted Gross Margin in all four columns"
business_100,3693793,1,https://web.quartr.com/companies/21558?companyId=21558&documentId=3693793&documentType=report&eventId=681828&navigation=external&utm_medium=referral&utm_source=mcp&rp=1,non_ifrs,"LTM ended June 30, 2026",2026-06-30,YTD,Highlights,Adjusted EBITDA 2,383.7,usd_millions,1,0,6,"column mapping proven: prose p.2 ($456m/$426m AGM, $237m/$197m ToP, $384m/$352m Adj EBITDA, $253m/$231m/$48m/$47m DCF, $215m/$212m/$57m/$48m net earnings) and components foot to Adjusted Gross Margin in all four columns"
business_100,3693793,1,https://web.quartr.com/companies/21558?companyId=21558&documentId=3693793&documentType=report&eventId=681828&navigation=external&utm_medium=referral&utm_source=mcp&rp=1,non_ifrs,"LTM ended June 30, 2025",2025-06-30,YTD,Highlights,Adjusted EBITDA 2,351.9,usd_millions,1,1,6,"column mapping proven: prose p.2 ($456m/$426m AGM, $237m/$197m ToP, $384m/$352m Adj EBITDA, $253m/$231m/$48m/$47m DCF, $215m/$212m/$57m/$48m net earnings) and components foot to Adjusted Gross Margin in all four columns"
business_100,3693793,1,https://web.quartr.com/companies/21558?companyId=21558&documentId=3693793&documentType=report&eventId=681828&navigation=external&utm_medium=referral&utm_source=mcp&rp=1,non_ifrs,Q1 FY2027,2026-06-30,Q,Highlights,Distributable Cash Flow 2,48.4,usd_millions,1,0,7,"column mapping proven: prose p.2 ($456m/$426m AGM, $237m/$197m ToP, $384m/$352m Adj EBITDA, $253m/$231m/$48m/$47m DCF, $215m/$212m/$57m/$48m net earnings) and components foot to Adjusted Gross Margin in all four columns"
business_100,3693793,1,https://web.quartr.com/companies/21558?companyId=21558&documentId=3693793&documentType=report&eventId=681828&navigation=external&utm_medium=referral&utm_source=mcp&rp=1,non_ifrs,Q1 FY2026,2025-06-30,Q,Highlights,Distributable Cash Flow 2,46.6,usd_millions,1,1,7,"column mapping proven: prose p.2 ($456m/$426m AGM, $237m/$197m ToP, $384m/$352m Adj EBITDA, $253m/$231m/$48m/$47m DCF, $215m/$212m/$57m/$48m net earnings) and components foot to Adjusted Gross Margin in all four columns"
business_100,3693793,1,https://web.quartr.com/companies/21558?companyId=21558&documentId=3693793&documentType=report&eventId=681828&navigation=external&utm_medium=referral&utm_source=mcp&rp=1,non_ifrs,"LTM ended June 30, 2026",2026-06-30,YTD,Highlights,Distributable Cash Flow 2,253.4,usd_millions,1,0,7,"column mapping proven: prose p.2 ($456m/$426m AGM, $237m/$197m ToP, $384m/$352m Adj EBITDA, $253m/$231m/$48m/$47m DCF, $215m/$212m/$57m/$48m net earnings) and components foot to Adjusted Gross Margin in all four columns"
business_100,3693793,1,https://web.quartr.com/companies/21558?companyId=21558&documentId=3693793&documentType=report&eventId=681828&navigation=external&utm_medium=referral&utm_source=mcp&rp=1,non_ifrs,"LTM ended June 30, 2025",2025-06-30,YTD,Highlights,Distributable Cash Flow 2,231.4,usd_millions,1,1,7,"column mapping proven: prose p.2 ($456m/$426m AGM, $237m/$197m ToP, $384m/$352m Adj EBITDA, $253m/$231m/$48m/$47m DCF, $215m/$212m/$57m/$48m net earnings) and components foot to Adjusted Gross Margin in all four columns"
business_100,3693793,1,https://web.quartr.com/companies/21558?companyId=21558&documentId=3693793&documentType=report&eventId=681828&navigation=external&utm_medium=referral&utm_source=mcp&rp=1,non_ifrs,Q1 FY2027,2026-06-30,Q,Highlights,Distributable Cash Flow per share 2,0.36,usd_per_share,0,0,8,"column mapping proven: prose p.2 ($456m/$426m AGM, $237m/$197m ToP, $384m/$352m Adj EBITDA, $253m/$231m/$48m/$47m DCF, $215m/$212m/$57m/$48m net earnings) and components foot to Adjusted Gross Margin in all four columns"
business_100,3693793,1,https://web.quartr.com/companies/21558?companyId=21558&documentId=3693793&documentType=report&eventId=681828&navigation=external&utm_medium=referral&utm_source=mcp&rp=1,non_ifrs,Q1 FY2026,2025-06-30,Q,Highlights,Distributable Cash Flow per share 2,0.35,usd_per_share,0,1,8,"column mapping proven: prose p.2 ($456m/$426m AGM, $237m/$197m ToP, $384m/$352m Adj EBITDA, $253m/$231m/$48m/$47m DCF, $215m/$212m/$57m/$48m net earnings) and components foot to Adjusted Gross Margin in all four columns"
business_100,3693793,1,https://web.quartr.com/companies/21558?companyId=21558&documentId=3693793&documentType=report&eventId=681828&navigation=external&utm_medium=referral&utm_source=mcp&rp=1,non_ifrs,"LTM ended June 30, 2026",2026-06-30,YTD,Highlights,Distributable Cash Flow per share 2,1.91,usd_per_share,0,0,8,"column mapping proven: prose p.2 ($456m/$426m AGM, $237m/$197m ToP, $384m/$352m Adj EBITDA, $253m/$231m/$48m/$47m DCF, $215m/$212m/$57m/$48m net earnings) and components foot to Adjusted Gross Margin in all four columns"
business_100,3693793,1,https://web.quartr.com/companies/21558?companyId=21558&documentId=3693793&documentType=report&eventId=681828&navigation=external&utm_medium=referral&utm_source=mcp&rp=1,non_ifrs,"LTM ended June 30, 2025",2025-06-30,YTD,Highlights,Distributable Cash Flow per share 2,1.74,usd_per_share,0,1,8,"column mapping proven: prose p.2 ($456m/$426m AGM, $237m/$197m ToP, $384m/$352m Adj EBITDA, $253m/$231m/$48m/$47m DCF, $215m/$212m/$57m/$48m net earnings) and components foot to Adjusted Gross Margin in all four columns"
business_100,3693793,1,https://web.quartr.com/companies/21558?companyId=21558&documentId=3693793&documentType=report&eventId=681828&navigation=external&utm_medium=referral&utm_source=mcp&rp=1,non_ifrs,Q1 FY2027,2026-06-30,Q,Highlights,Fee-for-Service gross margin as a %of Adjusted Gross Margin 2,102,pct,0,0,9,"EXCEEDS 100% in Q1 FY2027 because Realized Optimization gross margin was negative. extractor renders '%of' without space. column mapping proven: prose p.2 ($456m/$426m AGM, $237m/$197m ToP, $384m/$352m Adj EBITDA, $253m/$231m/$48m/$47m DCF, $215m/$212m/$57m/$48m net earnings) and components foot to Adjusted Gross Margin in all four columns"
business_100,3693793,1,https://web.quartr.com/companies/21558?companyId=21558&documentId=3693793&documentType=report&eventId=681828&navigation=external&utm_medium=referral&utm_source=mcp&rp=1,non_ifrs,Q1 FY2026,2025-06-30,Q,Highlights,Fee-for-Service gross margin as a %of Adjusted Gross Margin 2,95,pct,0,1,9,"EXCEEDS 100% in Q1 FY2027 because Realized Optimization gross margin was negative. extractor renders '%of' without space. column mapping proven: prose p.2 ($456m/$426m AGM, $237m/$197m ToP, $384m/$352m Adj EBITDA, $253m/$231m/$48m/$47m DCF, $215m/$212m/$57m/$48m net earnings) and components foot to Adjusted Gross Margin in all four columns"
business_100,3693793,1,https://web.quartr.com/companies/21558?companyId=21558&documentId=3693793&documentType=report&eventId=681828&navigation=external&utm_medium=referral&utm_source=mcp&rp=1,non_ifrs,"LTM ended June 30, 2026",2026-06-30,YTD,Highlights,Fee-for-Service gross margin as a %of Adjusted Gross Margin 2,84,pct,0,0,9,"EXCEEDS 100% in Q1 FY2027 because Realized Optimization gross margin was negative. extractor renders '%of' without space. column mapping proven: prose p.2 ($456m/$426m AGM, $237m/$197m ToP, $384m/$352m Adj EBITDA, $253m/$231m/$48m/$47m DCF, $215m/$212m/$57m/$48m net earnings) and components foot to Adjusted Gross Margin in all four columns"
business_100,3693793,1,https://web.quartr.com/companies/21558?companyId=21558&documentId=3693793&documentType=report&eventId=681828&navigation=external&utm_medium=referral&utm_source=mcp&rp=1,non_ifrs,"LTM ended June 30, 2025",2025-06-30,YTD,Highlights,Fee-for-Service gross margin as a %of Adjusted Gross Margin 2,84,pct,0,1,9,"EXCEEDS 100% in Q1 FY2027 because Realized Optimization gross margin was negative. extractor renders '%of' without space. column mapping proven: prose p.2 ($456m/$426m AGM, $237m/$197m ToP, $384m/$352m Adj EBITDA, $253m/$231m/$48m/$47m DCF, $215m/$212m/$57m/$48m net earnings) and components foot to Adjusted Gross Margin in all four columns"
business_100,3693793,14,https://web.quartr.com/companies/21558?companyId=21558&documentId=3693793&documentType=report&eventId=681828&navigation=external&utm_medium=referral&utm_source=mcp&rp=14,non_ifrs,Q1 FY2027,2026-06-30,Q,Reconciliation of Non-IFRS Measures,Net earnings,56.5,usd_millions,0,0,101,
business_100,3693793,14,https://web.quartr.com/companies/21558?companyId=21558&documentId=3693793&documentType=report&eventId=681828&navigation=external&utm_medium=referral&utm_source=mcp&rp=14,non_ifrs,Q1 FY2026,2025-06-30,Q,Reconciliation of Non-IFRS Measures,Net earnings,48.3,usd_millions,0,1,101,
business_100,3693793,14,https://web.quartr.com/companies/21558?companyId=21558&documentId=3693793&documentType=report&eventId=681828&navigation=external&utm_medium=referral&utm_source=mcp&rp=14,non_ifrs,"LTM ended June 30, 2026",2026-06-30,YTD,Reconciliation of Non-IFRS Measures,Net earnings,215.1,usd_millions,0,0,101,
business_100,3693793,14,https://web.quartr.com/companies/21558?companyId=21558&documentId=3693793&documentType=report&eventId=681828&navigation=external&utm_medium=referral&utm_source=mcp&rp=14,non_ifrs,"LTM ended June 30, 2025",2025-06-30,YTD,Reconciliation of Non-IFRS Measures,Net earnings,212.1,usd_millions,0,1,101,
business_100,3693793,14,https://web.quartr.com/companies/21558?companyId=21558&documentId=3693793&documentType=report&eventId=681828&navigation=external&utm_medium=referral&utm_source=mcp&rp=14,non_ifrs,Q1 FY2027,2026-06-30,Q,Reconciliation of Non-IFRS Measures,Financing costs,7.0,usd_millions,0,0,102,
business_100,3693793,14,https://web.quartr.com/companies/21558?companyId=21558&documentId=3693793&documentType=report&eventId=681828&navigation=external&utm_medium=referral&utm_source=mcp&rp=14,non_ifrs,Q1 FY2026,2025-06-30,Q,Reconciliation of Non-IFRS Measures,Financing costs,25.6,usd_millions,0,1,102,
business_100,3693793,14,https://web.quartr.com/companies/21558?companyId=21558&documentId=3693793&documentType=report&eventId=681828&navigation=external&utm_medium=referral&utm_source=mcp&rp=14,non_ifrs,"LTM ended June 30, 2026",2026-06-30,YTD,Reconciliation of Non-IFRS Measures,Financing costs,71.2,usd_millions,0,0,102,
business_100,3693793,14,https://web.quartr.com/companies/21558?companyId=21558&documentId=3693793&documentType=report&eventId=681828&navigation=external&utm_medium=referral&utm_source=mcp&rp=14,non_ifrs,"LTM ended June 30, 2025",2025-06-30,YTD,Reconciliation of Non-IFRS Measures,Financing costs,102.9,usd_millions,0,1,102,
business_100,3693793,14,https://web.quartr.com/companies/21558?companyId=21558&documentId=3693793&documentType=report&eventId=681828&navigation=external&utm_medium=referral&utm_source=mcp&rp=14,non_ifrs,Q1 FY2027,2026-06-30,Q,Reconciliation of Non-IFRS Measures,Income tax expense,2.5,usd_millions,0,0,103,caption drops '(benefit)' this release; LTM Jun-2025 column is nevertheless negative
business_100,3693793,14,https://web.quartr.com/companies/21558?companyId=21558&documentId=3693793&documentType=report&eventId=681828&navigation=external&utm_medium=referral&utm_source=mcp&rp=14,non_ifrs,Q1 FY2026,2025-06-30,Q,Reconciliation of Non-IFRS Measures,Income tax expense,3.3,usd_millions,0,1,103,caption drops '(benefit)' this release; LTM Jun-2025 column is nevertheless negative
business_100,3693793,14,https://web.quartr.com/companies/21558?companyId=21558&documentId=3693793&documentType=report&eventId=681828&navigation=external&utm_medium=referral&utm_source=mcp&rp=14,non_ifrs,"LTM ended June 30, 2026",2026-06-30,YTD,Reconciliation of Non-IFRS Measures,Income tax expense,15.8,usd_millions,0,0,103,caption drops '(benefit)' this release; LTM Jun-2025 column is nevertheless negative
business_100,3693793,14,https://web.quartr.com/companies/21558?companyId=21558&documentId=3693793&documentType=report&eventId=681828&navigation=external&utm_medium=referral&utm_source=mcp&rp=14,non_ifrs,"LTM ended June 30, 2025",2025-06-30,YTD,Reconciliation of Non-IFRS Measures,Income tax expense,-9.6,usd_millions,0,1,103,caption drops '(benefit)' this release; LTM Jun-2025 column is nevertheless negative
business_100,3693793,14,https://web.quartr.com/companies/21558?companyId=21558&documentId=3693793&documentType=report&eventId=681828&navigation=external&utm_medium=referral&utm_source=mcp&rp=14,non_ifrs,Q1 FY2027,2026-06-30,Q,Reconciliation of Non-IFRS Measures,Depreciation and amortization,8.0,usd_millions,0,0,104,
business_100,3693793,14,https://web.quartr.com/companies/21558?companyId=21558&documentId=3693793&documentType=report&eventId=681828&navigation=external&utm_medium=referral&utm_source=mcp&rp=14,non_ifrs,Q1 FY2026,2025-06-30,Q,Reconciliation of Non-IFRS Measures,Depreciation and amortization,8.1,usd_millions,0,1,104,
business_100,3693793,14,https://web.quartr.com/companies/21558?companyId=21558&documentId=3693793&documentType=report&eventId=681828&navigation=external&utm_medium=referral&utm_source=mcp&rp=14,non_ifrs,"LTM ended June 30, 2026",2026-06-30,YTD,Reconciliation of Non-IFRS Measures,Depreciation and amortization,34.0,usd_millions,0,0,104,
business_100,3693793,14,https://web.quartr.com/companies/21558?companyId=21558&documentId=3693793&documentType=report&eventId=681828&navigation=external&utm_medium=referral&utm_source=mcp&rp=14,non_ifrs,"LTM ended June 30, 2025",2025-06-30,YTD,Reconciliation of Non-IFRS Measures,Depreciation and amortization,33.3,usd_millions,0,1,104,
business_100,3693793,14,https://web.quartr.com/companies/21558?companyId=21558&documentId=3693793&documentType=report&eventId=681828&navigation=external&utm_medium=referral&utm_source=mcp&rp=14,non_ifrs,Q1 FY2027,2026-06-30,Q,Reconciliation of Non-IFRS Measures,Unrealized risk management losses (gains) (1),0.2,usd_millions,0,0,105,
business_100,3693793,14,https://web.quartr.com/companies/21558?companyId=21558&documentId=3693793&documentType=report&eventId=681828&navigation=external&utm_medium=referral&utm_source=mcp&rp=14,non_ifrs,Q1 FY2026,2025-06-30,Q,Reconciliation of Non-IFRS Measures,Unrealized risk management losses (gains) (1),-9.2,usd_millions,0,1,105,
business_100,3693793,14,https://web.quartr.com/companies/21558?companyId=21558&documentId=3693793&documentType=report&eventId=681828&navigation=external&utm_medium=referral&utm_source=mcp&rp=14,non_ifrs,"LTM ended June 30, 2026",2026-06-30,YTD,Reconciliation of Non-IFRS Measures,Unrealized risk management losses (gains) (1),-7.4,usd_millions,0,0,105,
business_100,3693793,14,https://web.quartr.com/companies/21558?companyId=21558&documentId=3693793&documentType=report&eventId=681828&navigation=external&utm_medium=referral&utm_source=mcp&rp=14,non_ifrs,"LTM ended June 30, 2025",2025-06-30,YTD,Reconciliation of Non-IFRS Measures,Unrealized risk management losses (gains) (1),6.4,usd_millions,0,1,105,
business_100,3693793,14,https://web.quartr.com/companies/21558?companyId=21558&documentId=3693793&documentType=report&eventId=681828&navigation=external&utm_medium=referral&utm_source=mcp&rp=14,non_ifrs,Q1 FY2027,2026-06-30,Q,Reconciliation of Non-IFRS Measures,Other expenses and equity-settled compensation,0.7,usd_millions,0,0,106,CAPTION/DEFINITION CHANGE: 'and equity-settled compensation' added in Q1 FY2027 (Q3 FY2026 'Other (income) expenses'; Q4 FY2026 'Other expenses')
business_100,3693793,14,https://web.quartr.com/companies/21558?companyId=21558&documentId=3693793&documentType=report&eventId=681828&navigation=external&utm_medium=referral&utm_source=mcp&rp=14,non_ifrs,Q1 FY2026,2025-06-30,Q,Reconciliation of Non-IFRS Measures,Other expenses and equity-settled compensation,1.0,usd_millions,0,1,106,CAPTION/DEFINITION CHANGE: 'and equity-settled compensation' added in Q1 FY2027 (Q3 FY2026 'Other (income) expenses'; Q4 FY2026 'Other expenses')
business_100,3693793,14,https://web.quartr.com/companies/21558?companyId=21558&documentId=3693793&documentType=report&eventId=681828&navigation=external&utm_medium=referral&utm_source=mcp&rp=14,non_ifrs,"LTM ended June 30, 2026",2026-06-30,YTD,Reconciliation of Non-IFRS Measures,Other expenses and equity-settled compensation,55.0,usd_millions,0,0,106,CAPTION/DEFINITION CHANGE: 'and equity-settled compensation' added in Q1 FY2027 (Q3 FY2026 'Other (income) expenses'; Q4 FY2026 'Other expenses')
business_100,3693793,14,https://web.quartr.com/companies/21558?companyId=21558&documentId=3693793&documentType=report&eventId=681828&navigation=external&utm_medium=referral&utm_source=mcp&rp=14,non_ifrs,"LTM ended June 30, 2025",2025-06-30,YTD,Reconciliation of Non-IFRS Measures,Other expenses and equity-settled compensation,6.8,usd_millions,0,1,106,CAPTION/DEFINITION CHANGE: 'and equity-settled compensation' added in Q1 FY2027 (Q3 FY2026 'Other (income) expenses'; Q4 FY2026 'Other expenses')
business_100,3693793,14,https://web.quartr.com/companies/21558?companyId=21558&documentId=3693793&documentType=report&eventId=681828&navigation=external&utm_medium=referral&utm_source=mcp&rp=14,non_ifrs,Q1 FY2027,2026-06-30,Q,Reconciliation of Non-IFRS Measures,Adjusted EBITDA,74.9,usd_millions,1,0,107,
business_100,3693793,14,https://web.quartr.com/companies/21558?companyId=21558&documentId=3693793&documentType=report&eventId=681828&navigation=external&utm_medium=referral&utm_source=mcp&rp=14,non_ifrs,Q1 FY2026,2025-06-30,Q,Reconciliation of Non-IFRS Measures,Adjusted EBITDA,77.1,usd_millions,1,1,107,
business_100,3693793,14,https://web.quartr.com/companies/21558?companyId=21558&documentId=3693793&documentType=report&eventId=681828&navigation=external&utm_medium=referral&utm_source=mcp&rp=14,non_ifrs,"LTM ended June 30, 2026",2026-06-30,YTD,Reconciliation of Non-IFRS Measures,Adjusted EBITDA,383.7,usd_millions,1,0,107,
business_100,3693793,14,https://web.quartr.com/companies/21558?companyId=21558&documentId=3693793&documentType=report&eventId=681828&navigation=external&utm_medium=referral&utm_source=mcp&rp=14,non_ifrs,"LTM ended June 30, 2025",2025-06-30,YTD,Reconciliation of Non-IFRS Measures,Adjusted EBITDA,351.9,usd_millions,1,1,107,
business_100,3693793,14,https://web.quartr.com/companies/21558?companyId=21558&documentId=3693793&documentType=report&eventId=681828&navigation=external&utm_medium=referral&utm_source=mcp&rp=14,non_ifrs,Q1 FY2027,2026-06-30,Q,Reconciliation of Non-IFRS Measures,Operating,11.9,usd_millions,0,0,108,
business_100,3693793,14,https://web.quartr.com/companies/21558?companyId=21558&documentId=3693793&documentType=report&eventId=681828&navigation=external&utm_medium=referral&utm_source=mcp&rp=14,non_ifrs,Q1 FY2026,2025-06-30,Q,Reconciliation of Non-IFRS Measures,Operating,12.7,usd_millions,0,1,108,
business_100,3693793,14,https://web.quartr.com/companies/21558?companyId=21558&documentId=3693793&documentType=report&eventId=681828&navigation=external&utm_medium=referral&utm_source=mcp&rp=14,non_ifrs,"LTM ended June 30, 2026",2026-06-30,YTD,Reconciliation of Non-IFRS Measures,Operating,50.0,usd_millions,0,0,108,
business_100,3693793,14,https://web.quartr.com/companies/21558?companyId=21558&documentId=3693793&documentType=report&eventId=681828&navigation=external&utm_medium=referral&utm_source=mcp&rp=14,non_ifrs,"LTM ended June 30, 2025",2025-06-30,YTD,Reconciliation of Non-IFRS Measures,Operating,50.3,usd_millions,0,1,108,
business_100,3693793,14,https://web.quartr.com/companies/21558?companyId=21558&documentId=3693793&documentType=report&eventId=681828&navigation=external&utm_medium=referral&utm_source=mcp&rp=14,non_ifrs,Q1 FY2027,2026-06-30,Q,Reconciliation of Non-IFRS Measures,General and administrative,6.3,usd_millions,0,0,109,
business_100,3693793,14,https://web.quartr.com/companies/21558?companyId=21558&documentId=3693793&documentType=report&eventId=681828&navigation=external&utm_medium=referral&utm_source=mcp&rp=14,non_ifrs,Q1 FY2026,2025-06-30,Q,Reconciliation of Non-IFRS Measures,General and administrative,5.5,usd_millions,0,1,109,
business_100,3693793,14,https://web.quartr.com/companies/21558?companyId=21558&documentId=3693793&documentType=report&eventId=681828&navigation=external&utm_medium=referral&utm_source=mcp&rp=14,non_ifrs,"LTM ended June 30, 2026",2026-06-30,YTD,Reconciliation of Non-IFRS Measures,General and administrative,23.0,usd_millions,0,0,109,
business_100,3693793,14,https://web.quartr.com/companies/21558?companyId=21558&documentId=3693793&documentType=report&eventId=681828&navigation=external&utm_medium=referral&utm_source=mcp&rp=14,non_ifrs,"LTM ended June 30, 2025",2025-06-30,YTD,Reconciliation of Non-IFRS Measures,General and administrative,23.2,usd_millions,0,1,109,
business_100,3693793,14,https://web.quartr.com/companies/21558?companyId=21558&documentId=3693793&documentType=report&eventId=681828&navigation=external&utm_medium=referral&utm_source=mcp&rp=14,non_ifrs,Q1 FY2027,2026-06-30,Q,Reconciliation of Non-IFRS Measures,Other items (2),-0.1,usd_millions,0,0,110,fn2 BROADENED this release: 'net unrealized electricity contract gains/losses included in operating costs AND EQUITY-SETTLED COMPENSATION included within general and administrative costs'
business_100,3693793,14,https://web.quartr.com/companies/21558?companyId=21558&documentId=3693793&documentType=report&eventId=681828&navigation=external&utm_medium=referral&utm_source=mcp&rp=14,non_ifrs,Q1 FY2026,2025-06-30,Q,Reconciliation of Non-IFRS Measures,Other items (2),0.5,usd_millions,0,1,110,fn2 BROADENED this release: 'net unrealized electricity contract gains/losses included in operating costs AND EQUITY-SETTLED COMPENSATION included within general and administrative costs'
business_100,3693793,14,https://web.quartr.com/companies/21558?companyId=21558&documentId=3693793&documentType=report&eventId=681828&navigation=external&utm_medium=referral&utm_source=mcp&rp=14,non_ifrs,"LTM ended June 30, 2026",2026-06-30,YTD,Reconciliation of Non-IFRS Measures,Other items (2),-0.4,usd_millions,0,0,110,fn2 BROADENED this release: 'net unrealized electricity contract gains/losses included in operating costs AND EQUITY-SETTLED COMPENSATION included within general and administrative costs'
business_100,3693793,14,https://web.quartr.com/companies/21558?companyId=21558&documentId=3693793&documentType=report&eventId=681828&navigation=external&utm_medium=referral&utm_source=mcp&rp=14,non_ifrs,"LTM ended June 30, 2025",2025-06-30,YTD,Reconciliation of Non-IFRS Measures,Other items (2),0.4,usd_millions,0,1,110,fn2 BROADENED this release: 'net unrealized electricity contract gains/losses included in operating costs AND EQUITY-SETTLED COMPENSATION included within general and administrative costs'
business_100,3693793,14,https://web.quartr.com/companies/21558?companyId=21558&documentId=3693793&documentType=report&eventId=681828&navigation=external&utm_medium=referral&utm_source=mcp&rp=14,non_ifrs,Q1 FY2027,2026-06-30,Q,Reconciliation of Non-IFRS Measures,Adjusted Gross Margin,93.0,usd_millions,1,0,111,
business_100,3693793,14,https://web.quartr.com/companies/21558?companyId=21558&documentId=3693793&documentType=report&eventId=681828&navigation=external&utm_medium=referral&utm_source=mcp&rp=14,non_ifrs,Q1 FY2026,2025-06-30,Q,Reconciliation of Non-IFRS Measures,Adjusted Gross Margin,95.8,usd_millions,1,1,111,
business_100,3693793,14,https://web.quartr.com/companies/21558?companyId=21558&documentId=3693793&documentType=report&eventId=681828&navigation=external&utm_medium=referral&utm_source=mcp&rp=14,non_ifrs,"LTM ended June 30, 2026",2026-06-30,YTD,Reconciliation of Non-IFRS Measures,Adjusted Gross Margin,456.3,usd_millions,1,0,111,
business_100,3693793,14,https://web.quartr.com/companies/21558?companyId=21558&documentId=3693793&documentType=report&eventId=681828&navigation=external&utm_medium=referral&utm_source=mcp&rp=14,non_ifrs,"LTM ended June 30, 2025",2025-06-30,YTD,Reconciliation of Non-IFRS Measures,Adjusted Gross Margin,425.8,usd_millions,1,1,111,
business_100,3693793,14,https://web.quartr.com/companies/21558?companyId=21558&documentId=3693793&documentType=report&eventId=681828&navigation=external&utm_medium=referral&utm_source=mcp&rp=14,non_ifrs,Q1 FY2027,2026-06-30,Q,Reconciliation of Non-IFRS Measures,Operating,-11.9,usd_millions,0,0,112,"second occurrence of caption, deducted"
business_100,3693793,14,https://web.quartr.com/companies/21558?companyId=21558&documentId=3693793&documentType=report&eventId=681828&navigation=external&utm_medium=referral&utm_source=mcp&rp=14,non_ifrs,Q1 FY2026,2025-06-30,Q,Reconciliation of Non-IFRS Measures,Operating,-12.7,usd_millions,0,1,112,"second occurrence of caption, deducted"
business_100,3693793,14,https://web.quartr.com/companies/21558?companyId=21558&documentId=3693793&documentType=report&eventId=681828&navigation=external&utm_medium=referral&utm_source=mcp&rp=14,non_ifrs,"LTM ended June 30, 2026",2026-06-30,YTD,Reconciliation of Non-IFRS Measures,Operating,-50.0,usd_millions,0,0,112,"second occurrence of caption, deducted"
business_100,3693793,14,https://web.quartr.com/companies/21558?companyId=21558&documentId=3693793&documentType=report&eventId=681828&navigation=external&utm_medium=referral&utm_source=mcp&rp=14,non_ifrs,"LTM ended June 30, 2025",2025-06-30,YTD,Reconciliation of Non-IFRS Measures,Operating,-50.3,usd_millions,0,1,112,"second occurrence of caption, deducted"
business_100,3693793,14,https://web.quartr.com/companies/21558?companyId=21558&documentId=3693793&documentType=report&eventId=681828&navigation=external&utm_medium=referral&utm_source=mcp&rp=14,non_ifrs,Q1 FY2027,2026-06-30,Q,Reconciliation of Non-IFRS Measures,General and administrative,-6.3,usd_millions,0,0,113,"second occurrence of caption, deducted"
business_100,3693793,14,https://web.quartr.com/companies/21558?companyId=21558&documentId=3693793&documentType=report&eventId=681828&navigation=external&utm_medium=referral&utm_source=mcp&rp=14,non_ifrs,Q1 FY2026,2025-06-30,Q,Reconciliation of Non-IFRS Measures,General and administrative,-5.5,usd_millions,0,1,113,"second occurrence of caption, deducted"
business_100,3693793,14,https://web.quartr.com/companies/21558?companyId=21558&documentId=3693793&documentType=report&eventId=681828&navigation=external&utm_medium=referral&utm_source=mcp&rp=14,non_ifrs,"LTM ended June 30, 2026",2026-06-30,YTD,Reconciliation of Non-IFRS Measures,General and administrative,-23.0,usd_millions,0,0,113,"second occurrence of caption, deducted"
business_100,3693793,14,https://web.quartr.com/companies/21558?companyId=21558&documentId=3693793&documentType=report&eventId=681828&navigation=external&utm_medium=referral&utm_source=mcp&rp=14,non_ifrs,"LTM ended June 30, 2025",2025-06-30,YTD,Reconciliation of Non-IFRS Measures,General and administrative,-23.2,usd_millions,0,1,113,"second occurrence of caption, deducted"
business_100,3693793,14,https://web.quartr.com/companies/21558?companyId=21558&documentId=3693793&documentType=report&eventId=681828&navigation=external&utm_medium=referral&utm_source=mcp&rp=14,non_ifrs,Q1 FY2027,2026-06-30,Q,Reconciliation of Non-IFRS Measures,Interest expense (3),-17.8,usd_millions,0,0,114,"fn3 CHANGED: now 'interest on non-affiliated debt obligations, including the Term Loan, interest on revolving credit facilities' - the Term Loan due 2026, ABL Facility and Warwick Credit Facility named in prior releases are dropped (all repaid/terminated)"
business_100,3693793,14,https://web.quartr.com/companies/21558?companyId=21558&documentId=3693793&documentType=report&eventId=681828&navigation=external&utm_medium=referral&utm_source=mcp&rp=14,non_ifrs,Q1 FY2026,2025-06-30,Q,Reconciliation of Non-IFRS Measures,Interest expense (3),-20.4,usd_millions,0,1,114,"fn3 CHANGED: now 'interest on non-affiliated debt obligations, including the Term Loan, interest on revolving credit facilities' - the Term Loan due 2026, ABL Facility and Warwick Credit Facility named in prior releases are dropped (all repaid/terminated)"
business_100,3693793,14,https://web.quartr.com/companies/21558?companyId=21558&documentId=3693793&documentType=report&eventId=681828&navigation=external&utm_medium=referral&utm_source=mcp&rp=14,non_ifrs,"LTM ended June 30, 2026",2026-06-30,YTD,Reconciliation of Non-IFRS Measures,Interest expense (3),-78.1,usd_millions,0,0,114,"fn3 CHANGED: now 'interest on non-affiliated debt obligations, including the Term Loan, interest on revolving credit facilities' - the Term Loan due 2026, ABL Facility and Warwick Credit Facility named in prior releases are dropped (all repaid/terminated)"
business_100,3693793,14,https://web.quartr.com/companies/21558?companyId=21558&documentId=3693793&documentType=report&eventId=681828&navigation=external&utm_medium=referral&utm_source=mcp&rp=14,non_ifrs,"LTM ended June 30, 2025",2025-06-30,YTD,Reconciliation of Non-IFRS Measures,Interest expense (3),-81.3,usd_millions,0,1,114,"fn3 CHANGED: now 'interest on non-affiliated debt obligations, including the Term Loan, interest on revolving credit facilities' - the Term Loan due 2026, ABL Facility and Warwick Credit Facility named in prior releases are dropped (all repaid/terminated)"
business_100,3693793,14,https://web.quartr.com/companies/21558?companyId=21558&documentId=3693793&documentType=report&eventId=681828&navigation=external&utm_medium=referral&utm_source=mcp&rp=14,non_ifrs,Q1 FY2027,2026-06-30,Q,Reconciliation of Non-IFRS Measures,Mandatory debt repayments,-3.1,usd_millions,0,0,115,
business_100,3693793,14,https://web.quartr.com/companies/21558?companyId=21558&documentId=3693793&documentType=report&eventId=681828&navigation=external&utm_medium=referral&utm_source=mcp&rp=14,non_ifrs,Q1 FY2026,2025-06-30,Q,Reconciliation of Non-IFRS Measures,Mandatory debt repayments,-3.1,usd_millions,0,1,115,
business_100,3693793,14,https://web.quartr.com/companies/21558?companyId=21558&documentId=3693793&documentType=report&eventId=681828&navigation=external&utm_medium=referral&utm_source=mcp&rp=14,non_ifrs,"LTM ended June 30, 2026",2026-06-30,YTD,Reconciliation of Non-IFRS Measures,Mandatory debt repayments,-12.5,usd_millions,0,0,115,
business_100,3693793,14,https://web.quartr.com/companies/21558?companyId=21558&documentId=3693793&documentType=report&eventId=681828&navigation=external&utm_medium=referral&utm_source=mcp&rp=14,non_ifrs,"LTM ended June 30, 2025",2025-06-30,YTD,Reconciliation of Non-IFRS Measures,Mandatory debt repayments,-6.2,usd_millions,0,1,115,
business_100,3693793,14,https://web.quartr.com/companies/21558?companyId=21558&documentId=3693793&documentType=report&eventId=681828&navigation=external&utm_medium=referral&utm_source=mcp&rp=14,non_ifrs,Q1 FY2027,2026-06-30,Q,Reconciliation of Non-IFRS Measures,Current taxes,-1.9,usd_millions,0,0,116,
business_100,3693793,14,https://web.quartr.com/companies/21558?companyId=21558&documentId=3693793&documentType=report&eventId=681828&navigation=external&utm_medium=referral&utm_source=mcp&rp=14,non_ifrs,Q1 FY2026,2025-06-30,Q,Reconciliation of Non-IFRS Measures,Current taxes,0,usd_millions,0,1,116,printed_dash_zero
business_100,3693793,14,https://web.quartr.com/companies/21558?companyId=21558&documentId=3693793&documentType=report&eventId=681828&navigation=external&utm_medium=referral&utm_source=mcp&rp=14,non_ifrs,"LTM ended June 30, 2026",2026-06-30,YTD,Reconciliation of Non-IFRS Measures,Current taxes,-8.0,usd_millions,0,0,116,
business_100,3693793,14,https://web.quartr.com/companies/21558?companyId=21558&documentId=3693793&documentType=report&eventId=681828&navigation=external&utm_medium=referral&utm_source=mcp&rp=14,non_ifrs,"LTM ended June 30, 2025",2025-06-30,YTD,Reconciliation of Non-IFRS Measures,Current taxes,-0.6,usd_millions,0,1,116,
business_100,3693793,14,https://web.quartr.com/companies/21558?companyId=21558&documentId=3693793&documentType=report&eventId=681828&navigation=external&utm_medium=referral&utm_source=mcp&rp=14,non_ifrs,Q1 FY2027,2026-06-30,Q,Reconciliation of Non-IFRS Measures,Cash lease payments (4),-0.3,usd_millions,0,0,117,
business_100,3693793,14,https://web.quartr.com/companies/21558?companyId=21558&documentId=3693793&documentType=report&eventId=681828&navigation=external&utm_medium=referral&utm_source=mcp&rp=14,non_ifrs,Q1 FY2026,2025-06-30,Q,Reconciliation of Non-IFRS Measures,Cash lease payments (4),-0.4,usd_millions,0,1,117,
business_100,3693793,14,https://web.quartr.com/companies/21558?companyId=21558&documentId=3693793&documentType=report&eventId=681828&navigation=external&utm_medium=referral&utm_source=mcp&rp=14,non_ifrs,"LTM ended June 30, 2026",2026-06-30,YTD,Reconciliation of Non-IFRS Measures,Cash lease payments (4),-8.5,usd_millions,0,0,117,
business_100,3693793,14,https://web.quartr.com/companies/21558?companyId=21558&documentId=3693793&documentType=report&eventId=681828&navigation=external&utm_medium=referral&utm_source=mcp&rp=14,non_ifrs,"LTM ended June 30, 2025",2025-06-30,YTD,Reconciliation of Non-IFRS Measures,Cash lease payments (4),-9.4,usd_millions,0,1,117,
business_100,3693793,14,https://web.quartr.com/companies/21558?companyId=21558&documentId=3693793&documentType=report&eventId=681828&navigation=external&utm_medium=referral&utm_source=mcp&rp=14,non_ifrs,Q1 FY2027,2026-06-30,Q,Reconciliation of Non-IFRS Measures,Maintenance capital expenditures (5),-3.4,usd_millions,0,0,118,"fn5 re-scoped: the $5.5m downward adjustment is now attributed to 'the last twelve months ended June 30, 2025' (Q4 FY2026 attributed it to 'Fiscal 2025')"
business_100,3693793,14,https://web.quartr.com/companies/21558?companyId=21558&documentId=3693793&documentType=report&eventId=681828&navigation=external&utm_medium=referral&utm_source=mcp&rp=14,non_ifrs,Q1 FY2026,2025-06-30,Q,Reconciliation of Non-IFRS Measures,Maintenance capital expenditures (5),-6.6,usd_millions,0,1,118,"fn5 re-scoped: the $5.5m downward adjustment is now attributed to 'the last twelve months ended June 30, 2025' (Q4 FY2026 attributed it to 'Fiscal 2025')"
business_100,3693793,14,https://web.quartr.com/companies/21558?companyId=21558&documentId=3693793&documentType=report&eventId=681828&navigation=external&utm_medium=referral&utm_source=mcp&rp=14,non_ifrs,"LTM ended June 30, 2026",2026-06-30,YTD,Reconciliation of Non-IFRS Measures,Maintenance capital expenditures (5),-23.2,usd_millions,0,0,118,"fn5 re-scoped: the $5.5m downward adjustment is now attributed to 'the last twelve months ended June 30, 2025' (Q4 FY2026 attributed it to 'Fiscal 2025')"
business_100,3693793,14,https://web.quartr.com/companies/21558?companyId=21558&documentId=3693793&documentType=report&eventId=681828&navigation=external&utm_medium=referral&utm_source=mcp&rp=14,non_ifrs,"LTM ended June 30, 2025",2025-06-30,YTD,Reconciliation of Non-IFRS Measures,Maintenance capital expenditures (5),-23.0,usd_millions,0,1,118,"fn5 re-scoped: the $5.5m downward adjustment is now attributed to 'the last twelve months ended June 30, 2025' (Q4 FY2026 attributed it to 'Fiscal 2025')"
business_100,3693793,14,https://web.quartr.com/companies/21558?companyId=21558&documentId=3693793&documentType=report&eventId=681828&navigation=external&utm_medium=referral&utm_source=mcp&rp=14,non_ifrs,Q1 FY2027,2026-06-30,Q,Reconciliation of Non-IFRS Measures,Other items (2),0.1,usd_millions,0,0,119,second occurrence of caption
business_100,3693793,14,https://web.quartr.com/companies/21558?companyId=21558&documentId=3693793&documentType=report&eventId=681828&navigation=external&utm_medium=referral&utm_source=mcp&rp=14,non_ifrs,Q1 FY2026,2025-06-30,Q,Reconciliation of Non-IFRS Measures,Other items (2),-0.5,usd_millions,0,1,119,second occurrence of caption
business_100,3693793,14,https://web.quartr.com/companies/21558?companyId=21558&documentId=3693793&documentType=report&eventId=681828&navigation=external&utm_medium=referral&utm_source=mcp&rp=14,non_ifrs,"LTM ended June 30, 2026",2026-06-30,YTD,Reconciliation of Non-IFRS Measures,Other items (2),0.4,usd_millions,0,0,119,second occurrence of caption
business_100,3693793,14,https://web.quartr.com/companies/21558?companyId=21558&documentId=3693793&documentType=report&eventId=681828&navigation=external&utm_medium=referral&utm_source=mcp&rp=14,non_ifrs,"LTM ended June 30, 2025",2025-06-30,YTD,Reconciliation of Non-IFRS Measures,Other items (2),-0.4,usd_millions,0,1,119,second occurrence of caption
business_100,3693793,14,https://web.quartr.com/companies/21558?companyId=21558&documentId=3693793&documentType=report&eventId=681828&navigation=external&utm_medium=referral&utm_source=mcp&rp=14,non_ifrs,Q1 FY2027,2026-06-30,Q,Reconciliation of Non-IFRS Measures,Distributable Cash Flow,48.4,usd_millions,1,0,120,
business_100,3693793,14,https://web.quartr.com/companies/21558?companyId=21558&documentId=3693793&documentType=report&eventId=681828&navigation=external&utm_medium=referral&utm_source=mcp&rp=14,non_ifrs,Q1 FY2026,2025-06-30,Q,Reconciliation of Non-IFRS Measures,Distributable Cash Flow,46.6,usd_millions,1,1,120,
business_100,3693793,14,https://web.quartr.com/companies/21558?companyId=21558&documentId=3693793&documentType=report&eventId=681828&navigation=external&utm_medium=referral&utm_source=mcp&rp=14,non_ifrs,"LTM ended June 30, 2026",2026-06-30,YTD,Reconciliation of Non-IFRS Measures,Distributable Cash Flow,253.4,usd_millions,1,0,120,
business_100,3693793,14,https://web.quartr.com/companies/21558?companyId=21558&documentId=3693793&documentType=report&eventId=681828&navigation=external&utm_medium=referral&utm_source=mcp&rp=14,non_ifrs,"LTM ended June 30, 2025",2025-06-30,YTD,Reconciliation of Non-IFRS Measures,Distributable Cash Flow,231.4,usd_millions,1,1,120,
business_100,3693793,14,https://web.quartr.com/companies/21558?companyId=21558&documentId=3693793&documentType=report&eventId=681828&navigation=external&utm_medium=referral&utm_source=mcp&rp=14,non_ifrs,Q1 FY2027,2026-06-30,Q,Reconciliation of Non-IFRS Measures,ToP,61.8,usd_millions,0,0,201,row-group header above: 'Fee-for-Service gross margin'
business_100,3693793,14,https://web.quartr.com/companies/21558?companyId=21558&documentId=3693793&documentType=report&eventId=681828&navigation=external&utm_medium=referral&utm_source=mcp&rp=14,non_ifrs,Q1 FY2026,2025-06-30,Q,Reconciliation of Non-IFRS Measures,ToP,58.5,usd_millions,0,1,201,row-group header above: 'Fee-for-Service gross margin'
business_100,3693793,14,https://web.quartr.com/companies/21558?companyId=21558&documentId=3693793&documentType=report&eventId=681828&navigation=external&utm_medium=referral&utm_source=mcp&rp=14,non_ifrs,"LTM ended June 30, 2026",2026-06-30,YTD,Reconciliation of Non-IFRS Measures,ToP,236.9,usd_millions,0,0,201,row-group header above: 'Fee-for-Service gross margin'
business_100,3693793,14,https://web.quartr.com/companies/21558?companyId=21558&documentId=3693793&documentType=report&eventId=681828&navigation=external&utm_medium=referral&utm_source=mcp&rp=14,non_ifrs,"LTM ended June 30, 2025",2025-06-30,YTD,Reconciliation of Non-IFRS Measures,ToP,197.3,usd_millions,0,1,201,row-group header above: 'Fee-for-Service gross margin'
business_100,3693793,14,https://web.quartr.com/companies/21558?companyId=21558&documentId=3693793&documentType=report&eventId=681828&navigation=external&utm_medium=referral&utm_source=mcp&rp=14,non_ifrs,Q1 FY2027,2026-06-30,Q,Reconciliation of Non-IFRS Measures,"STS, net of cost of gas storage services",33.2,usd_millions,0,0,202,
business_100,3693793,14,https://web.quartr.com/companies/21558?companyId=21558&documentId=3693793&documentType=report&eventId=681828&navigation=external&utm_medium=referral&utm_source=mcp&rp=14,non_ifrs,Q1 FY2026,2025-06-30,Q,Reconciliation of Non-IFRS Measures,"STS, net of cost of gas storage services",32.5,usd_millions,0,1,202,
business_100,3693793,14,https://web.quartr.com/companies/21558?companyId=21558&documentId=3693793&documentType=report&eventId=681828&navigation=external&utm_medium=referral&utm_source=mcp&rp=14,non_ifrs,"LTM ended June 30, 2026",2026-06-30,YTD,Reconciliation of Non-IFRS Measures,"STS, net of cost of gas storage services",147.4,usd_millions,0,0,202,
business_100,3693793,14,https://web.quartr.com/companies/21558?companyId=21558&documentId=3693793&documentType=report&eventId=681828&navigation=external&utm_medium=referral&utm_source=mcp&rp=14,non_ifrs,"LTM ended June 30, 2025",2025-06-30,YTD,Reconciliation of Non-IFRS Measures,"STS, net of cost of gas storage services",161.4,usd_millions,0,1,202,
business_100,3693793,14,https://web.quartr.com/companies/21558?companyId=21558&documentId=3693793&documentType=report&eventId=681828&navigation=external&utm_medium=referral&utm_source=mcp&rp=14,non_ifrs,Q1 FY2027,2026-06-30,Q,Reconciliation of Non-IFRS Measures,Total Fee-for-Service gross margin,95.0,usd_millions,1,0,203,
business_100,3693793,14,https://web.quartr.com/companies/21558?companyId=21558&documentId=3693793&documentType=report&eventId=681828&navigation=external&utm_medium=referral&utm_source=mcp&rp=14,non_ifrs,Q1 FY2026,2025-06-30,Q,Reconciliation of Non-IFRS Measures,Total Fee-for-Service gross margin,91.0,usd_millions,1,1,203,
business_100,3693793,14,https://web.quartr.com/companies/21558?companyId=21558&documentId=3693793&documentType=report&eventId=681828&navigation=external&utm_medium=referral&utm_source=mcp&rp=14,non_ifrs,"LTM ended June 30, 2026",2026-06-30,YTD,Reconciliation of Non-IFRS Measures,Total Fee-for-Service gross margin,384.3,usd_millions,1,0,203,
business_100,3693793,14,https://web.quartr.com/companies/21558?companyId=21558&documentId=3693793&documentType=report&eventId=681828&navigation=external&utm_medium=referral&utm_source=mcp&rp=14,non_ifrs,"LTM ended June 30, 2025",2025-06-30,YTD,Reconciliation of Non-IFRS Measures,Total Fee-for-Service gross margin,358.7,usd_millions,1,1,203,
business_100,3693793,14,https://web.quartr.com/companies/21558?companyId=21558&documentId=3693793&documentType=report&eventId=681828&navigation=external&utm_medium=referral&utm_source=mcp&rp=14,non_ifrs,Q1 FY2027,2026-06-30,Q,Reconciliation of Non-IFRS Measures,"Realized Optimization, net",-2.0,usd_millions,0,0,204,
business_100,3693793,14,https://web.quartr.com/companies/21558?companyId=21558&documentId=3693793&documentType=report&eventId=681828&navigation=external&utm_medium=referral&utm_source=mcp&rp=14,non_ifrs,Q1 FY2026,2025-06-30,Q,Reconciliation of Non-IFRS Measures,"Realized Optimization, net",4.8,usd_millions,0,1,204,
business_100,3693793,14,https://web.quartr.com/companies/21558?companyId=21558&documentId=3693793&documentType=report&eventId=681828&navigation=external&utm_medium=referral&utm_source=mcp&rp=14,non_ifrs,"LTM ended June 30, 2026",2026-06-30,YTD,Reconciliation of Non-IFRS Measures,"Realized Optimization, net",72.0,usd_millions,0,0,204,
business_100,3693793,14,https://web.quartr.com/companies/21558?companyId=21558&documentId=3693793&documentType=report&eventId=681828&navigation=external&utm_medium=referral&utm_source=mcp&rp=14,non_ifrs,"LTM ended June 30, 2025",2025-06-30,YTD,Reconciliation of Non-IFRS Measures,"Realized Optimization, net",67.1,usd_millions,0,1,204,
business_100,3693793,14,https://web.quartr.com/companies/21558?companyId=21558&documentId=3693793&documentType=report&eventId=681828&navigation=external&utm_medium=referral&utm_source=mcp&rp=14,non_ifrs,Q1 FY2027,2026-06-30,Q,Reconciliation of Non-IFRS Measures,Adjusted Gross Margin,93.0,usd_millions,1,0,205,
business_100,3693793,14,https://web.quartr.com/companies/21558?companyId=21558&documentId=3693793&documentType=report&eventId=681828&navigation=external&utm_medium=referral&utm_source=mcp&rp=14,non_ifrs,Q1 FY2026,2025-06-30,Q,Reconciliation of Non-IFRS Measures,Adjusted Gross Margin,95.8,usd_millions,1,1,205,
business_100,3693793,14,https://web.quartr.com/companies/21558?companyId=21558&documentId=3693793&documentType=report&eventId=681828&navigation=external&utm_medium=referral&utm_source=mcp&rp=14,non_ifrs,"LTM ended June 30, 2026",2026-06-30,YTD,Reconciliation of Non-IFRS Measures,Adjusted Gross Margin,456.3,usd_millions,1,0,205,
business_100,3693793,14,https://web.quartr.com/companies/21558?companyId=21558&documentId=3693793&documentType=report&eventId=681828&navigation=external&utm_medium=referral&utm_source=mcp&rp=14,non_ifrs,"LTM ended June 30, 2025",2025-06-30,YTD,Reconciliation of Non-IFRS Measures,Adjusted Gross Margin,425.8,usd_millions,1,1,205,
business_100,3693793,15,https://web.quartr.com/companies/21558?companyId=21558&documentId=3693793&documentType=report&eventId=681828&navigation=external&utm_medium=referral&utm_source=mcp&rp=15,non_ifrs,Q1 FY2027,2026-06-30,instant,Reconciliation of Non-IFRS Measures,Short-term debt,12.2,usd_millions,0,0,301,"column header partially lost by extractor (shows 'As at March 31,' + '2026 | 2026'); primary column proven = As at June 30, 2026, comparative = As at March 31, 2026 - the comparative column reproduces the FY2026 release (doc 3409150) figures line for line"
business_100,3693793,15,https://web.quartr.com/companies/21558?companyId=21558&documentId=3693793&documentType=report&eventId=681828&navigation=external&utm_medium=referral&utm_source=mcp&rp=15,non_ifrs,FY2026,2026-03-31,instant,Reconciliation of Non-IFRS Measures,Short-term debt,12.2,usd_millions,0,1,301,"column header partially lost by extractor (shows 'As at March 31,' + '2026 | 2026'); primary column proven = As at June 30, 2026, comparative = As at March 31, 2026 - the comparative column reproduces the FY2026 release (doc 3409150) figures line for line"
business_100,3693793,15,https://web.quartr.com/companies/21558?companyId=21558&documentId=3693793&documentType=report&eventId=681828&navigation=external&utm_medium=referral&utm_source=mcp&rp=15,non_ifrs,Q1 FY2027,2026-06-30,instant,Reconciliation of Non-IFRS Measures,Long-term debt,1194.1,usd_millions,0,0,302,
business_100,3693793,15,https://web.quartr.com/companies/21558?companyId=21558&documentId=3693793&documentType=report&eventId=681828&navigation=external&utm_medium=referral&utm_source=mcp&rp=15,non_ifrs,FY2026,2026-03-31,instant,Reconciliation of Non-IFRS Measures,Long-term debt,1197.3,usd_millions,0,1,302,
business_100,3693793,15,https://web.quartr.com/companies/21558?companyId=21558&documentId=3693793&documentType=report&eventId=681828&navigation=external&utm_medium=referral&utm_source=mcp&rp=15,non_ifrs,Q1 FY2027,2026-06-30,instant,Reconciliation of Non-IFRS Measures,Total debt outstanding,1206.3,usd_millions,1,0,303,
business_100,3693793,15,https://web.quartr.com/companies/21558?companyId=21558&documentId=3693793&documentType=report&eventId=681828&navigation=external&utm_medium=referral&utm_source=mcp&rp=15,non_ifrs,FY2026,2026-03-31,instant,Reconciliation of Non-IFRS Measures,Total debt outstanding,1209.5,usd_millions,1,1,303,
business_100,3693793,15,https://web.quartr.com/companies/21558?companyId=21558&documentId=3693793&documentType=report&eventId=681828&navigation=external&utm_medium=referral&utm_source=mcp&rp=15,non_ifrs,Q1 FY2027,2026-06-30,instant,Reconciliation of Non-IFRS Measures,Add: Unamortized discount and deferred financing costs,25.0,usd_millions,0,0,304,
business_100,3693793,15,https://web.quartr.com/companies/21558?companyId=21558&documentId=3693793&documentType=report&eventId=681828&navigation=external&utm_medium=referral&utm_source=mcp&rp=15,non_ifrs,FY2026,2026-03-31,instant,Reconciliation of Non-IFRS Measures,Add: Unamortized discount and deferred financing costs,24.9,usd_millions,0,1,304,
business_100,3693793,15,https://web.quartr.com/companies/21558?companyId=21558&documentId=3693793&documentType=report&eventId=681828&navigation=external&utm_medium=referral&utm_source=mcp&rp=15,non_ifrs,Q1 FY2027,2026-06-30,instant,Reconciliation of Non-IFRS Measures,Less: Cash and cash equivalents,-69.1,usd_millions,0,0,305,
business_100,3693793,15,https://web.quartr.com/companies/21558?companyId=21558&documentId=3693793&documentType=report&eventId=681828&navigation=external&utm_medium=referral&utm_source=mcp&rp=15,non_ifrs,FY2026,2026-03-31,instant,Reconciliation of Non-IFRS Measures,Less: Cash and cash equivalents,-42.3,usd_millions,0,1,305,
business_100,3693793,15,https://web.quartr.com/companies/21558?companyId=21558&documentId=3693793&documentType=report&eventId=681828&navigation=external&utm_medium=referral&utm_source=mcp&rp=15,non_ifrs,Q1 FY2027,2026-06-30,instant,Reconciliation of Non-IFRS Measures,Net debt,1162.2,usd_millions,1,0,306,NO 'Net debt to Adjusted EBITDA' row printed; the 3.0x ratio appears only in narrative (p.2)
business_100,3693793,15,https://web.quartr.com/companies/21558?companyId=21558&documentId=3693793&documentType=report&eventId=681828&navigation=external&utm_medium=referral&utm_source=mcp&rp=15,non_ifrs,FY2026,2026-03-31,instant,Reconciliation of Non-IFRS Measures,Net debt,1192.1,usd_millions,1,1,306,NO 'Net debt to Adjusted EBITDA' row printed; the 3.0x ratio appears only in narrative (p.2)
company,3693793,8,https://web.quartr.com/companies/21558?companyId=21558&documentId=3693793&documentType=report&eventId=681828&navigation=external&utm_medium=referral&utm_source=mcp&rp=8,balance_sheet,Q1 FY2027,2026-06-30,instant,Current Assets,Cash and cash equivalents,0.1,usd_millions,0,0,1,"column header partially lost by extractor (shows 'As at March 31,' + '2026 | 2026'); primary column proven = As at June 30, 2026, comparative = As at March 31, 2026 - the comparative column reproduces the FY2026 release (doc 3409150) figures line for line"
company,3693793,8,https://web.quartr.com/companies/21558?companyId=21558&documentId=3693793&documentType=report&eventId=681828&navigation=external&utm_medium=referral&utm_source=mcp&rp=8,balance_sheet,FY2026,2026-03-31,instant,Current Assets,Cash and cash equivalents,0,usd_millions,0,1,1,printed_dash_zero
company,3693793,8,https://web.quartr.com/companies/21558?companyId=21558&documentId=3693793&documentType=report&eventId=681828&navigation=external&utm_medium=referral&utm_source=mcp&rp=8,balance_sheet,Q1 FY2027,2026-06-30,instant,Current Assets,Restricted cash,0,usd_millions,0,0,2,printed_dash_zero
company,3693793,8,https://web.quartr.com/companies/21558?companyId=21558&documentId=3693793&documentType=report&eventId=681828&navigation=external&utm_medium=referral&utm_source=mcp&rp=8,balance_sheet,FY2026,2026-03-31,instant,Current Assets,Restricted cash,14.8,usd_millions,0,1,2,
company,3693793,8,https://web.quartr.com/companies/21558?companyId=21558&documentId=3693793&documentType=report&eventId=681828&navigation=external&utm_medium=referral&utm_source=mcp&rp=8,balance_sheet,Q1 FY2027,2026-06-30,instant,Current Assets,Current income taxes receivable,0.3,usd_millions,0,0,3,
company,3693793,8,https://web.quartr.com/companies/21558?companyId=21558&documentId=3693793&documentType=report&eventId=681828&navigation=external&utm_medium=referral&utm_source=mcp&rp=8,balance_sheet,FY2026,2026-03-31,instant,Current Assets,Current income taxes receivable,0.5,usd_millions,0,1,3,
company,3693793,8,https://web.quartr.com/companies/21558?companyId=21558&documentId=3693793&documentType=report&eventId=681828&navigation=external&utm_medium=referral&utm_source=mcp&rp=8,balance_sheet,Q1 FY2027,2026-06-30,instant,Current Assets,Prepaid expenses and other current assets,0,usd_millions,0,0,4,printed_dash_zero
company,3693793,8,https://web.quartr.com/companies/21558?companyId=21558&documentId=3693793&documentType=report&eventId=681828&navigation=external&utm_medium=referral&utm_source=mcp&rp=8,balance_sheet,FY2026,2026-03-31,instant,Current Assets,Prepaid expenses and other current assets,0.1,usd_millions,0,1,4,
company,3693793,8,https://web.quartr.com/companies/21558?companyId=21558&documentId=3693793&documentType=report&eventId=681828&navigation=external&utm_medium=referral&utm_source=mcp&rp=8,balance_sheet,Q1 FY2027,2026-06-30,instant,Current Assets,[no caption printed],0.4,usd_millions,1,0,5,subtotal row printed without a caption
company,3693793,8,https://web.quartr.com/companies/21558?companyId=21558&documentId=3693793&documentType=report&eventId=681828&navigation=external&utm_medium=referral&utm_source=mcp&rp=8,balance_sheet,FY2026,2026-03-31,instant,Current Assets,[no caption printed],15.4,usd_millions,1,1,5,subtotal row printed without a caption
company,3693793,8,https://web.quartr.com/companies/21558?companyId=21558&documentId=3693793&documentType=report&eventId=681828&navigation=external&utm_medium=referral&utm_source=mcp&rp=8,balance_sheet,Q1 FY2027,2026-06-30,instant,Long-term Assets,Equity accounted investments,906.3,usd_millions,0,0,11,
company,3693793,8,https://web.quartr.com/companies/21558?companyId=21558&documentId=3693793&documentType=report&eventId=681828&navigation=external&utm_medium=referral&utm_source=mcp&rp=8,balance_sheet,FY2026,2026-03-31,instant,Long-term Assets,Equity accounted investments,900.9,usd_millions,0,1,11,
company,3693793,8,https://web.quartr.com/companies/21558?companyId=21558&documentId=3693793&documentType=report&eventId=681828&navigation=external&utm_medium=referral&utm_source=mcp&rp=8,balance_sheet,Q1 FY2027,2026-06-30,instant,Long-term Assets,TOTAL,906.7,usd_millions,1,0,12,total assets
company,3693793,8,https://web.quartr.com/companies/21558?companyId=21558&documentId=3693793&documentType=report&eventId=681828&navigation=external&utm_medium=referral&utm_source=mcp&rp=8,balance_sheet,FY2026,2026-03-31,instant,Long-term Assets,TOTAL,916.3,usd_millions,1,1,12,total assets
company,3693793,8,https://web.quartr.com/companies/21558?companyId=21558&documentId=3693793&documentType=report&eventId=681828&navigation=external&utm_medium=referral&utm_source=mcp&rp=8,balance_sheet,Q1 FY2027,2026-06-30,instant,Current Liabilities,Accounts payable and accrued liabilities,0.6,usd_millions,0,0,21,parent heading printed as 'LIABILITIESAND EQUITY' (missing space - extractor artifact)
company,3693793,8,https://web.quartr.com/companies/21558?companyId=21558&documentId=3693793&documentType=report&eventId=681828&navigation=external&utm_medium=referral&utm_source=mcp&rp=8,balance_sheet,FY2026,2026-03-31,instant,Current Liabilities,Accounts payable and accrued liabilities,0.5,usd_millions,0,1,21,parent heading printed as 'LIABILITIESAND EQUITY' (missing space - extractor artifact)
company,3693793,8,https://web.quartr.com/companies/21558?companyId=21558&documentId=3693793&documentType=report&eventId=681828&navigation=external&utm_medium=referral&utm_source=mcp&rp=8,balance_sheet,Q1 FY2027,2026-06-30,instant,Current Liabilities,Related party payables,6.3,usd_millions,0,0,22,
company,3693793,8,https://web.quartr.com/companies/21558?companyId=21558&documentId=3693793&documentType=report&eventId=681828&navigation=external&utm_medium=referral&utm_source=mcp&rp=8,balance_sheet,FY2026,2026-03-31,instant,Current Liabilities,Related party payables,17.1,usd_millions,0,1,22,
company,3693793,8,https://web.quartr.com/companies/21558?companyId=21558&documentId=3693793&documentType=report&eventId=681828&navigation=external&utm_medium=referral&utm_source=mcp&rp=8,balance_sheet,Q1 FY2027,2026-06-30,instant,Current Liabilities,[no caption printed],6.9,usd_millions,1,0,23,subtotal row printed without a caption
company,3693793,8,https://web.quartr.com/companies/21558?companyId=21558&documentId=3693793&documentType=report&eventId=681828&navigation=external&utm_medium=referral&utm_source=mcp&rp=8,balance_sheet,FY2026,2026-03-31,instant,Current Liabilities,[no caption printed],17.6,usd_millions,1,1,23,subtotal row printed without a caption
company,3693793,8,https://web.quartr.com/companies/21558?companyId=21558&documentId=3693793&documentType=report&eventId=681828&navigation=external&utm_medium=referral&utm_source=mcp&rp=8,balance_sheet,Q1 FY2027,2026-06-30,instant,Long-term Liabilities,Deferred income taxes,21.1,usd_millions,0,0,31,
company,3693793,8,https://web.quartr.com/companies/21558?companyId=21558&documentId=3693793&documentType=report&eventId=681828&navigation=external&utm_medium=referral&utm_source=mcp&rp=8,balance_sheet,FY2026,2026-03-31,instant,Long-term Liabilities,Deferred income taxes,16.8,usd_millions,0,1,31,
company,3693793,8,https://web.quartr.com/companies/21558?companyId=21558&documentId=3693793&documentType=report&eventId=681828&navigation=external&utm_medium=referral&utm_source=mcp&rp=8,balance_sheet,Q1 FY2027,2026-06-30,instant,Long-term Liabilities,Equity,878.7,usd_millions,0,0,32,
company,3693793,8,https://web.quartr.com/companies/21558?companyId=21558&documentId=3693793&documentType=report&eventId=681828&navigation=external&utm_medium=referral&utm_source=mcp&rp=8,balance_sheet,FY2026,2026-03-31,instant,Long-term Liabilities,Equity,881.9,usd_millions,0,1,32,
company,3693793,8,https://web.quartr.com/companies/21558?companyId=21558&documentId=3693793&documentType=report&eventId=681828&navigation=external&utm_medium=referral&utm_source=mcp&rp=8,balance_sheet,Q1 FY2027,2026-06-30,instant,Long-term Liabilities,TOTAL,906.7,usd_millions,1,0,33,total liabilities and equity
company,3693793,8,https://web.quartr.com/companies/21558?companyId=21558&documentId=3693793&documentType=report&eventId=681828&navigation=external&utm_medium=referral&utm_source=mcp&rp=8,balance_sheet,FY2026,2026-03-31,instant,Long-term Liabilities,TOTAL,916.3,usd_millions,1,1,33,total liabilities and equity
company,3693793,9,https://web.quartr.com/companies/21558?companyId=21558&documentId=3693793&documentType=report&eventId=681828&navigation=external&utm_medium=referral&utm_source=mcp&rp=9,income_statement,Q1 FY2027,2026-06-30,Q,INCOME (EXPENSES),Share of income from equity accounted investees,17.4,usd_millions,0,0,1,single-column statement; no comparative presented
company,3693793,9,https://web.quartr.com/companies/21558?companyId=21558&documentId=3693793&documentType=report&eventId=681828&navigation=external&utm_medium=referral&utm_source=mcp&rp=9,income_statement,Q1 FY2027,2026-06-30,Q,INCOME (EXPENSES),General and administrative,-0.5,usd_millions,0,0,2,
company,3693793,9,https://web.quartr.com/companies/21558?companyId=21558&documentId=3693793&documentType=report&eventId=681828&navigation=external&utm_medium=referral&utm_source=mcp&rp=9,income_statement,Q1 FY2027,2026-06-30,Q,INCOME (EXPENSES),EARNINGS BEFORE INCOME TAXES,16.9,usd_millions,1,0,3,
company,3693793,9,https://web.quartr.com/companies/21558?companyId=21558&documentId=3693793&documentType=report&eventId=681828&navigation=external&utm_medium=referral&utm_source=mcp&rp=9,income_statement,Q1 FY2027,2026-06-30,Q,Income tax expense,Current,0.2,usd_millions,0,0,11,
company,3693793,9,https://web.quartr.com/companies/21558?companyId=21558&documentId=3693793&documentType=report&eventId=681828&navigation=external&utm_medium=referral&utm_source=mcp&rp=9,income_statement,Q1 FY2027,2026-06-30,Q,Income tax expense,Deferred,4.4,usd_millions,0,0,12,
company,3693793,9,https://web.quartr.com/companies/21558?companyId=21558&documentId=3693793&documentType=report&eventId=681828&navigation=external&utm_medium=referral&utm_source=mcp&rp=9,income_statement,Q1 FY2027,2026-06-30,Q,Income tax expense,[no caption printed],4.6,usd_millions,1,0,13,"subtotal of Current + Deferred, printed without a caption"
company,3693793,9,https://web.quartr.com/companies/21558?companyId=21558&documentId=3693793&documentType=report&eventId=681828&navigation=external&utm_medium=referral&utm_source=mcp&rp=9,income_statement,Q1 FY2027,2026-06-30,Q,,NET EARNINGS,12.3,usd_millions,1,0,21,
company,3693793,9,https://web.quartr.com/companies/21558?companyId=21558&documentId=3693793&documentType=report&eventId=681828&navigation=external&utm_medium=referral&utm_source=mcp&rp=9,comprehensive_income,Q1 FY2027,2026-06-30,Q,OTHER COMPREHENSIVE INCOME,Share from equity accounted investees,0.1,usd_millions,0,0,31,
company,3693793,9,https://web.quartr.com/companies/21558?companyId=21558&documentId=3693793&documentType=report&eventId=681828&navigation=external&utm_medium=referral&utm_source=mcp&rp=9,comprehensive_income,Q1 FY2027,2026-06-30,Q,OTHER COMPREHENSIVE INCOME,NET EARNINGSAND COMPREHENSIVE EARNINGS,12.4,usd_millions,1,0,32,caption printed as 'NET EARNINGSAND' (missing space - extractor artifact)
company,3693793,9,https://web.quartr.com/companies/21558?companyId=21558&documentId=3693793&documentType=report&eventId=681828&navigation=external&utm_medium=referral&utm_source=mcp&rp=9,income_statement,Q1 FY2027,2026-06-30,Q,EARNINGS PER CLASSA SHARE (dollars),Basic,0.23,usd_per_share,0,0,41,section heading printed as 'EARNINGS PER CLASSA SHARE (dollars)' (missing space - extractor artifact)
company,3693793,9,https://web.quartr.com/companies/21558?companyId=21558&documentId=3693793&documentType=report&eventId=681828&navigation=external&utm_medium=referral&utm_source=mcp&rp=9,income_statement,Q1 FY2027,2026-06-30,Q,EARNINGS PER CLASSA SHARE (dollars),Diluted,0.23,usd_per_share,0,0,42,
company,3693793,10,https://web.quartr.com/companies/21558?companyId=21558&documentId=3693793&documentType=report&eventId=681828&navigation=external&utm_medium=referral&utm_source=mcp&rp=10,cash_flow,Q1 FY2027,2026-06-30,Q,OPERATING ACTIVITIES,Net earnings,12.3,usd_millions,0,0,1,
company,3693793,10,https://web.quartr.com/companies/21558?companyId=21558&documentId=3693793&documentType=report&eventId=681828&navigation=external&utm_medium=referral&utm_source=mcp&rp=10,cash_flow,Q1 FY2027,2026-06-30,Q,OPERATING ACTIVITIES,Share of income from equity accounted investees,-17.4,usd_millions,0,0,2,
company,3693793,10,https://web.quartr.com/companies/21558?companyId=21558&documentId=3693793&documentType=report&eventId=681828&navigation=external&utm_medium=referral&utm_source=mcp&rp=10,cash_flow,Q1 FY2027,2026-06-30,Q,OPERATING ACTIVITIES,Deferred income tax expense,4.4,usd_millions,0,0,3,
company,3693793,10,https://web.quartr.com/companies/21558?companyId=21558&documentId=3693793&documentType=report&eventId=681828&navigation=external&utm_medium=referral&utm_source=mcp&rp=10,cash_flow,Q1 FY2027,2026-06-30,Q,Changes in non-cash working capital:,Restricted cash,14.8,usd_millions,0,0,11,
company,3693793,10,https://web.quartr.com/companies/21558?companyId=21558&documentId=3693793&documentType=report&eventId=681828&navigation=external&utm_medium=referral&utm_source=mcp&rp=10,cash_flow,Q1 FY2027,2026-06-30,Q,Changes in non-cash working capital:,Accounts payable and accrued liabilities,0.1,usd_millions,0,0,12,
company,3693793,10,https://web.quartr.com/companies/21558?companyId=21558&documentId=3693793&documentType=report&eventId=681828&navigation=external&utm_medium=referral&utm_source=mcp&rp=10,cash_flow,Q1 FY2027,2026-06-30,Q,Changes in non-cash working capital:,Current income tax receivable,0.2,usd_millions,0,0,13,
company,3693793,10,https://web.quartr.com/companies/21558?companyId=21558&documentId=3693793&documentType=report&eventId=681828&navigation=external&utm_medium=referral&utm_source=mcp&rp=10,cash_flow,Q1 FY2027,2026-06-30,Q,Changes in non-cash working capital:,Related party payables,-14.3,usd_millions,0,0,14,
company,3693793,10,https://web.quartr.com/companies/21558?companyId=21558&documentId=3693793&documentType=report&eventId=681828&navigation=external&utm_medium=referral&utm_source=mcp&rp=10,cash_flow,Q1 FY2027,2026-06-30,Q,Changes in non-cash working capital:,Net cash provided by operating activities,0.1,usd_millions,1,0,15,
company,3693793,10,https://web.quartr.com/companies/21558?companyId=21558&documentId=3693793&documentType=report&eventId=681828&navigation=external&utm_medium=referral&utm_source=mcp&rp=10,cash_flow,Q1 FY2027,2026-06-30,Q,INVESTING ACTIVITIES,Distributions received from equity accounted investments,12.3,usd_millions,0,0,21,
company,3693793,10,https://web.quartr.com/companies/21558?companyId=21558&documentId=3693793&documentType=report&eventId=681828&navigation=external&utm_medium=referral&utm_source=mcp&rp=10,cash_flow,Q1 FY2027,2026-06-30,Q,INVESTING ACTIVITIES,Net cash provided by investing activities,12.3,usd_millions,1,0,22,
company,3693793,10,https://web.quartr.com/companies/21558?companyId=21558&documentId=3693793&documentType=report&eventId=681828&navigation=external&utm_medium=referral&utm_source=mcp&rp=10,cash_flow,Q1 FY2027,2026-06-30,Q,FINANCING ACTIVITIES,Advances from related party,3.4,usd_millions,0,0,31,
company,3693793,10,https://web.quartr.com/companies/21558?companyId=21558&documentId=3693793&documentType=report&eventId=681828&navigation=external&utm_medium=referral&utm_source=mcp&rp=10,cash_flow,Q1 FY2027,2026-06-30,Q,FINANCING ACTIVITIES,Payments for repurchase of shares,-3.4,usd_millions,0,0,32,NCIB buybacks; equals approx C$4.8m of repurchases disclosed on p.2
company,3693793,10,https://web.quartr.com/companies/21558?companyId=21558&documentId=3693793&documentType=report&eventId=681828&navigation=external&utm_medium=referral&utm_source=mcp&rp=10,cash_flow,Q1 FY2027,2026-06-30,Q,FINANCING ACTIVITIES,Dividends paid to shareholders,-12.3,usd_millions,0,0,33,caption no longer states a per-share amount (prior releases printed it in the caption); $12.3m / 53.16m class 'A' shares = approx $0.2310
company,3693793,10,https://web.quartr.com/companies/21558?companyId=21558&documentId=3693793&documentType=report&eventId=681828&navigation=external&utm_medium=referral&utm_source=mcp&rp=10,cash_flow,Q1 FY2027,2026-06-30,Q,FINANCING ACTIVITIES,Net cash used in financing activities,-12.3,usd_millions,1,0,34,
company,3693793,10,https://web.quartr.com/companies/21558?companyId=21558&documentId=3693793&documentType=report&eventId=681828&navigation=external&utm_medium=referral&utm_source=mcp&rp=10,cash_flow,Q1 FY2027,2026-06-30,Q,FINANCING ACTIVITIES,Net changes in cash and cash equivalents,0.1,usd_millions,1,0,35,NO 'Effect of translation on foreign currency cash and cash equivalents' line printed this release
company,3693793,10,https://web.quartr.com/companies/21558?companyId=21558&documentId=3693793&documentType=report&eventId=681828&navigation=external&utm_medium=referral&utm_source=mcp&rp=10,cash_flow,Q1 FY2027,2026-06-30,Q,FINANCING ACTIVITIES,"Cash and cash equivalents, beginning of the period",0,usd_millions,0,0,36,printed_dash_zero
company,3693793,10,https://web.quartr.com/companies/21558?companyId=21558&documentId=3693793&documentType=report&eventId=681828&navigation=external&utm_medium=referral&utm_source=mcp&rp=10,cash_flow,Q1 FY2027,2026-06-30,Q,FINANCING ACTIVITIES,"Cash and cash equivalents, end of the period",0.1,usd_millions,1,0,37,
business_100,4064732,13,https://web.quartr.com/companies/21558?companyId=21558&documentId=4064732&documentType=report&eventId=405757&navigation=external&utm_medium=referral&utm_source=mcp&rp=13,non_ifrs,Q2 FY2026,2025-09-30,Q,Non-IFRS Measures Utilized by Our Business,Net earnings,45.8,usd_millions,0,0,101,"SUBSTITUTE SOURCE: the Q2 FY2026 earnings release (documentId 2235906) returns NO text on any of its 10 pages from Quartr read_document, so it could not be extracted. This row comes from the companion Q2 FY2026 MD&A filed the same day (2025-11-05, board-approved 2025-11-04), NOT from the earnings release."
business_100,4064732,13,https://web.quartr.com/companies/21558?companyId=21558&documentId=4064732&documentType=report&eventId=405757&navigation=external&utm_medium=referral&utm_source=mcp&rp=13,non_ifrs,Q2 FY2025,2024-09-30,Q,Non-IFRS Measures Utilized by Our Business,Net earnings,48.7,usd_millions,0,1,101,"SUBSTITUTE SOURCE: the Q2 FY2026 earnings release (documentId 2235906) returns NO text on any of its 10 pages from Quartr read_document, so it could not be extracted. This row comes from the companion Q2 FY2026 MD&A filed the same day (2025-11-05, board-approved 2025-11-04), NOT from the earnings release."
business_100,4064732,13,https://web.quartr.com/companies/21558?companyId=21558&documentId=4064732&documentType=report&eventId=405757&navigation=external&utm_medium=referral&utm_source=mcp&rp=13,non_ifrs,H1 FY2026,2025-09-30,YTD,Non-IFRS Measures Utilized by Our Business,Net earnings,94.1,usd_millions,0,0,101,"SUBSTITUTE SOURCE: the Q2 FY2026 earnings release (documentId 2235906) returns NO text on any of its 10 pages from Quartr read_document, so it could not be extracted. This row comes from the companion Q2 FY2026 MD&A filed the same day (2025-11-05, board-approved 2025-11-04), NOT from the earnings release."
business_100,4064732,13,https://web.quartr.com/companies/21558?companyId=21558&documentId=4064732&documentType=report&eventId=405757&navigation=external&utm_medium=referral&utm_source=mcp&rp=13,non_ifrs,H1 FY2025,2024-09-30,YTD,Non-IFRS Measures Utilized by Our Business,Net earnings,94.3,usd_millions,0,1,101,"SUBSTITUTE SOURCE: the Q2 FY2026 earnings release (documentId 2235906) returns NO text on any of its 10 pages from Quartr read_document, so it could not be extracted. This row comes from the companion Q2 FY2026 MD&A filed the same day (2025-11-05, board-approved 2025-11-04), NOT from the earnings release."
business_100,4064732,13,https://web.quartr.com/companies/21558?companyId=21558&documentId=4064732&documentType=report&eventId=405757&navigation=external&utm_medium=referral&utm_source=mcp&rp=13,non_ifrs,Q2 FY2026,2025-09-30,Q,Non-IFRS Measures Utilized by Our Business,Financing costs,27.2,usd_millions,0,0,102,"SUBSTITUTE SOURCE: the Q2 FY2026 earnings release (documentId 2235906) returns NO text on any of its 10 pages from Quartr read_document, so it could not be extracted. This row comes from the companion Q2 FY2026 MD&A filed the same day (2025-11-05, board-approved 2025-11-04), NOT from the earnings release."
business_100,4064732,13,https://web.quartr.com/companies/21558?companyId=21558&documentId=4064732&documentType=report&eventId=405757&navigation=external&utm_medium=referral&utm_source=mcp&rp=13,non_ifrs,Q2 FY2025,2024-09-30,Q,Non-IFRS Measures Utilized by Our Business,Financing costs,30.3,usd_millions,0,1,102,"SUBSTITUTE SOURCE: the Q2 FY2026 earnings release (documentId 2235906) returns NO text on any of its 10 pages from Quartr read_document, so it could not be extracted. This row comes from the companion Q2 FY2026 MD&A filed the same day (2025-11-05, board-approved 2025-11-04), NOT from the earnings release."
business_100,4064732,13,https://web.quartr.com/companies/21558?companyId=21558&documentId=4064732&documentType=report&eventId=405757&navigation=external&utm_medium=referral&utm_source=mcp&rp=13,non_ifrs,H1 FY2026,2025-09-30,YTD,Non-IFRS Measures Utilized by Our Business,Financing costs,52.8,usd_millions,0,0,102,"SUBSTITUTE SOURCE: the Q2 FY2026 earnings release (documentId 2235906) returns NO text on any of its 10 pages from Quartr read_document, so it could not be extracted. This row comes from the companion Q2 FY2026 MD&A filed the same day (2025-11-05, board-approved 2025-11-04), NOT from the earnings release."
business_100,4064732,13,https://web.quartr.com/companies/21558?companyId=21558&documentId=4064732&documentType=report&eventId=405757&navigation=external&utm_medium=referral&utm_source=mcp&rp=13,non_ifrs,H1 FY2025,2024-09-30,YTD,Non-IFRS Measures Utilized by Our Business,Financing costs,46.1,usd_millions,0,1,102,"SUBSTITUTE SOURCE: the Q2 FY2026 earnings release (documentId 2235906) returns NO text on any of its 10 pages from Quartr read_document, so it could not be extracted. This row comes from the companion Q2 FY2026 MD&A filed the same day (2025-11-05, board-approved 2025-11-04), NOT from the earnings release."
business_100,4064732,13,https://web.quartr.com/companies/21558?companyId=21558&documentId=4064732&documentType=report&eventId=405757&navigation=external&utm_medium=referral&utm_source=mcp&rp=13,non_ifrs,Q2 FY2026,2025-09-30,Q,Non-IFRS Measures Utilized by Our Business,Income tax expense (benefit),0.9,usd_millions,0,0,103,"SUBSTITUTE SOURCE: the Q2 FY2026 earnings release (documentId 2235906) returns NO text on any of its 10 pages from Quartr read_document, so it could not be extracted. This row comes from the companion Q2 FY2026 MD&A filed the same day (2025-11-05, board-approved 2025-11-04), NOT from the earnings release."
business_100,4064732,13,https://web.quartr.com/companies/21558?companyId=21558&documentId=4064732&documentType=report&eventId=405757&navigation=external&utm_medium=referral&utm_source=mcp&rp=13,non_ifrs,Q2 FY2025,2024-09-30,Q,Non-IFRS Measures Utilized by Our Business,Income tax expense (benefit),-22.0,usd_millions,0,1,103,"SUBSTITUTE SOURCE: the Q2 FY2026 earnings release (documentId 2235906) returns NO text on any of its 10 pages from Quartr read_document, so it could not be extracted. This row comes from the companion Q2 FY2026 MD&A filed the same day (2025-11-05, board-approved 2025-11-04), NOT from the earnings release."
business_100,4064732,13,https://web.quartr.com/companies/21558?companyId=21558&documentId=4064732&documentType=report&eventId=405757&navigation=external&utm_medium=referral&utm_source=mcp&rp=13,non_ifrs,H1 FY2026,2025-09-30,YTD,Non-IFRS Measures Utilized by Our Business,Income tax expense (benefit),4.2,usd_millions,0,0,103,"SUBSTITUTE SOURCE: the Q2 FY2026 earnings release (documentId 2235906) returns NO text on any of its 10 pages from Quartr read_document, so it could not be extracted. This row comes from the companion Q2 FY2026 MD&A filed the same day (2025-11-05, board-approved 2025-11-04), NOT from the earnings release."
business_100,4064732,13,https://web.quartr.com/companies/21558?companyId=21558&documentId=4064732&documentType=report&eventId=405757&navigation=external&utm_medium=referral&utm_source=mcp&rp=13,non_ifrs,H1 FY2025,2024-09-30,YTD,Non-IFRS Measures Utilized by Our Business,Income tax expense (benefit),-19.7,usd_millions,0,1,103,"SUBSTITUTE SOURCE: the Q2 FY2026 earnings release (documentId 2235906) returns NO text on any of its 10 pages from Quartr read_document, so it could not be extracted. This row comes from the companion Q2 FY2026 MD&A filed the same day (2025-11-05, board-approved 2025-11-04), NOT from the earnings release."
business_100,4064732,13,https://web.quartr.com/companies/21558?companyId=21558&documentId=4064732&documentType=report&eventId=405757&navigation=external&utm_medium=referral&utm_source=mcp&rp=13,non_ifrs,Q2 FY2026,2025-09-30,Q,Non-IFRS Measures Utilized by Our Business,Depreciation and amortization,8.9,usd_millions,0,0,104,"SUBSTITUTE SOURCE: the Q2 FY2026 earnings release (documentId 2235906) returns NO text on any of its 10 pages from Quartr read_document, so it could not be extracted. This row comes from the companion Q2 FY2026 MD&A filed the same day (2025-11-05, board-approved 2025-11-04), NOT from the earnings release."
business_100,4064732,13,https://web.quartr.com/companies/21558?companyId=21558&documentId=4064732&documentType=report&eventId=405757&navigation=external&utm_medium=referral&utm_source=mcp&rp=13,non_ifrs,Q2 FY2025,2024-09-30,Q,Non-IFRS Measures Utilized by Our Business,Depreciation and amortization,8.5,usd_millions,0,1,104,"SUBSTITUTE SOURCE: the Q2 FY2026 earnings release (documentId 2235906) returns NO text on any of its 10 pages from Quartr read_document, so it could not be extracted. This row comes from the companion Q2 FY2026 MD&A filed the same day (2025-11-05, board-approved 2025-11-04), NOT from the earnings release."
business_100,4064732,13,https://web.quartr.com/companies/21558?companyId=21558&documentId=4064732&documentType=report&eventId=405757&navigation=external&utm_medium=referral&utm_source=mcp&rp=13,non_ifrs,H1 FY2026,2025-09-30,YTD,Non-IFRS Measures Utilized by Our Business,Depreciation and amortization,17.0,usd_millions,0,0,104,"SUBSTITUTE SOURCE: the Q2 FY2026 earnings release (documentId 2235906) returns NO text on any of its 10 pages from Quartr read_document, so it could not be extracted. This row comes from the companion Q2 FY2026 MD&A filed the same day (2025-11-05, board-approved 2025-11-04), NOT from the earnings release."
business_100,4064732,13,https://web.quartr.com/companies/21558?companyId=21558&documentId=4064732&documentType=report&eventId=405757&navigation=external&utm_medium=referral&utm_source=mcp&rp=13,non_ifrs,H1 FY2025,2024-09-30,YTD,Non-IFRS Measures Utilized by Our Business,Depreciation and amortization,16.4,usd_millions,0,1,104,"SUBSTITUTE SOURCE: the Q2 FY2026 earnings release (documentId 2235906) returns NO text on any of its 10 pages from Quartr read_document, so it could not be extracted. This row comes from the companion Q2 FY2026 MD&A filed the same day (2025-11-05, board-approved 2025-11-04), NOT from the earnings release."
business_100,4064732,13,https://web.quartr.com/companies/21558?companyId=21558&documentId=4064732&documentType=report&eventId=405757&navigation=external&utm_medium=referral&utm_source=mcp&rp=13,non_ifrs,Q2 FY2026,2025-09-30,Q,Non-IFRS Measures Utilized by Our Business,Unrealized risk management gains (1),-1.7,usd_millions,0,0,105,"SUBSTITUTE SOURCE: the Q2 FY2026 earnings release (documentId 2235906) returns NO text on any of its 10 pages from Quartr read_document, so it could not be extracted. This row comes from the companion Q2 FY2026 MD&A filed the same day (2025-11-05, board-approved 2025-11-04), NOT from the earnings release. | caption is 'gains' only this period (later releases print 'losses (gains)' / '(gains) losses')"
business_100,4064732,13,https://web.quartr.com/companies/21558?companyId=21558&documentId=4064732&documentType=report&eventId=405757&navigation=external&utm_medium=referral&utm_source=mcp&rp=13,non_ifrs,Q2 FY2025,2024-09-30,Q,Non-IFRS Measures Utilized by Our Business,Unrealized risk management gains (1),-0.8,usd_millions,0,1,105,"SUBSTITUTE SOURCE: the Q2 FY2026 earnings release (documentId 2235906) returns NO text on any of its 10 pages from Quartr read_document, so it could not be extracted. This row comes from the companion Q2 FY2026 MD&A filed the same day (2025-11-05, board-approved 2025-11-04), NOT from the earnings release. | caption is 'gains' only this period (later releases print 'losses (gains)' / '(gains) losses')"
business_100,4064732,13,https://web.quartr.com/companies/21558?companyId=21558&documentId=4064732&documentType=report&eventId=405757&navigation=external&utm_medium=referral&utm_source=mcp&rp=13,non_ifrs,H1 FY2026,2025-09-30,YTD,Non-IFRS Measures Utilized by Our Business,Unrealized risk management gains (1),-10.9,usd_millions,0,0,105,"SUBSTITUTE SOURCE: the Q2 FY2026 earnings release (documentId 2235906) returns NO text on any of its 10 pages from Quartr read_document, so it could not be extracted. This row comes from the companion Q2 FY2026 MD&A filed the same day (2025-11-05, board-approved 2025-11-04), NOT from the earnings release. | caption is 'gains' only this period (later releases print 'losses (gains)' / '(gains) losses')"
business_100,4064732,13,https://web.quartr.com/companies/21558?companyId=21558&documentId=4064732&documentType=report&eventId=405757&navigation=external&utm_medium=referral&utm_source=mcp&rp=13,non_ifrs,H1 FY2025,2024-09-30,YTD,Non-IFRS Measures Utilized by Our Business,Unrealized risk management gains (1),-9.5,usd_millions,0,1,105,"SUBSTITUTE SOURCE: the Q2 FY2026 earnings release (documentId 2235906) returns NO text on any of its 10 pages from Quartr read_document, so it could not be extracted. This row comes from the companion Q2 FY2026 MD&A filed the same day (2025-11-05, board-approved 2025-11-04), NOT from the earnings release. | caption is 'gains' only this period (later releases print 'losses (gains)' / '(gains) losses')"
business_100,4064732,13,https://web.quartr.com/companies/21558?companyId=21558&documentId=4064732&documentType=report&eventId=405757&navigation=external&utm_medium=referral&utm_source=mcp&rp=13,non_ifrs,Q2 FY2026,2025-09-30,Q,Non-IFRS Measures Utilized by Our Business,Other expenses,2.1,usd_millions,0,0,106,"SUBSTITUTE SOURCE: the Q2 FY2026 earnings release (documentId 2235906) returns NO text on any of its 10 pages from Quartr read_document, so it could not be extracted. This row comes from the companion Q2 FY2026 MD&A filed the same day (2025-11-05, board-approved 2025-11-04), NOT from the earnings release."
business_100,4064732,13,https://web.quartr.com/companies/21558?companyId=21558&documentId=4064732&documentType=report&eventId=405757&navigation=external&utm_medium=referral&utm_source=mcp&rp=13,non_ifrs,Q2 FY2025,2024-09-30,Q,Non-IFRS Measures Utilized by Our Business,Other expenses,0.8,usd_millions,0,1,106,"SUBSTITUTE SOURCE: the Q2 FY2026 earnings release (documentId 2235906) returns NO text on any of its 10 pages from Quartr read_document, so it could not be extracted. This row comes from the companion Q2 FY2026 MD&A filed the same day (2025-11-05, board-approved 2025-11-04), NOT from the earnings release."
business_100,4064732,13,https://web.quartr.com/companies/21558?companyId=21558&documentId=4064732&documentType=report&eventId=405757&navigation=external&utm_medium=referral&utm_source=mcp&rp=13,non_ifrs,H1 FY2026,2025-09-30,YTD,Non-IFRS Measures Utilized by Our Business,Other expenses,3.1,usd_millions,0,0,106,"SUBSTITUTE SOURCE: the Q2 FY2026 earnings release (documentId 2235906) returns NO text on any of its 10 pages from Quartr read_document, so it could not be extracted. This row comes from the companion Q2 FY2026 MD&A filed the same day (2025-11-05, board-approved 2025-11-04), NOT from the earnings release."
business_100,4064732,13,https://web.quartr.com/companies/21558?companyId=21558&documentId=4064732&documentType=report&eventId=405757&navigation=external&utm_medium=referral&utm_source=mcp&rp=13,non_ifrs,H1 FY2025,2024-09-30,YTD,Non-IFRS Measures Utilized by Our Business,Other expenses,1.9,usd_millions,0,1,106,"SUBSTITUTE SOURCE: the Q2 FY2026 earnings release (documentId 2235906) returns NO text on any of its 10 pages from Quartr read_document, so it could not be extracted. This row comes from the companion Q2 FY2026 MD&A filed the same day (2025-11-05, board-approved 2025-11-04), NOT from the earnings release."
business_100,4064732,13,https://web.quartr.com/companies/21558?companyId=21558&documentId=4064732&documentType=report&eventId=405757&navigation=external&utm_medium=referral&utm_source=mcp&rp=13,non_ifrs,Q2 FY2026,2025-09-30,Q,Non-IFRS Measures Utilized by Our Business,Adjusted EBITDA,83.2,usd_millions,1,0,107,"SUBSTITUTE SOURCE: the Q2 FY2026 earnings release (documentId 2235906) returns NO text on any of its 10 pages from Quartr read_document, so it could not be extracted. This row comes from the companion Q2 FY2026 MD&A filed the same day (2025-11-05, board-approved 2025-11-04), NOT from the earnings release."
business_100,4064732,13,https://web.quartr.com/companies/21558?companyId=21558&documentId=4064732&documentType=report&eventId=405757&navigation=external&utm_medium=referral&utm_source=mcp&rp=13,non_ifrs,Q2 FY2025,2024-09-30,Q,Non-IFRS Measures Utilized by Our Business,Adjusted EBITDA,65.5,usd_millions,1,1,107,"SUBSTITUTE SOURCE: the Q2 FY2026 earnings release (documentId 2235906) returns NO text on any of its 10 pages from Quartr read_document, so it could not be extracted. This row comes from the companion Q2 FY2026 MD&A filed the same day (2025-11-05, board-approved 2025-11-04), NOT from the earnings release."
business_100,4064732,13,https://web.quartr.com/companies/21558?companyId=21558&documentId=4064732&documentType=report&eventId=405757&navigation=external&utm_medium=referral&utm_source=mcp&rp=13,non_ifrs,H1 FY2026,2025-09-30,YTD,Non-IFRS Measures Utilized by Our Business,Adjusted EBITDA,160.3,usd_millions,1,0,107,"SUBSTITUTE SOURCE: the Q2 FY2026 earnings release (documentId 2235906) returns NO text on any of its 10 pages from Quartr read_document, so it could not be extracted. This row comes from the companion Q2 FY2026 MD&A filed the same day (2025-11-05, board-approved 2025-11-04), NOT from the earnings release."
business_100,4064732,13,https://web.quartr.com/companies/21558?companyId=21558&documentId=4064732&documentType=report&eventId=405757&navigation=external&utm_medium=referral&utm_source=mcp&rp=13,non_ifrs,H1 FY2025,2024-09-30,YTD,Non-IFRS Measures Utilized by Our Business,Adjusted EBITDA,129.5,usd_millions,1,1,107,"SUBSTITUTE SOURCE: the Q2 FY2026 earnings release (documentId 2235906) returns NO text on any of its 10 pages from Quartr read_document, so it could not be extracted. This row comes from the companion Q2 FY2026 MD&A filed the same day (2025-11-05, board-approved 2025-11-04), NOT from the earnings release."
business_100,4064732,13,https://web.quartr.com/companies/21558?companyId=21558&documentId=4064732&documentType=report&eventId=405757&navigation=external&utm_medium=referral&utm_source=mcp&rp=13,non_ifrs,Q2 FY2026,2025-09-30,Q,Non-IFRS Measures Utilized by Our Business,Operating,13.1,usd_millions,0,0,108,"SUBSTITUTE SOURCE: the Q2 FY2026 earnings release (documentId 2235906) returns NO text on any of its 10 pages from Quartr read_document, so it could not be extracted. This row comes from the companion Q2 FY2026 MD&A filed the same day (2025-11-05, board-approved 2025-11-04), NOT from the earnings release."
business_100,4064732,13,https://web.quartr.com/companies/21558?companyId=21558&documentId=4064732&documentType=report&eventId=405757&navigation=external&utm_medium=referral&utm_source=mcp&rp=13,non_ifrs,Q2 FY2025,2024-09-30,Q,Non-IFRS Measures Utilized by Our Business,Operating,12.4,usd_millions,0,1,108,"SUBSTITUTE SOURCE: the Q2 FY2026 earnings release (documentId 2235906) returns NO text on any of its 10 pages from Quartr read_document, so it could not be extracted. This row comes from the companion Q2 FY2026 MD&A filed the same day (2025-11-05, board-approved 2025-11-04), NOT from the earnings release."
business_100,4064732,13,https://web.quartr.com/companies/21558?companyId=21558&documentId=4064732&documentType=report&eventId=405757&navigation=external&utm_medium=referral&utm_source=mcp&rp=13,non_ifrs,H1 FY2026,2025-09-30,YTD,Non-IFRS Measures Utilized by Our Business,Operating,25.8,usd_millions,0,0,108,"SUBSTITUTE SOURCE: the Q2 FY2026 earnings release (documentId 2235906) returns NO text on any of its 10 pages from Quartr read_document, so it could not be extracted. This row comes from the companion Q2 FY2026 MD&A filed the same day (2025-11-05, board-approved 2025-11-04), NOT from the earnings release."
business_100,4064732,13,https://web.quartr.com/companies/21558?companyId=21558&documentId=4064732&documentType=report&eventId=405757&navigation=external&utm_medium=referral&utm_source=mcp&rp=13,non_ifrs,H1 FY2025,2024-09-30,YTD,Non-IFRS Measures Utilized by Our Business,Operating,24.3,usd_millions,0,1,108,"SUBSTITUTE SOURCE: the Q2 FY2026 earnings release (documentId 2235906) returns NO text on any of its 10 pages from Quartr read_document, so it could not be extracted. This row comes from the companion Q2 FY2026 MD&A filed the same day (2025-11-05, board-approved 2025-11-04), NOT from the earnings release."
business_100,4064732,13,https://web.quartr.com/companies/21558?companyId=21558&documentId=4064732&documentType=report&eventId=405757&navigation=external&utm_medium=referral&utm_source=mcp&rp=13,non_ifrs,Q2 FY2026,2025-09-30,Q,Non-IFRS Measures Utilized by Our Business,General and administrative,5.1,usd_millions,0,0,109,"SUBSTITUTE SOURCE: the Q2 FY2026 earnings release (documentId 2235906) returns NO text on any of its 10 pages from Quartr read_document, so it could not be extracted. This row comes from the companion Q2 FY2026 MD&A filed the same day (2025-11-05, board-approved 2025-11-04), NOT from the earnings release."
business_100,4064732,13,https://web.quartr.com/companies/21558?companyId=21558&documentId=4064732&documentType=report&eventId=405757&navigation=external&utm_medium=referral&utm_source=mcp&rp=13,non_ifrs,Q2 FY2025,2024-09-30,Q,Non-IFRS Measures Utilized by Our Business,General and administrative,5.1,usd_millions,0,1,109,"SUBSTITUTE SOURCE: the Q2 FY2026 earnings release (documentId 2235906) returns NO text on any of its 10 pages from Quartr read_document, so it could not be extracted. This row comes from the companion Q2 FY2026 MD&A filed the same day (2025-11-05, board-approved 2025-11-04), NOT from the earnings release."
business_100,4064732,13,https://web.quartr.com/companies/21558?companyId=21558&documentId=4064732&documentType=report&eventId=405757&navigation=external&utm_medium=referral&utm_source=mcp&rp=13,non_ifrs,H1 FY2026,2025-09-30,YTD,Non-IFRS Measures Utilized by Our Business,General and administrative,10.6,usd_millions,0,0,109,"SUBSTITUTE SOURCE: the Q2 FY2026 earnings release (documentId 2235906) returns NO text on any of its 10 pages from Quartr read_document, so it could not be extracted. This row comes from the companion Q2 FY2026 MD&A filed the same day (2025-11-05, board-approved 2025-11-04), NOT from the earnings release."
business_100,4064732,13,https://web.quartr.com/companies/21558?companyId=21558&documentId=4064732&documentType=report&eventId=405757&navigation=external&utm_medium=referral&utm_source=mcp&rp=13,non_ifrs,H1 FY2025,2024-09-30,YTD,Non-IFRS Measures Utilized by Our Business,General and administrative,11.6,usd_millions,0,1,109,"SUBSTITUTE SOURCE: the Q2 FY2026 earnings release (documentId 2235906) returns NO text on any of its 10 pages from Quartr read_document, so it could not be extracted. This row comes from the companion Q2 FY2026 MD&A filed the same day (2025-11-05, board-approved 2025-11-04), NOT from the earnings release."
business_100,4064732,13,https://web.quartr.com/companies/21558?companyId=21558&documentId=4064732&documentType=report&eventId=405757&navigation=external&utm_medium=referral&utm_source=mcp&rp=13,non_ifrs,Q2 FY2026,2025-09-30,Q,Non-IFRS Measures Utilized by Our Business,Other items (2),-0.1,usd_millions,0,0,110,"SUBSTITUTE SOURCE: the Q2 FY2026 earnings release (documentId 2235906) returns NO text on any of its 10 pages from Quartr read_document, so it could not be extracted. This row comes from the companion Q2 FY2026 MD&A filed the same day (2025-11-05, board-approved 2025-11-04), NOT from the earnings release."
business_100,4064732,13,https://web.quartr.com/companies/21558?companyId=21558&documentId=4064732&documentType=report&eventId=405757&navigation=external&utm_medium=referral&utm_source=mcp&rp=13,non_ifrs,Q2 FY2025,2024-09-30,Q,Non-IFRS Measures Utilized by Our Business,Other items (2),-0.2,usd_millions,0,1,110,"SUBSTITUTE SOURCE: the Q2 FY2026 earnings release (documentId 2235906) returns NO text on any of its 10 pages from Quartr read_document, so it could not be extracted. This row comes from the companion Q2 FY2026 MD&A filed the same day (2025-11-05, board-approved 2025-11-04), NOT from the earnings release."
business_100,4064732,13,https://web.quartr.com/companies/21558?companyId=21558&documentId=4064732&documentType=report&eventId=405757&navigation=external&utm_medium=referral&utm_source=mcp&rp=13,non_ifrs,H1 FY2026,2025-09-30,YTD,Non-IFRS Measures Utilized by Our Business,Other items (2),0.4,usd_millions,0,0,110,"SUBSTITUTE SOURCE: the Q2 FY2026 earnings release (documentId 2235906) returns NO text on any of its 10 pages from Quartr read_document, so it could not be extracted. This row comes from the companion Q2 FY2026 MD&A filed the same day (2025-11-05, board-approved 2025-11-04), NOT from the earnings release."
business_100,4064732,13,https://web.quartr.com/companies/21558?companyId=21558&documentId=4064732&documentType=report&eventId=405757&navigation=external&utm_medium=referral&utm_source=mcp&rp=13,non_ifrs,H1 FY2025,2024-09-30,YTD,Non-IFRS Measures Utilized by Our Business,Other items (2),-0.2,usd_millions,0,1,110,"SUBSTITUTE SOURCE: the Q2 FY2026 earnings release (documentId 2235906) returns NO text on any of its 10 pages from Quartr read_document, so it could not be extracted. This row comes from the companion Q2 FY2026 MD&A filed the same day (2025-11-05, board-approved 2025-11-04), NOT from the earnings release."
business_100,4064732,13,https://web.quartr.com/companies/21558?companyId=21558&documentId=4064732&documentType=report&eventId=405757&navigation=external&utm_medium=referral&utm_source=mcp&rp=13,non_ifrs,Q2 FY2026,2025-09-30,Q,Non-IFRS Measures Utilized by Our Business,Adjusted Gross Margin,101.3,usd_millions,1,0,111,"SUBSTITUTE SOURCE: the Q2 FY2026 earnings release (documentId 2235906) returns NO text on any of its 10 pages from Quartr read_document, so it could not be extracted. This row comes from the companion Q2 FY2026 MD&A filed the same day (2025-11-05, board-approved 2025-11-04), NOT from the earnings release."
business_100,4064732,13,https://web.quartr.com/companies/21558?companyId=21558&documentId=4064732&documentType=report&eventId=405757&navigation=external&utm_medium=referral&utm_source=mcp&rp=13,non_ifrs,Q2 FY2025,2024-09-30,Q,Non-IFRS Measures Utilized by Our Business,Adjusted Gross Margin,82.8,usd_millions,1,1,111,"SUBSTITUTE SOURCE: the Q2 FY2026 earnings release (documentId 2235906) returns NO text on any of its 10 pages from Quartr read_document, so it could not be extracted. This row comes from the companion Q2 FY2026 MD&A filed the same day (2025-11-05, board-approved 2025-11-04), NOT from the earnings release."
business_100,4064732,13,https://web.quartr.com/companies/21558?companyId=21558&documentId=4064732&documentType=report&eventId=405757&navigation=external&utm_medium=referral&utm_source=mcp&rp=13,non_ifrs,H1 FY2026,2025-09-30,YTD,Non-IFRS Measures Utilized by Our Business,Adjusted Gross Margin,197.1,usd_millions,1,0,111,"SUBSTITUTE SOURCE: the Q2 FY2026 earnings release (documentId 2235906) returns NO text on any of its 10 pages from Quartr read_document, so it could not be extracted. This row comes from the companion Q2 FY2026 MD&A filed the same day (2025-11-05, board-approved 2025-11-04), NOT from the earnings release."
business_100,4064732,13,https://web.quartr.com/companies/21558?companyId=21558&documentId=4064732&documentType=report&eventId=405757&navigation=external&utm_medium=referral&utm_source=mcp&rp=13,non_ifrs,H1 FY2025,2024-09-30,YTD,Non-IFRS Measures Utilized by Our Business,Adjusted Gross Margin,165.2,usd_millions,1,1,111,"SUBSTITUTE SOURCE: the Q2 FY2026 earnings release (documentId 2235906) returns NO text on any of its 10 pages from Quartr read_document, so it could not be extracted. This row comes from the companion Q2 FY2026 MD&A filed the same day (2025-11-05, board-approved 2025-11-04), NOT from the earnings release."
business_100,4064732,13,https://web.quartr.com/companies/21558?companyId=21558&documentId=4064732&documentType=report&eventId=405757&navigation=external&utm_medium=referral&utm_source=mcp&rp=13,non_ifrs,Q2 FY2026,2025-09-30,Q,Non-IFRS Measures Utilized by Our Business,Operating,-13.1,usd_millions,0,0,112,"SUBSTITUTE SOURCE: the Q2 FY2026 earnings release (documentId 2235906) returns NO text on any of its 10 pages from Quartr read_document, so it could not be extracted. This row comes from the companion Q2 FY2026 MD&A filed the same day (2025-11-05, board-approved 2025-11-04), NOT from the earnings release. | second occurrence of caption, deducted"
business_100,4064732,13,https://web.quartr.com/companies/21558?companyId=21558&documentId=4064732&documentType=report&eventId=405757&navigation=external&utm_medium=referral&utm_source=mcp&rp=13,non_ifrs,Q2 FY2025,2024-09-30,Q,Non-IFRS Measures Utilized by Our Business,Operating,-12.4,usd_millions,0,1,112,"SUBSTITUTE SOURCE: the Q2 FY2026 earnings release (documentId 2235906) returns NO text on any of its 10 pages from Quartr read_document, so it could not be extracted. This row comes from the companion Q2 FY2026 MD&A filed the same day (2025-11-05, board-approved 2025-11-04), NOT from the earnings release. | second occurrence of caption, deducted"
business_100,4064732,13,https://web.quartr.com/companies/21558?companyId=21558&documentId=4064732&documentType=report&eventId=405757&navigation=external&utm_medium=referral&utm_source=mcp&rp=13,non_ifrs,H1 FY2026,2025-09-30,YTD,Non-IFRS Measures Utilized by Our Business,Operating,-25.8,usd_millions,0,0,112,"SUBSTITUTE SOURCE: the Q2 FY2026 earnings release (documentId 2235906) returns NO text on any of its 10 pages from Quartr read_document, so it could not be extracted. This row comes from the companion Q2 FY2026 MD&A filed the same day (2025-11-05, board-approved 2025-11-04), NOT from the earnings release. | second occurrence of caption, deducted"
business_100,4064732,13,https://web.quartr.com/companies/21558?companyId=21558&documentId=4064732&documentType=report&eventId=405757&navigation=external&utm_medium=referral&utm_source=mcp&rp=13,non_ifrs,H1 FY2025,2024-09-30,YTD,Non-IFRS Measures Utilized by Our Business,Operating,-24.3,usd_millions,0,1,112,"SUBSTITUTE SOURCE: the Q2 FY2026 earnings release (documentId 2235906) returns NO text on any of its 10 pages from Quartr read_document, so it could not be extracted. This row comes from the companion Q2 FY2026 MD&A filed the same day (2025-11-05, board-approved 2025-11-04), NOT from the earnings release. | second occurrence of caption, deducted"
business_100,4064732,13,https://web.quartr.com/companies/21558?companyId=21558&documentId=4064732&documentType=report&eventId=405757&navigation=external&utm_medium=referral&utm_source=mcp&rp=13,non_ifrs,Q2 FY2026,2025-09-30,Q,Non-IFRS Measures Utilized by Our Business,General and administrative,-5.1,usd_millions,0,0,113,"SUBSTITUTE SOURCE: the Q2 FY2026 earnings release (documentId 2235906) returns NO text on any of its 10 pages from Quartr read_document, so it could not be extracted. This row comes from the companion Q2 FY2026 MD&A filed the same day (2025-11-05, board-approved 2025-11-04), NOT from the earnings release. | second occurrence of caption, deducted"
business_100,4064732,13,https://web.quartr.com/companies/21558?companyId=21558&documentId=4064732&documentType=report&eventId=405757&navigation=external&utm_medium=referral&utm_source=mcp&rp=13,non_ifrs,Q2 FY2025,2024-09-30,Q,Non-IFRS Measures Utilized by Our Business,General and administrative,-5.1,usd_millions,0,1,113,"SUBSTITUTE SOURCE: the Q2 FY2026 earnings release (documentId 2235906) returns NO text on any of its 10 pages from Quartr read_document, so it could not be extracted. This row comes from the companion Q2 FY2026 MD&A filed the same day (2025-11-05, board-approved 2025-11-04), NOT from the earnings release. | second occurrence of caption, deducted"
business_100,4064732,13,https://web.quartr.com/companies/21558?companyId=21558&documentId=4064732&documentType=report&eventId=405757&navigation=external&utm_medium=referral&utm_source=mcp&rp=13,non_ifrs,H1 FY2026,2025-09-30,YTD,Non-IFRS Measures Utilized by Our Business,General and administrative,-10.6,usd_millions,0,0,113,"SUBSTITUTE SOURCE: the Q2 FY2026 earnings release (documentId 2235906) returns NO text on any of its 10 pages from Quartr read_document, so it could not be extracted. This row comes from the companion Q2 FY2026 MD&A filed the same day (2025-11-05, board-approved 2025-11-04), NOT from the earnings release. | second occurrence of caption, deducted"
business_100,4064732,13,https://web.quartr.com/companies/21558?companyId=21558&documentId=4064732&documentType=report&eventId=405757&navigation=external&utm_medium=referral&utm_source=mcp&rp=13,non_ifrs,H1 FY2025,2024-09-30,YTD,Non-IFRS Measures Utilized by Our Business,General and administrative,-11.6,usd_millions,0,1,113,"SUBSTITUTE SOURCE: the Q2 FY2026 earnings release (documentId 2235906) returns NO text on any of its 10 pages from Quartr read_document, so it could not be extracted. This row comes from the companion Q2 FY2026 MD&A filed the same day (2025-11-05, board-approved 2025-11-04), NOT from the earnings release. | second occurrence of caption, deducted"
business_100,4064732,13,https://web.quartr.com/companies/21558?companyId=21558&documentId=4064732&documentType=report&eventId=405757&navigation=external&utm_medium=referral&utm_source=mcp&rp=13,non_ifrs,Q2 FY2026,2025-09-30,Q,Non-IFRS Measures Utilized by Our Business,Interest expense (3),-22.0,usd_millions,0,0,114,"SUBSTITUTE SOURCE: the Q2 FY2026 earnings release (documentId 2235906) returns NO text on any of its 10 pages from Quartr read_document, so it could not be extracted. This row comes from the companion Q2 FY2026 MD&A filed the same day (2025-11-05, board-approved 2025-11-04), NOT from the earnings release. | fn3 (footnote number not printed in extraction): interest on debt obligations incl. Term Loan due 2026, Term Loan due 2031, ABL Facility, Warwick Credit Facility"
business_100,4064732,13,https://web.quartr.com/companies/21558?companyId=21558&documentId=4064732&documentType=report&eventId=405757&navigation=external&utm_medium=referral&utm_source=mcp&rp=13,non_ifrs,Q2 FY2025,2024-09-30,Q,Non-IFRS Measures Utilized by Our Business,Interest expense (3),-13.3,usd_millions,0,1,114,"SUBSTITUTE SOURCE: the Q2 FY2026 earnings release (documentId 2235906) returns NO text on any of its 10 pages from Quartr read_document, so it could not be extracted. This row comes from the companion Q2 FY2026 MD&A filed the same day (2025-11-05, board-approved 2025-11-04), NOT from the earnings release. | fn3 (footnote number not printed in extraction): interest on debt obligations incl. Term Loan due 2026, Term Loan due 2031, ABL Facility, Warwick Credit Facility"
business_100,4064732,13,https://web.quartr.com/companies/21558?companyId=21558&documentId=4064732&documentType=report&eventId=405757&navigation=external&utm_medium=referral&utm_source=mcp&rp=13,non_ifrs,H1 FY2026,2025-09-30,YTD,Non-IFRS Measures Utilized by Our Business,Interest expense (3),-42.4,usd_millions,0,0,114,"SUBSTITUTE SOURCE: the Q2 FY2026 earnings release (documentId 2235906) returns NO text on any of its 10 pages from Quartr read_document, so it could not be extracted. This row comes from the companion Q2 FY2026 MD&A filed the same day (2025-11-05, board-approved 2025-11-04), NOT from the earnings release. | fn3 (footnote number not printed in extraction): interest on debt obligations incl. Term Loan due 2026, Term Loan due 2031, ABL Facility, Warwick Credit Facility"
business_100,4064732,13,https://web.quartr.com/companies/21558?companyId=21558&documentId=4064732&documentType=report&eventId=405757&navigation=external&utm_medium=referral&utm_source=mcp&rp=13,non_ifrs,H1 FY2025,2024-09-30,YTD,Non-IFRS Measures Utilized by Our Business,Interest expense (3),-22.4,usd_millions,0,1,114,"SUBSTITUTE SOURCE: the Q2 FY2026 earnings release (documentId 2235906) returns NO text on any of its 10 pages from Quartr read_document, so it could not be extracted. This row comes from the companion Q2 FY2026 MD&A filed the same day (2025-11-05, board-approved 2025-11-04), NOT from the earnings release. | fn3 (footnote number not printed in extraction): interest on debt obligations incl. Term Loan due 2026, Term Loan due 2031, ABL Facility, Warwick Credit Facility"
business_100,4064732,13,https://web.quartr.com/companies/21558?companyId=21558&documentId=4064732&documentType=report&eventId=405757&navigation=external&utm_medium=referral&utm_source=mcp&rp=13,non_ifrs,Q2 FY2026,2025-09-30,Q,Non-IFRS Measures Utilized by Our Business,Mandatory debt repayments,-3.2,usd_millions,0,0,115,"SUBSTITUTE SOURCE: the Q2 FY2026 earnings release (documentId 2235906) returns NO text on any of its 10 pages from Quartr read_document, so it could not be extracted. This row comes from the companion Q2 FY2026 MD&A filed the same day (2025-11-05, board-approved 2025-11-04), NOT from the earnings release."
business_100,4064732,13,https://web.quartr.com/companies/21558?companyId=21558&documentId=4064732&documentType=report&eventId=405757&navigation=external&utm_medium=referral&utm_source=mcp&rp=13,non_ifrs,Q2 FY2025,2024-09-30,Q,Non-IFRS Measures Utilized by Our Business,Mandatory debt repayments,0,usd_millions,0,1,115,"SUBSTITUTE SOURCE: the Q2 FY2026 earnings release (documentId 2235906) returns NO text on any of its 10 pages from Quartr read_document, so it could not be extracted. This row comes from the companion Q2 FY2026 MD&A filed the same day (2025-11-05, board-approved 2025-11-04), NOT from the earnings release. | printed_dash_zero"
business_100,4064732,13,https://web.quartr.com/companies/21558?companyId=21558&documentId=4064732&documentType=report&eventId=405757&navigation=external&utm_medium=referral&utm_source=mcp&rp=13,non_ifrs,H1 FY2026,2025-09-30,YTD,Non-IFRS Measures Utilized by Our Business,Mandatory debt repayments,-6.3,usd_millions,0,0,115,"SUBSTITUTE SOURCE: the Q2 FY2026 earnings release (documentId 2235906) returns NO text on any of its 10 pages from Quartr read_document, so it could not be extracted. This row comes from the companion Q2 FY2026 MD&A filed the same day (2025-11-05, board-approved 2025-11-04), NOT from the earnings release."
business_100,4064732,13,https://web.quartr.com/companies/21558?companyId=21558&documentId=4064732&documentType=report&eventId=405757&navigation=external&utm_medium=referral&utm_source=mcp&rp=13,non_ifrs,H1 FY2025,2024-09-30,YTD,Non-IFRS Measures Utilized by Our Business,Mandatory debt repayments,0,usd_millions,0,1,115,"SUBSTITUTE SOURCE: the Q2 FY2026 earnings release (documentId 2235906) returns NO text on any of its 10 pages from Quartr read_document, so it could not be extracted. This row comes from the companion Q2 FY2026 MD&A filed the same day (2025-11-05, board-approved 2025-11-04), NOT from the earnings release. | printed_dash_zero"
business_100,4064732,13,https://web.quartr.com/companies/21558?companyId=21558&documentId=4064732&documentType=report&eventId=405757&navigation=external&utm_medium=referral&utm_source=mcp&rp=13,non_ifrs,Q2 FY2026,2025-09-30,Q,Non-IFRS Measures Utilized by Our Business,Current taxes,0,usd_millions,0,0,116,"SUBSTITUTE SOURCE: the Q2 FY2026 earnings release (documentId 2235906) returns NO text on any of its 10 pages from Quartr read_document, so it could not be extracted. This row comes from the companion Q2 FY2026 MD&A filed the same day (2025-11-05, board-approved 2025-11-04), NOT from the earnings release. | printed_dash_zero"
business_100,4064732,13,https://web.quartr.com/companies/21558?companyId=21558&documentId=4064732&documentType=report&eventId=405757&navigation=external&utm_medium=referral&utm_source=mcp&rp=13,non_ifrs,Q2 FY2025,2024-09-30,Q,Non-IFRS Measures Utilized by Our Business,Current taxes,0,usd_millions,0,1,116,"SUBSTITUTE SOURCE: the Q2 FY2026 earnings release (documentId 2235906) returns NO text on any of its 10 pages from Quartr read_document, so it could not be extracted. This row comes from the companion Q2 FY2026 MD&A filed the same day (2025-11-05, board-approved 2025-11-04), NOT from the earnings release. | printed_dash_zero"
business_100,4064732,13,https://web.quartr.com/companies/21558?companyId=21558&documentId=4064732&documentType=report&eventId=405757&navigation=external&utm_medium=referral&utm_source=mcp&rp=13,non_ifrs,H1 FY2026,2025-09-30,YTD,Non-IFRS Measures Utilized by Our Business,Current taxes,0,usd_millions,0,0,116,"SUBSTITUTE SOURCE: the Q2 FY2026 earnings release (documentId 2235906) returns NO text on any of its 10 pages from Quartr read_document, so it could not be extracted. This row comes from the companion Q2 FY2026 MD&A filed the same day (2025-11-05, board-approved 2025-11-04), NOT from the earnings release. | printed_dash_zero"
business_100,4064732,13,https://web.quartr.com/companies/21558?companyId=21558&documentId=4064732&documentType=report&eventId=405757&navigation=external&utm_medium=referral&utm_source=mcp&rp=13,non_ifrs,H1 FY2025,2024-09-30,YTD,Non-IFRS Measures Utilized by Our Business,Current taxes,0,usd_millions,0,1,116,"SUBSTITUTE SOURCE: the Q2 FY2026 earnings release (documentId 2235906) returns NO text on any of its 10 pages from Quartr read_document, so it could not be extracted. This row comes from the companion Q2 FY2026 MD&A filed the same day (2025-11-05, board-approved 2025-11-04), NOT from the earnings release. | printed_dash_zero"
business_100,4064732,13,https://web.quartr.com/companies/21558?companyId=21558&documentId=4064732&documentType=report&eventId=405757&navigation=external&utm_medium=referral&utm_source=mcp&rp=13,non_ifrs,Q2 FY2026,2025-09-30,Q,Non-IFRS Measures Utilized by Our Business,Cash lease payments (4),-0.5,usd_millions,0,0,117,"SUBSTITUTE SOURCE: the Q2 FY2026 earnings release (documentId 2235906) returns NO text on any of its 10 pages from Quartr read_document, so it could not be extracted. This row comes from the companion Q2 FY2026 MD&A filed the same day (2025-11-05, board-approved 2025-11-04), NOT from the earnings release."
business_100,4064732,13,https://web.quartr.com/companies/21558?companyId=21558&documentId=4064732&documentType=report&eventId=405757&navigation=external&utm_medium=referral&utm_source=mcp&rp=13,non_ifrs,Q2 FY2025,2024-09-30,Q,Non-IFRS Measures Utilized by Our Business,Cash lease payments (4),-0.6,usd_millions,0,1,117,"SUBSTITUTE SOURCE: the Q2 FY2026 earnings release (documentId 2235906) returns NO text on any of its 10 pages from Quartr read_document, so it could not be extracted. This row comes from the companion Q2 FY2026 MD&A filed the same day (2025-11-05, board-approved 2025-11-04), NOT from the earnings release."
business_100,4064732,13,https://web.quartr.com/companies/21558?companyId=21558&documentId=4064732&documentType=report&eventId=405757&navigation=external&utm_medium=referral&utm_source=mcp&rp=13,non_ifrs,H1 FY2026,2025-09-30,YTD,Non-IFRS Measures Utilized by Our Business,Cash lease payments (4),-0.9,usd_millions,0,0,117,"SUBSTITUTE SOURCE: the Q2 FY2026 earnings release (documentId 2235906) returns NO text on any of its 10 pages from Quartr read_document, so it could not be extracted. This row comes from the companion Q2 FY2026 MD&A filed the same day (2025-11-05, board-approved 2025-11-04), NOT from the earnings release."
business_100,4064732,13,https://web.quartr.com/companies/21558?companyId=21558&documentId=4064732&documentType=report&eventId=405757&navigation=external&utm_medium=referral&utm_source=mcp&rp=13,non_ifrs,H1 FY2025,2024-09-30,YTD,Non-IFRS Measures Utilized by Our Business,Cash lease payments (4),-0.9,usd_millions,0,1,117,"SUBSTITUTE SOURCE: the Q2 FY2026 earnings release (documentId 2235906) returns NO text on any of its 10 pages from Quartr read_document, so it could not be extracted. This row comes from the companion Q2 FY2026 MD&A filed the same day (2025-11-05, board-approved 2025-11-04), NOT from the earnings release."
business_100,4064732,13,https://web.quartr.com/companies/21558?companyId=21558&documentId=4064732&documentType=report&eventId=405757&navigation=external&utm_medium=referral&utm_source=mcp&rp=13,non_ifrs,Q2 FY2026,2025-09-30,Q,Non-IFRS Measures Utilized by Our Business,Maintenance capital expenditures,-9.5,usd_millions,0,0,118,"SUBSTITUTE SOURCE: the Q2 FY2026 earnings release (documentId 2235906) returns NO text on any of its 10 pages from Quartr read_document, so it could not be extracted. This row comes from the companion Q2 FY2026 MD&A filed the same day (2025-11-05, board-approved 2025-11-04), NOT from the earnings release. | NO footnote; the $5.5m downward adjustment to fiscal-2025 maintenance capex is not disclosed until the Q4 FY2026 release"
business_100,4064732,13,https://web.quartr.com/companies/21558?companyId=21558&documentId=4064732&documentType=report&eventId=405757&navigation=external&utm_medium=referral&utm_source=mcp&rp=13,non_ifrs,Q2 FY2025,2024-09-30,Q,Non-IFRS Measures Utilized by Our Business,Maintenance capital expenditures,-6.3,usd_millions,0,1,118,"SUBSTITUTE SOURCE: the Q2 FY2026 earnings release (documentId 2235906) returns NO text on any of its 10 pages from Quartr read_document, so it could not be extracted. This row comes from the companion Q2 FY2026 MD&A filed the same day (2025-11-05, board-approved 2025-11-04), NOT from the earnings release. | NO footnote; the $5.5m downward adjustment to fiscal-2025 maintenance capex is not disclosed until the Q4 FY2026 release"
business_100,4064732,13,https://web.quartr.com/companies/21558?companyId=21558&documentId=4064732&documentType=report&eventId=405757&navigation=external&utm_medium=referral&utm_source=mcp&rp=13,non_ifrs,H1 FY2026,2025-09-30,YTD,Non-IFRS Measures Utilized by Our Business,Maintenance capital expenditures,-16.1,usd_millions,0,0,118,"SUBSTITUTE SOURCE: the Q2 FY2026 earnings release (documentId 2235906) returns NO text on any of its 10 pages from Quartr read_document, so it could not be extracted. This row comes from the companion Q2 FY2026 MD&A filed the same day (2025-11-05, board-approved 2025-11-04), NOT from the earnings release. | NO footnote; the $5.5m downward adjustment to fiscal-2025 maintenance capex is not disclosed until the Q4 FY2026 release"
business_100,4064732,13,https://web.quartr.com/companies/21558?companyId=21558&documentId=4064732&documentType=report&eventId=405757&navigation=external&utm_medium=referral&utm_source=mcp&rp=13,non_ifrs,H1 FY2025,2024-09-30,YTD,Non-IFRS Measures Utilized by Our Business,Maintenance capital expenditures,-11.2,usd_millions,0,1,118,"SUBSTITUTE SOURCE: the Q2 FY2026 earnings release (documentId 2235906) returns NO text on any of its 10 pages from Quartr read_document, so it could not be extracted. This row comes from the companion Q2 FY2026 MD&A filed the same day (2025-11-05, board-approved 2025-11-04), NOT from the earnings release. | NO footnote; the $5.5m downward adjustment to fiscal-2025 maintenance capex is not disclosed until the Q4 FY2026 release"
business_100,4064732,13,https://web.quartr.com/companies/21558?companyId=21558&documentId=4064732&documentType=report&eventId=405757&navigation=external&utm_medium=referral&utm_source=mcp&rp=13,non_ifrs,Q2 FY2026,2025-09-30,Q,Non-IFRS Measures Utilized by Our Business,Other items (2),0.1,usd_millions,0,0,119,"SUBSTITUTE SOURCE: the Q2 FY2026 earnings release (documentId 2235906) returns NO text on any of its 10 pages from Quartr read_document, so it could not be extracted. This row comes from the companion Q2 FY2026 MD&A filed the same day (2025-11-05, board-approved 2025-11-04), NOT from the earnings release. | second occurrence of caption"
business_100,4064732,13,https://web.quartr.com/companies/21558?companyId=21558&documentId=4064732&documentType=report&eventId=405757&navigation=external&utm_medium=referral&utm_source=mcp&rp=13,non_ifrs,Q2 FY2025,2024-09-30,Q,Non-IFRS Measures Utilized by Our Business,Other items (2),0.2,usd_millions,0,1,119,"SUBSTITUTE SOURCE: the Q2 FY2026 earnings release (documentId 2235906) returns NO text on any of its 10 pages from Quartr read_document, so it could not be extracted. This row comes from the companion Q2 FY2026 MD&A filed the same day (2025-11-05, board-approved 2025-11-04), NOT from the earnings release. | second occurrence of caption"
business_100,4064732,13,https://web.quartr.com/companies/21558?companyId=21558&documentId=4064732&documentType=report&eventId=405757&navigation=external&utm_medium=referral&utm_source=mcp&rp=13,non_ifrs,H1 FY2026,2025-09-30,YTD,Non-IFRS Measures Utilized by Our Business,Other items (2),-0.4,usd_millions,0,0,119,"SUBSTITUTE SOURCE: the Q2 FY2026 earnings release (documentId 2235906) returns NO text on any of its 10 pages from Quartr read_document, so it could not be extracted. This row comes from the companion Q2 FY2026 MD&A filed the same day (2025-11-05, board-approved 2025-11-04), NOT from the earnings release. | second occurrence of caption"
business_100,4064732,13,https://web.quartr.com/companies/21558?companyId=21558&documentId=4064732&documentType=report&eventId=405757&navigation=external&utm_medium=referral&utm_source=mcp&rp=13,non_ifrs,H1 FY2025,2024-09-30,YTD,Non-IFRS Measures Utilized by Our Business,Other items (2),0.2,usd_millions,0,1,119,"SUBSTITUTE SOURCE: the Q2 FY2026 earnings release (documentId 2235906) returns NO text on any of its 10 pages from Quartr read_document, so it could not be extracted. This row comes from the companion Q2 FY2026 MD&A filed the same day (2025-11-05, board-approved 2025-11-04), NOT from the earnings release. | second occurrence of caption"
business_100,4064732,13,https://web.quartr.com/companies/21558?companyId=21558&documentId=4064732&documentType=report&eventId=405757&navigation=external&utm_medium=referral&utm_source=mcp&rp=13,non_ifrs,Q2 FY2026,2025-09-30,Q,Non-IFRS Measures Utilized by Our Business,Distributable Cash Flow,48.0,usd_millions,1,0,120,"SUBSTITUTE SOURCE: the Q2 FY2026 earnings release (documentId 2235906) returns NO text on any of its 10 pages from Quartr read_document, so it could not be extracted. This row comes from the companion Q2 FY2026 MD&A filed the same day (2025-11-05, board-approved 2025-11-04), NOT from the earnings release."
business_100,4064732,13,https://web.quartr.com/companies/21558?companyId=21558&documentId=4064732&documentType=report&eventId=405757&navigation=external&utm_medium=referral&utm_source=mcp&rp=13,non_ifrs,Q2 FY2025,2024-09-30,Q,Non-IFRS Measures Utilized by Our Business,Distributable Cash Flow,45.3,usd_millions,1,1,120,"SUBSTITUTE SOURCE: the Q2 FY2026 earnings release (documentId 2235906) returns NO text on any of its 10 pages from Quartr read_document, so it could not be extracted. This row comes from the companion Q2 FY2026 MD&A filed the same day (2025-11-05, board-approved 2025-11-04), NOT from the earnings release."
business_100,4064732,13,https://web.quartr.com/companies/21558?companyId=21558&documentId=4064732&documentType=report&eventId=405757&navigation=external&utm_medium=referral&utm_source=mcp&rp=13,non_ifrs,H1 FY2026,2025-09-30,YTD,Non-IFRS Measures Utilized by Our Business,Distributable Cash Flow,94.6,usd_millions,1,0,120,"SUBSTITUTE SOURCE: the Q2 FY2026 earnings release (documentId 2235906) returns NO text on any of its 10 pages from Quartr read_document, so it could not be extracted. This row comes from the companion Q2 FY2026 MD&A filed the same day (2025-11-05, board-approved 2025-11-04), NOT from the earnings release."
business_100,4064732,13,https://web.quartr.com/companies/21558?companyId=21558&documentId=4064732&documentType=report&eventId=405757&navigation=external&utm_medium=referral&utm_source=mcp&rp=13,non_ifrs,H1 FY2025,2024-09-30,YTD,Non-IFRS Measures Utilized by Our Business,Distributable Cash Flow,95.0,usd_millions,1,1,120,"SUBSTITUTE SOURCE: the Q2 FY2026 earnings release (documentId 2235906) returns NO text on any of its 10 pages from Quartr read_document, so it could not be extracted. This row comes from the companion Q2 FY2026 MD&A filed the same day (2025-11-05, board-approved 2025-11-04), NOT from the earnings release."
business_100,4064732,13,https://web.quartr.com/companies/21558?companyId=21558&documentId=4064732&documentType=report&eventId=405757&navigation=external&utm_medium=referral&utm_source=mcp&rp=13,non_ifrs,Q2 FY2026,2025-09-30,instant,Non-IFRS Measures Utilized by Our Business,Short-term debt,22.2,usd_millions,0,0,301,"SUBSTITUTE SOURCE: the Q2 FY2026 earnings release (documentId 2235906) returns NO text on any of its 10 pages from Quartr read_document, so it could not be extracted. This row comes from the companion Q2 FY2026 MD&A filed the same day (2025-11-05, board-approved 2025-11-04), NOT from the earnings release."
business_100,4064732,13,https://web.quartr.com/companies/21558?companyId=21558&documentId=4064732&documentType=report&eventId=405757&navigation=external&utm_medium=referral&utm_source=mcp&rp=13,non_ifrs,FY2025,2025-03-31,instant,Non-IFRS Measures Utilized by Our Business,Short-term debt,25.8,usd_millions,0,1,301,"SUBSTITUTE SOURCE: the Q2 FY2026 earnings release (documentId 2235906) returns NO text on any of its 10 pages from Quartr read_document, so it could not be extracted. This row comes from the companion Q2 FY2026 MD&A filed the same day (2025-11-05, board-approved 2025-11-04), NOT from the earnings release."
business_100,4064732,13,https://web.quartr.com/companies/21558?companyId=21558&documentId=4064732&documentType=report&eventId=405757&navigation=external&utm_medium=referral&utm_source=mcp&rp=13,non_ifrs,Q2 FY2026,2025-09-30,instant,Non-IFRS Measures Utilized by Our Business,Long-term debt,1204.0,usd_millions,0,0,302,"SUBSTITUTE SOURCE: the Q2 FY2026 earnings release (documentId 2235906) returns NO text on any of its 10 pages from Quartr read_document, so it could not be extracted. This row comes from the companion Q2 FY2026 MD&A filed the same day (2025-11-05, board-approved 2025-11-04), NOT from the earnings release."
business_100,4064732,13,https://web.quartr.com/companies/21558?companyId=21558&documentId=4064732&documentType=report&eventId=405757&navigation=external&utm_medium=referral&utm_source=mcp&rp=13,non_ifrs,FY2025,2025-03-31,instant,Non-IFRS Measures Utilized by Our Business,Long-term debt,1208.1,usd_millions,0,1,302,"SUBSTITUTE SOURCE: the Q2 FY2026 earnings release (documentId 2235906) returns NO text on any of its 10 pages from Quartr read_document, so it could not be extracted. This row comes from the companion Q2 FY2026 MD&A filed the same day (2025-11-05, board-approved 2025-11-04), NOT from the earnings release."
business_100,4064732,13,https://web.quartr.com/companies/21558?companyId=21558&documentId=4064732&documentType=report&eventId=405757&navigation=external&utm_medium=referral&utm_source=mcp&rp=13,non_ifrs,Q2 FY2026,2025-09-30,instant,Non-IFRS Measures Utilized by Our Business,Total debt outstanding,1226.2,usd_millions,1,0,303,"SUBSTITUTE SOURCE: the Q2 FY2026 earnings release (documentId 2235906) returns NO text on any of its 10 pages from Quartr read_document, so it could not be extracted. This row comes from the companion Q2 FY2026 MD&A filed the same day (2025-11-05, board-approved 2025-11-04), NOT from the earnings release."
business_100,4064732,13,https://web.quartr.com/companies/21558?companyId=21558&documentId=4064732&documentType=report&eventId=405757&navigation=external&utm_medium=referral&utm_source=mcp&rp=13,non_ifrs,FY2025,2025-03-31,instant,Non-IFRS Measures Utilized by Our Business,Total debt outstanding,1233.9,usd_millions,1,1,303,"SUBSTITUTE SOURCE: the Q2 FY2026 earnings release (documentId 2235906) returns NO text on any of its 10 pages from Quartr read_document, so it could not be extracted. This row comes from the companion Q2 FY2026 MD&A filed the same day (2025-11-05, board-approved 2025-11-04), NOT from the earnings release."
business_100,4064732,13,https://web.quartr.com/companies/21558?companyId=21558&documentId=4064732&documentType=report&eventId=405757&navigation=external&utm_medium=referral&utm_source=mcp&rp=13,non_ifrs,Q2 FY2026,2025-09-30,instant,Non-IFRS Measures Utilized by Our Business,Add: Unamortized discount and deferred financing costs,24.4,usd_millions,0,0,304,"SUBSTITUTE SOURCE: the Q2 FY2026 earnings release (documentId 2235906) returns NO text on any of its 10 pages from Quartr read_document, so it could not be extracted. This row comes from the companion Q2 FY2026 MD&A filed the same day (2025-11-05, board-approved 2025-11-04), NOT from the earnings release."
business_100,4064732,13,https://web.quartr.com/companies/21558?companyId=21558&documentId=4064732&documentType=report&eventId=405757&navigation=external&utm_medium=referral&utm_source=mcp&rp=13,non_ifrs,FY2025,2025-03-31,instant,Non-IFRS Measures Utilized by Our Business,Add: Unamortized discount and deferred financing costs,26.5,usd_millions,0,1,304,"SUBSTITUTE SOURCE: the Q2 FY2026 earnings release (documentId 2235906) returns NO text on any of its 10 pages from Quartr read_document, so it could not be extracted. This row comes from the companion Q2 FY2026 MD&A filed the same day (2025-11-05, board-approved 2025-11-04), NOT from the earnings release."
business_100,4064732,13,https://web.quartr.com/companies/21558?companyId=21558&documentId=4064732&documentType=report&eventId=405757&navigation=external&utm_medium=referral&utm_source=mcp&rp=13,non_ifrs,Q2 FY2026,2025-09-30,instant,Non-IFRS Measures Utilized by Our Business,Less: Cash and cash equivalents,-30.5,usd_millions,0,0,305,"SUBSTITUTE SOURCE: the Q2 FY2026 earnings release (documentId 2235906) returns NO text on any of its 10 pages from Quartr read_document, so it could not be extracted. This row comes from the companion Q2 FY2026 MD&A filed the same day (2025-11-05, board-approved 2025-11-04), NOT from the earnings release."
business_100,4064732,13,https://web.quartr.com/companies/21558?companyId=21558&documentId=4064732&documentType=report&eventId=405757&navigation=external&utm_medium=referral&utm_source=mcp&rp=13,non_ifrs,FY2025,2025-03-31,instant,Non-IFRS Measures Utilized by Our Business,Less: Cash and cash equivalents,-204.1,usd_millions,0,1,305,"SUBSTITUTE SOURCE: the Q2 FY2026 earnings release (documentId 2235906) returns NO text on any of its 10 pages from Quartr read_document, so it could not be extracted. This row comes from the companion Q2 FY2026 MD&A filed the same day (2025-11-05, board-approved 2025-11-04), NOT from the earnings release."
business_100,4064732,13,https://web.quartr.com/companies/21558?companyId=21558&documentId=4064732&documentType=report&eventId=405757&navigation=external&utm_medium=referral&utm_source=mcp&rp=13,non_ifrs,Q2 FY2026,2025-09-30,instant,Non-IFRS Measures Utilized by Our Business,Net debt,1220.1,usd_millions,1,0,306,"SUBSTITUTE SOURCE: the Q2 FY2026 earnings release (documentId 2235906) returns NO text on any of its 10 pages from Quartr read_document, so it could not be extracted. This row comes from the companion Q2 FY2026 MD&A filed the same day (2025-11-05, board-approved 2025-11-04), NOT from the earnings release. | no Net debt to Adjusted EBITDA ratio row printed"
business_100,4064732,13,https://web.quartr.com/companies/21558?companyId=21558&documentId=4064732&documentType=report&eventId=405757&navigation=external&utm_medium=referral&utm_source=mcp&rp=13,non_ifrs,FY2025,2025-03-31,instant,Non-IFRS Measures Utilized by Our Business,Net debt,1056.3,usd_millions,1,1,306,"SUBSTITUTE SOURCE: the Q2 FY2026 earnings release (documentId 2235906) returns NO text on any of its 10 pages from Quartr read_document, so it could not be extracted. This row comes from the companion Q2 FY2026 MD&A filed the same day (2025-11-05, board-approved 2025-11-04), NOT from the earnings release. | no Net debt to Adjusted EBITDA ratio row printed"
business_100,4064732,14,https://web.quartr.com/companies/21558?companyId=21558&documentId=4064732&documentType=report&eventId=405757&navigation=external&utm_medium=referral&utm_source=mcp&rp=14,non_ifrs,Q2 FY2026,2025-09-30,Q,"Supplementary Adjusted EBITDA, Adjusted Gross Margin and Distributable Cash Flow",ToP,57.7,usd_millions,0,0,201,"SUBSTITUTE SOURCE: the Q2 FY2026 earnings release (documentId 2235906) returns NO text on any of its 10 pages from Quartr read_document, so it could not be extracted. This row comes from the companion Q2 FY2026 MD&A filed the same day (2025-11-05, board-approved 2025-11-04), NOT from the earnings release. | row-group header above: 'Fee for Service gross margin'"
business_100,4064732,14,https://web.quartr.com/companies/21558?companyId=21558&documentId=4064732&documentType=report&eventId=405757&navigation=external&utm_medium=referral&utm_source=mcp&rp=14,non_ifrs,Q2 FY2025,2024-09-30,Q,"Supplementary Adjusted EBITDA, Adjusted Gross Margin and Distributable Cash Flow",ToP,46.1,usd_millions,0,1,201,"SUBSTITUTE SOURCE: the Q2 FY2026 earnings release (documentId 2235906) returns NO text on any of its 10 pages from Quartr read_document, so it could not be extracted. This row comes from the companion Q2 FY2026 MD&A filed the same day (2025-11-05, board-approved 2025-11-04), NOT from the earnings release. | row-group header above: 'Fee for Service gross margin'"
business_100,4064732,14,https://web.quartr.com/companies/21558?companyId=21558&documentId=4064732&documentType=report&eventId=405757&navigation=external&utm_medium=referral&utm_source=mcp&rp=14,non_ifrs,H1 FY2026,2025-09-30,YTD,"Supplementary Adjusted EBITDA, Adjusted Gross Margin and Distributable Cash Flow",ToP,116.2,usd_millions,0,0,201,"SUBSTITUTE SOURCE: the Q2 FY2026 earnings release (documentId 2235906) returns NO text on any of its 10 pages from Quartr read_document, so it could not be extracted. This row comes from the companion Q2 FY2026 MD&A filed the same day (2025-11-05, board-approved 2025-11-04), NOT from the earnings release. | row-group header above: 'Fee for Service gross margin'"
business_100,4064732,14,https://web.quartr.com/companies/21558?companyId=21558&documentId=4064732&documentType=report&eventId=405757&navigation=external&utm_medium=referral&utm_source=mcp&rp=14,non_ifrs,H1 FY2025,2024-09-30,YTD,"Supplementary Adjusted EBITDA, Adjusted Gross Margin and Distributable Cash Flow",ToP,92.3,usd_millions,0,1,201,"SUBSTITUTE SOURCE: the Q2 FY2026 earnings release (documentId 2235906) returns NO text on any of its 10 pages from Quartr read_document, so it could not be extracted. This row comes from the companion Q2 FY2026 MD&A filed the same day (2025-11-05, board-approved 2025-11-04), NOT from the earnings release. | row-group header above: 'Fee for Service gross margin'"
business_100,4064732,14,https://web.quartr.com/companies/21558?companyId=21558&documentId=4064732&documentType=report&eventId=405757&navigation=external&utm_medium=referral&utm_source=mcp&rp=14,non_ifrs,Q2 FY2026,2025-09-30,Q,"Supplementary Adjusted EBITDA, Adjusted Gross Margin and Distributable Cash Flow","STS, net of cost of gas storage services",37.9,usd_millions,0,0,202,"SUBSTITUTE SOURCE: the Q2 FY2026 earnings release (documentId 2235906) returns NO text on any of its 10 pages from Quartr read_document, so it could not be extracted. This row comes from the companion Q2 FY2026 MD&A filed the same day (2025-11-05, board-approved 2025-11-04), NOT from the earnings release."
business_100,4064732,14,https://web.quartr.com/companies/21558?companyId=21558&documentId=4064732&documentType=report&eventId=405757&navigation=external&utm_medium=referral&utm_source=mcp&rp=14,non_ifrs,Q2 FY2025,2024-09-30,Q,"Supplementary Adjusted EBITDA, Adjusted Gross Margin and Distributable Cash Flow","STS, net of cost of gas storage services",34.5,usd_millions,0,1,202,"SUBSTITUTE SOURCE: the Q2 FY2026 earnings release (documentId 2235906) returns NO text on any of its 10 pages from Quartr read_document, so it could not be extracted. This row comes from the companion Q2 FY2026 MD&A filed the same day (2025-11-05, board-approved 2025-11-04), NOT from the earnings release."
business_100,4064732,14,https://web.quartr.com/companies/21558?companyId=21558&documentId=4064732&documentType=report&eventId=405757&navigation=external&utm_medium=referral&utm_source=mcp&rp=14,non_ifrs,H1 FY2026,2025-09-30,YTD,"Supplementary Adjusted EBITDA, Adjusted Gross Margin and Distributable Cash Flow","STS, net of cost of gas storage services",70.4,usd_millions,0,0,202,"SUBSTITUTE SOURCE: the Q2 FY2026 earnings release (documentId 2235906) returns NO text on any of its 10 pages from Quartr read_document, so it could not be extracted. This row comes from the companion Q2 FY2026 MD&A filed the same day (2025-11-05, board-approved 2025-11-04), NOT from the earnings release."
business_100,4064732,14,https://web.quartr.com/companies/21558?companyId=21558&documentId=4064732&documentType=report&eventId=405757&navigation=external&utm_medium=referral&utm_source=mcp&rp=14,non_ifrs,H1 FY2025,2024-09-30,YTD,"Supplementary Adjusted EBITDA, Adjusted Gross Margin and Distributable Cash Flow","STS, net of cost of gas storage services",76.4,usd_millions,0,1,202,"SUBSTITUTE SOURCE: the Q2 FY2026 earnings release (documentId 2235906) returns NO text on any of its 10 pages from Quartr read_document, so it could not be extracted. This row comes from the companion Q2 FY2026 MD&A filed the same day (2025-11-05, board-approved 2025-11-04), NOT from the earnings release."
business_100,4064732,14,https://web.quartr.com/companies/21558?companyId=21558&documentId=4064732&documentType=report&eventId=405757&navigation=external&utm_medium=referral&utm_source=mcp&rp=14,non_ifrs,Q2 FY2026,2025-09-30,Q,"Supplementary Adjusted EBITDA, Adjusted Gross Margin and Distributable Cash Flow",Total Fee for Service gross margin,95.6,usd_millions,1,0,203,"SUBSTITUTE SOURCE: the Q2 FY2026 earnings release (documentId 2235906) returns NO text on any of its 10 pages from Quartr read_document, so it could not be extracted. This row comes from the companion Q2 FY2026 MD&A filed the same day (2025-11-05, board-approved 2025-11-04), NOT from the earnings release."
business_100,4064732,14,https://web.quartr.com/companies/21558?companyId=21558&documentId=4064732&documentType=report&eventId=405757&navigation=external&utm_medium=referral&utm_source=mcp&rp=14,non_ifrs,Q2 FY2025,2024-09-30,Q,"Supplementary Adjusted EBITDA, Adjusted Gross Margin and Distributable Cash Flow",Total Fee for Service gross margin,80.6,usd_millions,1,1,203,"SUBSTITUTE SOURCE: the Q2 FY2026 earnings release (documentId 2235906) returns NO text on any of its 10 pages from Quartr read_document, so it could not be extracted. This row comes from the companion Q2 FY2026 MD&A filed the same day (2025-11-05, board-approved 2025-11-04), NOT from the earnings release."
business_100,4064732,14,https://web.quartr.com/companies/21558?companyId=21558&documentId=4064732&documentType=report&eventId=405757&navigation=external&utm_medium=referral&utm_source=mcp&rp=14,non_ifrs,H1 FY2026,2025-09-30,YTD,"Supplementary Adjusted EBITDA, Adjusted Gross Margin and Distributable Cash Flow",Total Fee for Service gross margin,186.6,usd_millions,1,0,203,"SUBSTITUTE SOURCE: the Q2 FY2026 earnings release (documentId 2235906) returns NO text on any of its 10 pages from Quartr read_document, so it could not be extracted. This row comes from the companion Q2 FY2026 MD&A filed the same day (2025-11-05, board-approved 2025-11-04), NOT from the earnings release."
business_100,4064732,14,https://web.quartr.com/companies/21558?companyId=21558&documentId=4064732&documentType=report&eventId=405757&navigation=external&utm_medium=referral&utm_source=mcp&rp=14,non_ifrs,H1 FY2025,2024-09-30,YTD,"Supplementary Adjusted EBITDA, Adjusted Gross Margin and Distributable Cash Flow",Total Fee for Service gross margin,168.7,usd_millions,1,1,203,"SUBSTITUTE SOURCE: the Q2 FY2026 earnings release (documentId 2235906) returns NO text on any of its 10 pages from Quartr read_document, so it could not be extracted. This row comes from the companion Q2 FY2026 MD&A filed the same day (2025-11-05, board-approved 2025-11-04), NOT from the earnings release."
business_100,4064732,14,https://web.quartr.com/companies/21558?companyId=21558&documentId=4064732&documentType=report&eventId=405757&navigation=external&utm_medium=referral&utm_source=mcp&rp=14,non_ifrs,Q2 FY2026,2025-09-30,Q,"Supplementary Adjusted EBITDA, Adjusted Gross Margin and Distributable Cash Flow",Realized optimization gross margin,5.7,usd_millions,0,0,204,"SUBSTITUTE SOURCE: the Q2 FY2026 earnings release (documentId 2235906) returns NO text on any of its 10 pages from Quartr read_document, so it could not be extracted. This row comes from the companion Q2 FY2026 MD&A filed the same day (2025-11-05, board-approved 2025-11-04), NOT from the earnings release. | NEGATIVE in H1 FY2025 (printed '(3.5)')"
business_100,4064732,14,https://web.quartr.com/companies/21558?companyId=21558&documentId=4064732&documentType=report&eventId=405757&navigation=external&utm_medium=referral&utm_source=mcp&rp=14,non_ifrs,Q2 FY2025,2024-09-30,Q,"Supplementary Adjusted EBITDA, Adjusted Gross Margin and Distributable Cash Flow",Realized optimization gross margin,2.2,usd_millions,0,1,204,"SUBSTITUTE SOURCE: the Q2 FY2026 earnings release (documentId 2235906) returns NO text on any of its 10 pages from Quartr read_document, so it could not be extracted. This row comes from the companion Q2 FY2026 MD&A filed the same day (2025-11-05, board-approved 2025-11-04), NOT from the earnings release. | NEGATIVE in H1 FY2025 (printed '(3.5)')"
business_100,4064732,14,https://web.quartr.com/companies/21558?companyId=21558&documentId=4064732&documentType=report&eventId=405757&navigation=external&utm_medium=referral&utm_source=mcp&rp=14,non_ifrs,H1 FY2026,2025-09-30,YTD,"Supplementary Adjusted EBITDA, Adjusted Gross Margin and Distributable Cash Flow",Realized optimization gross margin,10.5,usd_millions,0,0,204,"SUBSTITUTE SOURCE: the Q2 FY2026 earnings release (documentId 2235906) returns NO text on any of its 10 pages from Quartr read_document, so it could not be extracted. This row comes from the companion Q2 FY2026 MD&A filed the same day (2025-11-05, board-approved 2025-11-04), NOT from the earnings release. | NEGATIVE in H1 FY2025 (printed '(3.5)')"
business_100,4064732,14,https://web.quartr.com/companies/21558?companyId=21558&documentId=4064732&documentType=report&eventId=405757&navigation=external&utm_medium=referral&utm_source=mcp&rp=14,non_ifrs,H1 FY2025,2024-09-30,YTD,"Supplementary Adjusted EBITDA, Adjusted Gross Margin and Distributable Cash Flow",Realized optimization gross margin,-3.5,usd_millions,0,1,204,"SUBSTITUTE SOURCE: the Q2 FY2026 earnings release (documentId 2235906) returns NO text on any of its 10 pages from Quartr read_document, so it could not be extracted. This row comes from the companion Q2 FY2026 MD&A filed the same day (2025-11-05, board-approved 2025-11-04), NOT from the earnings release. | NEGATIVE in H1 FY2025 (printed '(3.5)')"
business_100,4064732,14,https://web.quartr.com/companies/21558?companyId=21558&documentId=4064732&documentType=report&eventId=405757&navigation=external&utm_medium=referral&utm_source=mcp&rp=14,non_ifrs,Q2 FY2026,2025-09-30,Q,"Supplementary Adjusted EBITDA, Adjusted Gross Margin and Distributable Cash Flow",Adjusted Gross Margin,101.3,usd_millions,1,0,205,"SUBSTITUTE SOURCE: the Q2 FY2026 earnings release (documentId 2235906) returns NO text on any of its 10 pages from Quartr read_document, so it could not be extracted. This row comes from the companion Q2 FY2026 MD&A filed the same day (2025-11-05, board-approved 2025-11-04), NOT from the earnings release."
business_100,4064732,14,https://web.quartr.com/companies/21558?companyId=21558&documentId=4064732&documentType=report&eventId=405757&navigation=external&utm_medium=referral&utm_source=mcp&rp=14,non_ifrs,Q2 FY2025,2024-09-30,Q,"Supplementary Adjusted EBITDA, Adjusted Gross Margin and Distributable Cash Flow",Adjusted Gross Margin,82.8,usd_millions,1,1,205,"SUBSTITUTE SOURCE: the Q2 FY2026 earnings release (documentId 2235906) returns NO text on any of its 10 pages from Quartr read_document, so it could not be extracted. This row comes from the companion Q2 FY2026 MD&A filed the same day (2025-11-05, board-approved 2025-11-04), NOT from the earnings release."
business_100,4064732,14,https://web.quartr.com/companies/21558?companyId=21558&documentId=4064732&documentType=report&eventId=405757&navigation=external&utm_medium=referral&utm_source=mcp&rp=14,non_ifrs,H1 FY2026,2025-09-30,YTD,"Supplementary Adjusted EBITDA, Adjusted Gross Margin and Distributable Cash Flow",Adjusted Gross Margin,197.1,usd_millions,1,0,205,"SUBSTITUTE SOURCE: the Q2 FY2026 earnings release (documentId 2235906) returns NO text on any of its 10 pages from Quartr read_document, so it could not be extracted. This row comes from the companion Q2 FY2026 MD&A filed the same day (2025-11-05, board-approved 2025-11-04), NOT from the earnings release."
business_100,4064732,14,https://web.quartr.com/companies/21558?companyId=21558&documentId=4064732&documentType=report&eventId=405757&navigation=external&utm_medium=referral&utm_source=mcp&rp=14,non_ifrs,H1 FY2025,2024-09-30,YTD,"Supplementary Adjusted EBITDA, Adjusted Gross Margin and Distributable Cash Flow",Adjusted Gross Margin,165.2,usd_millions,1,1,205,"SUBSTITUTE SOURCE: the Q2 FY2026 earnings release (documentId 2235906) returns NO text on any of its 10 pages from Quartr read_document, so it could not be extracted. This row comes from the companion Q2 FY2026 MD&A filed the same day (2025-11-05, board-approved 2025-11-04), NOT from the earnings release."
business_100,4064732,14,https://web.quartr.com/companies/21558?companyId=21558&documentId=4064732&documentType=report&eventId=405757&navigation=external&utm_medium=referral&utm_source=mcp&rp=14,non_ifrs,Q2 FY2026,2025-09-30,Q,"Supplementary Adjusted EBITDA, Adjusted Gross Margin and Distributable Cash Flow","Operating, general and administrative expense and other",-18.1,usd_millions,0,0,206,"SUBSTITUTE SOURCE: the Q2 FY2026 earnings release (documentId 2235906) returns NO text on any of its 10 pages from Quartr read_document, so it could not be extracted. This row comes from the companion Q2 FY2026 MD&A filed the same day (2025-11-05, board-approved 2025-11-04), NOT from the earnings release. | this single combined caption appears ONLY in the Q2 FY2026 MD&A presentation"
business_100,4064732,14,https://web.quartr.com/companies/21558?companyId=21558&documentId=4064732&documentType=report&eventId=405757&navigation=external&utm_medium=referral&utm_source=mcp&rp=14,non_ifrs,Q2 FY2025,2024-09-30,Q,"Supplementary Adjusted EBITDA, Adjusted Gross Margin and Distributable Cash Flow","Operating, general and administrative expense and other",-17.3,usd_millions,0,1,206,"SUBSTITUTE SOURCE: the Q2 FY2026 earnings release (documentId 2235906) returns NO text on any of its 10 pages from Quartr read_document, so it could not be extracted. This row comes from the companion Q2 FY2026 MD&A filed the same day (2025-11-05, board-approved 2025-11-04), NOT from the earnings release. | this single combined caption appears ONLY in the Q2 FY2026 MD&A presentation"
business_100,4064732,14,https://web.quartr.com/companies/21558?companyId=21558&documentId=4064732&documentType=report&eventId=405757&navigation=external&utm_medium=referral&utm_source=mcp&rp=14,non_ifrs,H1 FY2026,2025-09-30,YTD,"Supplementary Adjusted EBITDA, Adjusted Gross Margin and Distributable Cash Flow","Operating, general and administrative expense and other",-36.8,usd_millions,0,0,206,"SUBSTITUTE SOURCE: the Q2 FY2026 earnings release (documentId 2235906) returns NO text on any of its 10 pages from Quartr read_document, so it could not be extracted. This row comes from the companion Q2 FY2026 MD&A filed the same day (2025-11-05, board-approved 2025-11-04), NOT from the earnings release. | this single combined caption appears ONLY in the Q2 FY2026 MD&A presentation"
business_100,4064732,14,https://web.quartr.com/companies/21558?companyId=21558&documentId=4064732&documentType=report&eventId=405757&navigation=external&utm_medium=referral&utm_source=mcp&rp=14,non_ifrs,H1 FY2025,2024-09-30,YTD,"Supplementary Adjusted EBITDA, Adjusted Gross Margin and Distributable Cash Flow","Operating, general and administrative expense and other",-35.7,usd_millions,0,1,206,"SUBSTITUTE SOURCE: the Q2 FY2026 earnings release (documentId 2235906) returns NO text on any of its 10 pages from Quartr read_document, so it could not be extracted. This row comes from the companion Q2 FY2026 MD&A filed the same day (2025-11-05, board-approved 2025-11-04), NOT from the earnings release. | this single combined caption appears ONLY in the Q2 FY2026 MD&A presentation"
business_100,4064732,14,https://web.quartr.com/companies/21558?companyId=21558&documentId=4064732&documentType=report&eventId=405757&navigation=external&utm_medium=referral&utm_source=mcp&rp=14,non_ifrs,Q2 FY2026,2025-09-30,Q,"Supplementary Adjusted EBITDA, Adjusted Gross Margin and Distributable Cash Flow",Adjusted EBITDA,83.2,usd_millions,1,0,207,"SUBSTITUTE SOURCE: the Q2 FY2026 earnings release (documentId 2235906) returns NO text on any of its 10 pages from Quartr read_document, so it could not be extracted. This row comes from the companion Q2 FY2026 MD&A filed the same day (2025-11-05, board-approved 2025-11-04), NOT from the earnings release."
business_100,4064732,14,https://web.quartr.com/companies/21558?companyId=21558&documentId=4064732&documentType=report&eventId=405757&navigation=external&utm_medium=referral&utm_source=mcp&rp=14,non_ifrs,Q2 FY2025,2024-09-30,Q,"Supplementary Adjusted EBITDA, Adjusted Gross Margin and Distributable Cash Flow",Adjusted EBITDA,65.5,usd_millions,1,1,207,"SUBSTITUTE SOURCE: the Q2 FY2026 earnings release (documentId 2235906) returns NO text on any of its 10 pages from Quartr read_document, so it could not be extracted. This row comes from the companion Q2 FY2026 MD&A filed the same day (2025-11-05, board-approved 2025-11-04), NOT from the earnings release."
business_100,4064732,14,https://web.quartr.com/companies/21558?companyId=21558&documentId=4064732&documentType=report&eventId=405757&navigation=external&utm_medium=referral&utm_source=mcp&rp=14,non_ifrs,H1 FY2026,2025-09-30,YTD,"Supplementary Adjusted EBITDA, Adjusted Gross Margin and Distributable Cash Flow",Adjusted EBITDA,160.3,usd_millions,1,0,207,"SUBSTITUTE SOURCE: the Q2 FY2026 earnings release (documentId 2235906) returns NO text on any of its 10 pages from Quartr read_document, so it could not be extracted. This row comes from the companion Q2 FY2026 MD&A filed the same day (2025-11-05, board-approved 2025-11-04), NOT from the earnings release."
business_100,4064732,14,https://web.quartr.com/companies/21558?companyId=21558&documentId=4064732&documentType=report&eventId=405757&navigation=external&utm_medium=referral&utm_source=mcp&rp=14,non_ifrs,H1 FY2025,2024-09-30,YTD,"Supplementary Adjusted EBITDA, Adjusted Gross Margin and Distributable Cash Flow",Adjusted EBITDA,129.5,usd_millions,1,1,207,"SUBSTITUTE SOURCE: the Q2 FY2026 earnings release (documentId 2235906) returns NO text on any of its 10 pages from Quartr read_document, so it could not be extracted. This row comes from the companion Q2 FY2026 MD&A filed the same day (2025-11-05, board-approved 2025-11-04), NOT from the earnings release."
business_100,4064732,14,https://web.quartr.com/companies/21558?companyId=21558&documentId=4064732&documentType=report&eventId=405757&navigation=external&utm_medium=referral&utm_source=mcp&rp=14,non_ifrs,Q2 FY2026,2025-09-30,Q,"Supplementary Adjusted EBITDA, Adjusted Gross Margin and Distributable Cash Flow",Distributable Cash Flow,48.0,usd_millions,1,0,208,"SUBSTITUTE SOURCE: the Q2 FY2026 earnings release (documentId 2235906) returns NO text on any of its 10 pages from Quartr read_document, so it could not be extracted. This row comes from the companion Q2 FY2026 MD&A filed the same day (2025-11-05, board-approved 2025-11-04), NOT from the earnings release."
business_100,4064732,14,https://web.quartr.com/companies/21558?companyId=21558&documentId=4064732&documentType=report&eventId=405757&navigation=external&utm_medium=referral&utm_source=mcp&rp=14,non_ifrs,Q2 FY2025,2024-09-30,Q,"Supplementary Adjusted EBITDA, Adjusted Gross Margin and Distributable Cash Flow",Distributable Cash Flow,45.3,usd_millions,1,1,208,"SUBSTITUTE SOURCE: the Q2 FY2026 earnings release (documentId 2235906) returns NO text on any of its 10 pages from Quartr read_document, so it could not be extracted. This row comes from the companion Q2 FY2026 MD&A filed the same day (2025-11-05, board-approved 2025-11-04), NOT from the earnings release."
business_100,4064732,14,https://web.quartr.com/companies/21558?companyId=21558&documentId=4064732&documentType=report&eventId=405757&navigation=external&utm_medium=referral&utm_source=mcp&rp=14,non_ifrs,H1 FY2026,2025-09-30,YTD,"Supplementary Adjusted EBITDA, Adjusted Gross Margin and Distributable Cash Flow",Distributable Cash Flow,94.6,usd_millions,1,0,208,"SUBSTITUTE SOURCE: the Q2 FY2026 earnings release (documentId 2235906) returns NO text on any of its 10 pages from Quartr read_document, so it could not be extracted. This row comes from the companion Q2 FY2026 MD&A filed the same day (2025-11-05, board-approved 2025-11-04), NOT from the earnings release."
business_100,4064732,14,https://web.quartr.com/companies/21558?companyId=21558&documentId=4064732&documentType=report&eventId=405757&navigation=external&utm_medium=referral&utm_source=mcp&rp=14,non_ifrs,H1 FY2025,2024-09-30,YTD,"Supplementary Adjusted EBITDA, Adjusted Gross Margin and Distributable Cash Flow",Distributable Cash Flow,95.0,usd_millions,1,1,208,"SUBSTITUTE SOURCE: the Q2 FY2026 earnings release (documentId 2235906) returns NO text on any of its 10 pages from Quartr read_document, so it could not be extracted. This row comes from the companion Q2 FY2026 MD&A filed the same day (2025-11-05, board-approved 2025-11-04), NOT from the earnings release."
business_100,4064732,14,https://web.quartr.com/companies/21558?companyId=21558&documentId=4064732&documentType=report&eventId=405757&navigation=external&utm_medium=referral&utm_source=mcp&rp=14,non_ifrs,Q2 FY2026,2025-09-30,Q,"Supplementary Adjusted EBITDA, Adjusted Gross Margin and Distributable Cash Flow",Fee for Service as a %of Adjusted Gross Margin,94,pct,0,0,209,"SUBSTITUTE SOURCE: the Q2 FY2026 earnings release (documentId 2235906) returns NO text on any of its 10 pages from Quartr read_document, so it could not be extracted. This row comes from the companion Q2 FY2026 MD&A filed the same day (2025-11-05, board-approved 2025-11-04), NOT from the earnings release. | caption differs from the earnings releases ('Fee-for-Service GROSS MARGIN as a % of...'); EXCEEDS 100% in H1 FY2025 because realized optimization gross margin was negative"
business_100,4064732,14,https://web.quartr.com/companies/21558?companyId=21558&documentId=4064732&documentType=report&eventId=405757&navigation=external&utm_medium=referral&utm_source=mcp&rp=14,non_ifrs,Q2 FY2025,2024-09-30,Q,"Supplementary Adjusted EBITDA, Adjusted Gross Margin and Distributable Cash Flow",Fee for Service as a %of Adjusted Gross Margin,97,pct,0,1,209,"SUBSTITUTE SOURCE: the Q2 FY2026 earnings release (documentId 2235906) returns NO text on any of its 10 pages from Quartr read_document, so it could not be extracted. This row comes from the companion Q2 FY2026 MD&A filed the same day (2025-11-05, board-approved 2025-11-04), NOT from the earnings release. | caption differs from the earnings releases ('Fee-for-Service GROSS MARGIN as a % of...'); EXCEEDS 100% in H1 FY2025 because realized optimization gross margin was negative"
business_100,4064732,14,https://web.quartr.com/companies/21558?companyId=21558&documentId=4064732&documentType=report&eventId=405757&navigation=external&utm_medium=referral&utm_source=mcp&rp=14,non_ifrs,H1 FY2026,2025-09-30,YTD,"Supplementary Adjusted EBITDA, Adjusted Gross Margin and Distributable Cash Flow",Fee for Service as a %of Adjusted Gross Margin,95,pct,0,0,209,"SUBSTITUTE SOURCE: the Q2 FY2026 earnings release (documentId 2235906) returns NO text on any of its 10 pages from Quartr read_document, so it could not be extracted. This row comes from the companion Q2 FY2026 MD&A filed the same day (2025-11-05, board-approved 2025-11-04), NOT from the earnings release. | caption differs from the earnings releases ('Fee-for-Service GROSS MARGIN as a % of...'); EXCEEDS 100% in H1 FY2025 because realized optimization gross margin was negative"
business_100,4064732,14,https://web.quartr.com/companies/21558?companyId=21558&documentId=4064732&documentType=report&eventId=405757&navigation=external&utm_medium=referral&utm_source=mcp&rp=14,non_ifrs,H1 FY2025,2024-09-30,YTD,"Supplementary Adjusted EBITDA, Adjusted Gross Margin and Distributable Cash Flow",Fee for Service as a %of Adjusted Gross Margin,102,pct,0,1,209,"SUBSTITUTE SOURCE: the Q2 FY2026 earnings release (documentId 2235906) returns NO text on any of its 10 pages from Quartr read_document, so it could not be extracted. This row comes from the companion Q2 FY2026 MD&A filed the same day (2025-11-05, board-approved 2025-11-04), NOT from the earnings release. | caption differs from the earnings releases ('Fee-for-Service GROSS MARGIN as a % of...'); EXCEEDS 100% in H1 FY2025 because realized optimization gross margin was negative"
business_100,4064732,14,https://web.quartr.com/companies/21558?companyId=21558&documentId=4064732&documentType=report&eventId=405757&navigation=external&utm_medium=referral&utm_source=mcp&rp=14,non_ifrs,Q2 FY2026,2025-09-30,Q,"Supplementary Adjusted EBITDA, Adjusted Gross Margin and Distributable Cash Flow",Adjusted EBITDA Margin,82,pct,0,0,210,"SUBSTITUTE SOURCE: the Q2 FY2026 earnings release (documentId 2235906) returns NO text on any of its 10 pages from Quartr read_document, so it could not be extracted. This row comes from the companion Q2 FY2026 MD&A filed the same day (2025-11-05, board-approved 2025-11-04), NOT from the earnings release. | MEASURE DISCONTINUED: 'Adjusted EBITDA Margin' (Adjusted EBITDA / Adjusted Gross Margin) is defined and presented in Q2 FY2026 and does not appear in the Q3 FY2026, Q4 FY2026 or Q1 FY2027 releases"
business_100,4064732,14,https://web.quartr.com/companies/21558?companyId=21558&documentId=4064732&documentType=report&eventId=405757&navigation=external&utm_medium=referral&utm_source=mcp&rp=14,non_ifrs,Q2 FY2025,2024-09-30,Q,"Supplementary Adjusted EBITDA, Adjusted Gross Margin and Distributable Cash Flow",Adjusted EBITDA Margin,79,pct,0,1,210,"SUBSTITUTE SOURCE: the Q2 FY2026 earnings release (documentId 2235906) returns NO text on any of its 10 pages from Quartr read_document, so it could not be extracted. This row comes from the companion Q2 FY2026 MD&A filed the same day (2025-11-05, board-approved 2025-11-04), NOT from the earnings release. | MEASURE DISCONTINUED: 'Adjusted EBITDA Margin' (Adjusted EBITDA / Adjusted Gross Margin) is defined and presented in Q2 FY2026 and does not appear in the Q3 FY2026, Q4 FY2026 or Q1 FY2027 releases"
business_100,4064732,14,https://web.quartr.com/companies/21558?companyId=21558&documentId=4064732&documentType=report&eventId=405757&navigation=external&utm_medium=referral&utm_source=mcp&rp=14,non_ifrs,H1 FY2026,2025-09-30,YTD,"Supplementary Adjusted EBITDA, Adjusted Gross Margin and Distributable Cash Flow",Adjusted EBITDA Margin,81,pct,0,0,210,"SUBSTITUTE SOURCE: the Q2 FY2026 earnings release (documentId 2235906) returns NO text on any of its 10 pages from Quartr read_document, so it could not be extracted. This row comes from the companion Q2 FY2026 MD&A filed the same day (2025-11-05, board-approved 2025-11-04), NOT from the earnings release. | MEASURE DISCONTINUED: 'Adjusted EBITDA Margin' (Adjusted EBITDA / Adjusted Gross Margin) is defined and presented in Q2 FY2026 and does not appear in the Q3 FY2026, Q4 FY2026 or Q1 FY2027 releases"
business_100,4064732,14,https://web.quartr.com/companies/21558?companyId=21558&documentId=4064732&documentType=report&eventId=405757&navigation=external&utm_medium=referral&utm_source=mcp&rp=14,non_ifrs,H1 FY2025,2024-09-30,YTD,"Supplementary Adjusted EBITDA, Adjusted Gross Margin and Distributable Cash Flow",Adjusted EBITDA Margin,78,pct,0,1,210,"SUBSTITUTE SOURCE: the Q2 FY2026 earnings release (documentId 2235906) returns NO text on any of its 10 pages from Quartr read_document, so it could not be extracted. This row comes from the companion Q2 FY2026 MD&A filed the same day (2025-11-05, board-approved 2025-11-04), NOT from the earnings release. | MEASURE DISCONTINUED: 'Adjusted EBITDA Margin' (Adjusted EBITDA / Adjusted Gross Margin) is defined and presented in Q2 FY2026 and does not appear in the Q3 FY2026, Q4 FY2026 or Q1 FY2027 releases"
business_100,4064732,14,https://web.quartr.com/companies/21558?companyId=21558&documentId=4064732&documentType=report&eventId=405757&navigation=external&utm_medium=referral&utm_source=mcp&rp=14,non_ifrs,Q2 FY2026,2025-09-30,Q,Quarterly Results Summary,Revenue,103.2,usd_millions,0,0,401,"SUBSTITUTE SOURCE: the Q2 FY2026 earnings release (documentId 2235906) returns NO text on any of its 10 pages from Quartr read_document, so it could not be extracted. This row comes from the companion Q2 FY2026 MD&A filed the same day (2025-11-05, board-approved 2025-11-04), NOT from the earnings release. | IFRS measure presented inside the non-IFRS Quarterly Results Summary table. column mapping proven: header row lost 'Fiscal Year 2026'; Q1 FY2026 column (104.1/48.3/77.1/95.8/46.6) matches the Q1 FY2027 release comparatives exactly, and Q4/Q3 FY2025 revenue (128.1/112.4) match the FY2026 and Q3 FY2026 releases"
business_100,4064732,14,https://web.quartr.com/companies/21558?companyId=21558&documentId=4064732&documentType=report&eventId=405757&navigation=external&utm_medium=referral&utm_source=mcp&rp=14,non_ifrs,Q1 FY2026,2025-06-30,Q,Quarterly Results Summary,Revenue,104.1,usd_millions,0,1,401,"SUBSTITUTE SOURCE: the Q2 FY2026 earnings release (documentId 2235906) returns NO text on any of its 10 pages from Quartr read_document, so it could not be extracted. This row comes from the companion Q2 FY2026 MD&A filed the same day (2025-11-05, board-approved 2025-11-04), NOT from the earnings release. | IFRS measure presented inside the non-IFRS Quarterly Results Summary table. column mapping proven: header row lost 'Fiscal Year 2026'; Q1 FY2026 column (104.1/48.3/77.1/95.8/46.6) matches the Q1 FY2027 release comparatives exactly, and Q4/Q3 FY2025 revenue (128.1/112.4) match the FY2026 and Q3 FY2026 releases"
business_100,4064732,14,https://web.quartr.com/companies/21558?companyId=21558&documentId=4064732&documentType=report&eventId=405757&navigation=external&utm_medium=referral&utm_source=mcp&rp=14,non_ifrs,Q4 FY2025,2025-03-31,Q,Quarterly Results Summary,Revenue,128.1,usd_millions,0,1,401,"SUBSTITUTE SOURCE: the Q2 FY2026 earnings release (documentId 2235906) returns NO text on any of its 10 pages from Quartr read_document, so it could not be extracted. This row comes from the companion Q2 FY2026 MD&A filed the same day (2025-11-05, board-approved 2025-11-04), NOT from the earnings release. | IFRS measure presented inside the non-IFRS Quarterly Results Summary table. column mapping proven: header row lost 'Fiscal Year 2026'; Q1 FY2026 column (104.1/48.3/77.1/95.8/46.6) matches the Q1 FY2027 release comparatives exactly, and Q4/Q3 FY2025 revenue (128.1/112.4) match the FY2026 and Q3 FY2026 releases"
business_100,4064732,14,https://web.quartr.com/companies/21558?companyId=21558&documentId=4064732&documentType=report&eventId=405757&navigation=external&utm_medium=referral&utm_source=mcp&rp=14,non_ifrs,Q3 FY2025,2024-12-31,Q,Quarterly Results Summary,Revenue,112.4,usd_millions,0,1,401,"SUBSTITUTE SOURCE: the Q2 FY2026 earnings release (documentId 2235906) returns NO text on any of its 10 pages from Quartr read_document, so it could not be extracted. This row comes from the companion Q2 FY2026 MD&A filed the same day (2025-11-05, board-approved 2025-11-04), NOT from the earnings release. | IFRS measure presented inside the non-IFRS Quarterly Results Summary table. column mapping proven: header row lost 'Fiscal Year 2026'; Q1 FY2026 column (104.1/48.3/77.1/95.8/46.6) matches the Q1 FY2027 release comparatives exactly, and Q4/Q3 FY2025 revenue (128.1/112.4) match the FY2026 and Q3 FY2026 releases"
business_100,4064732,14,https://web.quartr.com/companies/21558?companyId=21558&documentId=4064732&documentType=report&eventId=405757&navigation=external&utm_medium=referral&utm_source=mcp&rp=14,non_ifrs,Q2 FY2025,2024-09-30,Q,Quarterly Results Summary,Revenue,83.1,usd_millions,0,1,401,"SUBSTITUTE SOURCE: the Q2 FY2026 earnings release (documentId 2235906) returns NO text on any of its 10 pages from Quartr read_document, so it could not be extracted. This row comes from the companion Q2 FY2026 MD&A filed the same day (2025-11-05, board-approved 2025-11-04), NOT from the earnings release. | IFRS measure presented inside the non-IFRS Quarterly Results Summary table. column mapping proven: header row lost 'Fiscal Year 2026'; Q1 FY2026 column (104.1/48.3/77.1/95.8/46.6) matches the Q1 FY2027 release comparatives exactly, and Q4/Q3 FY2025 revenue (128.1/112.4) match the FY2026 and Q3 FY2026 releases"
business_100,4064732,14,https://web.quartr.com/companies/21558?companyId=21558&documentId=4064732&documentType=report&eventId=405757&navigation=external&utm_medium=referral&utm_source=mcp&rp=14,non_ifrs,Q1 FY2025,2024-06-30,Q,Quarterly Results Summary,Revenue,91.7,usd_millions,0,1,401,"SUBSTITUTE SOURCE: the Q2 FY2026 earnings release (documentId 2235906) returns NO text on any of its 10 pages from Quartr read_document, so it could not be extracted. This row comes from the companion Q2 FY2026 MD&A filed the same day (2025-11-05, board-approved 2025-11-04), NOT from the earnings release. | IFRS measure presented inside the non-IFRS Quarterly Results Summary table. column mapping proven: header row lost 'Fiscal Year 2026'; Q1 FY2026 column (104.1/48.3/77.1/95.8/46.6) matches the Q1 FY2027 release comparatives exactly, and Q4/Q3 FY2025 revenue (128.1/112.4) match the FY2026 and Q3 FY2026 releases"
business_100,4064732,14,https://web.quartr.com/companies/21558?companyId=21558&documentId=4064732&documentType=report&eventId=405757&navigation=external&utm_medium=referral&utm_source=mcp&rp=14,non_ifrs,Q2 FY2026,2025-09-30,Q,Quarterly Results Summary,Net earnings,45.8,usd_millions,0,0,402,"SUBSTITUTE SOURCE: the Q2 FY2026 earnings release (documentId 2235906) returns NO text on any of its 10 pages from Quartr read_document, so it could not be extracted. This row comes from the companion Q2 FY2026 MD&A filed the same day (2025-11-05, board-approved 2025-11-04), NOT from the earnings release. | column mapping proven: header row lost 'Fiscal Year 2026'; Q1 FY2026 column (104.1/48.3/77.1/95.8/46.6) matches the Q1 FY2027 release comparatives exactly, and Q4/Q3 FY2025 revenue (128.1/112.4) match the FY2026 and Q3 FY2026 releases"
business_100,4064732,14,https://web.quartr.com/companies/21558?companyId=21558&documentId=4064732&documentType=report&eventId=405757&navigation=external&utm_medium=referral&utm_source=mcp&rp=14,non_ifrs,Q1 FY2026,2025-06-30,Q,Quarterly Results Summary,Net earnings,48.3,usd_millions,0,1,402,"SUBSTITUTE SOURCE: the Q2 FY2026 earnings release (documentId 2235906) returns NO text on any of its 10 pages from Quartr read_document, so it could not be extracted. This row comes from the companion Q2 FY2026 MD&A filed the same day (2025-11-05, board-approved 2025-11-04), NOT from the earnings release. | column mapping proven: header row lost 'Fiscal Year 2026'; Q1 FY2026 column (104.1/48.3/77.1/95.8/46.6) matches the Q1 FY2027 release comparatives exactly, and Q4/Q3 FY2025 revenue (128.1/112.4) match the FY2026 and Q3 FY2026 releases"
business_100,4064732,14,https://web.quartr.com/companies/21558?companyId=21558&documentId=4064732&documentType=report&eventId=405757&navigation=external&utm_medium=referral&utm_source=mcp&rp=14,non_ifrs,Q4 FY2025,2025-03-31,Q,Quarterly Results Summary,Net earnings,57.0,usd_millions,0,1,402,"SUBSTITUTE SOURCE: the Q2 FY2026 earnings release (documentId 2235906) returns NO text on any of its 10 pages from Quartr read_document, so it could not be extracted. This row comes from the companion Q2 FY2026 MD&A filed the same day (2025-11-05, board-approved 2025-11-04), NOT from the earnings release. | column mapping proven: header row lost 'Fiscal Year 2026'; Q1 FY2026 column (104.1/48.3/77.1/95.8/46.6) matches the Q1 FY2027 release comparatives exactly, and Q4/Q3 FY2025 revenue (128.1/112.4) match the FY2026 and Q3 FY2026 releases"
business_100,4064732,14,https://web.quartr.com/companies/21558?companyId=21558&documentId=4064732&documentType=report&eventId=405757&navigation=external&utm_medium=referral&utm_source=mcp&rp=14,non_ifrs,Q3 FY2025,2024-12-31,Q,Quarterly Results Summary,Net earnings,58.1,usd_millions,0,1,402,"SUBSTITUTE SOURCE: the Q2 FY2026 earnings release (documentId 2235906) returns NO text on any of its 10 pages from Quartr read_document, so it could not be extracted. This row comes from the companion Q2 FY2026 MD&A filed the same day (2025-11-05, board-approved 2025-11-04), NOT from the earnings release. | column mapping proven: header row lost 'Fiscal Year 2026'; Q1 FY2026 column (104.1/48.3/77.1/95.8/46.6) matches the Q1 FY2027 release comparatives exactly, and Q4/Q3 FY2025 revenue (128.1/112.4) match the FY2026 and Q3 FY2026 releases"
business_100,4064732,14,https://web.quartr.com/companies/21558?companyId=21558&documentId=4064732&documentType=report&eventId=405757&navigation=external&utm_medium=referral&utm_source=mcp&rp=14,non_ifrs,Q2 FY2025,2024-09-30,Q,Quarterly Results Summary,Net earnings,48.7,usd_millions,0,1,402,"SUBSTITUTE SOURCE: the Q2 FY2026 earnings release (documentId 2235906) returns NO text on any of its 10 pages from Quartr read_document, so it could not be extracted. This row comes from the companion Q2 FY2026 MD&A filed the same day (2025-11-05, board-approved 2025-11-04), NOT from the earnings release. | column mapping proven: header row lost 'Fiscal Year 2026'; Q1 FY2026 column (104.1/48.3/77.1/95.8/46.6) matches the Q1 FY2027 release comparatives exactly, and Q4/Q3 FY2025 revenue (128.1/112.4) match the FY2026 and Q3 FY2026 releases"
business_100,4064732,14,https://web.quartr.com/companies/21558?companyId=21558&documentId=4064732&documentType=report&eventId=405757&navigation=external&utm_medium=referral&utm_source=mcp&rp=14,non_ifrs,Q1 FY2025,2024-06-30,Q,Quarterly Results Summary,Net earnings,45.6,usd_millions,0,1,402,"SUBSTITUTE SOURCE: the Q2 FY2026 earnings release (documentId 2235906) returns NO text on any of its 10 pages from Quartr read_document, so it could not be extracted. This row comes from the companion Q2 FY2026 MD&A filed the same day (2025-11-05, board-approved 2025-11-04), NOT from the earnings release. | column mapping proven: header row lost 'Fiscal Year 2026'; Q1 FY2026 column (104.1/48.3/77.1/95.8/46.6) matches the Q1 FY2027 release comparatives exactly, and Q4/Q3 FY2025 revenue (128.1/112.4) match the FY2026 and Q3 FY2026 releases"
business_100,4064732,14,https://web.quartr.com/companies/21558?companyId=21558&documentId=4064732&documentType=report&eventId=405757&navigation=external&utm_medium=referral&utm_source=mcp&rp=14,non_ifrs,Q2 FY2026,2025-09-30,Q,Quarterly Results Summary,Adjusted EBITDA,83.2,usd_millions,1,0,403,"SUBSTITUTE SOURCE: the Q2 FY2026 earnings release (documentId 2235906) returns NO text on any of its 10 pages from Quartr read_document, so it could not be extracted. This row comes from the companion Q2 FY2026 MD&A filed the same day (2025-11-05, board-approved 2025-11-04), NOT from the earnings release. | column mapping proven: header row lost 'Fiscal Year 2026'; Q1 FY2026 column (104.1/48.3/77.1/95.8/46.6) matches the Q1 FY2027 release comparatives exactly, and Q4/Q3 FY2025 revenue (128.1/112.4) match the FY2026 and Q3 FY2026 releases"
business_100,4064732,14,https://web.quartr.com/companies/21558?companyId=21558&documentId=4064732&documentType=report&eventId=405757&navigation=external&utm_medium=referral&utm_source=mcp&rp=14,non_ifrs,Q1 FY2026,2025-06-30,Q,Quarterly Results Summary,Adjusted EBITDA,77.1,usd_millions,1,1,403,"SUBSTITUTE SOURCE: the Q2 FY2026 earnings release (documentId 2235906) returns NO text on any of its 10 pages from Quartr read_document, so it could not be extracted. This row comes from the companion Q2 FY2026 MD&A filed the same day (2025-11-05, board-approved 2025-11-04), NOT from the earnings release. | column mapping proven: header row lost 'Fiscal Year 2026'; Q1 FY2026 column (104.1/48.3/77.1/95.8/46.6) matches the Q1 FY2027 release comparatives exactly, and Q4/Q3 FY2025 revenue (128.1/112.4) match the FY2026 and Q3 FY2026 releases"
business_100,4064732,14,https://web.quartr.com/companies/21558?companyId=21558&documentId=4064732&documentType=report&eventId=405757&navigation=external&utm_medium=referral&utm_source=mcp&rp=14,non_ifrs,Q4 FY2025,2025-03-31,Q,Quarterly Results Summary,Adjusted EBITDA,112.7,usd_millions,1,1,403,"SUBSTITUTE SOURCE: the Q2 FY2026 earnings release (documentId 2235906) returns NO text on any of its 10 pages from Quartr read_document, so it could not be extracted. This row comes from the companion Q2 FY2026 MD&A filed the same day (2025-11-05, board-approved 2025-11-04), NOT from the earnings release. | column mapping proven: header row lost 'Fiscal Year 2026'; Q1 FY2026 column (104.1/48.3/77.1/95.8/46.6) matches the Q1 FY2027 release comparatives exactly, and Q4/Q3 FY2025 revenue (128.1/112.4) match the FY2026 and Q3 FY2026 releases"
business_100,4064732,14,https://web.quartr.com/companies/21558?companyId=21558&documentId=4064732&documentType=report&eventId=405757&navigation=external&utm_medium=referral&utm_source=mcp&rp=14,non_ifrs,Q3 FY2025,2024-12-31,Q,Quarterly Results Summary,Adjusted EBITDA,96.6,usd_millions,1,1,403,"SUBSTITUTE SOURCE: the Q2 FY2026 earnings release (documentId 2235906) returns NO text on any of its 10 pages from Quartr read_document, so it could not be extracted. This row comes from the companion Q2 FY2026 MD&A filed the same day (2025-11-05, board-approved 2025-11-04), NOT from the earnings release. | column mapping proven: header row lost 'Fiscal Year 2026'; Q1 FY2026 column (104.1/48.3/77.1/95.8/46.6) matches the Q1 FY2027 release comparatives exactly, and Q4/Q3 FY2025 revenue (128.1/112.4) match the FY2026 and Q3 FY2026 releases"
business_100,4064732,14,https://web.quartr.com/companies/21558?companyId=21558&documentId=4064732&documentType=report&eventId=405757&navigation=external&utm_medium=referral&utm_source=mcp&rp=14,non_ifrs,Q2 FY2025,2024-09-30,Q,Quarterly Results Summary,Adjusted EBITDA,65.5,usd_millions,1,1,403,"SUBSTITUTE SOURCE: the Q2 FY2026 earnings release (documentId 2235906) returns NO text on any of its 10 pages from Quartr read_document, so it could not be extracted. This row comes from the companion Q2 FY2026 MD&A filed the same day (2025-11-05, board-approved 2025-11-04), NOT from the earnings release. | column mapping proven: header row lost 'Fiscal Year 2026'; Q1 FY2026 column (104.1/48.3/77.1/95.8/46.6) matches the Q1 FY2027 release comparatives exactly, and Q4/Q3 FY2025 revenue (128.1/112.4) match the FY2026 and Q3 FY2026 releases"
business_100,4064732,14,https://web.quartr.com/companies/21558?companyId=21558&documentId=4064732&documentType=report&eventId=405757&navigation=external&utm_medium=referral&utm_source=mcp&rp=14,non_ifrs,Q1 FY2025,2024-06-30,Q,Quarterly Results Summary,Adjusted EBITDA,64.0,usd_millions,1,1,403,"SUBSTITUTE SOURCE: the Q2 FY2026 earnings release (documentId 2235906) returns NO text on any of its 10 pages from Quartr read_document, so it could not be extracted. This row comes from the companion Q2 FY2026 MD&A filed the same day (2025-11-05, board-approved 2025-11-04), NOT from the earnings release. | column mapping proven: header row lost 'Fiscal Year 2026'; Q1 FY2026 column (104.1/48.3/77.1/95.8/46.6) matches the Q1 FY2027 release comparatives exactly, and Q4/Q3 FY2025 revenue (128.1/112.4) match the FY2026 and Q3 FY2026 releases"
business_100,4064732,14,https://web.quartr.com/companies/21558?companyId=21558&documentId=4064732&documentType=report&eventId=405757&navigation=external&utm_medium=referral&utm_source=mcp&rp=14,non_ifrs,Q2 FY2026,2025-09-30,Q,Quarterly Results Summary,Adjusted Gross Margin,101.3,usd_millions,1,0,404,"SUBSTITUTE SOURCE: the Q2 FY2026 earnings release (documentId 2235906) returns NO text on any of its 10 pages from Quartr read_document, so it could not be extracted. This row comes from the companion Q2 FY2026 MD&A filed the same day (2025-11-05, board-approved 2025-11-04), NOT from the earnings release. | INTER-FILING DISCREPANCY: Q4 FY2025 printed here as 134.1 but as 134.2 in the FY2026 release (doc 3409150 p.1/p.14); Q3 FY2025 printed here as 113.1 but as 113.0 in the Q3 FY2026 release (doc 2794952 p.1/p.13). Recorded as printed; not corrected. column mapping proven: header row lost 'Fiscal Year 2026'; Q1 FY2026 column (104.1/48.3/77.1/95.8/46.6) matches the Q1 FY2027 release comparatives exactly, and Q4/Q3 FY2025 revenue (128.1/112.4) match the FY2026 and Q3 FY2026 releases"
business_100,4064732,14,https://web.quartr.com/companies/21558?companyId=21558&documentId=4064732&documentType=report&eventId=405757&navigation=external&utm_medium=referral&utm_source=mcp&rp=14,non_ifrs,Q1 FY2026,2025-06-30,Q,Quarterly Results Summary,Adjusted Gross Margin,95.8,usd_millions,1,1,404,"SUBSTITUTE SOURCE: the Q2 FY2026 earnings release (documentId 2235906) returns NO text on any of its 10 pages from Quartr read_document, so it could not be extracted. This row comes from the companion Q2 FY2026 MD&A filed the same day (2025-11-05, board-approved 2025-11-04), NOT from the earnings release. | INTER-FILING DISCREPANCY: Q4 FY2025 printed here as 134.1 but as 134.2 in the FY2026 release (doc 3409150 p.1/p.14); Q3 FY2025 printed here as 113.1 but as 113.0 in the Q3 FY2026 release (doc 2794952 p.1/p.13). Recorded as printed; not corrected. column mapping proven: header row lost 'Fiscal Year 2026'; Q1 FY2026 column (104.1/48.3/77.1/95.8/46.6) matches the Q1 FY2027 release comparatives exactly, and Q4/Q3 FY2025 revenue (128.1/112.4) match the FY2026 and Q3 FY2026 releases"
business_100,4064732,14,https://web.quartr.com/companies/21558?companyId=21558&documentId=4064732&documentType=report&eventId=405757&navigation=external&utm_medium=referral&utm_source=mcp&rp=14,non_ifrs,Q4 FY2025,2025-03-31,Q,Quarterly Results Summary,Adjusted Gross Margin,134.1,usd_millions,1,1,404,"SUBSTITUTE SOURCE: the Q2 FY2026 earnings release (documentId 2235906) returns NO text on any of its 10 pages from Quartr read_document, so it could not be extracted. This row comes from the companion Q2 FY2026 MD&A filed the same day (2025-11-05, board-approved 2025-11-04), NOT from the earnings release. | INTER-FILING DISCREPANCY: Q4 FY2025 printed here as 134.1 but as 134.2 in the FY2026 release (doc 3409150 p.1/p.14); Q3 FY2025 printed here as 113.1 but as 113.0 in the Q3 FY2026 release (doc 2794952 p.1/p.13). Recorded as printed; not corrected. column mapping proven: header row lost 'Fiscal Year 2026'; Q1 FY2026 column (104.1/48.3/77.1/95.8/46.6) matches the Q1 FY2027 release comparatives exactly, and Q4/Q3 FY2025 revenue (128.1/112.4) match the FY2026 and Q3 FY2026 releases"
business_100,4064732,14,https://web.quartr.com/companies/21558?companyId=21558&documentId=4064732&documentType=report&eventId=405757&navigation=external&utm_medium=referral&utm_source=mcp&rp=14,non_ifrs,Q3 FY2025,2024-12-31,Q,Quarterly Results Summary,Adjusted Gross Margin,113.1,usd_millions,1,1,404,"SUBSTITUTE SOURCE: the Q2 FY2026 earnings release (documentId 2235906) returns NO text on any of its 10 pages from Quartr read_document, so it could not be extracted. This row comes from the companion Q2 FY2026 MD&A filed the same day (2025-11-05, board-approved 2025-11-04), NOT from the earnings release. | INTER-FILING DISCREPANCY: Q4 FY2025 printed here as 134.1 but as 134.2 in the FY2026 release (doc 3409150 p.1/p.14); Q3 FY2025 printed here as 113.1 but as 113.0 in the Q3 FY2026 release (doc 2794952 p.1/p.13). Recorded as printed; not corrected. column mapping proven: header row lost 'Fiscal Year 2026'; Q1 FY2026 column (104.1/48.3/77.1/95.8/46.6) matches the Q1 FY2027 release comparatives exactly, and Q4/Q3 FY2025 revenue (128.1/112.4) match the FY2026 and Q3 FY2026 releases"
business_100,4064732,14,https://web.quartr.com/companies/21558?companyId=21558&documentId=4064732&documentType=report&eventId=405757&navigation=external&utm_medium=referral&utm_source=mcp&rp=14,non_ifrs,Q2 FY2025,2024-09-30,Q,Quarterly Results Summary,Adjusted Gross Margin,82.8,usd_millions,1,1,404,"SUBSTITUTE SOURCE: the Q2 FY2026 earnings release (documentId 2235906) returns NO text on any of its 10 pages from Quartr read_document, so it could not be extracted. This row comes from the companion Q2 FY2026 MD&A filed the same day (2025-11-05, board-approved 2025-11-04), NOT from the earnings release. | INTER-FILING DISCREPANCY: Q4 FY2025 printed here as 134.1 but as 134.2 in the FY2026 release (doc 3409150 p.1/p.14); Q3 FY2025 printed here as 113.1 but as 113.0 in the Q3 FY2026 release (doc 2794952 p.1/p.13). Recorded as printed; not corrected. column mapping proven: header row lost 'Fiscal Year 2026'; Q1 FY2026 column (104.1/48.3/77.1/95.8/46.6) matches the Q1 FY2027 release comparatives exactly, and Q4/Q3 FY2025 revenue (128.1/112.4) match the FY2026 and Q3 FY2026 releases"
business_100,4064732,14,https://web.quartr.com/companies/21558?companyId=21558&documentId=4064732&documentType=report&eventId=405757&navigation=external&utm_medium=referral&utm_source=mcp&rp=14,non_ifrs,Q1 FY2025,2024-06-30,Q,Quarterly Results Summary,Adjusted Gross Margin,82.4,usd_millions,1,1,404,"SUBSTITUTE SOURCE: the Q2 FY2026 earnings release (documentId 2235906) returns NO text on any of its 10 pages from Quartr read_document, so it could not be extracted. This row comes from the companion Q2 FY2026 MD&A filed the same day (2025-11-05, board-approved 2025-11-04), NOT from the earnings release. | INTER-FILING DISCREPANCY: Q4 FY2025 printed here as 134.1 but as 134.2 in the FY2026 release (doc 3409150 p.1/p.14); Q3 FY2025 printed here as 113.1 but as 113.0 in the Q3 FY2026 release (doc 2794952 p.1/p.13). Recorded as printed; not corrected. column mapping proven: header row lost 'Fiscal Year 2026'; Q1 FY2026 column (104.1/48.3/77.1/95.8/46.6) matches the Q1 FY2027 release comparatives exactly, and Q4/Q3 FY2025 revenue (128.1/112.4) match the FY2026 and Q3 FY2026 releases"
business_100,4064732,14,https://web.quartr.com/companies/21558?companyId=21558&documentId=4064732&documentType=report&eventId=405757&navigation=external&utm_medium=referral&utm_source=mcp&rp=14,non_ifrs,Q2 FY2026,2025-09-30,Q,Quarterly Results Summary,Distributable Cash Flow,48.0,usd_millions,1,0,405,"SUBSTITUTE SOURCE: the Q2 FY2026 earnings release (documentId 2235906) returns NO text on any of its 10 pages from Quartr read_document, so it could not be extracted. This row comes from the companion Q2 FY2026 MD&A filed the same day (2025-11-05, board-approved 2025-11-04), NOT from the earnings release. | column mapping proven: header row lost 'Fiscal Year 2026'; Q1 FY2026 column (104.1/48.3/77.1/95.8/46.6) matches the Q1 FY2027 release comparatives exactly, and Q4/Q3 FY2025 revenue (128.1/112.4) match the FY2026 and Q3 FY2026 releases"
business_100,4064732,14,https://web.quartr.com/companies/21558?companyId=21558&documentId=4064732&documentType=report&eventId=405757&navigation=external&utm_medium=referral&utm_source=mcp&rp=14,non_ifrs,Q1 FY2026,2025-06-30,Q,Quarterly Results Summary,Distributable Cash Flow,46.6,usd_millions,1,1,405,"SUBSTITUTE SOURCE: the Q2 FY2026 earnings release (documentId 2235906) returns NO text on any of its 10 pages from Quartr read_document, so it could not be extracted. This row comes from the companion Q2 FY2026 MD&A filed the same day (2025-11-05, board-approved 2025-11-04), NOT from the earnings release. | column mapping proven: header row lost 'Fiscal Year 2026'; Q1 FY2026 column (104.1/48.3/77.1/95.8/46.6) matches the Q1 FY2027 release comparatives exactly, and Q4/Q3 FY2025 revenue (128.1/112.4) match the FY2026 and Q3 FY2026 releases"
business_100,4064732,14,https://web.quartr.com/companies/21558?companyId=21558&documentId=4064732&documentType=report&eventId=405757&navigation=external&utm_medium=referral&utm_source=mcp&rp=14,non_ifrs,Q4 FY2025,2025-03-31,Q,Quarterly Results Summary,Distributable Cash Flow,78.0,usd_millions,1,1,405,"SUBSTITUTE SOURCE: the Q2 FY2026 earnings release (documentId 2235906) returns NO text on any of its 10 pages from Quartr read_document, so it could not be extracted. This row comes from the companion Q2 FY2026 MD&A filed the same day (2025-11-05, board-approved 2025-11-04), NOT from the earnings release. | column mapping proven: header row lost 'Fiscal Year 2026'; Q1 FY2026 column (104.1/48.3/77.1/95.8/46.6) matches the Q1 FY2027 release comparatives exactly, and Q4/Q3 FY2025 revenue (128.1/112.4) match the FY2026 and Q3 FY2026 releases"
business_100,4064732,14,https://web.quartr.com/companies/21558?companyId=21558&documentId=4064732&documentType=report&eventId=405757&navigation=external&utm_medium=referral&utm_source=mcp&rp=14,non_ifrs,Q3 FY2025,2024-12-31,Q,Quarterly Results Summary,Distributable Cash Flow,61.5,usd_millions,1,1,405,"SUBSTITUTE SOURCE: the Q2 FY2026 earnings release (documentId 2235906) returns NO text on any of its 10 pages from Quartr read_document, so it could not be extracted. This row comes from the companion Q2 FY2026 MD&A filed the same day (2025-11-05, board-approved 2025-11-04), NOT from the earnings release. | column mapping proven: header row lost 'Fiscal Year 2026'; Q1 FY2026 column (104.1/48.3/77.1/95.8/46.6) matches the Q1 FY2027 release comparatives exactly, and Q4/Q3 FY2025 revenue (128.1/112.4) match the FY2026 and Q3 FY2026 releases"
business_100,4064732,14,https://web.quartr.com/companies/21558?companyId=21558&documentId=4064732&documentType=report&eventId=405757&navigation=external&utm_medium=referral&utm_source=mcp&rp=14,non_ifrs,Q2 FY2025,2024-09-30,Q,Quarterly Results Summary,Distributable Cash Flow,45.3,usd_millions,1,1,405,"SUBSTITUTE SOURCE: the Q2 FY2026 earnings release (documentId 2235906) returns NO text on any of its 10 pages from Quartr read_document, so it could not be extracted. This row comes from the companion Q2 FY2026 MD&A filed the same day (2025-11-05, board-approved 2025-11-04), NOT from the earnings release. | column mapping proven: header row lost 'Fiscal Year 2026'; Q1 FY2026 column (104.1/48.3/77.1/95.8/46.6) matches the Q1 FY2027 release comparatives exactly, and Q4/Q3 FY2025 revenue (128.1/112.4) match the FY2026 and Q3 FY2026 releases"
business_100,4064732,14,https://web.quartr.com/companies/21558?companyId=21558&documentId=4064732&documentType=report&eventId=405757&navigation=external&utm_medium=referral&utm_source=mcp&rp=14,non_ifrs,Q1 FY2025,2024-06-30,Q,Quarterly Results Summary,Distributable Cash Flow,49.7,usd_millions,1,1,405,"SUBSTITUTE SOURCE: the Q2 FY2026 earnings release (documentId 2235906) returns NO text on any of its 10 pages from Quartr read_document, so it could not be extracted. This row comes from the companion Q2 FY2026 MD&A filed the same day (2025-11-05, board-approved 2025-11-04), NOT from the earnings release. | column mapping proven: header row lost 'Fiscal Year 2026'; Q1 FY2026 column (104.1/48.3/77.1/95.8/46.6) matches the Q1 FY2027 release comparatives exactly, and Q4/Q3 FY2025 revenue (128.1/112.4) match the FY2026 and Q3 FY2026 releases"
company,2794952,9,https://web.quartr.com/companies/21558?companyId=21558&documentId=2794952&documentType=report&eventId=411100&navigation=external&utm_medium=referral&utm_source=mcp&rp=9,dividends,Q2 FY2026,2025-09-30,Q,Dividend Declaration,Dividends to owners ($0.22 per Class A common share),0.22,usd_per_share,0,0,1,"INAUGURAL dividend, announced with the Q2 FY2026 release on 2025-11-05. Amount evidenced by the Q3 FY2026 release cash-flow caption (period 2025-07-28 to 2025-12-31, only one dividend paid) and corroborated by the FY2026 release statement that $0.2310 is 'a 5% increase from the prior quarterly rate'. DECLARATION / RECORD / PAYMENT DATES NOT OBTAINABLE - they are stated only in the Q2 FY2026 earnings release (documentId 2235906), which returns no text."
company,2794952,3,https://web.quartr.com/companies/21558?companyId=21558&documentId=2794952&documentType=report&eventId=411100&navigation=external&utm_medium=referral&utm_source=mcp&rp=3,dividends,Q3 FY2026,2025-12-31,Q,Dividend Declaration,quarterly cash dividend of US$0.22 per class 'A' common share for the third fiscal quarter of 2026,0.22,usd_per_share,0,0,2,declared 2026-02-10; record date 2026-03-16; payable 2026-03-31; designated an 'eligible dividend' for Canadian income tax purposes
company,3409150,3,https://web.quartr.com/companies/21558?companyId=21558&documentId=3409150&documentType=report&eventId=554427&navigation=external&utm_medium=referral&utm_source=mcp&rp=3,dividends,Q4 FY2026,2026-03-31,Q,Dividend Increase,quarterly cash dividend of US$0.2310 per class 'A' common share for the fourth fiscal quarter of 2026,0.231,usd_per_share,0,0,3,declared 2026-05-28; record date 2026-06-15; payable 2026-06-30; 5% increase from the prior quarterly rate; high end of the long-term dividend growth target range of 3-5%; 'eligible dividend'
company,3693793,3,https://web.quartr.com/companies/21558?companyId=21558&documentId=3693793&documentType=report&eventId=681828&navigation=external&utm_medium=referral&utm_source=mcp&rp=3,dividends,Q1 FY2027,2026-06-30,Q,Dividend Declaration,quarterly cash dividend of US$0.2310 per Class A Shares for the first quarter of fiscal 2027,0.231,usd_per_share,0,0,4,declared 2026-08-05; record date 2026-09-15; payable 2026-09-30; rate held flat vs Q4 FY2026; 'eligible dividend'
company,3409150,10,https://web.quartr.com/companies/21558?companyId=21558&documentId=3409150&documentType=report&eventId=554427&navigation=external&utm_medium=referral&utm_source=mcp&rp=10,dividends,"July 28, 2025 to March 31, 2026",2026-03-31,YTD,FINANCING ACTIVITIES,Dividends to owners ($0.44 per Class Acommon share),0.44,usd_per_share,1,0,5,cumulative dividends declared/paid per class 'A' share from incorporation to FY2026 year end (= 2 x $0.22); total cash $23.4m
company,3409150,3,https://web.quartr.com/companies/21558?companyId=21558&documentId=3409150&documentType=report&eventId=554427&navigation=external&utm_medium=referral&utm_source=mcp&rp=3,dividends,FY2026,2026-03-31,FY,Dividend Increase,long-term dividend growth target range,5,pct,0,0,6,stated policy: 'long-term dividend growth target range of 3-5%'; the Q4 FY2026 increase of 5% 'reflects the high end' of that range. Recorded value = top of range; range is 3-5%.
business_100,3409150,3,https://web.quartr.com/companies/21558?companyId=21558&documentId=3409150&documentType=report&eventId=554427&navigation=external&utm_medium=referral&utm_source=mcp&rp=3,kpi,FY2026,2026-03-31,FY,Outlook,contracted Fee-for-Service revenue backlog,947,usd_millions,0,0,1,"'increased to $947 million across the portfolio, up 6% year-over-year'"
business_100,3409150,3,https://web.quartr.com/companies/21558?companyId=21558&documentId=3409150&documentType=report&eventId=554427&navigation=external&utm_medium=referral&utm_source=mcp&rp=3,kpi,FY2026,2026-03-31,FY,Outlook,contracted Fee-for-Service revenue backlog - year-over-year growth,6,pct,0,0,2,
business_100,3409150,2,https://web.quartr.com/companies/21558?companyId=21558&documentId=3409150&documentType=report&eventId=554427&navigation=external&utm_medium=referral&utm_source=mcp&rp=2,kpi,Q4 FY2025,2025-03-31,Q,Highlights,incremental gross margin capture within the Short-term Storage ('STS') business,20,usd_millions,0,1,3,'approximately $20 million ... in the fourth fiscal quarter of 2025 ... due to relatively wider seasonal spreads'; approximate
business_100,3409150,2,https://web.quartr.com/companies/21558?companyId=21558&documentId=3409150&documentType=report&eventId=554427&navigation=external&utm_medium=referral&utm_source=mcp&rp=2,kpi,FY2026,2026-03-31,FY,Fiscal 2027 Take-or-Pay Contracting Update,medium-term ToP gross margin contribution target,60,pct,0,0,4,'medium-term ToP gross margin contribution target of 60%'
business_100,3409150,4,https://web.quartr.com/companies/21558?companyId=21558&documentId=3409150&documentType=report&eventId=554427&navigation=external&utm_medium=referral&utm_source=mcp&rp=4,kpi,FY2026,2026-03-31,FY,Message from the CEO,ToP gross margin contribution,51,pct,0,0,5,"'ToP gross margin contribution rising to 51%, up from 45% last fiscal year'"
business_100,3409150,4,https://web.quartr.com/companies/21558?companyId=21558&documentId=3409150&documentType=report&eventId=554427&navigation=external&utm_medium=referral&utm_source=mcp&rp=4,kpi,FY2025,2025-03-31,FY,Message from the CEO,ToP gross margin contribution,45,pct,0,1,5,
business_100,3409150,4,https://web.quartr.com/companies/21558?companyId=21558&documentId=3409150&documentType=report&eventId=554427&navigation=external&utm_medium=referral&utm_source=mcp&rp=4,kpi,FY2026,2026-03-31,FY,Message from the CEO,contracted Fee-for-Service annual gross margin growth,7,pct,0,0,6,'grew by 7% on a year-over-year basis'
business_100,3409150,4,https://web.quartr.com/companies/21558?companyId=21558&documentId=3409150&documentType=report&eventId=554427&navigation=external&utm_medium=referral&utm_source=mcp&rp=4,kpi,FY2026,2026-03-31,FY,Message from the CEO,net debt to adjusted EBITDA,3.1,count,0,0,7,"'3.1 times, well below our long-term target of 3.5 times'; printed as 'times'"
business_100,3409150,4,https://web.quartr.com/companies/21558?companyId=21558&documentId=3409150&documentType=report&eventId=554427&navigation=external&utm_medium=referral&utm_source=mcp&rp=4,kpi,FY2026,2026-03-31,FY,Message from the CEO,long-term net debt to adjusted EBITDA target,3.5,count,0,0,8,
business_100,3409150,4,https://web.quartr.com/companies/21558?companyId=21558&documentId=3409150&documentType=report&eventId=554427&navigation=external&utm_medium=referral&utm_source=mcp&rp=4,kpi,FY2026,2026-03-31,FY,Message from the CEO,Lost Time Incident Frequency (LTIF),0,count,0,0,9,"'For the fourth consecutive year, we had a Lost Time Incident Frequency (LTIF) of zero'"
business_100,3409150,4,https://web.quartr.com/companies/21558?companyId=21558&documentId=3409150&documentType=report&eventId=554427&navigation=external&utm_medium=referral&utm_source=mcp&rp=4,kpi,FY2026,2026-03-31,FY,Complementary Alberta and California assets,Alberta capacity under long-term ToP contracts,20,pct,0,0,10,approximately 20%
business_100,3409150,4,https://web.quartr.com/companies/21558?companyId=21558&documentId=3409150&documentType=report&eventId=554427&navigation=external&utm_medium=referral&utm_source=mcp&rp=4,kpi,FY2026,2026-03-31,FY,Complementary Alberta and California assets,California capacity under long-term ToP agreements,70,pct,0,0,11,approximately 70%
business_100,3409150,2,https://web.quartr.com/companies/21558?companyId=21558&documentId=3409150&documentType=report&eventId=554427&navigation=external&utm_medium=referral&utm_source=mcp&rp=2,kpi,FY2026,2026-03-31,FY,Growth Project Updates,Warwick Battery Storage - battery energy storage system capacity,11,count,0,0,12,'11 megawatt battery energy storage system at its Warwick facility'; unit is megawatts (no MW value in the SPEC unit enum). Positive FID reached; regulatory permits secured; FEED complete; in service expected 2nd fiscal quarter of 2028
business_100,3409150,2,https://web.quartr.com/companies/21558?companyId=21558&documentId=3409150&documentType=report&eventId=554427&navigation=external&utm_medium=referral&utm_source=mcp&rp=2,kpi,FY2026,2026-03-31,FY,Growth Project Updates,Warwick Battery Storage - expected project cost,14,cad_millions,0,0,13,'expected to cost C$14 million'
business_100,3409150,2,https://web.quartr.com/companies/21558?companyId=21558&documentId=3409150&documentType=report&eventId=554427&navigation=external&utm_medium=referral&utm_source=mcp&rp=2,kpi,FY2026,2026-03-31,FY,Growth Project Updates,Warwick Gas Storage Expansion - incremental working gas storage capacity,5,bcf,0,0,14,"'will add UP TO 5 Bcf of incremental working gas storage capacity'; mineral rights acquired, initial regulatory application filed, full approval targeted 2nd fiscal quarter of 2027, revenue expected from 3rd fiscal quarter of 2027"
business_100,3409150,2,https://web.quartr.com/companies/21558?companyId=21558&documentId=3409150&documentType=report&eventId=554427&navigation=external&utm_medium=referral&utm_source=mcp&rp=2,kpi,FY2026,2026-03-31,FY,Term Loan Repricing,senior secured term loan B facility principal,1234,usd_millions,0,0,15,repriced 2026-05-07 (subsequent to the quarter)
business_100,3409150,2,https://web.quartr.com/companies/21558?companyId=21558&documentId=3409150&documentType=report&eventId=554427&navigation=external&utm_medium=referral&utm_source=mcp&rp=2,kpi,FY2026,2026-03-31,FY,Term Loan Repricing,Term Loan repricing - spread reduction,-25,count,0,0,16,'reducing the spread by 25 basis points'; unit = basis points (not in SPEC enum); sign set negative to denote a reduction
business_100,3409150,2,https://web.quartr.com/companies/21558?companyId=21558&documentId=3409150&documentType=report&eventId=554427&navigation=external&utm_medium=referral&utm_source=mcp&rp=2,kpi,FY2026,2026-03-31,FY,Term Loan Repricing,Term Loan repricing - annual interest cost savings,3,usd_millions,0,0,17,approximately $3 million
business_100,3409150,3,https://web.quartr.com/companies/21558?companyId=21558&documentId=3409150&documentType=report&eventId=554427&navigation=external&utm_medium=referral&utm_source=mcp&rp=3,kpi,FY2026,2026-03-31,FY,Term Loan Repricing,hedged fixed rate on floating-rate exposure,5.65,pct,0,0,18,'remains hedged at a fixed-rate of approximately 5.65% through maturity in 2031'
business_100,3409150,3,https://web.quartr.com/companies/21558?companyId=21558&documentId=3409150&documentType=report&eventId=554427&navigation=external&utm_medium=referral&utm_source=mcp&rp=3,kpi,FY2026,2026-03-31,FY,Term Loan Repricing,cumulative reduction in cost of borrowing,-75,count,0,0,19,"'this repricing, combined with prior exercises in fiscal 2026, has reduced the Company's cost of borrowing by 75 basis points'; unit = basis points; sign negative to denote a reduction"
business_100,3409150,3,https://web.quartr.com/companies/21558?companyId=21558&documentId=3409150&documentType=report&eventId=554427&navigation=external&utm_medium=referral&utm_source=mcp&rp=3,kpi,FY2026,2026-03-31,FY,Term Loan Repricing,cumulative annual interest expense savings,9,usd_millions,0,0,20,'generating $9 million in annual interest expense savings'
company,3409150,3,https://web.quartr.com/companies/21558?companyId=21558&documentId=3409150&documentType=report&eventId=554427&navigation=external&utm_medium=referral&utm_source=mcp&rp=3,kpi,FY2026,2026-03-31,FY,Normal Course Issuer Bid,maximum number of class 'A' common shares permitted under the NCIB,5316025,shares,0,0,21,"NCIB commenced 2026-03-27; terminates on the earlier of 2027-03-26, purchase of the maximum, or termination by Rockpoint. TSX approval received."
business_100,3409150,5,https://web.quartr.com/companies/21558?companyId=21558&documentId=3409150&documentType=report&eventId=554427&navigation=external&utm_medium=referral&utm_source=mcp&rp=5,kpi,FY2026,2026-03-31,FY,About Rockpoint Gas Storage,combined effective working gas storage capacity,280,bcf,0,0,22,'six strategically located natural gas storage facilities with a combined effective working gas storage capacity of approximately 280 Bcf'
business_100,3409150,5,https://web.quartr.com/companies/21558?companyId=21558&documentId=3409150&documentType=report&eventId=554427&navigation=external&utm_medium=referral&utm_source=mcp&rp=5,kpi,FY2026,2026-03-31,FY,About Rockpoint Gas Storage,natural gas storage facilities,6,count,0,0,23,
business_100,3409150,5,https://web.quartr.com/companies/21558?companyId=21558&documentId=3409150&documentType=report&eventId=554427&navigation=external&utm_medium=referral&utm_source=mcp&rp=5,kpi,FY2026,2026-03-31,FY,About Rockpoint Gas Storage,asset portfolio operating history,38,count,0,0,24,'38-year operating history'; unit = years
business_100,3409150,1,https://web.quartr.com/companies/21558?companyId=21558&documentId=3409150&documentType=report&eventId=554427&navigation=external&utm_medium=referral&utm_source=mcp&rp=1,kpi,FY2026,2026-03-31,FY,Highlights,Net earnings excluding Legacy Incentive Plan compensation costs,259,usd_millions,0,0,25,"'Net earnings would have been $259 million for the fiscal year and $76 million for the fourth fiscal quarter excluding the compensation costs impact related to Brookfield's legacy long-term incentive plan agreements'. NON-GAAP, not reconciled in a table. Costs fully funded by Brookfield Infrastructure - no liquidity impact to Rockpoint or class 'A' shareholders."
business_100,3409150,1,https://web.quartr.com/companies/21558?companyId=21558&documentId=3409150&documentType=report&eventId=554427&navigation=external&utm_medium=referral&utm_source=mcp&rp=1,kpi,Q4 FY2026,2026-03-31,Q,Highlights,Net earnings excluding Legacy Incentive Plan compensation costs,76,usd_millions,0,0,25,"see FY2026 row; NON-GAAP, not reconciled in a table"
business_100,2794952,3,https://web.quartr.com/companies/21558?companyId=21558&documentId=2794952&documentType=report&eventId=411100&navigation=external&utm_medium=referral&utm_source=mcp&rp=3,kpi,Q3 FY2026,2025-12-31,Q,Message from the CEO,Net Debt to Adjusted EBITDA,3.1,count,0,0,1,"'3.1 times, well below our long-term target range of 3.5 times'; ratio not printed in the p.14 net-debt table this release"
business_100,2794952,3,https://web.quartr.com/companies/21558?companyId=21558&documentId=2794952&documentType=report&eventId=411100&navigation=external&utm_medium=referral&utm_source=mcp&rp=3,kpi,Q3 FY2026,2025-12-31,Q,Message from the CEO,quarterly fee for service gross margin growth,14,pct,0,0,2,'grew by 14% on a year-over-year basis'
business_100,2794952,3,https://web.quartr.com/companies/21558?companyId=21558&documentId=2794952&documentType=report&eventId=411100&navigation=external&utm_medium=referral&utm_source=mcp&rp=3,kpi,Q3 FY2026,2025-12-31,Q,Committed to deliver sustained long-term growth,long-term annual total shareholder return target,15,pct,0,0,3,'15%+ over the long-term'
business_100,2794952,2,https://web.quartr.com/companies/21558?companyId=21558&documentId=2794952&documentType=report&eventId=411100&navigation=external&utm_medium=referral&utm_source=mcp&rp=2,kpi,Q3 FY2026,2025-12-31,Q,Highlights,Fee for Service gross margin as a % of Adjusted Gross Margin - long-term target,85,pct,0,0,4,'in-line with our target of 85%'
business_100,2794952,2,https://web.quartr.com/companies/21558?companyId=21558&documentId=2794952&documentType=report&eventId=411100&navigation=external&utm_medium=referral&utm_source=mcp&rp=2,kpi,Q3 FY2026,2025-12-31,Q,Outlook,LNG Canada nameplate capacity,1.8,count,0,0,5,'nameplate capacity of 1.8 Bcf/d'; unit = Bcf per day
business_100,2794952,4,https://web.quartr.com/companies/21558?companyId=21558&documentId=2794952&documentType=report&eventId=411100&navigation=external&utm_medium=referral&utm_source=mcp&rp=4,kpi,Q3 FY2026,2025-12-31,Q,About Rockpoint Gas Storage,combined effective working gas storage capacity,280,bcf,0,0,6,"approximately 280 Bcf, six facilities"
business_100,2794952,4,https://web.quartr.com/companies/21558?companyId=21558&documentId=2794952&documentType=report&eventId=411100&navigation=external&utm_medium=referral&utm_source=mcp&rp=4,kpi,Q3 FY2026,2025-12-31,Q,About Rockpoint Gas Storage,asset portfolio operating history,37,count,0,0,7,'37-year operating history'; the FY2026 and Q1 FY2027 releases print 38 years
business_100,3693793,2,https://web.quartr.com/companies/21558?companyId=21558&documentId=3693793&documentType=report&eventId=681828&navigation=external&utm_medium=referral&utm_source=mcp&rp=2,kpi,Q1 FY2027,2026-06-30,Q,Highlights,Net Debt to Adjusted EBITDA ratio,3.0,count,0,0,1,"'3.0x, for the last twelve months, well below Rockpoint's long-term target of 3.5x'"
company,3693793,2,https://web.quartr.com/companies/21558?companyId=21558&documentId=3693793&documentType=report&eventId=681828&navigation=external&utm_medium=referral&utm_source=mcp&rp=2,kpi,Q1 FY2027,2026-06-30,Q,Highlights,Class A Shares repurchased under the NCIB,168996,shares,0,0,2,"'during the quarter ... at a weighted-average price of C$28.60 per share, for total consideration of approximately C$4.8 million. These repurchases had no impact on Rockpoint's 40% economic or voting ownership interest in the Business.'"
company,3693793,2,https://web.quartr.com/companies/21558?companyId=21558&documentId=3693793&documentType=report&eventId=681828&navigation=external&utm_medium=referral&utm_source=mcp&rp=2,kpi,Q1 FY2027,2026-06-30,Q,Highlights,NCIB weighted-average repurchase price,28.6,cad_millions,0,0,3,"UNIT NOTE: this is C$ PER SHARE, not millions; SPEC has no cad_per_share unit. Value is C$28.60 per share."
company,3693793,2,https://web.quartr.com/companies/21558?companyId=21558&documentId=3693793&documentType=report&eventId=681828&navigation=external&utm_medium=referral&utm_source=mcp&rp=2,kpi,Q1 FY2027,2026-06-30,Q,Highlights,NCIB total consideration,4.8,cad_millions,0,0,4,approximately C$4.8 million
business_100,3693793,2,https://web.quartr.com/companies/21558?companyId=21558&documentId=3693793&documentType=report&eventId=681828&navigation=external&utm_medium=referral&utm_source=mcp&rp=2,kpi,Q1 FY2027,2026-06-30,Q,Fiscal 2028 Contracting Open Season Initial Update,long-term contract annual storage capacity secured,10,bcf,0,0,5,"subsequent to quarter-end; 'a long-term contract with a high-quality counterparty for 10 Bcf of annual storage capacity', storage service commencing 2027-04-01"
business_100,3693793,2,https://web.quartr.com/companies/21558?companyId=21558&documentId=3693793&documentType=report&eventId=681828&navigation=external&utm_medium=referral&utm_source=mcp&rp=2,kpi,Q1 FY2027,2026-06-30,Q,Fiscal 2028 Contracting Open Season Initial Update,increase in contracted Alberta capacity for fiscal 2028,30,pct,0,0,6,'increases currently contracted Alberta capacity for fiscal 2028 by approximately 30% year over year'
business_100,3693793,2,https://web.quartr.com/companies/21558?companyId=21558&documentId=3693793&documentType=report&eventId=681828&navigation=external&utm_medium=referral&utm_source=mcp&rp=2,kpi,Q1 FY2027,2026-06-30,Q,Growth Project Updates,Warwick Battery Storage - battery energy storage capacity,11,count,0,0,7,"'11-megawatt battery energy storage services project'; unit = megawatts. 'remains on budget, with approximately 30% of detailed engineering and design completed'; in service expected 2nd quarter of fiscal 2028"
business_100,3693793,2,https://web.quartr.com/companies/21558?companyId=21558&documentId=3693793&documentType=report&eventId=681828&navigation=external&utm_medium=referral&utm_source=mcp&rp=2,kpi,Q1 FY2027,2026-06-30,Q,Growth Project Updates,Warwick Battery Storage - detailed engineering and design completed,30,pct,0,0,8,approximately 30%
business_100,3693793,3,https://web.quartr.com/companies/21558?companyId=21558&documentId=3693793&documentType=report&eventId=681828&navigation=external&utm_medium=referral&utm_source=mcp&rp=3,kpi,Q1 FY2027,2026-06-30,Q,Growth Project Updates,"Warwick Gas Storage Expansion - incremental working gas storage capacity, initial phase",3.5,bcf,0,0,9,'expects to realize approximately 3.5 Bcf of incremental working gas storage capacity in the third quarter of fiscal 2027'. All regulatory approvals received.
business_100,3693793,3,https://web.quartr.com/companies/21558?companyId=21558&documentId=3693793&documentType=report&eventId=681828&navigation=external&utm_medium=referral&utm_source=mcp&rp=3,kpi,Q1 FY2027,2026-06-30,Q,Growth Project Updates,Warwick Gas Storage Expansion - total incremental working gas storage capacity,5,bcf,0,0,10,'increase total incremental working gas storage capacity to approximately 5 Bcf' in fiscal 2028
business_100,3693793,4,https://web.quartr.com/companies/21558?companyId=21558&documentId=3693793&documentType=report&eventId=681828&navigation=external&utm_medium=referral&utm_source=mcp&rp=4,kpi,Q1 FY2027,2026-06-30,Q,Reaffirming our Take-or-Pay growth target,medium-term ToP target as a percentage of total Adjusted Gross Margin,60,pct,0,0,11,
business_100,3693793,4,https://web.quartr.com/companies/21558?companyId=21558&documentId=3693793&documentType=report&eventId=681828&navigation=external&utm_medium=referral&utm_source=mcp&rp=4,kpi,Q1 FY2027,2026-06-30,Q,Capital-efficient brownfield projects remain a key focus area,planned capital deployment through fiscal 2029,150,usd_millions,0,0,12,'up to $150 million through fiscal 2029 across high-return projects with anticipated build multiples of 4x to 6x'
business_100,3693793,3,https://web.quartr.com/companies/21558?companyId=21558&documentId=3693793&documentType=report&eventId=681828&navigation=external&utm_medium=referral&utm_source=mcp&rp=3,kpi,Q1 FY2027,2026-06-30,Q,Message from the CEO,contracted Fee-for-Service cash flow growth,7,pct,0,0,13,'grew by 7% over the last twelve months'
business_100,3693793,3,https://web.quartr.com/companies/21558?companyId=21558&documentId=3693793&documentType=report&eventId=681828&navigation=external&utm_medium=referral&utm_source=mcp&rp=3,kpi,Q1 FY2027,2026-06-30,Q,Message from the CEO,long-term Adjusted Gross Margin contribution target (Fee-for-Service),85,pct,0,0,14,
business_100,3693793,3,https://web.quartr.com/companies/21558?companyId=21558&documentId=3693793&documentType=report&eventId=681828&navigation=external&utm_medium=referral&utm_source=mcp&rp=3,kpi,FY2024,2024-03-31,FY,Message from the CEO,Optimization business gross margin,47,usd_millions,0,1,15,'increasing from $47 million in fiscal 2024 to $57 million in fiscal 2025 and $79 million in fiscal 2026'; rounded whole-million figures quoted in narrative
business_100,3693793,3,https://web.quartr.com/companies/21558?companyId=21558&documentId=3693793&documentType=report&eventId=681828&navigation=external&utm_medium=referral&utm_source=mcp&rp=3,kpi,FY2025,2025-03-31,FY,Message from the CEO,Optimization business gross margin,57,usd_millions,0,1,15,
business_100,3693793,3,https://web.quartr.com/companies/21558?companyId=21558&documentId=3693793&documentType=report&eventId=681828&navigation=external&utm_medium=referral&utm_source=mcp&rp=3,kpi,FY2026,2026-03-31,FY,Message from the CEO,Optimization business gross margin,79,usd_millions,0,1,15,
business_100,3693793,5,https://web.quartr.com/companies/21558?companyId=21558&documentId=3693793&documentType=report&eventId=681828&navigation=external&utm_medium=referral&utm_source=mcp&rp=5,kpi,Q1 FY2027,2026-06-30,Q,About Rockpoint Gas Storage,combined effective working gas storage capacity,280,bcf,0,0,16,"approximately 280 Bcf, six facilities"
business_100,3693793,5,https://web.quartr.com/companies/21558?companyId=21558&documentId=3693793&documentType=report&eventId=681828&navigation=external&utm_medium=referral&utm_source=mcp&rp=5,kpi,Q1 FY2027,2026-06-30,Q,About Rockpoint Gas Storage,asset portfolio operating history,38,count,0,0,17,'38-year operating history'
business_100,3693793,2,https://web.quartr.com/companies/21558?companyId=21558&documentId=3693793&documentType=report&eventId=681828&navigation=external&utm_medium=referral&utm_source=mcp&rp=2,kpi,"LTM ended June 30, 2026",2026-06-30,YTD,Highlights,Net earnings excluding legacy incentive plan costs,267,usd_millions,0,0,18,"'Excluding these legacy incentive plan costs, which were funded by Brookfield Infrastructure, last twelve months net earnings would have been $267 million.' NON-GAAP, not reconciled in a table."
business_100,4064732,3,https://web.quartr.com/companies/21558?companyId=21558&documentId=4064732&documentType=report&eventId=405757&navigation=external&utm_medium=referral&utm_source=mcp&rp=3,kpi,Q2 FY2026,2025-09-30,Q,Business Overview,total effective working gas storage capacity,279.2,bcf,0,0,1,"SUBSTITUTE SOURCE: the Q2 FY2026 earnings release (documentId 2235906) returns NO text on any of its 10 pages from Quartr read_document, so it could not be extracted. This row comes from the companion Q2 FY2026 MD&A filed the same day (2025-11-05, board-approved 2025-11-04), NOT from the earnings release. | 'approximately 279.2 billion cubic feet'; AECO Hub (Suffield + Countess) 154.0 Bcf, Warwick 21.5 Bcf, Wild Goose 75.0 Bcf, Lodi + Kirby Hills 28.7 Bcf. Later earnings releases round this to 'approximately 280 Bcf'."
business_100,4064732,6,https://web.quartr.com/companies/21558?companyId=21558&documentId=4064732&documentType=report&eventId=405757&navigation=external&utm_medium=referral&utm_source=mcp&rp=6,kpi,Q2 FY2026,2025-09-30,Q,Results of Operations and Financial Results,weighted average ToP contract fees,2.32,usd,0,0,2,"SUBSTITUTE SOURCE: the Q2 FY2026 earnings release (documentId 2235906) returns NO text on any of its 10 pages from Quartr read_document, so it could not be extracted. This row comes from the companion Q2 FY2026 MD&A filed the same day (2025-11-05, board-approved 2025-11-04), NOT from the earnings release. | 'approximately $2.32 per decatherm (Dth) for both the three and six months ended September 30, 2025, a 25% increase compared to $1.86 per Dth' in the prior-year periods. Unit is USD per Dth."
business_100,4064732,6,https://web.quartr.com/companies/21558?companyId=21558&documentId=4064732&documentType=report&eventId=405757&navigation=external&utm_medium=referral&utm_source=mcp&rp=6,kpi,Q2 FY2025,2024-09-30,Q,Results of Operations and Financial Results,weighted average ToP contract fees,1.86,usd,0,1,2,"SUBSTITUTE SOURCE: the Q2 FY2026 earnings release (documentId 2235906) returns NO text on any of its 10 pages from Quartr read_document, so it could not be extracted. This row comes from the companion Q2 FY2026 MD&A filed the same day (2025-11-05, board-approved 2025-11-04), NOT from the earnings release. | USD per Dth"
business_100,4064732,6,https://web.quartr.com/companies/21558?companyId=21558&documentId=4064732&documentType=report&eventId=405757&navigation=external&utm_medium=referral&utm_source=mcp&rp=6,kpi,FY2026,2026-03-31,FY,Results of Operations and Financial Results,Effective working gas capacity allocated to ToP contracts,98.1,count,0,0,3,"SUBSTITUTE SOURCE: the Q2 FY2026 earnings release (documentId 2235906) returns NO text on any of its 10 pages from Quartr read_document, so it could not be extracted. This row comes from the companion Q2 FY2026 MD&A filed the same day (2025-11-05, board-approved 2025-11-04), NOT from the earnings release. | 'Effective working gas capacity allocated to ToP contracts for the fiscal 2026 year increased by 2% to 98.1 million Dth'; unit = million decatherms"
