group_id,retailer,retailer_sku,brand,product_name,price,uom,pack_coverage,promo_price,in_stock,collected_on,data_source,url,specs
G0001,floor_and_decor,FLO-825995,NuCore,Ashford Glue Down LVP,2.49,per_sq_ft,,,yes,2026-08-14,seed_estimate,,core=rigid core;wear_layer_mil=28;thickness_mm=4.0;width_in=7.2;length_in=72;waterproof=yes;attached_pad=no;finish=matte;look=oak;install=click
G0001,home_depot,HOM-171741,Home Decorators Collection,Ashford Glue Down LVP,88.99,per_box,29.69,,yes,2026-08-14,seed_estimate,,core=rigid core;wear_layer_mil=28;thickness_mm=4.0;width_in=7.2;length_in=72;waterproof=yes;attached_pad=no;finish=hand scraped;look=oak;install=click
G0001,lowes,LOW-123968,SMARTCORE,Ashford Glue Down LVP,2.59,per_sq_ft,,,yes,2026-08-14,seed_estimate,,core=WPC;wear_layer_mil=28;thickness_mm=4.0;width_in=7.2;length_in=72;waterproof=yes;attached_pad=no;finish=matte;look=oak;install=click
G0001,tile_shop,TIL-954814,Kismet,Ashford Glue Down LVP,2.99,per_sq_ft,,2.49,yes,2026-08-14,seed_estimate,,core=rigid core;wear_layer_mil=28;thickness_mm=4.0;width_in=7.2;length_in=72;waterproof=yes;attached_pad=no;finish=matte;look=oak;install=click
G0002,floor_and_decor,FLO-477055,NuCore,Windsor SPC Rigid Core,1.89,per_sq_ft,,,yes,2026-08-14,seed_estimate,,core=SPC;wear_layer_mil=6;thickness_mm=4.0;width_in=9;length_in=60;waterproof=yes;attached_pad=no;finish=matte;look=walnut;install=click
G0002,home_depot,HOM-407212,LifeProof,Windsor SPC Rigid Core,2.09,per_sq_ft,,,yes,2026-08-14,seed_estimate,,core=SPC;wear_layer_mil=6;thickness_mm=4.0;width_in=9;length_in=60;waterproof=yes;attached_pad=no;finish=matte;look=walnut;install=glue
G0002,menards,MEN-987351,Patrician,Windsor SPC Rigid Core,62.99,per_box,29.39,,yes,2026-08-14,seed_estimate,,core=SPC;wear_layer_mil=6;thickness_mm=4.0;width_in=9;length_in=60;waterproof=yes;attached_pad=no;finish=matte;look=walnut;install=click
G0002,tile_shop,TIL-202014,Superior,Windsor SPC Rigid Core,2.19,per_sq_ft,,,no,2026-08-14,seed_estimate,,core=SPC;wear_layer_mil=6;thickness_mm=4.0;width_in=9;length_in=60;waterproof=yes;attached_pad=no;finish=matte;look=walnut;install=click
G0003,floor_and_decor,FLO-232739,Mohawk,Bergamo Glue Down LVP,4.79,per_sq_ft,,,yes,2026-08-14,seed_estimate,,core=WPC;wear_layer_mil=22;thickness_mm=6.0;width_in=7;length_in=48;waterproof=yes;attached_pad=yes;finish=wire brushed;look=stone;install=glue
G0003,lowes,LOW-140449,Mohawk,Bergamo Glue Down LVP,87.97,per_case,17.58,,yes,2026-08-14,seed_estimate,,core=WPC;wear_layer_mil=22;thickness_mm=6.0;width_in=7;length_in=48;waterproof=yes;attached_pad=yes;finish=wire brushed;look=stone;install=glue
G0003,menards,MEN-913193,Mohawk,Bergamo Glue Down LVP,109.98,per_box,23.21,,yes,2026-08-14,seed_estimate,,core=WPC;wear_layer_mil=22;thickness_mm=6.0;width_in=7;length_in=48;waterproof=yes;attached_pad=yes;finish=wire brushed;look=stone;install=glue
G0003,tile_shop,TIL-124862,Mohawk,Bergamo Glue Down LVP,5.29,per_sq_ft,,,yes,2026-08-14,seed_estimate,,core=WPC;wear_layer_mil=22;thickness_mm=6.0;width_in=7;length_in=48;waterproof=yes;attached_pad=yes;finish=wire brushed;look=stone;install=glue
G0004,floor_and_decor,FLO-308602,NuCore,Nordic WPC Rigid Core,3.79,per_sq_ft,,3.09,yes,2026-08-14,seed_estimate,,core=rigid core;wear_layer_mil=20;thickness_mm=4.0;width_in=6;length_in=72;waterproof=yes;attached_pad=no;finish=embossed;look=stone;install=glue
G0004,home_depot,HOM-465538,LifeProof,Nordic WPC Rigid Core,82.99,per_box,20.06,,yes,2026-08-14,seed_estimate,,core=rigid core;wear_layer_mil=20;thickness_mm=6.5;width_in=6;length_in=72;waterproof=yes;attached_pad=no;finish=embossed;look=stone;install=glue
G0004,lowes,LOW-829524,Origin 21,Nordic WPC Rigid Core,91.97,per_case,19.77,,yes,2026-08-14,seed_estimate,,core=rigid core;wear_layer_mil=20;thickness_mm=4.0;width_in=6;length_in=72;waterproof=yes;attached_pad=no;finish=embossed;look=stone;install=glue
G0005,floor_and_decor,FLO-856178,AquaGuard,Stonehaven Waterproof LVP,4.59,per_sq_ft,,3.69,yes,2026-08-14,seed_estimate,,core=WPC;wear_layer_mil=12;thickness_mm=6.5;width_in=6;length_in=60;waterproof=yes;attached_pad=yes;finish=hand scraped;look=hickory;install=click
G0005,home_depot,HOM-465878,LifeProof,Stonehaven Waterproof LVP,93.97,per_box,18.67,,yes,2026-08-14,seed_estimate,,core=WPC;wear_layer_mil=12;thickness_mm=6.5;width_in=6;length_in=60;waterproof=yes;attached_pad=yes;finish=hand scraped;look=hickory;install=click
G0005,lowes,LOW-400454,SMARTCORE,Stonehaven Waterproof LVP,104.98,per_case,19.67,,yes,2026-08-14,seed_estimate,,core=WPC;wear_layer_mil=12;thickness_mm=6.5;width_in=6;length_in=60;waterproof=yes;attached_pad=yes;finish=hand scraped;look=stone;install=click
G0005,menards,MEN-973112,Dakota,Stonehaven Waterproof LVP,5.79,per_sq_ft,,,no,2026-08-14,seed_estimate,,core=WPC;wear_layer_mil=12;thickness_mm=6.5;width_in=6;length_in=60;waterproof=yes;attached_pad=yes;finish=hand scraped;look=hickory;install=click
G0005,tile_shop,TIL-251559,Marmi,Stonehaven Waterproof LVP,86.97,per_case,16.48,,yes,2026-08-14,seed_estimate,,core=WPC;wear_layer_mil=12;thickness_mm=6.5;width_in=6;length_in=60;waterproof=yes;attached_pad=yes;finish=hand scraped;look=maple;install=click
G0006,floor_and_decor,FLO-449569,Shaw,Blackwater Waterproof LVP,4.39,per_sq_ft,,,yes,2026-08-14,seed_estimate,,core=rigid core;wear_layer_mil=20;thickness_mm=6.0;width_in=6;length_in=60;waterproof=yes;attached_pad=yes;finish=matte;look=stone;install=glue
G0006,home_depot,HOM-875721,Shaw,Blackwater Waterproof LVP,4.79,per_sq_ft,,,yes,2026-08-14,seed_estimate,,core=rigid core;wear_layer_mil=20;thickness_mm=6.0;width_in=6;length_in=60;waterproof=yes;attached_pad=yes;finish=matte;look=stone;install=glue
G0006,lowes,LOW-401803,Shaw,Blackwater Waterproof LVP,82.97,per_case,17.69,,yes,2026-08-14,seed_estimate,,core=rigid core;wear_layer_mil=20;thickness_mm=6.0;width_in=6;length_in=60;waterproof=yes;attached_pad=yes;finish=matte;look=stone;install=glue
G0006,menards,MEN-935423,Shaw,Blackwater Waterproof LVP,4.69,per_sq_ft,,,yes,2026-08-14,seed_estimate,,core=rigid core;wear_layer_mil=20;thickness_mm=6.0;width_in=6;length_in=60;waterproof=yes;attached_pad=yes;finish=matte;look=stone;install=glue
G0006,tile_shop,TIL-868559,Shaw,Blackwater Waterproof LVP,4.99,per_sq_ft,,,yes,2026-08-14,seed_estimate,,core=rigid core;wear_layer_mil=20;thickness_mm=6.0;width_in=6;length_in=60;waterproof=yes;attached_pad=yes;finish=matte;look=stone;install=glue
G0007,floor_and_decor,FLO-734269,AquaGuard,Oakmont SPC Rigid Core,2.79,per_sq_ft,,,yes,2026-08-14,seed_estimate,,core=WPC;wear_layer_mil=22;thickness_mm=8.0;width_in=7;length_in=72;waterproof=yes;attached_pad=no;finish=matte;look=stone;install=glue
G0007,home_depot,HOM-260986,LifeProof,Oakmont SPC Rigid Core,3.09,per_sq_ft,,,no,2026-08-14,seed_estimate,,core=WPC;wear_layer_mil=22;thickness_mm=8.0;width_in=7;length_in=72;waterproof=yes;attached_pad=no;finish=matte;look=stone;install=glue
G0007,lowes,LOW-410298,Origin 21,Oakmont SPC Rigid Core,68.99,per_case,22.1,,yes,2026-08-14,seed_estimate,,core=WPC;wear_layer_mil=22;thickness_mm=8.0;width_in=7;length_in=72;waterproof=yes;attached_pad=no;finish=matte;look=stone;install=glue
G0007,menards,MEN-126824,Dakota,Oakmont SPC Rigid Core,64.97,per_box,19.16,,yes,2026-08-14,seed_estimate,,core=WPC;wear_layer_mil=22;thickness_mm=8.0;width_in=7;length_in=72;waterproof=yes;attached_pad=no;finish=matte;look=stone;install=glue
G0007,tile_shop,TIL-582617,Rush River,Oakmont SPC Rigid Core,87.97,per_case,27.02,,yes,2026-08-14,seed_estimate,,core=WPC;wear_layer_mil=22;thickness_mm=8.0;width_in=7;length_in=72;waterproof=yes;attached_pad=no;finish=matte;look=stone;install=glue
G0008,floor_and_decor,FLO-992868,AquaGuard,Vintage Elm WPC Rigid Core,4.49,per_sq_ft,,,yes,2026-08-14,seed_estimate,,core=WPC;wear_layer_mil=28;thickness_mm=5.0;width_in=7.2;length_in=48;waterproof=yes;attached_pad=no;finish=wire brushed;look=oak;install=glue
G0008,home_depot,HOM-454599,LifeProof,Vintage Elm WPC Rigid Core,5.99,per_sq_ft,,,yes,2026-08-14,seed_estimate,,core=WPC;wear_layer_mil=28;thickness_mm=5.0;width_in=7.2;length_in=48;waterproof=yes;attached_pad=no;finish=wire brushed;look=oak;install=glue
G0008,lowes,LOW-400315,Origin 21,Vintage Elm WPC Rigid Core,4.99,per_sq_ft,,,yes,2026-08-14,seed_estimate,,core=WPC;wear_layer_mil=20;thickness_mm=5.0;width_in=7.2;length_in=48;waterproof=yes;attached_pad=no;finish=wire brushed;look=oak;install=glue
G0008,menards,MEN-142486,Patrician,Vintage Elm WPC Rigid Core,5.59,per_sq_ft,,,yes,2026-08-14,seed_estimate,,core=WPC;wear_layer_mil=28;thickness_mm=5.0;width_in=7;length_in=48;waterproof=yes;attached_pad=no;finish=wire brushed;look=oak;install=glue
G0009,floor_and_decor,FLO-398539,AquaGuard,Zermatt Waterproof LVP,3.39,per_sq_ft,,,yes,2026-08-14,seed_estimate,,core=WPC;wear_layer_mil=20;thickness_mm=5.0;width_in=7;length_in=72;waterproof=yes;attached_pad=yes;finish=matte;look=stone;install=glue
G0009,home_depot,HOM-270165,LifeProof,Zermatt Waterproof LVP,4.09,per_sq_ft,,,yes,2026-08-14,seed_estimate,,core=WPC;wear_layer_mil=20;thickness_mm=5.0;width_in=7;length_in=72;waterproof=yes;attached_pad=yes;finish=matte;look=stone;install=glue
G0009,lowes,LOW-241601,Origin 21,Zermatt Waterproof LVP,77.99,per_case,18.27,,yes,2026-08-14,seed_estimate,,core=WPC;wear_layer_mil=20;thickness_mm=8.0;width_in=7;length_in=72;waterproof=yes;attached_pad=yes;finish=matte;look=stone;install=glue
G0009,menards,MEN-867195,Masterforce,Zermatt Waterproof LVP,99.98,per_box,28,79.99,yes,2026-08-14,seed_estimate,,core=WPC;wear_layer_mil=20;thickness_mm=5.0;width_in=7;length_in=72;waterproof=yes;attached_pad=no;finish=matte;look=stone;install=glue
G0009,tile_shop,TIL-981810,Kismet,Zermatt Waterproof LVP,4.59,per_sq_ft,,,yes,2026-08-14,seed_estimate,,core=WPC;wear_layer_mil=20;thickness_mm=5.0;width_in=7;length_in=72;waterproof=yes;attached_pad=no;finish=matte;look=stone;install=glue
G0010,floor_and_decor,FLO-642882,Mohawk,Stonehaven SPC Rigid Core,3.49,per_sq_ft,,,yes,2026-08-14,seed_estimate,,core=WPC;wear_layer_mil=12;thickness_mm=4.0;width_in=6;length_in=72;waterproof=yes;attached_pad=no;finish=hand scraped;look=stone;install=glue
G0010,home_depot,HOM-147632,Mohawk,Stonehaven SPC Rigid Core,88.97,per_box,24.11,,yes,2026-08-14,seed_estimate,,core=WPC;wear_layer_mil=12;thickness_mm=4.0;width_in=6;length_in=72;waterproof=yes;attached_pad=no;finish=hand scraped;look=stone;install=glue
G0010,lowes,LOW-691213,Mohawk,Stonehaven SPC Rigid Core,3.69,per_sq_ft,,,yes,2026-08-14,seed_estimate,,core=WPC;wear_layer_mil=12;thickness_mm=4.0;width_in=6;length_in=72;waterproof=yes;attached_pad=no;finish=hand scraped;look=stone;install=glue
G0010,menards,MEN-117031,Mohawk,Stonehaven SPC Rigid Core,3.59,per_sq_ft,,,yes,2026-08-14,seed_estimate,,core=WPC;wear_layer_mil=12;thickness_mm=4.0;width_in=6;length_in=72;waterproof=yes;attached_pad=no;finish=hand scraped;look=stone;install=glue
G0011,floor_and_decor,FLO-938573,DuraLux,Harbor Oak SPC Rigid Core,2.59,per_sq_ft,,,yes,2026-08-14,seed_estimate,,core=WPC;wear_layer_mil=12;thickness_mm=5.0;width_in=7;length_in=60;waterproof=yes;attached_pad=yes;finish=wire brushed;look=maple;install=click
G0011,home_depot,HOM-482875,Home Decorators Collection,Harbor Oak SPC Rigid Core,55.99,per_box,20.21,,yes,2026-08-14,seed_estimate,,core=WPC;wear_layer_mil=12;thickness_mm=5.0;width_in=7;length_in=60;waterproof=yes;attached_pad=yes;finish=wire brushed;look=maple;install=click
G0011,lowes,LOW-311085,Origin 21,Harbor Oak SPC Rigid Core,58.97,per_case,21.41,,yes,2026-08-14,seed_estimate,,core=WPC;wear_layer_mil=12;thickness_mm=5.0;width_in=7;length_in=60;waterproof=yes;attached_pad=yes;finish=wire brushed;look=maple;install=click
G0011,menards,MEN-610609,Patrician,Harbor Oak SPC Rigid Core,57.98,per_box,18.57,,yes,2026-08-14,seed_estimate,,core=WPC;wear_layer_mil=12;thickness_mm=5.0;width_in=7;length_in=60;waterproof=yes;attached_pad=yes;finish=embossed;look=maple;install=click
G0011,tile_shop,TIL-111124,Superior,Harbor Oak SPC Rigid Core,93.97,per_case,25.9,,no,2026-08-14,seed_estimate,,core=WPC;wear_layer_mil=12;thickness_mm=5.0;width_in=7;length_in=60;waterproof=yes;attached_pad=yes;finish=wire brushed;look=maple;install=click
G0012,floor_and_decor,FLO-236422,DuraLux,Zermatt Waterproof LVP,3.19,per_sq_ft,,,yes,2026-08-14,seed_estimate,,core=rigid core;wear_layer_mil=12;thickness_mm=4.0;width_in=9;length_in=72;waterproof=yes;attached_pad=yes;finish=embossed;look=maple;install=click
G0012,home_depot,HOM-417607,Home Decorators Collection,Zermatt Waterproof LVP,3.39,per_sq_ft,,,yes,2026-08-14,seed_estimate,,core=rigid core;wear_layer_mil=12;thickness_mm=4.0;width_in=9;length_in=72;waterproof=yes;attached_pad=yes;finish=embossed;look=maple;install=click
G0012,lowes,LOW-339933,SMARTCORE,Zermatt Waterproof LVP,3.79,per_sq_ft,,,yes,2026-08-14,seed_estimate,,core=rigid core;wear_layer_mil=12;thickness_mm=4.0;width_in=7.2;length_in=72;waterproof=yes;attached_pad=yes;finish=embossed;look=maple;install=click
G0012,menards,MEN-437548,Patrician,Zermatt Waterproof LVP,71.99,per_box,18.92,,yes,2026-08-14,seed_estimate,,core=WPC;wear_layer_mil=12;thickness_mm=4.0;width_in=9;length_in=72;waterproof=yes;attached_pad=yes;finish=embossed;look=maple;install=click
G0012,tile_shop,TIL-744806,Superior,Zermatt Waterproof LVP,3.79,per_sq_ft,,,yes,2026-08-14,seed_estimate,,core=rigid core;wear_layer_mil=12;thickness_mm=4.0;width_in=9;length_in=72;waterproof=yes;attached_pad=yes;finish=embossed;look=maple;install=click
G0013,floor_and_decor,FLO-932397,AquaGuard,Umber SPC Rigid Core,2.09,per_sq_ft,,,yes,2026-08-14,seed_estimate,,core=rigid core;wear_layer_mil=22;thickness_mm=6.5;width_in=7.2;length_in=60;waterproof=yes;attached_pad=yes;finish=embossed;look=stone;install=glue
G0013,home_depot,HOM-809247,TrafficMaster,Umber SPC Rigid Core,49.99,per_box,20.09,,yes,2026-08-14,seed_estimate,,core=SPC;wear_layer_mil=22;thickness_mm=6.5;width_in=7.2;length_in=60;waterproof=yes;attached_pad=yes;finish=embossed;look=stone;install=glue
G0013,lowes,LOW-382000,Origin 21,Umber SPC Rigid Core,2.39,per_sq_ft,,,yes,2026-08-14,seed_estimate,,core=rigid core;wear_layer_mil=22;thickness_mm=6.5;width_in=6;length_in=60;waterproof=yes;attached_pad=yes;finish=embossed;look=stone;install=glue
G0013,menards,MEN-148538,Tuscany,Umber SPC Rigid Core,50.98,per_box,21.37,,yes,2026-08-14,seed_estimate,,core=rigid core;wear_layer_mil=22;thickness_mm=6.5;width_in=7.2;length_in=60;waterproof=yes;attached_pad=yes;finish=embossed;look=stone;install=glue
G0013,tile_shop,TIL-303359,Superior,Umber SPC Rigid Core,63.97,per_case,23.2,,yes,2026-08-14,seed_estimate,,core=rigid core;wear_layer_mil=6;thickness_mm=6.5;width_in=7.2;length_in=60;waterproof=yes;attached_pad=yes;finish=embossed;look=stone;install=glue
G0014,floor_and_decor,FLO-369946,Pergo,Thornbury SPC Rigid Core,4.69,per_sq_ft,,,yes,2026-08-14,seed_estimate,,core=WPC;wear_layer_mil=20;thickness_mm=6.5;width_in=7;length_in=60;waterproof=yes;attached_pad=yes;finish=matte;look=maple;install=click
G0014,home_depot,HOM-740249,Pergo,Thornbury SPC Rigid Core,90.97,per_box,18.39,,yes,2026-08-14,seed_estimate,,core=WPC;wear_layer_mil=20;thickness_mm=6.5;width_in=7;length_in=60;waterproof=yes;attached_pad=yes;finish=matte;look=maple;install=click
G0014,lowes,LOW-651458,Pergo,Thornbury SPC Rigid Core,88.97,per_case,18.14,,yes,2026-08-14,seed_estimate,,core=WPC;wear_layer_mil=20;thickness_mm=6.5;width_in=7;length_in=60;waterproof=yes;attached_pad=yes;finish=matte;look=maple;install=click
G0014,menards,MEN-635462,Pergo,Thornbury SPC Rigid Core,109.98,per_box,24.01,,yes,2026-08-14,seed_estimate,,core=WPC;wear_layer_mil=20;thickness_mm=6.5;width_in=7;length_in=60;waterproof=yes;attached_pad=yes;finish=matte;look=maple;install=click
G0015,floor_and_decor,FLO-175634,AquaGuard,Blackwater Glue Down LVP,4.29,per_sq_ft,,,yes,2026-08-14,seed_estimate,,core=rigid core;wear_layer_mil=6;thickness_mm=8.0;width_in=9;length_in=60;waterproof=yes;attached_pad=yes;finish=hand scraped;look=walnut;install=click
G0015,home_depot,HOM-544867,LifeProof,Blackwater Glue Down LVP,104.98,per_box,22.88,,yes,2026-08-14,seed_estimate,,core=rigid core;wear_layer_mil=6;thickness_mm=8.0;width_in=9;length_in=48;waterproof=yes;attached_pad=yes;finish=hand scraped;look=walnut;install=click
G0015,lowes,LOW-934709,Style Selections,Blackwater Glue Down LVP,4.99,per_sq_ft,,,no,2026-08-14,seed_estimate,,core=rigid core;wear_layer_mil=6;thickness_mm=8.0;width_in=9;length_in=60;waterproof=yes;attached_pad=yes;finish=hand scraped;look=walnut;install=click
G0016,floor_and_decor,FLO-336394,AquaGuard,Maplewood Waterproof LVP,4.39,per_sq_ft,,,yes,2026-08-14,seed_estimate,,core=rigid core;wear_layer_mil=22;thickness_mm=8.0;width_in=9;length_in=48;waterproof=yes;attached_pad=yes;finish=hand scraped;look=stone;install=glue
G0016,home_depot,HOM-146833,TrafficMaster,Maplewood Waterproof LVP,124.98,per_box,22.22,,yes,2026-08-14,seed_estimate,,core=rigid core;wear_layer_mil=28;thickness_mm=8.0;width_in=9;length_in=48;waterproof=yes;attached_pad=yes;finish=hand scraped;look=stone;install=glue
G0016,lowes,LOW-386479,SMARTCORE,Maplewood Waterproof LVP,5.39,per_sq_ft,,4.09,yes,2026-08-14,seed_estimate,,core=rigid core;wear_layer_mil=22;thickness_mm=8.0;width_in=9;length_in=48;waterproof=yes;attached_pad=yes;finish=hand scraped;look=stone;install=glue
G0016,menards,MEN-540878,Dakota,Maplewood Waterproof LVP,129.98,per_box,26.78,99.98,yes,2026-08-14,seed_estimate,,core=rigid core;wear_layer_mil=22;thickness_mm=8.0;width_in=9;length_in=48;waterproof=yes;attached_pad=yes;finish=wire brushed;look=stone;install=glue
G0016,tile_shop,TIL-629610,Marmi,Maplewood Waterproof LVP,104.98,per_case,20.1,85.99,yes,2026-08-14,seed_estimate,,core=rigid core;wear_layer_mil=22;thickness_mm=8.0;width_in=9;length_in=48;waterproof=yes;attached_pad=yes;finish=hand scraped;look=walnut;install=glue
G0017,floor_and_decor,FLO-842833,DuraLux,Oakmont SPC Rigid Core,3.29,per_sq_ft,,,yes,2026-08-14,seed_estimate,,core=WPC;wear_layer_mil=6;thickness_mm=6.5;width_in=9;length_in=72;waterproof=yes;attached_pad=no;finish=hand scraped;look=stone;install=click
G0017,home_depot,HOM-480556,TrafficMaster,Oakmont SPC Rigid Core,4.19,per_sq_ft,,,yes,2026-08-14,seed_estimate,,core=WPC;wear_layer_mil=6;thickness_mm=6.5;width_in=9;length_in=72;waterproof=yes;attached_pad=no;finish=hand scraped;look=stone;install=click
G0017,lowes,LOW-180288,Style Selections,Oakmont SPC Rigid Core,95.98,per_case,22.94,,yes,2026-08-14,seed_estimate,,core=WPC;wear_layer_mil=6;thickness_mm=6.5;width_in=9;length_in=72;waterproof=yes;attached_pad=no;finish=hand scraped;look=stone;install=click
G0017,menards,MEN-890577,Masterforce,Oakmont SPC Rigid Core,3.49,per_sq_ft,,2.99,no,2026-08-14,seed_estimate,,core=WPC;wear_layer_mil=6;thickness_mm=6.0;width_in=9;length_in=72;waterproof=yes;attached_pad=no;finish=hand scraped;look=stone;install=click
G0017,tile_shop,TIL-459191,Rush River,Oakmont SPC Rigid Core,104.98,per_case,27.31,81.97,yes,2026-08-14,seed_estimate,,core=rigid core;wear_layer_mil=6;thickness_mm=6.5;width_in=9;length_in=72;waterproof=yes;attached_pad=no;finish=hand scraped;look=stone;install=click
G0018,floor_and_decor,FLO-147780,Shaw,Pembroke Waterproof LVP,3.69,per_sq_ft,,,yes,2026-08-14,seed_estimate,,core=SPC;wear_layer_mil=22;thickness_mm=8.0;width_in=9;length_in=72;waterproof=yes;attached_pad=yes;finish=hand scraped;look=walnut;install=click
G0018,home_depot,HOM-934738,Shaw,Pembroke Waterproof LVP,94.98,per_box,22.96,,no,2026-08-14,seed_estimate,,core=SPC;wear_layer_mil=22;thickness_mm=8.0;width_in=9;length_in=72;waterproof=yes;attached_pad=yes;finish=hand scraped;look=walnut;install=click
G0018,lowes,LOW-208649,Shaw,Pembroke Waterproof LVP,3.89,per_sq_ft,,,yes,2026-08-14,seed_estimate,,core=SPC;wear_layer_mil=22;thickness_mm=8.0;width_in=9;length_in=72;waterproof=yes;attached_pad=yes;finish=hand scraped;look=walnut;install=click
G0018,menards,MEN-166420,Shaw,Pembroke Waterproof LVP,3.99,per_sq_ft,,,yes,2026-08-14,seed_estimate,,core=SPC;wear_layer_mil=22;thickness_mm=8.0;width_in=9;length_in=72;waterproof=yes;attached_pad=yes;finish=hand scraped;look=walnut;install=click
G0018,tile_shop,TIL-878691,Shaw,Pembroke Waterproof LVP,4.29,per_sq_ft,,,yes,2026-08-14,seed_estimate,,core=SPC;wear_layer_mil=22;thickness_mm=8.0;width_in=9;length_in=72;waterproof=yes;attached_pad=yes;finish=hand scraped;look=walnut;install=click
G0019,floor_and_decor,FLO-567657,DuraLux,Sierra SPC Rigid Core,2.79,per_sq_ft,,,yes,2026-08-14,seed_estimate,,core=WPC;wear_layer_mil=12;thickness_mm=4.0;width_in=9;length_in=72;waterproof=yes;attached_pad=no;finish=wire brushed;look=walnut;install=glue
G0019,home_depot,HOM-218132,TrafficMaster,Sierra SPC Rigid Core,3.09,per_sq_ft,,2.59,yes,2026-08-14,seed_estimate,,core=WPC;wear_layer_mil=12;thickness_mm=4.0;width_in=7.2;length_in=72;waterproof=yes;attached_pad=no;finish=wire brushed;look=walnut;install=glue
G0019,lowes,LOW-951132,Origin 21,Sierra SPC Rigid Core,2.99,per_sq_ft,,,yes,2026-08-14,seed_estimate,,core=WPC;wear_layer_mil=12;thickness_mm=4.0;width_in=9;length_in=72;waterproof=yes;attached_pad=no;finish=hand scraped;look=walnut;install=glue
G0019,menards,MEN-744501,Dakota,Sierra SPC Rigid Core,3.09,per_sq_ft,,,yes,2026-08-14,seed_estimate,,core=WPC;wear_layer_mil=12;thickness_mm=4.0;width_in=9;length_in=72;waterproof=yes;attached_pad=yes;finish=wire brushed;look=walnut;install=glue
G0019,tile_shop,TIL-580645,Superior,Sierra SPC Rigid Core,64.99,per_case,18.49,,yes,2026-08-14,seed_estimate,,core=WPC;wear_layer_mil=12;thickness_mm=4.0;width_in=9;length_in=72;waterproof=yes;attached_pad=no;finish=wire brushed;look=walnut;install=click
G0020,floor_and_decor,FLO-505367,COREtec,Bianco Glue Down LVP,3.29,per_sq_ft,,,yes,2026-08-14,seed_estimate,,core=rigid core;wear_layer_mil=22;thickness_mm=6.5;width_in=9;length_in=48;waterproof=yes;attached_pad=no;finish=matte;look=hickory;install=glue
G0020,home_depot,HOM-894445,COREtec,Bianco Glue Down LVP,3.39,per_sq_ft,,,yes,2026-08-14,seed_estimate,,core=rigid core;wear_layer_mil=22;thickness_mm=6.5;width_in=9;length_in=48;waterproof=yes;attached_pad=no;finish=matte;look=hickory;install=glue
G0020,lowes,LOW-845241,COREtec,Bianco Glue Down LVP,68.98,per_case,19.54,,yes,2026-08-14,seed_estimate,,core=rigid core;wear_layer_mil=22;thickness_mm=6.5;width_in=9;length_in=48;waterproof=yes;attached_pad=no;finish=matte;look=hickory;install=glue
G0020,menards,MEN-874345,COREtec,Bianco Glue Down LVP,3.49,per_sq_ft,,,yes,2026-08-14,seed_estimate,,core=rigid core;wear_layer_mil=22;thickness_mm=6.5;width_in=9;length_in=48;waterproof=yes;attached_pad=no;finish=matte;look=hickory;install=glue
G0020,tile_shop,TIL-523814,COREtec,Bianco Glue Down LVP,92.99,per_case,25.72,,yes,2026-08-14,seed_estimate,,core=rigid core;wear_layer_mil=22;thickness_mm=6.5;width_in=9;length_in=48;waterproof=yes;attached_pad=no;finish=matte;look=hickory;install=glue
G0021,floor_and_decor,FLO-821638,NuCore,Espresso WPC Rigid Core,4.29,per_sq_ft,,3.99,yes,2026-08-14,seed_estimate,,core=SPC;wear_layer_mil=12;thickness_mm=8.0;width_in=6;length_in=48;waterproof=yes;attached_pad=yes;finish=matte;look=oak;install=click
G0021,home_depot,HOM-545457,TrafficMaster,Espresso WPC Rigid Core,4.59,per_sq_ft,,,yes,2026-08-14,seed_estimate,,core=SPC;wear_layer_mil=12;thickness_mm=8.0;width_in=6;length_in=48;waterproof=yes;attached_pad=yes;finish=matte;look=oak;install=click
G0021,lowes,LOW-373026,Style Selections,Espresso WPC Rigid Core,4.79,per_sq_ft,,,yes,2026-08-14,seed_estimate,,core=SPC;wear_layer_mil=12;thickness_mm=8.0;width_in=6;length_in=48;waterproof=yes;attached_pad=yes;finish=embossed;look=oak;install=click
G0021,menards,MEN-154810,Masterforce,Espresso WPC Rigid Core,4.89,per_sq_ft,,4.09,yes,2026-08-14,seed_estimate,,core=rigid core;wear_layer_mil=12;thickness_mm=8.0;width_in=6;length_in=48;waterproof=yes;attached_pad=yes;finish=matte;look=oak;install=click
G0021,tile_shop,TIL-664745,Kismet,Espresso WPC Rigid Core,5.89,per_sq_ft,,,yes,2026-08-14,seed_estimate,,core=SPC;wear_layer_mil=12;thickness_mm=8.0;width_in=6;length_in=48;waterproof=yes;attached_pad=yes;finish=matte;look=oak;install=click
G0022,floor_and_decor,FLO-415562,NuCore,Yorkshire WPC Rigid Core,2.49,per_sq_ft,,,yes,2026-08-14,seed_estimate,,core=rigid core;wear_layer_mil=6;thickness_mm=4.0;width_in=7.2;length_in=48;waterproof=yes;attached_pad=no;finish=wire brushed;look=walnut;install=click
G0022,home_depot,HOM-875916,TrafficMaster,Yorkshire WPC Rigid Core,51.99,per_box,19.32,,yes,2026-08-14,seed_estimate,,core=rigid core;wear_layer_mil=6;thickness_mm=8.0;width_in=7.2;length_in=48;waterproof=yes;attached_pad=no;finish=wire brushed;look=walnut;install=click
G0022,lowes,LOW-675999,SMARTCORE,Yorkshire WPC Rigid Core,57.98,per_case,20.44,50.98,yes,2026-08-14,seed_estimate,,core=rigid core;wear_layer_mil=6;thickness_mm=5.0;width_in=7.2;length_in=48;waterproof=yes;attached_pad=no;finish=wire brushed;look=walnut;install=click
G0022,menards,MEN-238884,Tuscany,Yorkshire WPC Rigid Core,61.99,per_box,20.69,,yes,2026-08-14,seed_estimate,,core=SPC;wear_layer_mil=6;thickness_mm=4.0;width_in=7.2;length_in=48;waterproof=yes;attached_pad=no;finish=wire brushed;look=walnut;install=click
G0022,tile_shop,TIL-347696,Superior,Yorkshire WPC Rigid Core,52.98,per_case,17.71,45.97,yes,2026-08-14,seed_estimate,,core=rigid core;wear_layer_mil=6;thickness_mm=4.0;width_in=7.2;length_in=48;waterproof=yes;attached_pad=no;finish=hand scraped;look=walnut;install=click
G0023,floor_and_decor,FLO-618502,NuCore,Coastal Grey Glue Down LVP,4.79,per_sq_ft,,,yes,2026-08-14,seed_estimate,,core=WPC;wear_layer_mil=6;thickness_mm=4.0;width_in=7.2;length_in=48;waterproof=yes;attached_pad=yes;finish=embossed;look=hickory;install=glue
G0023,home_depot,HOM-817003,TrafficMaster,Coastal Grey Glue Down LVP,5.99,per_sq_ft,,4.69,yes,2026-08-14,seed_estimate,,core=WPC;wear_layer_mil=6;thickness_mm=4.0;width_in=7.2;length_in=48;waterproof=yes;attached_pad=yes;finish=embossed;look=stone;install=glue
G0023,lowes,LOW-311904,Origin 21,Coastal Grey Glue Down LVP,87.98,per_case,16.62,,yes,2026-08-14,seed_estimate,,core=WPC;wear_layer_mil=6;thickness_mm=4.0;width_in=7.2;length_in=48;waterproof=yes;attached_pad=yes;finish=embossed;look=hickory;install=glue
G0023,menards,MEN-809181,Dakota,Coastal Grey Glue Down LVP,6.19,per_sq_ft,,4.79,yes,2026-08-14,seed_estimate,,core=WPC;wear_layer_mil=6;thickness_mm=4.0;width_in=7.2;length_in=48;waterproof=yes;attached_pad=yes;finish=embossed;look=hickory;install=glue
G0023,tile_shop,TIL-567110,Marmi,Coastal Grey Glue Down LVP,98.98,per_case,16.73,,yes,2026-08-14,seed_estimate,,core=WPC;wear_layer_mil=6;thickness_mm=4.0;width_in=7.2;length_in=48;waterproof=yes;attached_pad=yes;finish=embossed;look=hickory;install=glue
G0024,floor_and_decor,FLO-268494,DuraLux,Kingsport Waterproof LVP,4.49,per_sq_ft,,,yes,2026-08-14,seed_estimate,,core=SPC;wear_layer_mil=12;thickness_mm=6.5;width_in=9;length_in=60;waterproof=yes;attached_pad=yes;finish=wire brushed;look=oak;install=glue
G0024,home_depot,HOM-661867,LifeProof,Kingsport Waterproof LVP,5.09,per_sq_ft,,4.19,yes,2026-08-14,seed_estimate,,core=SPC;wear_layer_mil=12;thickness_mm=6.5;width_in=9;length_in=60;waterproof=yes;attached_pad=yes;finish=wire brushed;look=oak;install=glue
G0024,lowes,LOW-931578,Origin 21,Kingsport Waterproof LVP,109.98,per_case,21.51,,yes,2026-08-14,seed_estimate,,core=SPC;wear_layer_mil=22;thickness_mm=6.5;width_in=9;length_in=60;waterproof=yes;attached_pad=yes;finish=wire brushed;look=oak;install=glue
G0024,menards,MEN-360245,Dakota,Kingsport Waterproof LVP,139.98,per_box,29.65,,yes,2026-08-14,seed_estimate,,core=SPC;wear_layer_mil=12;thickness_mm=6.5;width_in=9;length_in=60;waterproof=yes;attached_pad=yes;finish=wire brushed;look=oak;install=glue
G0024,tile_shop,TIL-246363,Superior,Kingsport Waterproof LVP,5.79,per_sq_ft,,,yes,2026-08-14,seed_estimate,,core=SPC;wear_layer_mil=12;thickness_mm=6.5;width_in=9;length_in=60;waterproof=yes;attached_pad=yes;finish=wire brushed;look=oak;install=glue
G0025,floor_and_decor,FLO-563704,DuraLux,Bergamo WPC Rigid Core,2.89,per_sq_ft,,,yes,2026-08-14,seed_estimate,,core=WPC;wear_layer_mil=28;thickness_mm=6.0;width_in=7.2;length_in=72;waterproof=yes;attached_pad=no;finish=hand scraped;look=maple;install=glue
G0025,home_depot,HOM-353798,Home Decorators Collection,Bergamo WPC Rigid Core,3.19,per_sq_ft,,,yes,2026-08-14,seed_estimate,,core=WPC;wear_layer_mil=28;thickness_mm=4.0;width_in=7.2;length_in=72;waterproof=yes;attached_pad=no;finish=hand scraped;look=maple;install=glue
G0025,lowes,LOW-493622,Style Selections,Bergamo WPC Rigid Core,54.97,per_case,17.25,47.99,yes,2026-08-14,seed_estimate,,core=WPC;wear_layer_mil=28;thickness_mm=6.0;width_in=7.2;length_in=72;waterproof=yes;attached_pad=no;finish=hand scraped;look=stone;install=glue
G0025,menards,MEN-415242,Dakota,Bergamo WPC Rigid Core,3.29,per_sq_ft,,,yes,2026-08-14,seed_estimate,,core=WPC;wear_layer_mil=28;thickness_mm=6.0;width_in=7.2;length_in=72;waterproof=yes;attached_pad=no;finish=hand scraped;look=maple;install=glue
G0025,tile_shop,TIL-999769,Marmi,Bergamo WPC Rigid Core,3.69,per_sq_ft,,,yes,2026-08-14,seed_estimate,,core=WPC;wear_layer_mil=28;thickness_mm=6.0;width_in=7.2;length_in=72;waterproof=yes;attached_pad=no;finish=hand scraped;look=maple;install=glue
G0026,floor_and_decor,FLO-441179,NuCore,Fieldstone Glue Down LVP,4.99,per_sq_ft,,3.79,yes,2026-08-14,seed_estimate,,core=WPC;wear_layer_mil=20;thickness_mm=6.5;width_in=9;length_in=48;waterproof=yes;attached_pad=no;finish=wire brushed;look=maple;install=glue
G0026,home_depot,HOM-270497,TrafficMaster,Fieldstone Glue Down LVP,114.98,per_box,22.27,,yes,2026-08-14,seed_estimate,,core=WPC;wear_layer_mil=20;thickness_mm=6.5;width_in=9;length_in=48;waterproof=yes;attached_pad=no;finish=wire brushed;look=maple;install=click
G0026,lowes,LOW-453958,Origin 21,Fieldstone Glue Down LVP,5.49,per_sq_ft,,,yes,2026-08-14,seed_estimate,,core=WPC;wear_layer_mil=20;thickness_mm=6.5;width_in=9;length_in=48;waterproof=yes;attached_pad=no;finish=wire brushed;look=maple;install=glue
G0026,menards,MEN-615569,Masterforce,Fieldstone Glue Down LVP,139.98,per_box,22.71,,yes,2026-08-14,seed_estimate,,core=WPC;wear_layer_mil=20;thickness_mm=6.5;width_in=9;length_in=48;waterproof=yes;attached_pad=no;finish=wire brushed;look=maple;install=glue
G0026,tile_shop,TIL-307477,Rush River,Fieldstone Glue Down LVP,174.98,per_case,26.42,,yes,2026-08-14,seed_estimate,,core=WPC;wear_layer_mil=20;thickness_mm=6.5;width_in=9;length_in=48;waterproof=yes;attached_pad=no;finish=wire brushed;look=maple;install=glue
G0027,floor_and_decor,FLO-829501,AquaGuard,Ivory Glue Down LVP,3.19,per_sq_ft,,,yes,2026-08-14,seed_estimate,,core=rigid core;wear_layer_mil=20;thickness_mm=8.0;width_in=9;length_in=60;waterproof=yes;attached_pad=no;finish=hand scraped;look=hickory;install=glue
G0027,home_depot,HOM-326659,Home Decorators Collection,Ivory Glue Down LVP,3.89,per_sq_ft,,,yes,2026-08-14,seed_estimate,,core=rigid core;wear_layer_mil=20;thickness_mm=8.0;width_in=9;length_in=60;waterproof=yes;attached_pad=no;finish=hand scraped;look=hickory;install=glue
G0027,lowes,LOW-344190,SMARTCORE,Ivory Glue Down LVP,99.98,per_case,27.26,,yes,2026-08-14,seed_estimate,,core=rigid core;wear_layer_mil=20;thickness_mm=8.0;width_in=9;length_in=72;waterproof=yes;attached_pad=no;finish=hand scraped;look=hickory;install=glue
G0027,menards,MEN-361175,Patrician,Ivory Glue Down LVP,76.98,per_box,22.33,,yes,2026-08-14,seed_estimate,,core=rigid core;wear_layer_mil=20;thickness_mm=8.0;width_in=9;length_in=60;waterproof=yes;attached_pad=no;finish=hand scraped;look=hickory;install=glue
G0027,tile_shop,TIL-618065,Rush River,Ivory Glue Down LVP,4.49,per_sq_ft,,3.59,yes,2026-08-14,seed_estimate,,core=rigid core;wear_layer_mil=20;thickness_mm=8.0;width_in=9;length_in=48;waterproof=yes;attached_pad=no;finish=hand scraped;look=hickory;install=glue
G0028,floor_and_decor,FLO-641158,DuraLux,Alabaster Glue Down LVP,2.09,per_sq_ft,,,yes,2026-08-14,seed_estimate,,core=SPC;wear_layer_mil=12;thickness_mm=6.5;width_in=9;length_in=60;waterproof=yes;attached_pad=yes;finish=matte;look=oak;install=glue
G0028,home_depot,HOM-313176,Home Decorators Collection,Alabaster Glue Down LVP,2.69,per_sq_ft,,,yes,2026-08-14,seed_estimate,,core=SPC;wear_layer_mil=12;thickness_mm=6.0;width_in=9;length_in=60;waterproof=yes;attached_pad=yes;finish=matte;look=oak;install=glue
G0028,lowes,LOW-335560,Origin 21,Alabaster Glue Down LVP,64.97,per_case,26.93,57.97,yes,2026-08-14,seed_estimate,,core=SPC;wear_layer_mil=12;thickness_mm=6.5;width_in=9;length_in=60;waterproof=yes;attached_pad=no;finish=matte;look=oak;install=glue
G0028,menards,MEN-966139,Masterforce,Alabaster Glue Down LVP,47.97,per_box,19.14,,yes,2026-08-14,seed_estimate,,core=WPC;wear_layer_mil=12;thickness_mm=6.5;width_in=9;length_in=60;waterproof=yes;attached_pad=yes;finish=matte;look=oak;install=glue
G0028,tile_shop,TIL-680333,Superior,Alabaster Glue Down LVP,68.98,per_case,25.45,57.98,no,2026-08-14,seed_estimate,,core=SPC;wear_layer_mil=12;thickness_mm=6.5;width_in=7;length_in=60;waterproof=yes;attached_pad=yes;finish=matte;look=oak;install=glue
G0029,floor_and_decor,FLO-280449,NuCore,Autumn Hollow Waterproof LVP,1.79,per_sq_ft,,,yes,2026-08-14,seed_estimate,,core=SPC;wear_layer_mil=12;thickness_mm=8.0;width_in=6;length_in=72;waterproof=yes;attached_pad=no;finish=matte;look=oak;install=glue
G0029,home_depot,HOM-492650,LifeProof,Autumn Hollow Waterproof LVP,1.99,per_sq_ft,,,yes,2026-08-14,seed_estimate,,core=SPC;wear_layer_mil=12;thickness_mm=8.0;width_in=6;length_in=72;waterproof=yes;attached_pad=yes;finish=matte;look=oak;install=glue
G0029,lowes,LOW-975615,Origin 21,Autumn Hollow Waterproof LVP,2.19,per_sq_ft,,,yes,2026-08-14,seed_estimate,,core=SPC;wear_layer_mil=12;thickness_mm=6.0;width_in=6;length_in=72;waterproof=yes;attached_pad=no;finish=matte;look=oak;install=glue
G0029,menards,MEN-479475,Masterforce,Autumn Hollow Waterproof LVP,38.99,per_box,20.33,32.98,yes,2026-08-14,seed_estimate,,core=SPC;wear_layer_mil=12;thickness_mm=8.0;width_in=6;length_in=72;waterproof=yes;attached_pad=no;finish=matte;look=oak;install=click
G0029,tile_shop,TIL-433960,Kismet,Autumn Hollow Waterproof LVP,52.99,per_case,25.28,,yes,2026-08-14,seed_estimate,,core=SPC;wear_layer_mil=12;thickness_mm=4.0;width_in=6;length_in=72;waterproof=yes;attached_pad=no;finish=matte;look=oak;install=glue
G0030,floor_and_decor,FLO-656982,DuraLux,Granite Peak WPC Rigid Core,4.29,per_sq_ft,,,yes,2026-08-14,seed_estimate,,core=WPC;wear_layer_mil=12;thickness_mm=6.5;width_in=7;length_in=72;waterproof=yes;attached_pad=no;finish=matte;look=hickory;install=click
G0030,home_depot,HOM-874259,Home Decorators Collection,Granite Peak WPC Rigid Core,4.69,per_sq_ft,,,yes,2026-08-14,seed_estimate,,core=WPC;wear_layer_mil=12;thickness_mm=6.5;width_in=6;length_in=72;waterproof=yes;attached_pad=no;finish=matte;look=hickory;install=click
G0030,lowes,LOW-258285,SMARTCORE,Granite Peak WPC Rigid Core,124.98,per_case,22.77,,yes,2026-08-14,seed_estimate,,core=WPC;wear_layer_mil=12;thickness_mm=5.0;width_in=7;length_in=72;waterproof=yes;attached_pad=no;finish=matte;look=hickory;install=click
G0030,tile_shop,TIL-556657,Kismet,Granite Peak WPC Rigid Core,5.39,per_sq_ft,,,yes,2026-08-14,seed_estimate,,core=WPC;wear_layer_mil=12;thickness_mm=6.5;width_in=6;length_in=72;waterproof=yes;attached_pad=no;finish=matte;look=hickory;install=click
G0031,floor_and_decor,FLO-455296,Quick-Step,Fieldstone Waterproof Laminate,2.19,per_sq_ft,,1.99,yes,2026-08-14,seed_estimate,,ac_rating=4;thickness_mm=7;width_in=9;length_in=50;attached_pad=no;waterproof=no;finish=embossed;look=tile
G0031,home_depot,HOM-935024,Quick-Step,Fieldstone Waterproof Laminate,2.39,per_sq_ft,,,yes,2026-08-14,seed_estimate,,ac_rating=4;thickness_mm=7;width_in=9;length_in=50;attached_pad=no;waterproof=no;finish=embossed;look=tile
G0031,lowes,LOW-447151,Quick-Step,Fieldstone Waterproof Laminate,2.39,per_sq_ft,,,yes,2026-08-14,seed_estimate,,ac_rating=4;thickness_mm=7;width_in=9;length_in=50;attached_pad=no;waterproof=no;finish=embossed;look=tile
G0031,menards,MEN-691669,Quick-Step,Fieldstone Waterproof Laminate,45.98,per_case,20.46,,yes,2026-08-14,seed_estimate,,ac_rating=4;thickness_mm=7;width_in=9;length_in=50;attached_pad=no;waterproof=no;finish=embossed;look=tile
G0032,floor_and_decor,FLO-906922,Sono Eclipse,Sundance Waterproof Laminate,2.99,per_sq_ft,,,yes,2026-08-14,seed_estimate,,ac_rating=4;thickness_mm=12;width_in=9;length_in=54;attached_pad=yes;waterproof=no;finish=matte;look=maple
G0032,home_depot,HOM-290666,TrafficMaster,Sundance Waterproof Laminate,3.19,per_sq_ft,,2.89,yes,2026-08-14,seed_estimate,,ac_rating=4;thickness_mm=12;width_in=9;length_in=54;attached_pad=yes;waterproof=no;finish=matte;look=maple
G0032,lowes,LOW-304592,allen + roth,Sundance Waterproof Laminate,59.97,per_case,19.17,53.98,yes,2026-08-14,seed_estimate,,ac_rating=4;thickness_mm=12;width_in=9;length_in=54;attached_pad=yes;waterproof=no;finish=matte;look=maple
G0032,menards,MEN-183020,Masterforce,Sundance Waterproof Laminate,3.09,per_sq_ft,,,yes,2026-08-14,seed_estimate,,ac_rating=4;thickness_mm=12;width_in=9;length_in=54;attached_pad=yes;waterproof=no;finish=matte;look=maple
G0033,floor_and_decor,FLO-788574,Sono Eclipse,Coastal Grey Water Resistant Laminate,2.59,per_sq_ft,,,yes,2026-08-14,seed_estimate,,ac_rating=3;thickness_mm=7;width_in=5;length_in=50;attached_pad=yes;waterproof=no;finish=matte;look=oak
G0033,home_depot,HOM-242956,Home Decorators Collection,Coastal Grey Water Resistant Laminate,2.79,per_sq_ft,,,yes,2026-08-14,seed_estimate,,ac_rating=3;thickness_mm=7;width_in=5;length_in=50;attached_pad=yes;waterproof=no;finish=matte;look=oak
G0033,lowes,LOW-676718,Style Selections,Coastal Grey Water Resistant Laminate,3.09,per_sq_ft,,,no,2026-08-14,seed_estimate,,ac_rating=3;thickness_mm=7;width_in=5;length_in=50;attached_pad=yes;waterproof=no;finish=matte;look=oak
G0033,menards,MEN-804732,Tuscany,Coastal Grey Water Resistant Laminate,2.69,per_sq_ft,,,yes,2026-08-14,seed_estimate,,ac_rating=3;thickness_mm=7;width_in=9;length_in=50;attached_pad=yes;waterproof=no;finish=matte;look=oak
G0034,floor_and_decor,FLO-141259,AquaGuard,Saxony Water Resistant Laminate,2.29,per_sq_ft,,,yes,2026-08-14,seed_estimate,,ac_rating=5;thickness_mm=7;width_in=7;length_in=48;attached_pad=yes;waterproof=yes;finish=hand scraped;look=oak
G0034,home_depot,HOM-863626,TrafficMaster,Saxony Water Resistant Laminate,2.69,per_sq_ft,,,yes,2026-08-14,seed_estimate,,ac_rating=5;thickness_mm=7;width_in=7;length_in=54;attached_pad=yes;waterproof=yes;finish=hand scraped;look=oak
G0034,lowes,LOW-524442,allen + roth,Saxony Water Resistant Laminate,49.97,per_case,19.16,,yes,2026-08-14,seed_estimate,,ac_rating=5;thickness_mm=7;width_in=7;length_in=48;attached_pad=yes;waterproof=yes;finish=hand scraped;look=oak
G0034,menards,MEN-417317,Patrician,Saxony Water Resistant Laminate,2.29,per_sq_ft,,1.99,yes,2026-08-14,seed_estimate,,ac_rating=5;thickness_mm=7;width_in=7;length_in=48;attached_pad=yes;waterproof=yes;finish=embossed;look=oak
G0035,floor_and_decor,FLO-490930,AquaGuard,Pembroke Water Resistant Laminate,1.49,per_sq_ft,,,yes,2026-08-14,seed_estimate,,ac_rating=5;thickness_mm=7;width_in=5;length_in=48;attached_pad=yes;waterproof=yes;finish=hand scraped;look=maple
G0035,home_depot,HOM-442940,Home Decorators Collection,Pembroke Water Resistant Laminate,1.59,per_sq_ft,,1.29,yes,2026-08-14,seed_estimate,,ac_rating=5;thickness_mm=7;width_in=5;length_in=48;attached_pad=yes;waterproof=yes;finish=hand scraped;look=maple
G0035,lowes,LOW-264804,allen + roth,Pembroke Water Resistant Laminate,1.89,per_sq_ft,,,yes,2026-08-14,seed_estimate,,ac_rating=5;thickness_mm=7;width_in=5;length_in=48;attached_pad=yes;waterproof=yes;finish=hand scraped;look=maple
G0035,menards,MEN-833972,Tuscany,Pembroke Water Resistant Laminate,1.79,per_sq_ft,,,yes,2026-08-14,seed_estimate,,ac_rating=5;thickness_mm=7;width_in=5;length_in=48;attached_pad=yes;waterproof=yes;finish=hand scraped;look=maple
G0036,floor_and_decor,FLO-192000,Sono Eclipse,Slate Creek Waterproof Laminate,2.49,per_sq_ft,,,yes,2026-08-14,seed_estimate,,ac_rating=4;thickness_mm=10;width_in=9;length_in=50;attached_pad=no;waterproof=no;finish=hand scraped;look=hickory
G0036,home_depot,HOM-826025,TrafficMaster,Slate Creek Waterproof Laminate,51.97,per_case,19.69,41.99,yes,2026-08-14,seed_estimate,,ac_rating=4;thickness_mm=10;width_in=9;length_in=50;attached_pad=no;waterproof=no;finish=matte;look=hickory
G0036,lowes,LOW-492565,Style Selections,Slate Creek Waterproof Laminate,3.09,per_sq_ft,,,yes,2026-08-14,seed_estimate,,ac_rating=4;thickness_mm=10;width_in=9;length_in=50;attached_pad=yes;waterproof=no;finish=hand scraped;look=hickory
G0036,menards,MEN-686739,Masterforce,Slate Creek Waterproof Laminate,2.99,per_sq_ft,,,yes,2026-08-14,seed_estimate,,ac_rating=4;thickness_mm=10;width_in=9;length_in=50;attached_pad=no;waterproof=no;finish=embossed;look=hickory
G0037,floor_and_decor,FLO-543688,Sono Eclipse,Umber Water Resistant Laminate,1.79,per_sq_ft,,,yes,2026-08-14,seed_estimate,,ac_rating=3;thickness_mm=8;width_in=7;length_in=48;attached_pad=yes;waterproof=yes;finish=embossed;look=maple
G0037,home_depot,HOM-650443,TrafficMaster,Umber Water Resistant Laminate,30.98,per_case,16.41,,yes,2026-08-14,seed_estimate,,ac_rating=3;thickness_mm=8;width_in=7;length_in=48;attached_pad=yes;waterproof=no;finish=embossed;look=maple
G0037,lowes,LOW-720706,Style Selections,Umber Water Resistant Laminate,2.09,per_sq_ft,,,yes,2026-08-14,seed_estimate,,ac_rating=3;thickness_mm=8;width_in=7;length_in=48;attached_pad=yes;waterproof=yes;finish=embossed;look=maple
G0037,menards,MEN-727741,Tuscany,Umber Water Resistant Laminate,1.89,per_sq_ft,,,yes,2026-08-14,seed_estimate,,ac_rating=3;thickness_mm=8;width_in=7;length_in=48;attached_pad=yes;waterproof=yes;finish=embossed;look=maple
G0038,floor_and_decor,FLO-120134,Sono Eclipse,Cedar Point Waterproof Laminate,2.39,per_sq_ft,,,yes,2026-08-14,seed_estimate,,ac_rating=4;thickness_mm=12;width_in=9;length_in=48;attached_pad=yes;waterproof=yes;finish=matte;look=maple
G0038,home_depot,HOM-443163,TrafficMaster,Cedar Point Waterproof Laminate,49.97,per_case,18.96,,yes,2026-08-14,seed_estimate,,ac_rating=4;thickness_mm=12;width_in=9;length_in=48;attached_pad=yes;waterproof=yes;finish=matte;look=tile
G0038,lowes,LOW-745093,allen + roth,Cedar Point Waterproof Laminate,2.59,per_sq_ft,,,yes,2026-08-14,seed_estimate,,ac_rating=4;thickness_mm=12;width_in=9;length_in=48;attached_pad=no;waterproof=yes;finish=matte;look=maple
G0038,menards,MEN-876841,Patrician,Cedar Point Waterproof Laminate,60.99,per_case,21.12,,yes,2026-08-14,seed_estimate,,ac_rating=4;thickness_mm=12;width_in=9;length_in=48;attached_pad=no;waterproof=yes;finish=matte;look=maple
G0039,floor_and_decor,FLO-114079,Sono Eclipse,Windsor Water Resistant Laminate,1.89,per_sq_ft,,,yes,2026-08-14,seed_estimate,,ac_rating=5;thickness_mm=10;width_in=5;length_in=48;attached_pad=no;waterproof=yes;finish=matte;look=tile
G0039,home_depot,HOM-805579,TrafficMaster,Windsor Water Resistant Laminate,2.09,per_sq_ft,,,yes,2026-08-14,seed_estimate,,ac_rating=5;thickness_mm=10;width_in=5;length_in=48;attached_pad=no;waterproof=yes;finish=matte;look=tile
G0039,lowes,LOW-272202,Style Selections,Windsor Water Resistant Laminate,43.98,per_case,20.35,,yes,2026-08-14,seed_estimate,,ac_rating=4;thickness_mm=10;width_in=5;length_in=48;attached_pad=no;waterproof=yes;finish=matte;look=tile
G0039,menards,MEN-120109,Tuscany,Windsor Water Resistant Laminate,2.39,per_sq_ft,,,yes,2026-08-14,seed_estimate,,ac_rating=5;thickness_mm=10;width_in=5;length_in=48;attached_pad=no;waterproof=yes;finish=matte;look=tile
G0040,floor_and_decor,FLO-740499,Mohawk,Coastal Grey Waterproof Laminate,3.39,per_sq_ft,,,yes,2026-08-14,seed_estimate,,ac_rating=5;thickness_mm=12;width_in=9;length_in=54;attached_pad=yes;waterproof=yes;finish=embossed;look=hickory
G0040,home_depot,HOM-366227,Mohawk,Coastal Grey Waterproof Laminate,75.98,per_case,21.4,,yes,2026-08-14,seed_estimate,,ac_rating=5;thickness_mm=12;width_in=9;length_in=54;attached_pad=yes;waterproof=yes;finish=embossed;look=hickory
G0040,lowes,LOW-301699,Mohawk,Coastal Grey Waterproof Laminate,3.49,per_sq_ft,,,yes,2026-08-14,seed_estimate,,ac_rating=5;thickness_mm=12;width_in=9;length_in=54;attached_pad=yes;waterproof=yes;finish=embossed;look=hickory
G0040,menards,MEN-665052,Mohawk,Coastal Grey Waterproof Laminate,64.99,per_case,18.88,53.98,no,2026-08-14,seed_estimate,,ac_rating=5;thickness_mm=12;width_in=9;length_in=54;attached_pad=yes;waterproof=yes;finish=embossed;look=hickory
G0041,floor_and_decor,FLO-419304,AquaGuard,Chelsea Waterproof Laminate,1.29,per_sq_ft,,,yes,2026-08-14,seed_estimate,,ac_rating=4;thickness_mm=7;width_in=7;length_in=48;attached_pad=yes;waterproof=yes;finish=embossed;look=oak
G0041,home_depot,HOM-683447,Home Decorators Collection,Chelsea Waterproof Laminate,1.49,per_sq_ft,,,yes,2026-08-14,seed_estimate,,ac_rating=4;thickness_mm=7;width_in=7;length_in=54;attached_pad=yes;waterproof=yes;finish=embossed;look=oak
G0041,lowes,LOW-282726,Style Selections,Chelsea Waterproof Laminate,23.99,per_case,17.93,,yes,2026-08-14,seed_estimate,,ac_rating=4;thickness_mm=7;width_in=7;length_in=48;attached_pad=yes;waterproof=yes;finish=embossed;look=oak
G0041,menards,MEN-577812,Patrician,Chelsea Waterproof Laminate,27.98,per_case,21.86,,no,2026-08-14,seed_estimate,,ac_rating=4;thickness_mm=7;width_in=7;length_in=48;attached_pad=yes;waterproof=yes;finish=hand scraped;look=oak
G0042,floor_and_decor,FLO-585100,Sono Eclipse,Willow Bend Waterproof Laminate,2.29,per_sq_ft,,,yes,2026-08-14,seed_estimate,,ac_rating=4;thickness_mm=7;width_in=7;length_in=48;attached_pad=yes;waterproof=yes;finish=matte;look=tile
G0042,home_depot,HOM-716587,TrafficMaster,Willow Bend Waterproof Laminate,54.99,per_case,22.43,,yes,2026-08-14,seed_estimate,,ac_rating=4;thickness_mm=7;width_in=7;length_in=48;attached_pad=no;waterproof=yes;finish=matte;look=tile
G0042,lowes,LOW-988722,allen + roth,Willow Bend Waterproof Laminate,2.79,per_sq_ft,,,yes,2026-08-14,seed_estimate,,ac_rating=4;thickness_mm=7;width_in=7;length_in=48;attached_pad=no;waterproof=yes;finish=matte;look=tile
G0042,menards,MEN-285171,Masterforce,Willow Bend Waterproof Laminate,2.89,per_sq_ft,,,yes,2026-08-14,seed_estimate,,ac_rating=4;thickness_mm=7;width_in=5;length_in=48;attached_pad=yes;waterproof=yes;finish=matte;look=tile
G0043,floor_and_decor,FLO-765422,Sono Eclipse,Willow Bend Waterproof Laminate,3.39,per_sq_ft,,,yes,2026-08-14,seed_estimate,,ac_rating=5;thickness_mm=8;width_in=5;length_in=54;attached_pad=yes;waterproof=no;finish=matte;look=hickory
G0043,lowes,LOW-684456,allen + roth,Willow Bend Waterproof Laminate,4.09,per_sq_ft,,3.59,yes,2026-08-14,seed_estimate,,ac_rating=5;thickness_mm=8;width_in=5;length_in=54;attached_pad=no;waterproof=no;finish=matte;look=hickory
G0043,menards,MEN-384954,Masterforce,Willow Bend Waterproof Laminate,70.99,per_case,17.28,,yes,2026-08-14,seed_estimate,,ac_rating=5;thickness_mm=8;width_in=7;length_in=54;attached_pad=yes;waterproof=no;finish=matte;look=hickory
G0044,floor_and_decor,FLO-500936,Sono Eclipse,Carrara Water Resistant Laminate,2.59,per_sq_ft,,,yes,2026-08-14,seed_estimate,,ac_rating=4;thickness_mm=12;width_in=7;length_in=54;attached_pad=no;waterproof=yes;finish=matte;look=maple
G0044,home_depot,HOM-383442,TrafficMaster,Carrara Water Resistant Laminate,3.39,per_sq_ft,,3.19,yes,2026-08-14,seed_estimate,,ac_rating=4;thickness_mm=10;width_in=7;length_in=54;attached_pad=no;waterproof=yes;finish=matte;look=maple
G0044,lowes,LOW-726058,Style Selections,Carrara Water Resistant Laminate,47.98,per_case,16.21,,yes,2026-08-14,seed_estimate,,ac_rating=4;thickness_mm=12;width_in=7;length_in=54;attached_pad=no;waterproof=yes;finish=matte;look=maple
G0044,menards,MEN-674942,Masterforce,Carrara Water Resistant Laminate,59.97,per_case,20.02,,no,2026-08-14,seed_estimate,,ac_rating=4;thickness_mm=12;width_in=7;length_in=54;attached_pad=no;waterproof=no;finish=matte;look=maple
G0045,floor_and_decor,FLO-924677,Mohawk,Barnwood Water Resistant Laminate,2.19,per_sq_ft,,,yes,2026-08-14,seed_estimate,,ac_rating=4;thickness_mm=12;width_in=7;length_in=50;attached_pad=yes;waterproof=no;finish=embossed;look=hickory
G0045,home_depot,HOM-596978,Mohawk,Barnwood Water Resistant Laminate,2.39,per_sq_ft,,,yes,2026-08-14,seed_estimate,,ac_rating=4;thickness_mm=12;width_in=7;length_in=50;attached_pad=yes;waterproof=no;finish=embossed;look=hickory
G0045,lowes,LOW-437486,Mohawk,Barnwood Water Resistant Laminate,2.29,per_sq_ft,,,yes,2026-08-14,seed_estimate,,ac_rating=4;thickness_mm=12;width_in=7;length_in=50;attached_pad=yes;waterproof=no;finish=embossed;look=hickory
G0046,floor_and_decor,FLO-225600,Pergo,Whitewash Standard Laminate,2.39,per_sq_ft,,2.19,yes,2026-08-14,seed_estimate,,ac_rating=3;thickness_mm=12;width_in=7;length_in=50;attached_pad=yes;waterproof=no;finish=hand scraped;look=maple
G0046,home_depot,HOM-921386,Pergo,Whitewash Standard Laminate,2.59,per_sq_ft,,,yes,2026-08-14,seed_estimate,,ac_rating=3;thickness_mm=12;width_in=7;length_in=50;attached_pad=yes;waterproof=no;finish=hand scraped;look=maple
G0046,lowes,LOW-445390,Pergo,Whitewash Standard Laminate,55.98,per_case,21.92,,yes,2026-08-14,seed_estimate,,ac_rating=3;thickness_mm=12;width_in=7;length_in=50;attached_pad=yes;waterproof=no;finish=hand scraped;look=maple
G0046,menards,MEN-889315,Pergo,Whitewash Standard Laminate,2.49,per_sq_ft,,,yes,2026-08-14,seed_estimate,,ac_rating=3;thickness_mm=12;width_in=7;length_in=50;attached_pad=yes;waterproof=no;finish=hand scraped;look=maple
G0047,floor_and_decor,FLO-150539,Sono Eclipse,Sterling Water Resistant Laminate,3.49,per_sq_ft,,,yes,2026-08-14,seed_estimate,,ac_rating=3;thickness_mm=10;width_in=5;length_in=48;attached_pad=no;waterproof=yes;finish=embossed;look=maple
G0047,home_depot,HOM-383078,TrafficMaster,Sterling Water Resistant Laminate,97.99,per_case,23.22,,yes,2026-08-14,seed_estimate,,ac_rating=3;thickness_mm=7;width_in=5;length_in=48;attached_pad=no;waterproof=yes;finish=embossed;look=maple
G0047,lowes,LOW-933990,Style Selections,Sterling Water Resistant Laminate,71.99,per_case,18.06,,yes,2026-08-14,seed_estimate,,ac_rating=3;thickness_mm=10;width_in=5;length_in=48;attached_pad=no;waterproof=no;finish=embossed;look=maple
G0047,menards,MEN-966037,Tuscany,Sterling Water Resistant Laminate,3.69,per_sq_ft,,,yes,2026-08-14,seed_estimate,,ac_rating=3;thickness_mm=10;width_in=5;length_in=50;attached_pad=no;waterproof=yes;finish=embossed;look=maple
G0048,floor_and_decor,FLO-257707,AquaGuard,Charcoal Water Resistant Laminate,2.29,per_sq_ft,,,yes,2026-08-14,seed_estimate,,ac_rating=3;thickness_mm=10;width_in=5;length_in=48;attached_pad=no;waterproof=yes;finish=hand scraped;look=maple
G0048,home_depot,HOM-220380,Home Decorators Collection,Charcoal Water Resistant Laminate,2.69,per_sq_ft,,,yes,2026-08-14,seed_estimate,,ac_rating=3;thickness_mm=10;width_in=5;length_in=48;attached_pad=no;waterproof=yes;finish=hand scraped;look=maple
G0048,lowes,LOW-358890,Style Selections,Charcoal Water Resistant Laminate,33.97,per_case,14.4,,yes,2026-08-14,seed_estimate,,ac_rating=3;thickness_mm=10;width_in=5;length_in=48;attached_pad=no;waterproof=yes;finish=hand scraped;look=maple
G0048,menards,MEN-841954,Tuscany,Charcoal Water Resistant Laminate,2.39,per_sq_ft,,,yes,2026-08-14,seed_estimate,,ac_rating=3;thickness_mm=10;width_in=5;length_in=48;attached_pad=no;waterproof=yes;finish=hand scraped;look=maple
G0049,floor_and_decor,FLO-985042,Sonoma,Copperfield Click Engineered,6.49,per_sq_ft,,,yes,2026-08-14,seed_estimate,,species=white oak;veneer_mm=3.0;thickness_mm=12.7;width_in=5;finish=hand scraped;install=nail
G0049,home_depot,HOM-801598,Home Decorators Collection,Copperfield Click Engineered,7.99,per_sq_ft,,,yes,2026-08-14,seed_estimate,,species=white oak;veneer_mm=3.0;thickness_mm=12.7;width_in=5;finish=hand scraped;install=nail
G0049,lowes,LOW-555679,Villa Barcelona,Copperfield Click Engineered,6.89,per_sq_ft,,,yes,2026-08-14,seed_estimate,,species=maple;veneer_mm=3.0;thickness_mm=12.7;width_in=5;finish=hand scraped;install=nail
G0049,menards,MEN-566736,Tuscany,Copperfield Click Engineered,184.98,per_case,24.5,,yes,2026-08-14,seed_estimate,,species=white oak;veneer_mm=3.0;thickness_mm=12.7;width_in=7.5;finish=hand scraped;install=nail
G0050,floor_and_decor,FLO-168252,Bruce,Cedar Point Glue Down Engineered,4.09,per_sq_ft,,3.09,yes,2026-08-14,seed_estimate,,species=birch;veneer_mm=4.0;thickness_mm=9.5;width_in=9.5;finish=smooth;install=nail
G0050,home_depot,HOM-835937,Bruce,Cedar Point Glue Down Engineered,99.98,per_case,22.25,81.99,yes,2026-08-14,seed_estimate,,species=birch;veneer_mm=4.0;thickness_mm=9.5;width_in=9.5;finish=smooth;install=nail
G0050,lowes,LOW-116707,Bruce,Cedar Point Glue Down Engineered,4.49,per_sq_ft,,,yes,2026-08-14,seed_estimate,,species=birch;veneer_mm=4.0;thickness_mm=9.5;width_in=9.5;finish=smooth;install=nail
G0050,menards,MEN-982533,Bruce,Cedar Point Glue Down Engineered,104.98,per_case,24.59,80.97,yes,2026-08-14,seed_estimate,,species=birch;veneer_mm=4.0;thickness_mm=9.5;width_in=9.5;finish=smooth;install=nail
G0051,floor_and_decor,FLO-295824,AquaGuard Wood,Windsor Wide Plank Engineered,4.49,per_sq_ft,,,yes,2026-08-14,seed_estimate,,species=white oak;veneer_mm=3.0;thickness_mm=15.0;width_in=6.5;finish=hand scraped;install=glue
G0051,home_depot,HOM-421567,Home Decorators Collection,Windsor Wide Plank Engineered,5.29,per_sq_ft,,,yes,2026-08-14,seed_estimate,,species=white oak;veneer_mm=3.0;thickness_mm=15.0;width_in=6.5;finish=hand scraped;install=glue
G0051,lowes,LOW-470926,Villa Barcelona,Windsor Wide Plank Engineered,5.09,per_sq_ft,,4.09,yes,2026-08-14,seed_estimate,,species=birch;veneer_mm=3.0;thickness_mm=15.0;width_in=6.5;finish=hand scraped;install=glue
G0051,menards,MEN-631108,Dakota,Windsor Wide Plank Engineered,139.98,per_case,25.48,,no,2026-08-14,seed_estimate,,species=white oak;veneer_mm=3.0;thickness_mm=9.5;width_in=6.5;finish=hand scraped;install=glue
G0052,floor_and_decor,FLO-637431,AquaGuard Wood,Ivory Wide Plank Engineered,6.09,per_sq_ft,,5.39,yes,2026-08-14,seed_estimate,,species=hickory;veneer_mm=2.0;thickness_mm=12.7;width_in=6.5;finish=hand scraped;install=click
G0052,home_depot,HOM-952215,Home Decorators Collection,Ivory Wide Plank Engineered,164.98,per_case,24.9,,yes,2026-08-14,seed_estimate,,species=hickory;veneer_mm=3.0;thickness_mm=12.7;width_in=6.5;finish=hand scraped;install=click
G0052,lowes,LOW-471048,Villa Barcelona,Ivory Wide Plank Engineered,164.98,per_case,26.1,149.98,no,2026-08-14,seed_estimate,,species=hickory;veneer_mm=2.0;thickness_mm=12.7;width_in=6.5;finish=hand scraped;install=click
G0052,menards,MEN-456432,Masterforce,Ivory Wide Plank Engineered,6.59,per_sq_ft,,,yes,2026-08-14,seed_estimate,,species=hickory;veneer_mm=2.0;thickness_mm=12.7;width_in=6.5;finish=hand scraped;install=click
G0053,floor_and_decor,FLO-559012,Willow Creek,Windsor Wide Plank Engineered,3.89,per_sq_ft,,,yes,2026-08-14,seed_estimate,,species=red oak;veneer_mm=3.0;thickness_mm=9.5;width_in=5;finish=smooth;install=glue
G0053,home_depot,HOM-402319,Malibu Wide Plank,Windsor Wide Plank Engineered,5.29,per_sq_ft,,,no,2026-08-14,seed_estimate,,species=red oak;veneer_mm=0.6;thickness_mm=9.5;width_in=5;finish=smooth;install=glue
G0053,lowes,LOW-599423,Villa Barcelona,Windsor Wide Plank Engineered,5.09,per_sq_ft,,,yes,2026-08-14,seed_estimate,,species=red oak;veneer_mm=3.0;thickness_mm=9.5;width_in=5;finish=smooth;install=glue
G0053,menards,MEN-696669,Masterforce,Windsor Wide Plank Engineered,114.98,per_case,26.47,,yes,2026-08-14,seed_estimate,,species=red oak;veneer_mm=2.0;thickness_mm=9.5;width_in=5;finish=smooth;install=glue
G0054,floor_and_decor,FLO-152471,Sonoma,Greystone Wide Plank Engineered,3.29,per_sq_ft,,2.79,yes,2026-08-14,seed_estimate,,species=birch;veneer_mm=3.0;thickness_mm=9.5;width_in=9.5;finish=smooth;install=nail
G0054,home_depot,HOM-236287,Home Decorators Collection,Greystone Wide Plank Engineered,89.99,per_case,21.81,,yes,2026-08-14,seed_estimate,,species=birch;veneer_mm=3.0;thickness_mm=9.5;width_in=9.5;finish=smooth;install=nail
G0054,lowes,LOW-385114,allen + roth,Greystone Wide Plank Engineered,96.99,per_case,23.84,,yes,2026-08-14,seed_estimate,,species=birch;veneer_mm=3.0;thickness_mm=9.5;width_in=9.5;finish=smooth;install=nail
G0054,menards,MEN-950723,Patrician,Greystone Wide Plank Engineered,99.98,per_case,23.49,,yes,2026-08-14,seed_estimate,,species=birch;veneer_mm=3.0;thickness_mm=9.5;width_in=9.5;finish=smooth;install=nail
G0055,floor_and_decor,FLO-125331,AquaGuard Wood,Autumn Hollow Wide Plank Engineered,4.29,per_sq_ft,,,yes,2026-08-14,seed_estimate,,species=red oak;veneer_mm=4.0;thickness_mm=9.5;width_in=7.5;finish=hand scraped;install=nail
G0055,home_depot,HOM-714509,Malibu Wide Plank,Autumn Hollow Wide Plank Engineered,4.89,per_sq_ft,,,yes,2026-08-14,seed_estimate,,species=red oak;veneer_mm=4.0;thickness_mm=9.5;width_in=7.5;finish=hand scraped;install=nail
G0055,lowes,LOW-104542,allen + roth,Autumn Hollow Wide Plank Engineered,139.98,per_case,25.56,,yes,2026-08-14,seed_estimate,,species=red oak;veneer_mm=4.0;thickness_mm=9.5;width_in=7.5;finish=hand scraped;install=nail
G0055,menards,MEN-356674,Patrician,Autumn Hollow Wide Plank Engineered,114.98,per_case,22.73,,yes,2026-08-14,seed_estimate,,species=red oak;veneer_mm=4.0;thickness_mm=9.5;width_in=7.5;finish=wire brushed;install=nail
G0056,floor_and_decor,FLO-101462,AquaGuard Wood,Sandstone Wide Plank Engineered,8.89,per_sq_ft,,,yes,2026-08-14,seed_estimate,,species=hickory;veneer_mm=0.6;thickness_mm=15.0;width_in=9.5;finish=wire brushed;install=nail
G0056,home_depot,HOM-604746,Home Decorators Collection,Sandstone Wide Plank Engineered,239.98,per_case,22.48,,yes,2026-08-14,seed_estimate,,species=hickory;veneer_mm=0.6;thickness_mm=15.0;width_in=9.5;finish=wire brushed;install=nail
G0056,lowes,LOW-943350,Villa Barcelona,Sandstone Wide Plank Engineered,279.00,per_case,25.86,,yes,2026-08-14,seed_estimate,,species=hickory;veneer_mm=0.6;thickness_mm=15.0;width_in=9.5;finish=wire brushed;install=nail
G0056,menards,MEN-519511,Dakota,Sandstone Wide Plank Engineered,10.98,per_sq_ft,,,yes,2026-08-14,seed_estimate,,species=hickory;veneer_mm=0.6;thickness_mm=15.0;width_in=9.5;finish=wire brushed;install=nail
G0057,floor_and_decor,FLO-542443,Sonoma,Millbrook Click Engineered,4.19,per_sq_ft,,,yes,2026-08-14,seed_estimate,,species=birch;veneer_mm=2.0;thickness_mm=15.0;width_in=5;finish=smooth;install=glue
G0057,home_depot,HOM-372902,Malibu Wide Plank,Millbrook Click Engineered,5.09,per_sq_ft,,4.49,yes,2026-08-14,seed_estimate,,species=maple;veneer_mm=2.0;thickness_mm=15.0;width_in=5;finish=smooth;install=glue
G0057,lowes,LOW-950398,Villa Barcelona,Millbrook Click Engineered,5.49,per_sq_ft,,,yes,2026-08-14,seed_estimate,,species=birch;veneer_mm=2.0;thickness_mm=15.0;width_in=5;finish=smooth;install=glue
G0057,menards,MEN-833777,Tuscany,Millbrook Click Engineered,4.39,per_sq_ft,,,yes,2026-08-14,seed_estimate,,species=birch;veneer_mm=2.0;thickness_mm=15.0;width_in=5;finish=smooth;install=glue
G0058,floor_and_decor,FLO-132873,Willow Creek,Calacatta Glue Down Engineered,4.29,per_sq_ft,,,yes,2026-08-14,seed_estimate,,species=white oak;veneer_mm=2.0;thickness_mm=9.5;width_in=7.5;finish=wire brushed;install=nail
G0058,home_depot,HOM-345428,Home Decorators Collection,Calacatta Glue Down Engineered,139.98,per_case,25.93,,no,2026-08-14,seed_estimate,,species=white oak;veneer_mm=2.0;thickness_mm=9.5;width_in=7.5;finish=wire brushed;install=nail
G0058,lowes,LOW-729988,Villa Barcelona,Calacatta Glue Down Engineered,5.49,per_sq_ft,,,yes,2026-08-14,seed_estimate,,species=white oak;veneer_mm=0.6;thickness_mm=9.5;width_in=7.5;finish=wire brushed;install=nail
G0058,menards,MEN-969665,Patrician,Calacatta Glue Down Engineered,149.98,per_case,28.24,,yes,2026-08-14,seed_estimate,,species=white oak;veneer_mm=0.6;thickness_mm=9.5;width_in=7.5;finish=wire brushed;install=nail
G0059,floor_and_decor,FLO-182318,Mannington,Cambridge Click Engineered,6.99,per_sq_ft,,,yes,2026-08-14,seed_estimate,,species=birch;veneer_mm=3.0;thickness_mm=9.5;width_in=7.5;finish=wire brushed;install=click
G0059,home_depot,HOM-729151,Mannington,Cambridge Click Engineered,7.29,per_sq_ft,,,yes,2026-08-14,seed_estimate,,species=birch;veneer_mm=3.0;thickness_mm=9.5;width_in=7.5;finish=wire brushed;install=click
G0059,lowes,LOW-727287,Mannington,Cambridge Click Engineered,149.98,per_case,20.59,,yes,2026-08-14,seed_estimate,,species=birch;veneer_mm=3.0;thickness_mm=9.5;width_in=7.5;finish=wire brushed;install=click
G0059,menards,MEN-443114,Mannington,Cambridge Click Engineered,199.98,per_case,26.1,,yes,2026-08-14,seed_estimate,,species=birch;veneer_mm=3.0;thickness_mm=9.5;width_in=7.5;finish=wire brushed;install=click
G0060,floor_and_decor,FLO-368078,Sonoma,Havana Click Engineered,7.59,per_sq_ft,,,yes,2026-08-14,seed_estimate,,species=birch;veneer_mm=3.0;thickness_mm=9.5;width_in=7.5;finish=wire brushed;install=nail
G0060,home_depot,HOM-320481,Malibu Wide Plank,Havana Click Engineered,9.49,per_sq_ft,,,no,2026-08-14,seed_estimate,,species=birch;veneer_mm=3.0;thickness_mm=9.5;width_in=7.5;finish=wire brushed;install=nail
G0060,lowes,LOW-647463,allen + roth,Havana Click Engineered,209.98,per_case,23.68,,yes,2026-08-14,seed_estimate,,species=birch;veneer_mm=3.0;thickness_mm=9.5;width_in=5;finish=wire brushed;install=nail
G0060,menards,MEN-372643,Patrician,Havana Click Engineered,214.98,per_case,22.89,,yes,2026-08-14,seed_estimate,,species=birch;veneer_mm=3.0;thickness_mm=9.5;width_in=7.5;finish=wire brushed;install=nail
G0061,floor_and_decor,FLO-561502,AquaGuard Wood,Amber Ridge Wide Plank Engineered,6.59,per_sq_ft,,,yes,2026-08-14,seed_estimate,,species=birch;veneer_mm=0.6;thickness_mm=15.0;width_in=5;finish=hand scraped;install=glue
G0061,lowes,LOW-749098,allen + roth,Amber Ridge Wide Plank Engineered,8.39,per_sq_ft,,,yes,2026-08-14,seed_estimate,,species=birch;veneer_mm=0.6;thickness_mm=15.0;width_in=5;finish=hand scraped;install=glue
G0061,menards,MEN-877788,Patrician,Amber Ridge Wide Plank Engineered,7.09,per_sq_ft,,,yes,2026-08-14,seed_estimate,,species=birch;veneer_mm=0.6;thickness_mm=15.0;width_in=5;finish=hand scraped;install=glue
G0062,floor_and_decor,FLO-848132,AquaGuard Wood,Copperfield Glue Down Engineered,5.79,per_sq_ft,,,yes,2026-08-14,seed_estimate,,species=walnut;veneer_mm=0.6;thickness_mm=12.7;width_in=7.5;finish=hand scraped;install=click
G0062,home_depot,HOM-938106,Home Decorators Collection,Copperfield Glue Down Engineered,164.98,per_case,26.53,,yes,2026-08-14,seed_estimate,,species=walnut;veneer_mm=0.6;thickness_mm=12.7;width_in=7.5;finish=hand scraped;install=click
G0062,lowes,LOW-522208,allen + roth,Copperfield Glue Down Engineered,194.98,per_case,27.84,,no,2026-08-14,seed_estimate,,species=walnut;veneer_mm=0.6;thickness_mm=12.7;width_in=7.5;finish=hand scraped;install=click
G0062,menards,MEN-904977,Patrician,Copperfield Glue Down Engineered,149.98,per_case,20.6,,yes,2026-08-14,seed_estimate,,species=walnut;veneer_mm=0.6;thickness_mm=12.7;width_in=7.5;finish=hand scraped;install=click
G0063,floor_and_decor,FLO-591609,AquaGuard Wood,Alabaster Glue Down Engineered,7.49,per_sq_ft,,,yes,2026-08-14,seed_estimate,,species=red oak;veneer_mm=2.0;thickness_mm=15.0;width_in=7.5;finish=wire brushed;install=glue
G0063,home_depot,HOM-787406,Malibu Wide Plank,Alabaster Glue Down Engineered,209.98,per_case,25.49,,yes,2026-08-14,seed_estimate,,species=red oak;veneer_mm=2.0;thickness_mm=15.0;width_in=7.5;finish=wire brushed;install=glue
G0063,lowes,LOW-898982,allen + roth,Alabaster Glue Down Engineered,144.98,per_case,18.35,,yes,2026-08-14,seed_estimate,,species=red oak;veneer_mm=2.0;thickness_mm=15.0;width_in=7.5;finish=wire brushed;install=glue
G0063,menards,MEN-170968,Patrician,Alabaster Glue Down Engineered,8.79,per_sq_ft,,,yes,2026-08-14,seed_estimate,,species=red oak;veneer_mm=2.0;thickness_mm=15.0;width_in=7.5;finish=wire brushed;install=glue
G0064,floor_and_decor,FLO-489016,Bruce,Dunmore Click Engineered,4.99,per_sq_ft,,,yes,2026-08-14,seed_estimate,,species=walnut;veneer_mm=4.0;thickness_mm=15.0;width_in=6.5;finish=wire brushed;install=glue
G0064,home_depot,HOM-202718,Bruce,Dunmore Click Engineered,5.29,per_sq_ft,,3.99,yes,2026-08-14,seed_estimate,,species=walnut;veneer_mm=4.0;thickness_mm=15.0;width_in=6.5;finish=wire brushed;install=glue
G0064,lowes,LOW-685347,Bruce,Dunmore Click Engineered,5.09,per_sq_ft,,,yes,2026-08-14,seed_estimate,,species=walnut;veneer_mm=4.0;thickness_mm=15.0;width_in=6.5;finish=wire brushed;install=glue
G0064,menards,MEN-783763,Bruce,Dunmore Click Engineered,5.09,per_sq_ft,,,yes,2026-08-14,seed_estimate,,species=walnut;veneer_mm=4.0;thickness_mm=15.0;width_in=6.5;finish=wire brushed;install=glue
G0065,floor_and_decor,FLO-791804,Sonoma,Saxony Unfinished Solid,6.99,per_sq_ft,,,yes,2026-08-14,seed_estimate,,species=birch;thickness_in=0.5;width_in=5;finish=unfinished;grade=rustic
G0065,home_depot,HOM-655440,Home Decorators Collection,Saxony Unfinished Solid,179.98,per_case,22.31,,yes,2026-08-14,seed_estimate,,species=birch;thickness_in=0.5;width_in=5;finish=unfinished;grade=rustic
G0065,lowes,LOW-633421,Villa Barcelona,Saxony Unfinished Solid,7.39,per_sq_ft,,5.99,yes,2026-08-14,seed_estimate,,species=birch;thickness_in=0.5;width_in=5;finish=wire brushed;grade=rustic
G0065,menards,MEN-104047,Dakota,Saxony Unfinished Solid,149.98,per_case,18.33,,yes,2026-08-14,seed_estimate,,species=birch;thickness_in=0.5;width_in=5;finish=unfinished;grade=rustic
G0066,floor_and_decor,FLO-536693,Sonoma,Nordic Prefinished Solid,5.49,per_sq_ft,,,yes,2026-08-14,seed_estimate,,species=birch;thickness_in=0.5;width_in=5;finish=wire brushed;grade=character
G0066,home_depot,HOM-992937,Home Decorators Collection,Nordic Prefinished Solid,144.98,per_case,22.54,,yes,2026-08-14,seed_estimate,,species=birch;thickness_in=0.5;width_in=5;finish=wire brushed;grade=character
G0066,menards,MEN-263468,Tuscany,Nordic Prefinished Solid,6.79,per_sq_ft,,,yes,2026-08-14,seed_estimate,,species=birch;thickness_in=0.5;width_in=5;finish=smooth;grade=character
G0067,floor_and_decor,FLO-968276,Somerset,Tidewater Prefinished Solid,9.19,per_sq_ft,,8.19,yes,2026-08-14,seed_estimate,,species=white oak;thickness_in=0.5;width_in=5;finish=smooth;grade=select
G0067,home_depot,HOM-118840,Somerset,Tidewater Prefinished Solid,10.98,per_sq_ft,,,yes,2026-08-14,seed_estimate,,species=white oak;thickness_in=0.5;width_in=5;finish=smooth;grade=select
G0067,lowes,LOW-970352,Somerset,Tidewater Prefinished Solid,9.49,per_sq_ft,,,yes,2026-08-14,seed_estimate,,species=white oak;thickness_in=0.5;width_in=5;finish=smooth;grade=select
G0067,menards,MEN-492819,Somerset,Tidewater Prefinished Solid,9.79,per_sq_ft,,8.99,yes,2026-08-14,seed_estimate,,species=white oak;thickness_in=0.5;width_in=5;finish=smooth;grade=select
G0068,floor_and_decor,FLO-378524,Sonoma,Bergamo Prefinished Solid,7.99,per_sq_ft,,,yes,2026-08-14,seed_estimate,,species=birch;thickness_in=0.5;width_in=3.25;finish=wire brushed;grade=rustic
G0068,home_depot,HOM-806652,Malibu Wide Plank,Bergamo Prefinished Solid,219.98,per_case,22.6,,yes,2026-08-14,seed_estimate,,species=birch;thickness_in=0.5;width_in=3.25;finish=wire brushed;grade=rustic
G0068,lowes,LOW-368520,allen + roth,Bergamo Prefinished Solid,9.69,per_sq_ft,,,yes,2026-08-14,seed_estimate,,species=hickory;thickness_in=0.5;width_in=3.25;finish=wire brushed;grade=rustic
G0068,menards,MEN-707833,Patrician,Bergamo Prefinished Solid,9.39,per_sq_ft,,,yes,2026-08-14,seed_estimate,,species=birch;thickness_in=0.5;width_in=3.25;finish=wire brushed;grade=rustic
G0069,floor_and_decor,FLO-268025,Somerset,Meridian Prefinished Solid,3.69,per_sq_ft,,,yes,2026-08-14,seed_estimate,,species=white oak;thickness_in=0.5;width_in=3.25;finish=smooth;grade=select
G0069,home_depot,HOM-280557,Somerset,Meridian Prefinished Solid,91.97,per_case,22.61,,yes,2026-08-14,seed_estimate,,species=white oak;thickness_in=0.5;width_in=3.25;finish=smooth;grade=select
G0069,lowes,LOW-777310,Somerset,Meridian Prefinished Solid,4.19,per_sq_ft,,3.69,yes,2026-08-14,seed_estimate,,species=white oak;thickness_in=0.5;width_in=3.25;finish=smooth;grade=select
G0069,menards,MEN-190806,Somerset,Meridian Prefinished Solid,3.99,per_sq_ft,,,yes,2026-08-14,seed_estimate,,species=white oak;thickness_in=0.5;width_in=3.25;finish=smooth;grade=select
G0070,floor_and_decor,FLO-460314,Founders,Quarry Unfinished Solid,7.19,per_sq_ft,,,yes,2026-08-14,seed_estimate,,species=red oak;thickness_in=0.75;width_in=2.25;finish=wire brushed;grade=select
G0070,home_depot,HOM-823011,Malibu Wide Plank,Quarry Unfinished Solid,174.98,per_case,20.96,,yes,2026-08-14,seed_estimate,,species=red oak;thickness_in=0.75;width_in=5;finish=wire brushed;grade=select
G0070,lowes,LOW-102305,allen + roth,Quarry Unfinished Solid,8.59,per_sq_ft,,,yes,2026-08-14,seed_estimate,,species=red oak;thickness_in=0.75;width_in=2.25;finish=wire brushed;grade=select
G0070,menards,MEN-846934,Patrician,Quarry Unfinished Solid,8.59,per_sq_ft,,,yes,2026-08-14,seed_estimate,,species=red oak;thickness_in=0.75;width_in=2.25;finish=wire brushed;grade=select
G0071,floor_and_decor,FLO-835489,Sonoma,Meridian Unfinished Solid,7.69,per_sq_ft,,6.49,yes,2026-08-14,seed_estimate,,species=red oak;thickness_in=0.5;width_in=5;finish=wire brushed;grade=select
G0071,home_depot,HOM-429846,Home Decorators Collection,Meridian Unfinished Solid,9.39,per_sq_ft,,,yes,2026-08-14,seed_estimate,,species=red oak;thickness_in=0.5;width_in=5;finish=wire brushed;grade=select
G0071,lowes,LOW-924553,Villa Barcelona,Meridian Unfinished Solid,9.19,per_sq_ft,,,yes,2026-08-14,seed_estimate,,species=red oak;thickness_in=0.5;width_in=5;finish=wire brushed;grade=character
G0071,menards,MEN-264997,Dakota,Meridian Unfinished Solid,179.98,per_case,22.19,139.98,yes,2026-08-14,seed_estimate,,species=red oak;thickness_in=0.5;width_in=5;finish=wire brushed;grade=select
G0072,floor_and_decor,FLO-578973,Founders,Nordic Unfinished Solid,6.19,per_sq_ft,,,yes,2026-08-14,seed_estimate,,species=hickory;thickness_in=0.5;width_in=2.25;finish=wire brushed;grade=select
G0072,home_depot,HOM-144490,Home Decorators Collection,Nordic Unfinished Solid,144.98,per_case,18.4,,yes,2026-08-14,seed_estimate,,species=hickory;thickness_in=0.5;width_in=2.25;finish=wire brushed;grade=select
G0072,lowes,LOW-716646,Villa Barcelona,Nordic Unfinished Solid,7.29,per_sq_ft,,,no,2026-08-14,seed_estimate,,species=hickory;thickness_in=0.5;width_in=2.25;finish=wire brushed;grade=select
G0072,menards,MEN-960519,Masterforce,Nordic Unfinished Solid,6.49,per_sq_ft,,,yes,2026-08-14,seed_estimate,,species=hickory;thickness_in=0.5;width_in=2.25;finish=wire brushed;grade=select
G0073,floor_and_decor,FLO-493876,Sonoma,Cambridge Prefinished Solid,3.89,per_sq_ft,,,yes,2026-08-14,seed_estimate,,species=maple;thickness_in=0.75;width_in=5;finish=unfinished;grade=select
G0073,home_depot,HOM-907089,Home Decorators Collection,Cambridge Prefinished Solid,90.99,per_case,20.5,,yes,2026-08-14,seed_estimate,,species=maple;thickness_in=0.75;width_in=5;finish=unfinished;grade=character
G0073,lowes,LOW-462656,Villa Barcelona,Cambridge Prefinished Solid,4.19,per_sq_ft,,,yes,2026-08-14,seed_estimate,,species=maple;thickness_in=0.75;width_in=5;finish=unfinished;grade=select
G0073,menards,MEN-612066,Tuscany,Cambridge Prefinished Solid,4.29,per_sq_ft,,3.69,yes,2026-08-14,seed_estimate,,species=maple;thickness_in=0.75;width_in=5;finish=unfinished;grade=select
G0074,floor_and_decor,FLO-702833,Sonoma,Yorkshire Prefinished Solid,4.79,per_sq_ft,,,yes,2026-08-14,seed_estimate,,species=birch;thickness_in=0.75;width_in=5;finish=wire brushed;grade=select
G0074,home_depot,HOM-740388,Malibu Wide Plank,Yorkshire Prefinished Solid,104.98,per_case,19.38,,yes,2026-08-14,seed_estimate,,species=birch;thickness_in=0.75;width_in=5;finish=wire brushed;grade=character
G0074,lowes,LOW-544618,Villa Barcelona,Yorkshire Prefinished Solid,5.59,per_sq_ft,,,yes,2026-08-14,seed_estimate,,species=birch;thickness_in=0.75;width_in=5;finish=wire brushed;grade=select
G0074,menards,MEN-420475,Patrician,Yorkshire Prefinished Solid,114.98,per_case,22.26,,yes,2026-08-14,seed_estimate,,species=birch;thickness_in=0.75;width_in=2.25;finish=wire brushed;grade=select
G0075,floor_and_decor,FLO-720813,Founders,Bianco Outdoor Paver,1.69,per_sq_ft,,,yes,2026-08-14,seed_estimate,,material=porcelain;size_in=12x12;pei_rating=4;finish_tile=polished;rectified=yes;look=marble;thickness_mm=10
G0075,home_depot,HOM-242618,Home Decorators Collection,Bianco Outdoor Paver,1.99,per_sq_ft,,,yes,2026-08-14,seed_estimate,,material=porcelain;size_in=12x12;pei_rating=4;finish_tile=polished;rectified=yes;look=marble;thickness_mm=10
G0075,lowes,LOW-644884,allen + roth,Bianco Outdoor Paver,1.79,per_tile,1,,yes,2026-08-14,seed_estimate,,material=porcelain;size_in=12x12;pei_rating=4;finish_tile=polished;rectified=no;look=marble;thickness_mm=10
G0075,menards,MEN-410115,Tuscany,Bianco Outdoor Paver,39.99,per_case,21.84,34.98,yes,2026-08-14,seed_estimate,,material=porcelain;size_in=12x12;pei_rating=4;finish_tile=polished;rectified=yes;look=marble;thickness_mm=10
G0075,tile_shop,TIL-530312,Rush River,Bianco Outdoor Paver,2.19,per_tile,1,,yes,2026-08-14,seed_estimate,,material=porcelain;size_in=12x12;pei_rating=4;finish_tile=polished;rectified=yes;look=marble;thickness_mm=10
G0076,floor_and_decor,FLO-934048,Founders,Stonehaven Outdoor Paver,3.69,per_sq_ft,,,yes,2026-08-14,seed_estimate,,material=porcelain;size_in=12x12;pei_rating=5;finish_tile=matte;rectified=no;look=terrazzo;thickness_mm=20
G0076,home_depot,HOM-900874,Home Decorators Collection,Stonehaven Outdoor Paver,4.49,per_sq_ft,,,yes,2026-08-14,seed_estimate,,material=porcelain;size_in=12x12;pei_rating=4;finish_tile=matte;rectified=no;look=terrazzo;thickness_mm=20
G0076,lowes,LOW-705132,Satori,Stonehaven Outdoor Paver,4.39,per_sq_ft,,,yes,2026-08-14,seed_estimate,,material=porcelain;size_in=12x12;pei_rating=5;finish_tile=matte;rectified=no;look=terrazzo;thickness_mm=20
G0076,menards,MEN-406846,Tuscany,Stonehaven Outdoor Paver,60.98,per_case,12.36,,yes,2026-08-14,seed_estimate,,material=porcelain;size_in=12x12;pei_rating=5;finish_tile=matte;rectified=no;look=wood;thickness_mm=20
G0076,tile_shop,TIL-756083,Superior,Stonehaven Outdoor Paver,5.19,per_tile,1,,yes,2026-08-14,seed_estimate,,material=porcelain;size_in=12x12;pei_rating=5;finish_tile=textured;rectified=no;look=terrazzo;thickness_mm=20
G0077,floor_and_decor,FLO-708578,Founders,Tidewater Concrete Look,2.09,per_sq_ft,,,yes,2026-08-14,seed_estimate,,material=porcelain;size_in=24x24;pei_rating=3;finish_tile=matte;rectified=no;look=marble;thickness_mm=10
G0077,home_depot,HOM-823160,Home Decorators Collection,Tidewater Concrete Look,38.97,per_case,14.93,,yes,2026-08-14,seed_estimate,,material=porcelain;size_in=24x24;pei_rating=3;finish_tile=matte;rectified=no;look=marble;thickness_mm=10
G0077,lowes,LOW-909677,allen + roth,Tidewater Concrete Look,2.69,per_sq_ft,,2.49,yes,2026-08-14,seed_estimate,,material=porcelain;size_in=24x24;pei_rating=3;finish_tile=polished;rectified=no;look=marble;thickness_mm=10
G0077,menards,MEN-130073,Tuscany,Tidewater Concrete Look,2.29,per_sq_ft,,,yes,2026-08-14,seed_estimate,,material=porcelain;size_in=24x24;pei_rating=3;finish_tile=matte;rectified=no;look=marble;thickness_mm=8
G0077,tile_shop,TIL-333003,Superior,Tidewater Concrete Look,10.99,per_tile,4,9.39,yes,2026-08-14,seed_estimate,,material=porcelain;size_in=24x24;pei_rating=3;finish_tile=matte;rectified=no;look=marble;thickness_mm=10
G0078,floor_and_decor,FLO-671603,Nova,Bayside Marble Look,1.89,per_sq_ft,,,yes,2026-08-14,seed_estimate,,material=porcelain;size_in=12x12;pei_rating=4;finish_tile=polished;rectified=no;look=terrazzo;thickness_mm=9
G0078,home_depot,HOM-960993,TrafficMaster,Bayside Marble Look,2.19,per_sq_ft,,,no,2026-08-14,seed_estimate,,material=porcelain;size_in=12x12;pei_rating=4;finish_tile=polished;rectified=yes;look=terrazzo;thickness_mm=9
G0078,lowes,LOW-174294,Style Selections,Bayside Marble Look,2.39,per_tile,1,,yes,2026-08-14,seed_estimate,,material=porcelain;size_in=12x12;pei_rating=4;finish_tile=polished;rectified=no;look=terrazzo;thickness_mm=10
G0078,menards,MEN-914965,Masterforce,Bayside Marble Look,1.99,per_sq_ft,,,no,2026-08-14,seed_estimate,,material=porcelain;size_in=12x12;pei_rating=4;finish_tile=polished;rectified=no;look=terrazzo;thickness_mm=9
G0079,floor_and_decor,FLO-409198,MSI,Maplewood Outdoor Paver,3.99,per_sq_ft,,,yes,2026-08-14,seed_estimate,,material=porcelain;size_in=8x48;pei_rating=4;finish_tile=polished;rectified=yes;look=concrete;thickness_mm=20
G0079,home_depot,HOM-117445,MSI,Maplewood Outdoor Paver,82.99,per_case,18.11,,yes,2026-08-14,seed_estimate,,material=porcelain;size_in=8x48;pei_rating=4;finish_tile=polished;rectified=yes;look=concrete;thickness_mm=20
G0079,lowes,LOW-758125,MSI,Maplewood Outdoor Paver,11.99,per_tile,2.6667,,yes,2026-08-14,seed_estimate,,material=porcelain;size_in=8x48;pei_rating=4;finish_tile=polished;rectified=yes;look=concrete;thickness_mm=20
G0079,tile_shop,TIL-795035,MSI,Maplewood Outdoor Paver,4.29,per_sq_ft,,,yes,2026-08-14,seed_estimate,,material=porcelain;size_in=8x48;pei_rating=4;finish_tile=polished;rectified=yes;look=concrete;thickness_mm=20
G0080,floor_and_decor,FLO-421025,Salerno,Blackwater Concrete Look,3.79,per_sq_ft,,,yes,2026-08-14,seed_estimate,,material=porcelain;size_in=24x48;pei_rating=4;finish_tile=textured;rectified=yes;look=stone;thickness_mm=8
G0080,home_depot,HOM-498836,TrafficMaster,Blackwater Concrete Look,4.19,per_sq_ft,,,yes,2026-08-14,seed_estimate,,material=porcelain;size_in=24x48;pei_rating=4;finish_tile=textured;rectified=no;look=stone;thickness_mm=8
G0080,lowes,LOW-856350,Satori,Blackwater Concrete Look,4.59,per_sq_ft,,,yes,2026-08-14,seed_estimate,,material=porcelain;size_in=24x48;pei_rating=4;finish_tile=textured;rectified=no;look=stone;thickness_mm=8
G0080,menards,MEN-494920,Patrician,Blackwater Concrete Look,75.99,per_case,17.06,,yes,2026-08-14,seed_estimate,,material=porcelain;size_in=24x48;pei_rating=4;finish_tile=matte;rectified=yes;look=stone;thickness_mm=8
G0080,tile_shop,TIL-830326,Superior,Blackwater Concrete Look,5.09,per_sq_ft,,,yes,2026-08-14,seed_estimate,,material=porcelain;size_in=24x48;pei_rating=4;finish_tile=textured;rectified=yes;look=stone;thickness_mm=8
G0081,floor_and_decor,FLO-121726,MSI,Bayside Wood Look Plank,2.19,per_sq_ft,,,yes,2026-08-14,seed_estimate,,material=porcelain;size_in=6x24;pei_rating=3;finish_tile=textured;rectified=no;look=stone;thickness_mm=10
G0081,home_depot,HOM-992896,MSI,Bayside Wood Look Plank,2.39,per_sq_ft,,,yes,2026-08-14,seed_estimate,,material=porcelain;size_in=6x24;pei_rating=3;finish_tile=textured;rectified=no;look=stone;thickness_mm=10
G0081,lowes,LOW-231681,MSI,Bayside Wood Look Plank,2.49,per_tile,1,,yes,2026-08-14,seed_estimate,,material=porcelain;size_in=6x24;pei_rating=3;finish_tile=textured;rectified=no;look=stone;thickness_mm=10
G0081,menards,MEN-295008,MSI,Bayside Wood Look Plank,2.39,per_sq_ft,,,yes,2026-08-14,seed_estimate,,material=porcelain;size_in=6x24;pei_rating=3;finish_tile=textured;rectified=no;look=stone;thickness_mm=10
G0081,tile_shop,TIL-113463,MSI,Bayside Wood Look Plank,2.39,per_tile,1,,yes,2026-08-14,seed_estimate,,material=porcelain;size_in=6x24;pei_rating=3;finish_tile=textured;rectified=no;look=stone;thickness_mm=10
G0082,floor_and_decor,FLO-881814,Founders,Bergamo Marble Look,3.09,per_sq_ft,,,yes,2026-08-14,seed_estimate,,material=porcelain;size_in=12x12;pei_rating=4;finish_tile=polished;rectified=yes;look=terrazzo;thickness_mm=8
G0082,home_depot,HOM-566456,TrafficMaster,Bergamo Marble Look,3.49,per_sq_ft,,,yes,2026-08-14,seed_estimate,,material=porcelain;size_in=12x12;pei_rating=4;finish_tile=polished;rectified=no;look=terrazzo;thickness_mm=8
G0082,lowes,LOW-281267,Style Selections,Bergamo Marble Look,3.39,per_sq_ft,,2.79,no,2026-08-14,seed_estimate,,material=porcelain;size_in=12x12;pei_rating=4;finish_tile=polished;rectified=yes;look=terrazzo;thickness_mm=8
G0082,menards,MEN-678316,Masterforce,Bergamo Marble Look,61.99,per_case,17.76,,yes,2026-08-14,seed_estimate,,material=porcelain;size_in=12x12;pei_rating=4;finish_tile=polished;rectified=yes;look=marble;thickness_mm=8
G0082,tile_shop,TIL-298354,Rush River,Bergamo Marble Look,4.19,per_tile,1,,yes,2026-08-14,seed_estimate,,material=porcelain;size_in=12x12;pei_rating=4;finish_tile=polished;rectified=yes;look=terrazzo;thickness_mm=8
G0083,floor_and_decor,FLO-214359,Sonoma,Thornbury Outdoor Paver,2.69,per_sq_ft,,2.49,yes,2026-08-14,seed_estimate,,material=porcelain;size_in=6x36;pei_rating=3;finish_tile=polished;rectified=yes;look=marble;thickness_mm=8
G0083,home_depot,HOM-576570,Home Decorators Collection,Thornbury Outdoor Paver,3.39,per_sq_ft,,,yes,2026-08-14,seed_estimate,,material=porcelain;size_in=6x36;pei_rating=3;finish_tile=polished;rectified=yes;look=marble;thickness_mm=8
G0083,menards,MEN-732944,Patrician,Thornbury Outdoor Paver,58.98,per_case,17.37,50.98,yes,2026-08-14,seed_estimate,,material=porcelain;size_in=6x36;pei_rating=3;finish_tile=polished;rectified=yes;look=marble;thickness_mm=8
G0083,tile_shop,TIL-999066,Rush River,Thornbury Outdoor Paver,3.29,per_sq_ft,,,yes,2026-08-14,seed_estimate,,material=porcelain;size_in=6x36;pei_rating=3;finish_tile=polished;rectified=yes;look=marble;thickness_mm=8
G0084,floor_and_decor,FLO-759648,Marazzi,Granite Peak Marble Look,4.69,per_sq_ft,,,yes,2026-08-14,seed_estimate,,material=porcelain;size_in=12x12;pei_rating=5;finish_tile=textured;rectified=no;look=stone;thickness_mm=8
G0084,home_depot,HOM-737023,Marazzi,Granite Peak Marble Look,5.19,per_sq_ft,,,yes,2026-08-14,seed_estimate,,material=porcelain;size_in=12x12;pei_rating=5;finish_tile=textured;rectified=no;look=stone;thickness_mm=8
G0084,lowes,LOW-275613,Marazzi,Granite Peak Marble Look,5.19,per_tile,1,,yes,2026-08-14,seed_estimate,,material=porcelain;size_in=12x12;pei_rating=5;finish_tile=textured;rectified=no;look=stone;thickness_mm=8
G0084,menards,MEN-644178,Marazzi,Granite Peak Marble Look,104.98,per_case,21.79,,yes,2026-08-14,seed_estimate,,material=porcelain;size_in=12x12;pei_rating=5;finish_tile=textured;rectified=no;look=stone;thickness_mm=8
G0084,tile_shop,TIL-977782,Marazzi,Granite Peak Marble Look,5.29,per_sq_ft,,,yes,2026-08-14,seed_estimate,,material=porcelain;size_in=12x12;pei_rating=5;finish_tile=textured;rectified=no;look=stone;thickness_mm=8
G0085,floor_and_decor,FLO-633018,Nova,Ashford Wood Look Plank,4.29,per_sq_ft,,,yes,2026-08-14,seed_estimate,,material=porcelain;size_in=8x48;pei_rating=3;finish_tile=textured;rectified=yes;look=marble;thickness_mm=20
G0085,home_depot,HOM-927005,TrafficMaster,Ashford Wood Look Plank,57.99,per_case,12.1,50.97,no,2026-08-14,seed_estimate,,material=porcelain;size_in=24x24;pei_rating=3;finish_tile=textured;rectified=yes;look=marble;thickness_mm=20
G0085,lowes,LOW-397500,Style Selections,Ashford Wood Look Plank,14.98,per_tile,2.6667,,yes,2026-08-14,seed_estimate,,material=porcelain;size_in=8x48;pei_rating=3;finish_tile=textured;rectified=yes;look=marble;thickness_mm=9
G0085,menards,MEN-861990,Dakota,Ashford Wood Look Plank,5.69,per_sq_ft,,,yes,2026-08-14,seed_estimate,,material=porcelain;size_in=8x48;pei_rating=3;finish_tile=textured;rectified=yes;look=marble;thickness_mm=20
G0085,tile_shop,TIL-842319,Kismet,Ashford Wood Look Plank,5.49,per_sq_ft,,,yes,2026-08-14,seed_estimate,,material=porcelain;size_in=8x48;pei_rating=3;finish_tile=matte;rectified=yes;look=marble;thickness_mm=20
G0086,floor_and_decor,FLO-998485,Daltile,Quarry Wood Look Plank,3.69,per_sq_ft,,,yes,2026-08-14,seed_estimate,,material=porcelain;size_in=6x24;pei_rating=5;finish_tile=matte;rectified=no;look=terrazzo;thickness_mm=8
G0086,home_depot,HOM-132113,Daltile,Quarry Wood Look Plank,3.89,per_sq_ft,,,yes,2026-08-14,seed_estimate,,material=porcelain;size_in=6x24;pei_rating=5;finish_tile=matte;rectified=no;look=terrazzo;thickness_mm=8
G0086,lowes,LOW-687461,Daltile,Quarry Wood Look Plank,3.99,per_sq_ft,,3.69,no,2026-08-14,seed_estimate,,material=porcelain;size_in=6x24;pei_rating=5;finish_tile=matte;rectified=no;look=terrazzo;thickness_mm=8
G0086,menards,MEN-824769,Daltile,Quarry Wood Look Plank,63.98,per_case,15.95,,yes,2026-08-14,seed_estimate,,material=porcelain;size_in=6x24;pei_rating=5;finish_tile=matte;rectified=no;look=terrazzo;thickness_mm=8
G0086,tile_shop,TIL-709913,Daltile,Quarry Wood Look Plank,4.09,per_sq_ft,,,yes,2026-08-14,seed_estimate,,material=porcelain;size_in=6x24;pei_rating=5;finish_tile=matte;rectified=no;look=terrazzo;thickness_mm=8
G0087,floor_and_decor,FLO-443352,Founders,Ivory Outdoor Paver,2.59,per_sq_ft,,,yes,2026-08-14,seed_estimate,,material=porcelain;size_in=24x24;pei_rating=3;finish_tile=matte;rectified=yes;look=stone;thickness_mm=9
G0087,home_depot,HOM-149719,Home Decorators Collection,Ivory Outdoor Paver,71.99,per_case,21.02,,yes,2026-08-14,seed_estimate,,material=porcelain;size_in=24x24;pei_rating=4;finish_tile=matte;rectified=yes;look=stone;thickness_mm=9
G0087,lowes,LOW-119562,Satori,Ivory Outdoor Paver,2.89,per_sq_ft,,,no,2026-08-14,seed_estimate,,material=porcelain;size_in=24x24;pei_rating=3;finish_tile=matte;rectified=yes;look=stone;thickness_mm=9
G0087,menards,MEN-567771,Patrician,Ivory Outdoor Paver,3.39,per_sq_ft,,,no,2026-08-14,seed_estimate,,material=porcelain;size_in=24x24;pei_rating=3;finish_tile=matte;rectified=yes;look=stone;thickness_mm=9
G0087,tile_shop,TIL-473942,Superior,Ivory Outdoor Paver,3.19,per_sq_ft,,,yes,2026-08-14,seed_estimate,,material=porcelain;size_in=24x24;pei_rating=3;finish_tile=matte;rectified=yes;look=terrazzo;thickness_mm=9
G0088,floor_and_decor,FLO-729660,Nova,Sundance Large Format,5.59,per_sq_ft,,,yes,2026-08-14,seed_estimate,,material=porcelain;size_in=24x48;pei_rating=5;finish_tile=textured;rectified=yes;look=wood;thickness_mm=10
G0088,home_depot,HOM-289230,Home Decorators Collection,Sundance Large Format,7.09,per_sq_ft,,,yes,2026-08-14,seed_estimate,,material=porcelain;size_in=24x48;pei_rating=4;finish_tile=textured;rectified=yes;look=wood;thickness_mm=10
G0088,tile_shop,TIL-625704,Superior,Sundance Large Format,7.19,per_sq_ft,,,yes,2026-08-14,seed_estimate,,material=porcelain;size_in=24x48;pei_rating=5;finish_tile=textured;rectified=yes;look=wood;thickness_mm=10
G0089,floor_and_decor,FLO-353009,Salerno,Quarry Outdoor Paver,1.79,per_sq_ft,,,yes,2026-08-14,seed_estimate,,material=porcelain;size_in=6x36;pei_rating=3;finish_tile=polished;rectified=yes;look=concrete;thickness_mm=9
G0089,home_depot,HOM-172042,TrafficMaster,Quarry Outdoor Paver,1.99,per_sq_ft,,,yes,2026-08-14,seed_estimate,,material=porcelain;size_in=6x36;pei_rating=3;finish_tile=polished;rectified=yes;look=concrete;thickness_mm=9
G0089,lowes,LOW-458740,Style Selections,Quarry Outdoor Paver,2.19,per_sq_ft,,,no,2026-08-14,seed_estimate,,material=porcelain;size_in=6x36;pei_rating=3;finish_tile=polished;rectified=yes;look=concrete;thickness_mm=9
G0089,menards,MEN-148075,Dakota,Quarry Outdoor Paver,29.97,per_case,15.34,,yes,2026-08-14,seed_estimate,,material=porcelain;size_in=6x36;pei_rating=5;finish_tile=polished;rectified=yes;look=concrete;thickness_mm=9
G0089,tile_shop,TIL-268308,Superior,Quarry Outdoor Paver,2.39,per_tile,1,,no,2026-08-14,seed_estimate,,material=porcelain;size_in=6x24;pei_rating=3;finish_tile=polished;rectified=yes;look=concrete;thickness_mm=9
G0090,floor_and_decor,FLO-356949,Founders,Tidewater Large Format,2.99,per_sq_ft,,,yes,2026-08-14,seed_estimate,,material=porcelain;size_in=24x48;pei_rating=5;finish_tile=textured;rectified=yes;look=stone;thickness_mm=10
G0090,home_depot,HOM-417701,Home Decorators Collection,Tidewater Large Format,52.97,per_case,15.06,40.98,yes,2026-08-14,seed_estimate,,material=porcelain;size_in=24x48;pei_rating=5;finish_tile=textured;rectified=yes;look=stone;thickness_mm=10
G0090,lowes,LOW-159559,allen + roth,Tidewater Large Format,27.99,per_tile,8,,yes,2026-08-14,seed_estimate,,material=porcelain;size_in=24x48;pei_rating=5;finish_tile=textured;rectified=yes;look=stone;thickness_mm=10
G0090,menards,MEN-238338,Dakota,Tidewater Large Format,3.69,per_sq_ft,,,yes,2026-08-14,seed_estimate,,material=porcelain;size_in=24x48;pei_rating=5;finish_tile=polished;rectified=yes;look=stone;thickness_mm=10
G0090,tile_shop,TIL-517357,Marmi,Tidewater Large Format,3.79,per_sq_ft,,,yes,2026-08-14,seed_estimate,,material=porcelain;size_in=24x48;pei_rating=5;finish_tile=textured;rectified=yes;look=stone;thickness_mm=10
G0091,floor_and_decor,FLO-728095,Emser,Sandstone Marble Look,3.89,per_sq_ft,,,yes,2026-08-14,seed_estimate,,material=porcelain;size_in=24x24;pei_rating=5;finish_tile=polished;rectified=no;look=stone;thickness_mm=20
G0091,home_depot,HOM-958979,Emser,Sandstone Marble Look,52.97,per_case,12.62,,yes,2026-08-14,seed_estimate,,material=porcelain;size_in=24x24;pei_rating=5;finish_tile=polished;rectified=no;look=stone;thickness_mm=20
G0091,lowes,LOW-500627,Emser,Sandstone Marble Look,4.39,per_sq_ft,,,no,2026-08-14,seed_estimate,,material=porcelain;size_in=24x24;pei_rating=5;finish_tile=polished;rectified=no;look=stone;thickness_mm=20
G0091,menards,MEN-187436,Emser,Sandstone Marble Look,52.97,per_case,12.75,,yes,2026-08-14,seed_estimate,,material=porcelain;size_in=24x24;pei_rating=5;finish_tile=polished;rectified=no;look=stone;thickness_mm=20
G0092,floor_and_decor,FLO-123026,Salerno,Whitewash Outdoor Paver,2.29,per_sq_ft,,1.89,yes,2026-08-14,seed_estimate,,material=porcelain;size_in=24x48;pei_rating=3;finish_tile=textured;rectified=no;look=marble;thickness_mm=8
G0092,home_depot,HOM-353777,Home Decorators Collection,Whitewash Outdoor Paver,55.99,per_case,19.18,,yes,2026-08-14,seed_estimate,,material=porcelain;size_in=24x48;pei_rating=3;finish_tile=textured;rectified=no;look=stone;thickness_mm=8
G0092,lowes,LOW-805785,allen + roth,Whitewash Outdoor Paver,21.98,per_tile,8,17.99,yes,2026-08-14,seed_estimate,,material=porcelain;size_in=24x48;pei_rating=3;finish_tile=textured;rectified=no;look=marble;thickness_mm=8
G0092,menards,MEN-676887,Patrician,Whitewash Outdoor Paver,2.89,per_sq_ft,,2.49,yes,2026-08-14,seed_estimate,,material=porcelain;size_in=24x48;pei_rating=3;finish_tile=textured;rectified=no;look=marble;thickness_mm=8
G0092,tile_shop,TIL-648506,Superior,Whitewash Outdoor Paver,2.69,per_sq_ft,,2.49,yes,2026-08-14,seed_estimate,,material=porcelain;size_in=24x48;pei_rating=3;finish_tile=textured;rectified=yes;look=marble;thickness_mm=8
G0093,floor_and_decor,FLO-954020,Founders,Bayside Concrete Look,2.09,per_sq_ft,,,yes,2026-08-14,seed_estimate,,material=porcelain;size_in=12x24;pei_rating=4;finish_tile=matte;rectified=yes;look=wood;thickness_mm=8
G0093,lowes,LOW-713110,Satori,Bayside Concrete Look,2.39,per_sq_ft,,,yes,2026-08-14,seed_estimate,,material=porcelain;size_in=12x24;pei_rating=4;finish_tile=matte;rectified=yes;look=wood;thickness_mm=8
G0093,tile_shop,TIL-615165,Kismet,Bayside Concrete Look,2.59,per_sq_ft,,,yes,2026-08-14,seed_estimate,,material=porcelain;size_in=12x24;pei_rating=4;finish_tile=matte;rectified=yes;look=wood;thickness_mm=8
G0094,floor_and_decor,FLO-607083,Daltile,Thornbury Outdoor Paver,5.09,per_sq_ft,,,yes,2026-08-14,seed_estimate,,material=porcelain;size_in=12x24;pei_rating=5;finish_tile=polished;rectified=yes;look=wood;thickness_mm=8
G0094,home_depot,HOM-133712,Daltile,Thornbury Outdoor Paver,5.49,per_sq_ft,,,yes,2026-08-14,seed_estimate,,material=porcelain;size_in=12x24;pei_rating=5;finish_tile=polished;rectified=yes;look=wood;thickness_mm=8
G0094,lowes,LOW-849691,Daltile,Thornbury Outdoor Paver,11.97,per_tile,2,,yes,2026-08-14,seed_estimate,,material=porcelain;size_in=12x24;pei_rating=5;finish_tile=polished;rectified=yes;look=wood;thickness_mm=8
G0094,menards,MEN-161385,Daltile,Thornbury Outdoor Paver,114.98,per_case,21.94,91.99,yes,2026-08-14,seed_estimate,,material=porcelain;size_in=12x24;pei_rating=5;finish_tile=polished;rectified=yes;look=wood;thickness_mm=8
G0095,floor_and_decor,FLO-840505,Nova,Maplewood Marble Look,4.79,per_sq_ft,,,yes,2026-08-14,seed_estimate,,material=porcelain;size_in=12x12;pei_rating=5;finish_tile=matte;rectified=yes;look=concrete;thickness_mm=9
G0095,home_depot,HOM-921998,TrafficMaster,Maplewood Marble Look,5.69,per_sq_ft,,,yes,2026-08-14,seed_estimate,,material=porcelain;size_in=12x12;pei_rating=5;finish_tile=matte;rectified=yes;look=concrete;thickness_mm=9
G0095,lowes,LOW-693222,Satori,Maplewood Marble Look,6.09,per_sq_ft,,,yes,2026-08-14,seed_estimate,,material=porcelain;size_in=12x12;pei_rating=5;finish_tile=matte;rectified=yes;look=marble;thickness_mm=9
G0095,menards,MEN-493440,Dakota,Maplewood Marble Look,85.97,per_case,15.01,77.97,yes,2026-08-14,seed_estimate,,material=porcelain;size_in=12x12;pei_rating=5;finish_tile=matte;rectified=yes;look=concrete;thickness_mm=9
G0095,tile_shop,TIL-324264,Kismet,Maplewood Marble Look,6.09,per_sq_ft,,,yes,2026-08-14,seed_estimate,,material=porcelain;size_in=12x12;pei_rating=5;finish_tile=matte;rectified=yes;look=concrete;thickness_mm=9
G0096,floor_and_decor,FLO-748236,Nova,Quarry Large Format,5.89,per_sq_ft,,,yes,2026-08-14,seed_estimate,,material=porcelain;size_in=12x24;pei_rating=3;finish_tile=textured;rectified=no;look=terrazzo;thickness_mm=9
G0096,home_depot,HOM-612017,TrafficMaster,Quarry Large Format,6.69,per_sq_ft,,5.59,yes,2026-08-14,seed_estimate,,material=porcelain;size_in=12x24;pei_rating=3;finish_tile=textured;rectified=no;look=terrazzo;thickness_mm=9
G0096,lowes,LOW-542780,Style Selections,Quarry Large Format,15.99,per_tile,2,,yes,2026-08-14,seed_estimate,,material=porcelain;size_in=12x24;pei_rating=3;finish_tile=textured;rectified=no;look=terrazzo;thickness_mm=9
G0096,menards,MEN-579605,Patrician,Quarry Large Format,6.69,per_sq_ft,,,yes,2026-08-14,seed_estimate,,material=porcelain;size_in=12x24;pei_rating=3;finish_tile=textured;rectified=yes;look=terrazzo;thickness_mm=9
G0096,tile_shop,TIL-611108,Marmi,Quarry Large Format,14.99,per_tile,2,,yes,2026-08-14,seed_estimate,,material=porcelain;size_in=12x24;pei_rating=3;finish_tile=textured;rectified=no;look=terrazzo;thickness_mm=9
G0097,floor_and_decor,FLO-889333,Nova,Yorkshire Marble Look,3.79,per_sq_ft,,,yes,2026-08-14,seed_estimate,,material=porcelain;size_in=24x48;pei_rating=3;finish_tile=textured;rectified=no;look=marble;thickness_mm=10
G0097,home_depot,HOM-467332,Home Decorators Collection,Yorkshire Marble Look,87.97,per_case,20.42,,yes,2026-08-14,seed_estimate,,material=porcelain;size_in=24x48;pei_rating=3;finish_tile=textured;rectified=yes;look=marble;thickness_mm=10
G0097,lowes,LOW-102205,allen + roth,Yorkshire Marble Look,4.89,per_sq_ft,,,yes,2026-08-14,seed_estimate,,material=porcelain;size_in=24x48;pei_rating=3;finish_tile=textured;rectified=no;look=terrazzo;thickness_mm=10
G0097,menards,MEN-725936,Patrician,Yorkshire Marble Look,4.69,per_sq_ft,,3.89,yes,2026-08-14,seed_estimate,,material=porcelain;size_in=24x48;pei_rating=3;finish_tile=textured;rectified=no;look=marble;thickness_mm=10
G0098,floor_and_decor,FLO-425786,Sonoma,Windsor Large Format,5.39,per_sq_ft,,,yes,2026-08-14,seed_estimate,,material=porcelain;size_in=24x24;pei_rating=3;finish_tile=matte;rectified=yes;look=marble;thickness_mm=9
G0098,home_depot,HOM-297988,TrafficMaster,Windsor Large Format,129.98,per_case,20.91,,yes,2026-08-14,seed_estimate,,material=porcelain;size_in=24x24;pei_rating=3;finish_tile=matte;rectified=yes;look=marble;thickness_mm=20
G0098,lowes,LOW-701130,Satori,Windsor Large Format,6.69,per_sq_ft,,,yes,2026-08-14,seed_estimate,,material=porcelain;size_in=24x24;pei_rating=3;finish_tile=matte;rectified=yes;look=marble;thickness_mm=9
G0098,menards,MEN-500351,Dakota,Windsor Large Format,139.98,per_case,20.6,,yes,2026-08-14,seed_estimate,,material=porcelain;size_in=24x24;pei_rating=3;finish_tile=matte;rectified=yes;look=marble;thickness_mm=9
G0098,tile_shop,TIL-709678,Rush River,Windsor Large Format,6.99,per_sq_ft,,6.09,yes,2026-08-14,seed_estimate,,material=porcelain;size_in=24x24;pei_rating=3;finish_tile=textured;rectified=yes;look=marble;thickness_mm=9
G0099,floor_and_decor,FLO-821710,Founders,Maplewood Marble Look,4.79,per_sq_ft,,3.99,yes,2026-08-14,seed_estimate,,material=porcelain;size_in=12x12;pei_rating=5;finish_tile=textured;rectified=yes;look=terrazzo;thickness_mm=9
G0099,home_depot,HOM-173625,Home Decorators Collection,Maplewood Marble Look,124.98,per_case,20.65,,yes,2026-08-14,seed_estimate,,material=porcelain;size_in=12x12;pei_rating=5;finish_tile=polished;rectified=yes;look=terrazzo;thickness_mm=9
G0099,lowes,LOW-490615,Satori,Maplewood Marble Look,6.39,per_tile,1,,yes,2026-08-14,seed_estimate,,material=porcelain;size_in=12x12;pei_rating=4;finish_tile=textured;rectified=yes;look=terrazzo;thickness_mm=9
G0099,menards,MEN-402160,Tuscany,Maplewood Marble Look,5.89,per_sq_ft,,,yes,2026-08-14,seed_estimate,,material=porcelain;size_in=12x12;pei_rating=5;finish_tile=textured;rectified=yes;look=terrazzo;thickness_mm=9
G0099,tile_shop,TIL-679055,Kismet,Maplewood Marble Look,5.89,per_tile,1,,yes,2026-08-14,seed_estimate,,material=porcelain;size_in=12x12;pei_rating=5;finish_tile=textured;rectified=yes;look=terrazzo;thickness_mm=9
G0100,floor_and_decor,FLO-971675,Daltile,Blackwater Large Format,4.39,per_sq_ft,,,yes,2026-08-14,seed_estimate,,material=porcelain;size_in=12x12;pei_rating=4;finish_tile=polished;rectified=no;look=concrete;thickness_mm=20
G0100,home_depot,HOM-657742,Daltile,Blackwater Large Format,74.97,per_case,15.6,,yes,2026-08-14,seed_estimate,,material=porcelain;size_in=12x12;pei_rating=4;finish_tile=polished;rectified=no;look=concrete;thickness_mm=20
G0100,lowes,LOW-444421,Daltile,Blackwater Large Format,4.79,per_tile,1,,yes,2026-08-14,seed_estimate,,material=porcelain;size_in=12x12;pei_rating=4;finish_tile=polished;rectified=no;look=concrete;thickness_mm=20
G0100,menards,MEN-358629,Daltile,Blackwater Large Format,87.98,per_case,18.63,,yes,2026-08-14,seed_estimate,,material=porcelain;size_in=12x12;pei_rating=4;finish_tile=polished;rectified=no;look=concrete;thickness_mm=20
G0100,tile_shop,TIL-722620,Daltile,Blackwater Large Format,4.89,per_tile,1,,yes,2026-08-14,seed_estimate,,material=porcelain;size_in=12x12;pei_rating=4;finish_tile=polished;rectified=no;look=concrete;thickness_mm=20
G0101,floor_and_decor,FLO-842870,Nova,Windsor Field Tile,2.89,per_sq_ft,,,yes,2026-08-14,seed_estimate,,material=ceramic;size_in=4x16;pei_rating=3;finish_tile=matte;look=wood
G0101,lowes,LOW-207493,Style Selections,Windsor Field Tile,3.19,per_sq_ft,,,yes,2026-08-14,seed_estimate,,material=ceramic;size_in=6x24;pei_rating=3;finish_tile=matte;look=wood
G0101,menards,MEN-207112,Masterforce,Windsor Field Tile,3.19,per_sq_ft,,,yes,2026-08-14,seed_estimate,,material=ceramic;size_in=4x16;pei_rating=3;finish_tile=matte;look=solid
G0101,tile_shop,TIL-339288,Rush River,Windsor Field Tile,1.59,per_tile,0.4444,,no,2026-08-14,seed_estimate,,material=ceramic;size_in=4x16;pei_rating=3;finish_tile=glossy;look=wood
G0102,floor_and_decor,FLO-577239,Nova,Riverbend Subway Tile,1.69,per_sq_ft,,1.39,yes,2026-08-14,seed_estimate,,material=ceramic;size_in=4x12;pei_rating=1;finish_tile=glossy;look=wood
G0102,home_depot,HOM-955106,Daltile,Riverbend Subway Tile,21.97,per_case,11.33,,yes,2026-08-14,seed_estimate,,material=ceramic;size_in=4x12;pei_rating=1;finish_tile=crackle;look=wood
G0102,lowes,LOW-860765,Satori,Riverbend Subway Tile,0.59,per_tile,0.3333,,yes,2026-08-14,seed_estimate,,material=ceramic;size_in=4x12;pei_rating=1;finish_tile=glossy;look=stone
G0102,menards,MEN-357798,Masterforce,Riverbend Subway Tile,1.99,per_sq_ft,,,yes,2026-08-14,seed_estimate,,material=ceramic;size_in=4x12;pei_rating=1;finish_tile=glossy;look=wood
G0102,tile_shop,TIL-947562,Superior,Riverbend Subway Tile,0.79,per_tile,0.3333,,yes,2026-08-14,seed_estimate,,material=ceramic;size_in=4x12;pei_rating=1;finish_tile=glossy;look=wood
G0103,floor_and_decor,FLO-656518,Nova,Sterling Floor Ceramic,1.79,per_sq_ft,,,yes,2026-08-14,seed_estimate,,material=ceramic;size_in=3x6;pei_rating=1;finish_tile=matte;look=stone
G0103,home_depot,HOM-375569,TrafficMaster,Sterling Floor Ceramic,25.97,per_case,11.07,,yes,2026-08-14,seed_estimate,,material=ceramic;size_in=3x6;pei_rating=2;finish_tile=matte;look=stone
G0103,lowes,LOW-365003,Style Selections,Sterling Floor Ceramic,0.69,per_tile,0.3333,,yes,2026-08-14,seed_estimate,,material=ceramic;size_in=4x12;pei_rating=1;finish_tile=matte;look=stone
G0103,menards,MEN-259206,Tuscany,Sterling Floor Ceramic,2.19,per_sq_ft,,,yes,2026-08-14,seed_estimate,,material=ceramic;size_in=3x6;pei_rating=4;finish_tile=matte;look=stone
G0103,tile_shop,TIL-277094,Rush River,Sterling Floor Ceramic,2.09,per_sq_ft,,,yes,2026-08-14,seed_estimate,,material=ceramic;size_in=3x6;pei_rating=1;finish_tile=matte;look=wood
G0104,floor_and_decor,FLO-436819,Salerno,Charcoal Subway Tile,1.89,per_sq_ft,,,yes,2026-08-14,seed_estimate,,material=ceramic;size_in=3x6;pei_rating=2;finish_tile=glossy;look=solid
G0104,home_depot,HOM-408304,TrafficMaster,Charcoal Subway Tile,2.09,per_sq_ft,,,yes,2026-08-14,seed_estimate,,material=ceramic;size_in=4x16;pei_rating=2;finish_tile=glossy;look=solid
G0104,lowes,LOW-377188,Satori,Charcoal Subway Tile,0.29,per_tile,0.125,,yes,2026-08-14,seed_estimate,,material=ceramic;size_in=3x6;pei_rating=2;finish_tile=glossy;look=solid
G0104,menards,MEN-233656,Tuscany,Charcoal Subway Tile,27.98,per_case,14.07,23.97,yes,2026-08-14,seed_estimate,,material=ceramic;size_in=3x6;pei_rating=2;finish_tile=glossy;look=solid
G0104,tile_shop,TIL-480802,Marmi,Charcoal Subway Tile,2.59,per_sq_ft,,,yes,2026-08-14,seed_estimate,,material=ceramic;size_in=3x6;pei_rating=2;finish_tile=crackle;look=solid
G0105,floor_and_decor,FLO-674554,Nova,Charcoal Subway Tile,1.19,per_sq_ft,,,yes,2026-08-14,seed_estimate,,material=ceramic;size_in=3x6;pei_rating=3;finish_tile=crackle;look=solid
G0105,home_depot,HOM-385205,TrafficMaster,Charcoal Subway Tile,1.39,per_sq_ft,,1.29,yes,2026-08-14,seed_estimate,,material=ceramic;size_in=3x6;pei_rating=3;finish_tile=crackle;look=solid
G0105,lowes,LOW-368724,Style Selections,Charcoal Subway Tile,0.19,per_tile,0.125,0.19,no,2026-08-14,seed_estimate,,material=ceramic;size_in=3x6;pei_rating=3;finish_tile=crackle;look=solid
G0105,menards,MEN-530167,Patrician,Charcoal Subway Tile,18.98,per_case,14.36,,yes,2026-08-14,seed_estimate,,material=ceramic;size_in=3x6;pei_rating=3;finish_tile=matte;look=solid
G0106,floor_and_decor,FLO-208743,Marazzi,Onyx Field Tile,2.79,per_sq_ft,,,yes,2026-08-14,seed_estimate,,material=ceramic;size_in=12x12;pei_rating=4;finish_tile=crackle;look=solid
G0106,home_depot,HOM-226708,Marazzi,Onyx Field Tile,3.09,per_sq_ft,,,yes,2026-08-14,seed_estimate,,material=ceramic;size_in=12x12;pei_rating=4;finish_tile=crackle;look=solid
G0106,lowes,LOW-920734,Marazzi,Onyx Field Tile,3.09,per_tile,1,,yes,2026-08-14,seed_estimate,,material=ceramic;size_in=12x12;pei_rating=4;finish_tile=crackle;look=solid
G0106,menards,MEN-232252,Marazzi,Onyx Field Tile,53.99,per_case,17.73,,yes,2026-08-14,seed_estimate,,material=ceramic;size_in=12x12;pei_rating=4;finish_tile=crackle;look=solid
G0106,tile_shop,TIL-840519,Marazzi,Onyx Field Tile,3.19,per_sq_ft,,,yes,2026-08-14,seed_estimate,,material=ceramic;size_in=12x12;pei_rating=4;finish_tile=crackle;look=solid
G0107,floor_and_decor,FLO-226430,Salerno,Bayside Field Tile,2.89,per_sq_ft,,,yes,2026-08-14,seed_estimate,,material=ceramic;size_in=12x12;pei_rating=4;finish_tile=crackle;look=solid
G0107,home_depot,HOM-426163,TrafficMaster,Bayside Field Tile,33.99,per_case,10.23,30.99,yes,2026-08-14,seed_estimate,,material=ceramic;size_in=12x12;pei_rating=1;finish_tile=crackle;look=solid
G0107,lowes,LOW-431434,Satori,Bayside Field Tile,3.69,per_sq_ft,,,yes,2026-08-14,seed_estimate,,material=ceramic;size_in=12x12;pei_rating=4;finish_tile=crackle;look=solid
G0107,menards,MEN-171386,Dakota,Bayside Field Tile,50.98,per_case,16.54,,yes,2026-08-14,seed_estimate,,material=ceramic;size_in=12x12;pei_rating=4;finish_tile=crackle;look=solid
G0107,tile_shop,TIL-718361,Superior,Bayside Field Tile,3.49,per_tile,1,,yes,2026-08-14,seed_estimate,,material=ceramic;size_in=12x12;pei_rating=4;finish_tile=crackle;look=solid
G0108,floor_and_decor,FLO-387120,Nova,Juniper Floor Ceramic,2.29,per_sq_ft,,,yes,2026-08-14,seed_estimate,,material=ceramic;size_in=6x24;pei_rating=4;finish_tile=matte;look=wood
G0108,home_depot,HOM-430143,TrafficMaster,Juniper Floor Ceramic,40.97,per_case,15.99,,yes,2026-08-14,seed_estimate,,material=ceramic;size_in=4x16;pei_rating=4;finish_tile=matte;look=wood
G0108,lowes,LOW-298836,Satori,Juniper Floor Ceramic,2.69,per_sq_ft,,,yes,2026-08-14,seed_estimate,,material=ceramic;size_in=6x24;pei_rating=4;finish_tile=matte;look=wood
G0108,menards,MEN-462684,Masterforce,Juniper Floor Ceramic,26.99,per_case,10.2,,yes,2026-08-14,seed_estimate,,material=ceramic;size_in=4x16;pei_rating=4;finish_tile=matte;look=wood
G0108,tile_shop,TIL-897611,Kismet,Juniper Floor Ceramic,3.09,per_sq_ft,,2.49,yes,2026-08-14,seed_estimate,,material=ceramic;size_in=6x24;pei_rating=4;finish_tile=matte;look=wood
G0109,floor_and_decor,FLO-316294,Nova,Fieldstone Floor Ceramic,2.09,per_sq_ft,,,yes,2026-08-14,seed_estimate,,material=ceramic;size_in=12x12;pei_rating=1;finish_tile=glossy;look=stone
G0109,home_depot,HOM-430285,Daltile,Fieldstone Floor Ceramic,29.97,per_case,10.97,27.97,yes,2026-08-14,seed_estimate,,material=ceramic;size_in=12x12;pei_rating=2;finish_tile=glossy;look=stone
G0109,lowes,LOW-568287,Satori,Fieldstone Floor Ceramic,2.39,per_tile,1,,yes,2026-08-14,seed_estimate,,material=ceramic;size_in=12x12;pei_rating=1;finish_tile=glossy;look=wood
G0109,menards,MEN-177242,Dakota,Fieldstone Floor Ceramic,2.19,per_sq_ft,,,yes,2026-08-14,seed_estimate,,material=ceramic;size_in=12x12;pei_rating=1;finish_tile=crackle;look=stone
G0109,tile_shop,TIL-650092,Superior,Fieldstone Floor Ceramic,2.49,per_sq_ft,,,yes,2026-08-14,seed_estimate,,material=ceramic;size_in=6x24;pei_rating=1;finish_tile=glossy;look=stone
G0110,floor_and_decor,FLO-704044,Nova,Quarry Field Tile,0.99,per_sq_ft,,,yes,2026-08-14,seed_estimate,,material=ceramic;size_in=6x24;pei_rating=3;finish_tile=glossy;look=stone
G0110,home_depot,HOM-442467,Daltile,Quarry Field Tile,11.97,per_case,11.15,,yes,2026-08-14,seed_estimate,,material=ceramic;size_in=6x24;pei_rating=3;finish_tile=matte;look=stone
G0110,lowes,LOW-599041,Satori,Quarry Field Tile,1.19,per_tile,1,1.09,yes,2026-08-14,seed_estimate,,material=ceramic;size_in=6x24;pei_rating=3;finish_tile=glossy;look=stone
G0110,menards,MEN-457361,Dakota,Quarry Field Tile,11.98,per_case,10.91,,yes,2026-08-14,seed_estimate,,material=ceramic;size_in=6x24;pei_rating=3;finish_tile=glossy;look=stone
G0110,tile_shop,TIL-719538,Rush River,Quarry Field Tile,1.39,per_tile,1,,yes,2026-08-14,seed_estimate,,material=ceramic;size_in=6x24;pei_rating=3;finish_tile=glossy;look=stone
G0111,floor_and_decor,FLO-278673,Nova,Chelsea Subway Tile,0.79,per_sq_ft,,,yes,2026-08-14,seed_estimate,,material=ceramic;size_in=12x12;pei_rating=3;finish_tile=matte;look=wood
G0111,home_depot,HOM-984029,Daltile,Chelsea Subway Tile,1.09,per_sq_ft,,,yes,2026-08-14,seed_estimate,,material=ceramic;size_in=12x12;pei_rating=3;finish_tile=matte;look=wood
G0111,lowes,LOW-231502,Satori,Chelsea Subway Tile,0.29,per_tile,0.3333,,yes,2026-08-14,seed_estimate,,material=ceramic;size_in=4x12;pei_rating=3;finish_tile=matte;look=wood
G0111,menards,MEN-310969,Tuscany,Chelsea Subway Tile,0.99,per_sq_ft,,,yes,2026-08-14,seed_estimate,,material=ceramic;size_in=12x12;pei_rating=3;finish_tile=matte;look=wood
G0112,floor_and_decor,FLO-591081,Salerno,Coastal Grey Field Tile,2.29,per_sq_ft,,,yes,2026-08-14,seed_estimate,,material=ceramic;size_in=4x16;pei_rating=1;finish_tile=crackle;look=wood
G0112,home_depot,HOM-371702,TrafficMaster,Coastal Grey Field Tile,2.59,per_sq_ft,,,yes,2026-08-14,seed_estimate,,material=ceramic;size_in=4x16;pei_rating=1;finish_tile=crackle;look=wood
G0112,lowes,LOW-124495,Satori,Coastal Grey Field Tile,2.89,per_sq_ft,,,yes,2026-08-14,seed_estimate,,material=ceramic;size_in=4x16;pei_rating=1;finish_tile=matte;look=wood
G0112,menards,MEN-536207,Masterforce,Coastal Grey Field Tile,36.99,per_case,12.89,,yes,2026-08-14,seed_estimate,,material=ceramic;size_in=4x16;pei_rating=4;finish_tile=crackle;look=wood
G0112,tile_shop,TIL-324388,Kismet,Coastal Grey Field Tile,1.19,per_tile,0.4444,,yes,2026-08-14,seed_estimate,,material=ceramic;size_in=4x16;pei_rating=1;finish_tile=crackle;look=stone
G0113,floor_and_decor,FLO-378935,Marazzi,Redmond Floor Ceramic,1.19,per_sq_ft,,,yes,2026-08-14,seed_estimate,,material=ceramic;size_in=12x12;pei_rating=1;finish_tile=matte;look=solid
G0113,home_depot,HOM-268815,Marazzi,Redmond Floor Ceramic,1.29,per_sq_ft,,,yes,2026-08-14,seed_estimate,,material=ceramic;size_in=12x12;pei_rating=1;finish_tile=matte;look=solid
G0113,lowes,LOW-523670,Marazzi,Redmond Floor Ceramic,1.29,per_tile,1,,yes,2026-08-14,seed_estimate,,material=ceramic;size_in=12x12;pei_rating=1;finish_tile=matte;look=solid
G0113,menards,MEN-297986,Marazzi,Redmond Floor Ceramic,17.98,per_case,13.28,,yes,2026-08-14,seed_estimate,,material=ceramic;size_in=12x12;pei_rating=1;finish_tile=matte;look=solid
G0113,tile_shop,TIL-510076,Marazzi,Redmond Floor Ceramic,1.29,per_sq_ft,,0.99,yes,2026-08-14,seed_estimate,,material=ceramic;size_in=12x12;pei_rating=1;finish_tile=matte;look=solid
G0114,floor_and_decor,FLO-962919,Marazzi,Meridian Floor Ceramic,1.69,per_sq_ft,,1.49,yes,2026-08-14,seed_estimate,,material=ceramic;size_in=4x12;pei_rating=4;finish_tile=glossy;look=solid
G0114,home_depot,HOM-610819,Marazzi,Meridian Floor Ceramic,1.89,per_sq_ft,,,yes,2026-08-14,seed_estimate,,material=ceramic;size_in=4x12;pei_rating=4;finish_tile=glossy;look=solid
G0114,lowes,LOW-969405,Marazzi,Meridian Floor Ceramic,1.89,per_sq_ft,,,yes,2026-08-14,seed_estimate,,material=ceramic;size_in=4x12;pei_rating=4;finish_tile=glossy;look=solid
G0114,tile_shop,TIL-732800,Marazzi,Meridian Floor Ceramic,1.99,per_sq_ft,,,yes,2026-08-14,seed_estimate,,material=ceramic;size_in=4x12;pei_rating=4;finish_tile=glossy;look=solid
G0115,floor_and_decor,FLO-863707,Nova,Onyx Slate,11.98,per_sq_ft,,,yes,2026-08-14,seed_estimate,,material=travertine;size_in=12x12;finish_tile=honed;stone_grade=standard;thickness_mm=10
G0115,home_depot,HOM-119830,MSI,Onyx Slate,174.98,per_case,12.66,,yes,2026-08-14,seed_estimate,,material=travertine;size_in=12x12;finish_tile=honed;stone_grade=standard;thickness_mm=12
G0115,lowes,LOW-161326,Satori,Onyx Slate,15.99,per_sq_ft,,,yes,2026-08-14,seed_estimate,,material=travertine;size_in=12x12;finish_tile=polished;stone_grade=standard;thickness_mm=10
G0115,menards,MEN-254767,Dakota,Onyx Slate,179.98,per_case,13.63,,yes,2026-08-14,seed_estimate,,material=travertine;size_in=12x12;finish_tile=brushed;stone_grade=standard;thickness_mm=10
G0115,tile_shop,TIL-859094,Rush River,Onyx Slate,16.98,per_sq_ft,,,yes,2026-08-14,seed_estimate,,material=limestone;size_in=12x12;finish_tile=honed;stone_grade=standard;thickness_mm=10
G0116,floor_and_decor,FLO-523518,Nova,Harbor Oak Marble,5.69,per_sq_ft,,,yes,2026-08-14,seed_estimate,,material=slate;size_in=18x18;finish_tile=brushed;stone_grade=premium;thickness_mm=15
G0116,home_depot,HOM-416272,Home Decorators Collection,Harbor Oak Marble,7.49,per_sq_ft,,,yes,2026-08-14,seed_estimate,,material=slate;size_in=18x18;finish_tile=tumbled;stone_grade=premium;thickness_mm=15
G0116,lowes,LOW-660502,allen + roth,Harbor Oak Marble,15.98,per_tile,2.25,12.97,yes,2026-08-14,seed_estimate,,material=slate;size_in=18x18;finish_tile=brushed;stone_grade=premium;thickness_mm=15
G0116,menards,MEN-431031,Masterforce,Harbor Oak Marble,109.98,per_case,15.95,,yes,2026-08-14,seed_estimate,,material=slate;size_in=18x18;finish_tile=brushed;stone_grade=premium;thickness_mm=15
G0116,tile_shop,TIL-581473,Rush River,Harbor Oak Marble,7.39,per_sq_ft,,,yes,2026-08-14,seed_estimate,,material=slate;size_in=18x18;finish_tile=brushed;stone_grade=commercial;thickness_mm=15
G0117,floor_and_decor,FLO-431966,Sonoma,Vintage Elm Travertine,10.97,per_sq_ft,,8.99,yes,2026-08-14,seed_estimate,,material=limestone;size_in=18x18;finish_tile=polished;stone_grade=commercial;thickness_mm=10
G0117,lowes,LOW-321785,allen + roth,Vintage Elm Travertine,30.97,per_tile,2.25,,yes,2026-08-14,seed_estimate,,material=limestone;size_in=18x18;finish_tile=tumbled;stone_grade=commercial;thickness_mm=10
G0117,menards,MEN-773676,Dakota,Vintage Elm Travertine,194.98,per_case,15.62,,yes,2026-08-14,seed_estimate,,material=limestone;size_in=18x18;finish_tile=polished;stone_grade=commercial;thickness_mm=10
G0117,tile_shop,TIL-295037,Kismet,Vintage Elm Travertine,15.97,per_sq_ft,,,yes,2026-08-14,seed_estimate,,material=limestone;size_in=18x18;finish_tile=polished;stone_grade=commercial;thickness_mm=10
G0118,floor_and_decor,FLO-568176,MSI,Cambridge Marble,9.59,per_sq_ft,,,yes,2026-08-14,seed_estimate,,material=quartzite;size_in=16x16;finish_tile=brushed;stone_grade=premium;thickness_mm=10
G0118,home_depot,HOM-105091,MSI,Cambridge Marble,11.99,per_sq_ft,,,yes,2026-08-14,seed_estimate,,material=quartzite;size_in=16x16;finish_tile=brushed;stone_grade=premium;thickness_mm=10
G0118,lowes,LOW-897914,MSI,Cambridge Marble,18.99,per_tile,1.7778,,yes,2026-08-14,seed_estimate,,material=quartzite;size_in=16x16;finish_tile=brushed;stone_grade=premium;thickness_mm=10
G0118,menards,MEN-296983,MSI,Cambridge Marble,10.97,per_sq_ft,,,yes,2026-08-14,seed_estimate,,material=quartzite;size_in=16x16;finish_tile=brushed;stone_grade=premium;thickness_mm=10
G0118,tile_shop,TIL-554708,MSI,Cambridge Marble,11.97,per_sq_ft,,,yes,2026-08-14,seed_estimate,,material=quartzite;size_in=16x16;finish_tile=brushed;stone_grade=premium;thickness_mm=10
G0119,floor_and_decor,FLO-482430,Sonoma,Sundance Quartzite,6.19,per_sq_ft,,,yes,2026-08-14,seed_estimate,,material=travertine;size_in=6x12;finish_tile=polished;stone_grade=commercial;thickness_mm=10
G0119,home_depot,HOM-290557,MSI,Sundance Quartzite,8.09,per_sq_ft,,,yes,2026-08-14,seed_estimate,,material=travertine;size_in=12x24;finish_tile=polished;stone_grade=commercial;thickness_mm=10
G0119,lowes,LOW-568148,allen + roth,Sundance Quartzite,4.09,per_tile,0.5,,yes,2026-08-14,seed_estimate,,material=travertine;size_in=6x12;finish_tile=polished;stone_grade=commercial;thickness_mm=10
G0119,menards,MEN-891956,Dakota,Sundance Quartzite,8.09,per_sq_ft,,,yes,2026-08-14,seed_estimate,,material=travertine;size_in=6x12;finish_tile=polished;stone_grade=commercial;thickness_mm=10
G0119,tile_shop,TIL-385108,Rush River,Sundance Quartzite,8.19,per_sq_ft,,,yes,2026-08-14,seed_estimate,,material=travertine;size_in=6x12;finish_tile=polished;stone_grade=commercial;thickness_mm=10
G0120,floor_and_decor,FLO-115081,Sonoma,Harbor Oak Slate,4.79,per_sq_ft,,,yes,2026-08-14,seed_estimate,,material=slate;size_in=12x12;finish_tile=honed;stone_grade=premium;thickness_mm=10
G0120,home_depot,HOM-193322,MSI,Harbor Oak Slate,5.59,per_sq_ft,,,yes,2026-08-14,seed_estimate,,material=slate;size_in=18x18;finish_tile=honed;stone_grade=premium;thickness_mm=10
G0120,lowes,LOW-169001,Satori,Harbor Oak Slate,5.79,per_tile,1,,yes,2026-08-14,seed_estimate,,material=slate;size_in=12x12;finish_tile=honed;stone_grade=premium;thickness_mm=10
G0120,menards,MEN-423555,Patrician,Harbor Oak Slate,6.09,per_sq_ft,,,yes,2026-08-14,seed_estimate,,material=slate;size_in=12x12;finish_tile=honed;stone_grade=premium;thickness_mm=10
G0120,tile_shop,TIL-490760,Superior,Harbor Oak Slate,6.59,per_sq_ft,,,yes,2026-08-14,seed_estimate,,material=slate;size_in=6x12;finish_tile=honed;stone_grade=premium;thickness_mm=10
G0121,floor_and_decor,FLO-995808,Founders,Stonehaven Travertine,9.29,per_sq_ft,,,yes,2026-08-14,seed_estimate,,material=limestone;size_in=16x16;finish_tile=polished;stone_grade=premium;thickness_mm=10
G0121,lowes,LOW-268881,allen + roth,Stonehaven Travertine,11.99,per_sq_ft,,10.99,yes,2026-08-14,seed_estimate,,material=limestone;size_in=16x16;finish_tile=polished;stone_grade=premium;thickness_mm=10
G0121,menards,MEN-884284,Masterforce,Stonehaven Travertine,12.98,per_sq_ft,,,yes,2026-08-14,seed_estimate,,material=limestone;size_in=16x16;finish_tile=polished;stone_grade=premium;thickness_mm=10
G0121,tile_shop,TIL-747847,Kismet,Stonehaven Travertine,13.99,per_sq_ft,,,yes,2026-08-14,seed_estimate,,material=limestone;size_in=16x16;finish_tile=polished;stone_grade=premium;thickness_mm=10
G0122,floor_and_decor,FLO-247845,Founders,Dunmore Travertine,6.49,per_sq_ft,,,yes,2026-08-14,seed_estimate,,material=travertine;size_in=12x12;finish_tile=brushed;stone_grade=premium;thickness_mm=15
G0122,home_depot,HOM-587842,MSI,Dunmore Travertine,7.59,per_sq_ft,,,no,2026-08-14,seed_estimate,,material=travertine;size_in=12x12;finish_tile=polished;stone_grade=premium;thickness_mm=15
G0122,menards,MEN-720170,Tuscany,Dunmore Travertine,81.99,per_case,11.65,,yes,2026-08-14,seed_estimate,,material=travertine;size_in=12x12;finish_tile=honed;stone_grade=premium;thickness_mm=15
G0122,tile_shop,TIL-282740,Marmi,Dunmore Travertine,8.49,per_sq_ft,,,yes,2026-08-14,seed_estimate,,material=travertine;size_in=12x12;finish_tile=brushed;stone_grade=premium;thickness_mm=15
G0123,floor_and_decor,FLO-383806,Sonoma,Umber Travertine,7.89,per_sq_ft,,,yes,2026-08-14,seed_estimate,,material=slate;size_in=6x12;finish_tile=polished;stone_grade=premium;thickness_mm=10
G0123,home_depot,HOM-605328,Home Decorators Collection,Umber Travertine,97.99,per_case,9.24,,yes,2026-08-14,seed_estimate,,material=slate;size_in=6x12;finish_tile=polished;stone_grade=premium;thickness_mm=10
G0123,lowes,LOW-559600,allen + roth,Umber Travertine,5.19,per_tile,0.5,,no,2026-08-14,seed_estimate,,material=slate;size_in=6x12;finish_tile=tumbled;stone_grade=premium;thickness_mm=10
G0123,menards,MEN-442102,Masterforce,Umber Travertine,98.98,per_case,11.21,79.99,yes,2026-08-14,seed_estimate,,material=slate;size_in=6x12;finish_tile=polished;stone_grade=standard;thickness_mm=10
G0123,tile_shop,TIL-114589,Marmi,Umber Travertine,4.79,per_tile,0.5,,no,2026-08-14,seed_estimate,,material=slate;size_in=6x12;finish_tile=polished;stone_grade=premium;thickness_mm=10
G0124,floor_and_decor,FLO-774952,Founders,Sterling Travertine,12.98,per_sq_ft,,,yes,2026-08-14,seed_estimate,,material=travertine;size_in=12x24;finish_tile=polished;stone_grade=standard;thickness_mm=10
G0124,home_depot,HOM-329013,MSI,Sterling Travertine,17.97,per_sq_ft,,,yes,2026-08-14,seed_estimate,,material=travertine;size_in=12x24;finish_tile=tumbled;stone_grade=standard;thickness_mm=10
G0124,lowes,LOW-582732,Satori,Sterling Travertine,17.99,per_sq_ft,,14.97,yes,2026-08-14,seed_estimate,,material=travertine;size_in=12x24;finish_tile=brushed;stone_grade=standard;thickness_mm=10
G0124,menards,MEN-485689,Patrician,Sterling Travertine,124.98,per_case,8.21,,yes,2026-08-14,seed_estimate,,material=travertine;size_in=12x24;finish_tile=polished;stone_grade=standard;thickness_mm=10
G0124,tile_shop,TIL-726786,Superior,Sterling Travertine,17.99,per_sq_ft,,15.98,yes,2026-08-14,seed_estimate,,material=travertine;size_in=12x24;finish_tile=polished;stone_grade=standard;thickness_mm=15
G0125,floor_and_decor,FLO-790585,Founders,Dunmore Limestone,5.79,per_sq_ft,,,yes,2026-08-14,seed_estimate,,material=travertine;size_in=12x24;finish_tile=tumbled;stone_grade=standard;thickness_mm=12
G0125,home_depot,HOM-751977,MSI,Dunmore Limestone,104.98,per_case,14.82,,yes,2026-08-14,seed_estimate,,material=travertine;size_in=12x24;finish_tile=tumbled;stone_grade=standard;thickness_mm=12
G0125,lowes,LOW-429951,allen + roth,Dunmore Limestone,6.49,per_sq_ft,,,yes,2026-08-14,seed_estimate,,material=travertine;size_in=12x24;finish_tile=tumbled;stone_grade=premium;thickness_mm=12
G0125,menards,MEN-624946,Patrician,Dunmore Limestone,7.79,per_sq_ft,,,yes,2026-08-14,seed_estimate,,material=travertine;size_in=12x24;finish_tile=tumbled;stone_grade=standard;thickness_mm=15
G0125,tile_shop,TIL-675775,Rush River,Dunmore Limestone,7.89,per_sq_ft,,6.49,yes,2026-08-14,seed_estimate,,material=travertine;size_in=12x24;finish_tile=tumbled;stone_grade=standard;thickness_mm=12
G0126,floor_and_decor,FLO-534685,Nova,Thornbury Slate,9.39,per_sq_ft,,,yes,2026-08-14,seed_estimate,,material=travertine;size_in=12x24;finish_tile=polished;stone_grade=standard;thickness_mm=12
G0126,home_depot,HOM-618658,MSI,Thornbury Slate,164.98,per_case,15.78,,yes,2026-08-14,seed_estimate,,material=travertine;size_in=12x24;finish_tile=polished;stone_grade=commercial;thickness_mm=12
G0126,lowes,LOW-588036,allen + roth,Thornbury Slate,11.97,per_sq_ft,,,yes,2026-08-14,seed_estimate,,material=travertine;size_in=12x24;finish_tile=polished;stone_grade=standard;thickness_mm=10
G0126,menards,MEN-133232,Patrician,Thornbury Slate,10.99,per_sq_ft,,,yes,2026-08-14,seed_estimate,,material=travertine;size_in=6x12;finish_tile=polished;stone_grade=standard;thickness_mm=12
G0126,tile_shop,TIL-725537,Rush River,Thornbury Slate,12.97,per_sq_ft,,,yes,2026-08-14,seed_estimate,,material=travertine;size_in=12x24;finish_tile=honed;stone_grade=standard;thickness_mm=12
G0127,floor_and_decor,FLO-615170,Nova,Alabaster Decorative Accent,12.97,per_sq_ft,,11.98,yes,2026-08-14,seed_estimate,,material=marble;pattern=hexagon;chip_size=1x1;finish_tile=matte;size_in=11.8x11.8
G0127,home_depot,HOM-743210,MSI,Alabaster Decorative Accent,14.97,per_sheet,0.96,,yes,2026-08-14,seed_estimate,,material=marble;pattern=hexagon;chip_size=1x1;finish_tile=matte;size_in=11.8x11.8
G0127,lowes,LOW-111423,allen + roth,Alabaster Decorative Accent,13.98,per_sq_ft,,,yes,2026-08-14,seed_estimate,,material=marble;pattern=hexagon;chip_size=mixed;finish_tile=matte;size_in=11.8x11.8
G0127,menards,MEN-349206,Dakota,Alabaster Decorative Accent,15.99,per_sheet,0.97,,yes,2026-08-14,seed_estimate,,material=marble;pattern=hexagon;chip_size=1x1;finish_tile=honed;size_in=11.8x11.8
G0127,tile_shop,TIL-947346,Superior,Alabaster Decorative Accent,15.98,per_sq_ft,,,yes,2026-08-14,seed_estimate,,material=marble;pattern=hexagon;chip_size=1x1;finish_tile=matte;size_in=12x13
G0128,floor_and_decor,FLO-580904,Nova,Thornbury Stone Mosaic,20.98,per_sq_ft,,,yes,2026-08-14,seed_estimate,,material=marble;pattern=subway;chip_size=1x3;finish_tile=polished;size_in=12x13
G0128,home_depot,HOM-782154,MSI,Thornbury Stone Mosaic,24.98,per_sheet,1,,yes,2026-08-14,seed_estimate,,material=marble;pattern=subway;chip_size=1x1;finish_tile=polished;size_in=12x13
G0128,lowes,LOW-520077,Satori,Thornbury Stone Mosaic,27.97,per_sheet,1,,yes,2026-08-14,seed_estimate,,material=marble;pattern=subway;chip_size=1x3;finish_tile=polished;size_in=11.8x11.8
G0128,menards,MEN-569557,Tuscany,Thornbury Stone Mosaic,25.99,per_sheet,0.96,,yes,2026-08-14,seed_estimate,,material=marble;pattern=subway;chip_size=1x3;finish_tile=honed;size_in=12x13
G0128,tile_shop,TIL-596825,Marmi,Thornbury Stone Mosaic,28.99,per_sq_ft,,,yes,2026-08-14,seed_estimate,,material=marble;pattern=subway;chip_size=1x3;finish_tile=polished;size_in=12x13
G0129,floor_and_decor,FLO-199287,Founders,Oakmont Decorative Accent,22.99,per_sq_ft,,,yes,2026-08-14,seed_estimate,,material=marble;pattern=picket;chip_size=1x3;finish_tile=honed;size_in=11.8x11.8
G0129,home_depot,HOM-557437,MSI,Oakmont Decorative Accent,24.99,per_sheet,1,,yes,2026-08-14,seed_estimate,,material=marble;pattern=picket;chip_size=1x3;finish_tile=honed;size_in=12x12
G0129,lowes,LOW-729377,allen + roth,Oakmont Decorative Accent,26.97,per_sheet,1,,no,2026-08-14,seed_estimate,,material=marble;pattern=picket;chip_size=1x3;finish_tile=matte;size_in=11.8x11.8
G0129,menards,MEN-965746,Masterforce,Oakmont Decorative Accent,22.99,per_sheet,0.96,20.99,yes,2026-08-14,seed_estimate,,material=marble;pattern=picket;chip_size=1x3;finish_tile=honed;size_in=11.8x11.8
G0129,tile_shop,TIL-717586,Superior,Oakmont Decorative Accent,30.97,per_sq_ft,,,yes,2026-08-14,seed_estimate,,material=marble;pattern=picket;chip_size=1x3;finish_tile=honed;size_in=11.8x11.8
G0130,floor_and_decor,FLO-367758,Nova,Riverbend Stone Mosaic,21.98,per_sheet,1,,yes,2026-08-14,seed_estimate,,material=porcelain;pattern=subway;chip_size=1x3;finish_tile=matte;size_in=12x13
G0130,home_depot,HOM-530483,Home Decorators Collection,Riverbend Stone Mosaic,26.97,per_sheet,0.97,,yes,2026-08-14,seed_estimate,,material=porcelain;pattern=subway;chip_size=2x2;finish_tile=matte;size_in=12x13
G0130,lowes,LOW-519255,Satori,Riverbend Stone Mosaic,27.97,per_sq_ft,,,yes,2026-08-14,seed_estimate,,material=porcelain;pattern=subway;chip_size=1x3;finish_tile=matte;size_in=12x13
G0130,menards,MEN-303079,Patrician,Riverbend Stone Mosaic,25.97,per_sheet,1,,yes,2026-08-14,seed_estimate,,material=porcelain;pattern=subway;chip_size=1x3;finish_tile=matte;size_in=11.8x11.8
G0130,tile_shop,TIL-299750,Marmi,Riverbend Stone Mosaic,29.99,per_sq_ft,,24.99,yes,2026-08-14,seed_estimate,,material=porcelain;pattern=subway;chip_size=1x3;finish_tile=matte;size_in=12x13
G0131,floor_and_decor,FLO-555354,Founders,Nordic Decorative Accent,20.97,per_sheet,1,,yes,2026-08-14,seed_estimate,,material=marble;pattern=hexagon;chip_size=mixed;finish_tile=polished;size_in=11.8x11.8
G0131,home_depot,HOM-446648,Home Decorators Collection,Nordic Decorative Accent,24.98,per_sheet,0.96,,yes,2026-08-14,seed_estimate,,material=glass and stone;pattern=hexagon;chip_size=mixed;finish_tile=polished;size_in=11.8x11.8
G0131,lowes,LOW-313797,allen + roth,Nordic Decorative Accent,26.99,per_sq_ft,,,yes,2026-08-14,seed_estimate,,material=marble;pattern=hexagon;chip_size=mixed;finish_tile=polished;size_in=11.8x11.8
G0131,menards,MEN-323290,Masterforce,Nordic Decorative Accent,25.98,per_sheet,1,,yes,2026-08-14,seed_estimate,,material=marble;pattern=hexagon;chip_size=mixed;finish_tile=honed;size_in=11.8x11.8
G0132,floor_and_decor,FLO-262391,Nova,Millbrook Porcelain Mosaic,22.98,per_sq_ft,,,yes,2026-08-14,seed_estimate,,material=glass;pattern=penny round;chip_size=1x1;finish_tile=honed;size_in=12x13
G0132,home_depot,HOM-563898,MSI,Millbrook Porcelain Mosaic,30.97,per_sheet,0.96,25.97,yes,2026-08-14,seed_estimate,,material=glass;pattern=penny round;chip_size=1x1;finish_tile=honed;size_in=12x13
G0132,lowes,LOW-149429,Satori,Millbrook Porcelain Mosaic,26.99,per_sq_ft,,23.99,no,2026-08-14,seed_estimate,,material=glass;pattern=penny round;chip_size=1x1;finish_tile=honed;size_in=12x13
G0132,menards,MEN-213970,Masterforce,Millbrook Porcelain Mosaic,27.99,per_sheet,1,,yes,2026-08-14,seed_estimate,,material=glass;pattern=penny round;chip_size=1x1;finish_tile=honed;size_in=11.8x11.8
G0132,tile_shop,TIL-418580,Superior,Millbrook Porcelain Mosaic,26.97,per_sheet,0.96,21.99,yes,2026-08-14,seed_estimate,,material=glass;pattern=penny round;chip_size=1x1;finish_tile=polished;size_in=12x13
G0133,floor_and_decor,FLO-740386,Nova,Espresso Glass Mosaic,12.99,per_sheet,1,,yes,2026-08-14,seed_estimate,,material=glass;pattern=herringbone;chip_size=1x3;finish_tile=matte;size_in=11.8x11.8
G0133,home_depot,HOM-311256,Home Decorators Collection,Espresso Glass Mosaic,16.98,per_sheet,1,14.98,yes,2026-08-14,seed_estimate,,material=glass;pattern=herringbone;chip_size=2x2;finish_tile=matte;size_in=11.8x11.8
G0133,lowes,LOW-877720,allen + roth,Espresso Glass Mosaic,13.98,per_sq_ft,,,yes,2026-08-14,seed_estimate,,material=glass;pattern=herringbone;chip_size=1x3;finish_tile=matte;size_in=12x13
G0133,menards,MEN-867578,Patrician,Espresso Glass Mosaic,15.99,per_sheet,1,,yes,2026-08-14,seed_estimate,,material=glass;pattern=herringbone;chip_size=1x3;finish_tile=matte;size_in=12x12
G0133,tile_shop,TIL-865344,Marmi,Espresso Glass Mosaic,17.99,per_sheet,0.96,,yes,2026-08-14,seed_estimate,,material=glass;pattern=picket;chip_size=1x3;finish_tile=matte;size_in=11.8x11.8
G0134,floor_and_decor,FLO-566363,Founders,Havana Stone Mosaic,11.99,per_sq_ft,,,yes,2026-08-14,seed_estimate,,material=glass and stone;pattern=penny round;chip_size=1x3;finish_tile=polished;size_in=11.8x11.8
G0134,home_depot,HOM-958732,MSI,Havana Stone Mosaic,15.98,per_sheet,0.97,,yes,2026-08-14,seed_estimate,,material=glass;pattern=penny round;chip_size=1x3;finish_tile=polished;size_in=11.8x11.8
G0134,lowes,LOW-256204,allen + roth,Havana Stone Mosaic,14.98,per_sq_ft,,12.99,yes,2026-08-14,seed_estimate,,material=glass and stone;pattern=penny round;chip_size=1x3;finish_tile=polished;size_in=11.8x11.8
G0134,menards,MEN-932928,Tuscany,Havana Stone Mosaic,12.97,per_sheet,0.96,,no,2026-08-14,seed_estimate,,material=glass and stone;pattern=penny round;chip_size=1x3;finish_tile=matte;size_in=11.8x11.8
G0134,tile_shop,TIL-791284,Marmi,Havana Stone Mosaic,16.97,per_sq_ft,,,yes,2026-08-14,seed_estimate,,material=glass and stone;pattern=penny round;chip_size=1x3;finish_tile=polished;size_in=11.8x11.8
G0135,floor_and_decor,FLO-486306,Founders,Hillcrest Decorative Accent,23.98,per_sq_ft,,21.98,yes,2026-08-14,seed_estimate,,material=marble;pattern=subway;chip_size=1x1;finish_tile=polished;size_in=12x12
G0135,home_depot,HOM-345429,Home Decorators Collection,Hillcrest Decorative Accent,26.97,per_sheet,1,,yes,2026-08-14,seed_estimate,,material=marble;pattern=subway;chip_size=1x1;finish_tile=polished;size_in=12x12
G0135,lowes,LOW-213979,Satori,Hillcrest Decorative Accent,26.98,per_sheet,1,,yes,2026-08-14,seed_estimate,,material=glass;pattern=subway;chip_size=1x1;finish_tile=polished;size_in=12x12
G0136,floor_and_decor,FLO-964154,Founders,Thornbury Decorative Accent,17.97,per_sheet,0.96,,yes,2026-08-14,seed_estimate,,material=marble;pattern=basketweave;chip_size=1x1;finish_tile=honed;size_in=12x12
G0136,home_depot,HOM-497622,Home Decorators Collection,Thornbury Decorative Accent,21.99,per_sheet,0.97,,yes,2026-08-14,seed_estimate,,material=glass and stone;pattern=basketweave;chip_size=1x1;finish_tile=honed;size_in=12x12
G0136,lowes,LOW-983426,allen + roth,Thornbury Decorative Accent,22.98,per_sheet,1,,yes,2026-08-14,seed_estimate,,material=marble;pattern=basketweave;chip_size=1x1;finish_tile=honed;size_in=12x12
G0136,menards,MEN-909191,Masterforce,Thornbury Decorative Accent,24.97,per_sheet,1,,yes,2026-08-14,seed_estimate,,material=marble;pattern=basketweave;chip_size=1x1;finish_tile=honed;size_in=12x12
G0137,floor_and_decor,FLO-212842,Marazzi,Quarry Glass Wall,3.59,per_sq_ft,,,yes,2026-08-14,seed_estimate,,material=ceramic;size_in=4x16;finish_tile=matte;look=solid
G0137,home_depot,HOM-289966,Marazzi,Quarry Glass Wall,3.99,per_sq_ft,,,yes,2026-08-14,seed_estimate,,material=ceramic;size_in=4x16;finish_tile=matte;look=solid
G0137,lowes,LOW-203278,Marazzi,Quarry Glass Wall,3.89,per_sq_ft,,,yes,2026-08-14,seed_estimate,,material=ceramic;size_in=4x16;finish_tile=matte;look=solid
G0137,menards,MEN-652563,Marazzi,Quarry Glass Wall,37.98,per_case,9.37,,yes,2026-08-14,seed_estimate,,material=ceramic;size_in=4x16;finish_tile=matte;look=solid
G0137,tile_shop,TIL-809655,Marazzi,Quarry Glass Wall,3.89,per_sq_ft,,,yes,2026-08-14,seed_estimate,,material=ceramic;size_in=4x16;finish_tile=matte;look=solid
G0138,floor_and_decor,FLO-917026,Salerno,Umber Porcelain Wall,5.19,per_sq_ft,,,yes,2026-08-14,seed_estimate,,material=glass;size_in=4x12;finish_tile=beveled;look=handmade
G0138,home_depot,HOM-445903,Home Decorators Collection,Umber Porcelain Wall,6.39,per_sq_ft,,,no,2026-08-14,seed_estimate,,material=porcelain;size_in=4x12;finish_tile=beveled;look=handmade
G0138,lowes,LOW-514817,Style Selections,Umber Porcelain Wall,6.09,per_sq_ft,,5.49,yes,2026-08-14,seed_estimate,,material=glass;size_in=2.5x8;finish_tile=beveled;look=handmade
G0138,menards,MEN-664327,Masterforce,Umber Porcelain Wall,64.99,per_case,10.94,,yes,2026-08-14,seed_estimate,,material=glass;size_in=4x12;finish_tile=crackle;look=handmade
G0139,floor_and_decor,FLO-874989,Nova,Slate Creek Glass Wall,4.39,per_sq_ft,,,yes,2026-08-14,seed_estimate,,material=porcelain;size_in=3x6;finish_tile=glossy;look=marble
G0139,home_depot,HOM-149431,Home Decorators Collection,Slate Creek Glass Wall,4.99,per_sq_ft,,4.39,yes,2026-08-14,seed_estimate,,material=porcelain;size_in=3x6;finish_tile=glossy;look=marble
G0139,lowes,LOW-843771,Satori,Slate Creek Glass Wall,4.99,per_sq_ft,,,yes,2026-08-14,seed_estimate,,material=porcelain;size_in=3x6;finish_tile=glossy;look=marble
G0139,menards,MEN-506983,Masterforce,Slate Creek Glass Wall,5.49,per_sq_ft,,,yes,2026-08-14,seed_estimate,,material=porcelain;size_in=3x6;finish_tile=beveled;look=marble
G0139,tile_shop,TIL-203294,Kismet,Slate Creek Glass Wall,5.49,per_sq_ft,,4.39,no,2026-08-14,seed_estimate,,material=porcelain;size_in=2.5x8;finish_tile=glossy;look=marble
G0140,floor_and_decor,FLO-829986,Salerno,Barnwood Glass Wall,5.09,per_sq_ft,,,yes,2026-08-14,seed_estimate,,material=ceramic;size_in=4x16;finish_tile=glossy;look=handmade
G0140,home_depot,HOM-882159,Home Decorators Collection,Barnwood Glass Wall,61.98,per_case,11.09,54.99,yes,2026-08-14,seed_estimate,,material=ceramic;size_in=4x16;finish_tile=glossy;look=handmade
G0140,lowes,LOW-482046,Satori,Barnwood Glass Wall,6.09,per_sq_ft,,,yes,2026-08-14,seed_estimate,,material=ceramic;size_in=4x16;finish_tile=glossy;look=handmade
G0140,menards,MEN-561432,Dakota,Barnwood Glass Wall,5.39,per_sq_ft,,,yes,2026-08-14,seed_estimate,,material=ceramic;size_in=4x16;finish_tile=glossy;look=handmade
G0140,tile_shop,TIL-517946,Rush River,Barnwood Glass Wall,6.69,per_sq_ft,,5.09,yes,2026-08-14,seed_estimate,,material=ceramic;size_in=4x16;finish_tile=glossy;look=marble
G0141,floor_and_decor,FLO-610505,Nova,Sundance Glass Wall,6.79,per_sq_ft,,,yes,2026-08-14,seed_estimate,,material=glass;size_in=3x6;finish_tile=crackle;look=marble
G0141,home_depot,HOM-896770,Daltile,Sundance Glass Wall,7.39,per_sq_ft,,,yes,2026-08-14,seed_estimate,,material=glass;size_in=3x6;finish_tile=crackle;look=marble
G0141,lowes,LOW-192992,Style Selections,Sundance Glass Wall,8.69,per_sq_ft,,7.19,yes,2026-08-14,seed_estimate,,material=glass;size_in=3x6;finish_tile=crackle;look=marble
G0141,menards,MEN-658685,Dakota,Sundance Glass Wall,58.97,per_case,8,,yes,2026-08-14,seed_estimate,,material=glass;size_in=4x16;finish_tile=crackle;look=marble
G0142,floor_and_decor,FLO-987036,Nova,Westbury Glass Wall,3.59,per_sq_ft,,,yes,2026-08-14,seed_estimate,,material=porcelain;size_in=3x6;finish_tile=glossy;look=solid
G0142,home_depot,HOM-146214,Home Decorators Collection,Westbury Glass Wall,4.49,per_sq_ft,,,yes,2026-08-14,seed_estimate,,material=porcelain;size_in=3x6;finish_tile=matte;look=solid
G0142,lowes,LOW-151076,Satori,Westbury Glass Wall,4.19,per_sq_ft,,3.79,yes,2026-08-14,seed_estimate,,material=porcelain;size_in=3x6;finish_tile=matte;look=solid
G0142,menards,MEN-830612,Masterforce,Westbury Glass Wall,4.09,per_sq_ft,,,yes,2026-08-14,seed_estimate,,material=porcelain;size_in=3x6;finish_tile=beveled;look=solid
G0143,floor_and_decor,FLO-432459,Salerno,Quarry Glass Wall,6.29,per_sq_ft,,,yes,2026-08-14,seed_estimate,,material=porcelain;size_in=4x16;finish_tile=crackle;look=solid
G0143,home_depot,HOM-343224,Home Decorators Collection,Quarry Glass Wall,8.39,per_sq_ft,,,yes,2026-08-14,seed_estimate,,material=porcelain;size_in=4x16;finish_tile=crackle;look=solid
G0143,lowes,LOW-386381,Style Selections,Quarry Glass Wall,7.69,per_sq_ft,,5.89,yes,2026-08-14,seed_estimate,,material=porcelain;size_in=4x16;finish_tile=crackle;look=solid
G0143,menards,MEN-881321,Tuscany,Quarry Glass Wall,7.19,per_sq_ft,,,yes,2026-08-14,seed_estimate,,material=porcelain;size_in=4x16;finish_tile=crackle;look=solid
G0143,tile_shop,TIL-599885,Marmi,Quarry Glass Wall,8.29,per_sq_ft,,,yes,2026-08-14,seed_estimate,,material=porcelain;size_in=3x6;finish_tile=crackle;look=solid
G0144,floor_and_decor,FLO-321360,Salerno,Calacatta Glass Wall,4.79,per_sq_ft,,,yes,2026-08-14,seed_estimate,,material=porcelain;size_in=4x16;finish_tile=matte;look=solid
G0144,home_depot,HOM-467266,Home Decorators Collection,Calacatta Glass Wall,50.98,per_case,8.68,,yes,2026-08-14,seed_estimate,,material=porcelain;size_in=2.5x8;finish_tile=matte;look=solid
G0144,lowes,LOW-207673,Satori,Calacatta Glass Wall,5.89,per_sq_ft,,,yes,2026-08-14,seed_estimate,,material=ceramic;size_in=4x16;finish_tile=matte;look=solid
G0144,menards,MEN-624415,Dakota,Calacatta Glass Wall,5.89,per_sq_ft,,4.69,yes,2026-08-14,seed_estimate,,material=porcelain;size_in=4x16;finish_tile=glossy;look=solid
G0145,floor_and_decor,FLO-788990,Shaw,Harbor Oak Broadloom,2.89,per_sq_ft,,,yes,2026-08-14,seed_estimate,,material=nylon;pile_weight_oz=32;backing=cushion;style=loop;size_in=24x24
G0145,home_depot,HOM-570718,Shaw,Harbor Oak Broadloom,139.98,per_case,45,,yes,2026-08-14,seed_estimate,,material=nylon;pile_weight_oz=32;backing=cushion;style=loop;size_in=24x24
G0145,lowes,LOW-356898,Shaw,Harbor Oak Broadloom,27.98,per_sq_yd,,,yes,2026-08-14,seed_estimate,,material=nylon;pile_weight_oz=32;backing=cushion;style=loop;size_in=24x24
G0145,menards,MEN-240333,Shaw,Harbor Oak Broadloom,2.99,per_sq_ft,,,yes,2026-08-14,seed_estimate,,material=nylon;pile_weight_oz=32;backing=cushion;style=loop;size_in=24x24
G0146,floor_and_decor,FLO-917750,Sonoma,Oakmont Broadloom,2.29,per_sq_ft,,,yes,2026-08-14,seed_estimate,,material=polyester;pile_weight_oz=40;backing=cushion;style=patterned;size_in=24x24
G0146,home_depot,HOM-510226,TrafficMaster,Oakmont Broadloom,2.49,per_sq_ft,,,yes,2026-08-14,seed_estimate,,material=polyester;pile_weight_oz=40;backing=cushion;style=patterned;size_in=24x24
G0146,lowes,LOW-525945,STAINMASTER,Oakmont Broadloom,21.98,per_sq_yd,,,no,2026-08-14,seed_estimate,,material=polyester;pile_weight_oz=40;backing=cushion;style=patterned;size_in=24x24
G0146,menards,MEN-472289,Dakota,Oakmont Broadloom,119.98,per_case,45,,yes,2026-08-14,seed_estimate,,material=polyester;pile_weight_oz=40;backing=cushion;style=patterned;size_in=24x24
G0147,floor_and_decor,FLO-947054,Sonoma,Calacatta Broadloom,1.69,per_sq_ft,,,yes,2026-08-14,seed_estimate,,material=nylon;pile_weight_oz=26;backing=hard back;style=patterned;size_in=19.7x19.7
G0147,home_depot,HOM-673928,Home Decorators Collection,Calacatta Broadloom,2.19,per_sq_ft,,,yes,2026-08-14,seed_estimate,,material=nylon;pile_weight_oz=32;backing=hard back;style=patterned;size_in=19.7x19.7
G0147,lowes,LOW-813897,STAINMASTER,Calacatta Broadloom,1.89,per_sq_ft,,,yes,2026-08-14,seed_estimate,,material=nylon;pile_weight_oz=26;backing=hard back;style=loop;size_in=19.7x19.7
G0147,menards,MEN-968069,Dakota,Calacatta Broadloom,1.99,per_sq_ft,,1.59,no,2026-08-14,seed_estimate,,material=nylon;pile_weight_oz=26;backing=hard back;style=patterned;size_in=19.7x19.7
G0148,floor_and_decor,FLO-229910,NuCore Soft,Umber Broadloom,2.19,per_sq_ft,,,yes,2026-08-14,seed_estimate,,material=nylon;pile_weight_oz=26;backing=hard back;style=loop;size_in=24x24
G0148,home_depot,HOM-633562,TrafficMaster,Umber Broadloom,70.97,per_case,26,,yes,2026-08-14,seed_estimate,,material=nylon;pile_weight_oz=26;backing=cushion;style=loop;size_in=24x24
G0148,lowes,LOW-119335,Style Selections,Umber Broadloom,2.29,per_sq_ft,,,yes,2026-08-14,seed_estimate,,material=nylon;pile_weight_oz=26;backing=hard back;style=loop;size_in=24x24
G0148,menards,MEN-226714,Patrician,Umber Broadloom,60.98,per_case,26,,yes,2026-08-14,seed_estimate,,material=nylon;pile_weight_oz=26;backing=hard back;style=patterned;size_in=24x24
G0149,floor_and_decor,FLO-299197,Sonoma,Westbury Carpet Tile,3.29,per_sq_ft,,,yes,2026-08-14,seed_estimate,,material=nylon;pile_weight_oz=20;backing=hard back;style=patterned;size_in=24x24
G0149,home_depot,HOM-242419,TrafficMaster,Westbury Carpet Tile,3.99,per_sq_ft,,3.39,yes,2026-08-14,seed_estimate,,material=nylon;pile_weight_oz=20;backing=hard back;style=patterned;size_in=24x24
G0149,lowes,LOW-376925,Style Selections,Westbury Carpet Tile,3.99,per_sq_ft,,3.29,yes,2026-08-14,seed_estimate,,material=polyester;pile_weight_oz=20;backing=hard back;style=patterned;size_in=24x24
G0149,menards,MEN-371181,Dakota,Westbury Carpet Tile,3.49,per_sq_ft,,,yes,2026-08-14,seed_estimate,,material=nylon;pile_weight_oz=20;backing=cushion;style=patterned;size_in=24x24
G0150,floor_and_decor,FLO-626400,NuCore Soft,Vintage Elm Carpet Tile,2.69,per_sq_ft,,,yes,2026-08-14,seed_estimate,,material=nylon;pile_weight_oz=26;backing=hard back;style=patterned;size_in=24x24
G0150,home_depot,HOM-158415,Home Decorators Collection,Vintage Elm Carpet Tile,134.98,per_case,45,104.98,no,2026-08-14,seed_estimate,,material=nylon;pile_weight_oz=26;backing=hard back;style=patterned;size_in=19.7x19.7
G0150,lowes,LOW-228994,Style Selections,Vintage Elm Carpet Tile,2.89,per_sq_ft,,,yes,2026-08-14,seed_estimate,,material=nylon;pile_weight_oz=26;backing=hard back;style=patterned;size_in=19.7x19.7
G0150,menards,MEN-251105,Patrician,Vintage Elm Carpet Tile,61.98,per_case,21.53,,no,2026-08-14,seed_estimate,,material=nylon;pile_weight_oz=26;backing=cushion;style=patterned;size_in=24x24
G0151,floor_and_decor,FLO-924641,QEP,Oakmont Rubber Underlayment,68.99,per_roll_sqft,100,,yes,2026-08-14,seed_estimate,,material=cork;thickness_mm=6;moisture_barrier=yes;sound_rating_iic=71;r_value=1.0
G0151,home_depot,HOM-684902,QEP,Oakmont Rubber Underlayment,439.00,per_roll_sqft,630,,yes,2026-08-14,seed_estimate,,material=cork;thickness_mm=6;moisture_barrier=yes;sound_rating_iic=71;r_value=1.0
G0151,lowes,LOW-424272,QEP,Oakmont Rubber Underlayment,71.97,per_roll_sqft,100,,yes,2026-08-14,seed_estimate,,material=cork;thickness_mm=6;moisture_barrier=yes;sound_rating_iic=71;r_value=1.0
G0151,menards,MEN-613396,QEP,Oakmont Rubber Underlayment,139.98,per_roll_sqft,200,,yes,2026-08-14,seed_estimate,,material=cork;thickness_mm=6;moisture_barrier=yes;sound_rating_iic=71;r_value=1.0
G0152,floor_and_decor,FLO-435639,QEP,Riverbend Felt Underlayment,134.98,per_roll_sqft,200,,yes,2026-08-14,seed_estimate,,material=cork;thickness_mm=2;moisture_barrier=yes;sound_rating_iic=50;r_value=1.0
G0152,home_depot,HOM-951538,QEP,Riverbend Felt Underlayment,469.00,per_roll_sqft,630,,yes,2026-08-14,seed_estimate,,material=cork;thickness_mm=2;moisture_barrier=yes;sound_rating_iic=50;r_value=1.0
G0152,lowes,LOW-846049,QEP,Riverbend Felt Underlayment,0.79,per_sq_ft,,,yes,2026-08-14,seed_estimate,,material=cork;thickness_mm=2;moisture_barrier=yes;sound_rating_iic=50;r_value=1.0
G0152,menards,MEN-708346,QEP,Riverbend Felt Underlayment,139.98,per_roll_sqft,200,,yes,2026-08-14,seed_estimate,,material=cork;thickness_mm=2;moisture_barrier=yes;sound_rating_iic=50;r_value=1.0
G0153,floor_and_decor,FLO-665978,Roberts,Sierra Felt Underlayment,65.99,per_roll_sqft,100,,yes,2026-08-14,seed_estimate,,material=felt;thickness_mm=6;moisture_barrier=yes;sound_rating_iic=50;r_value=0.5
G0153,home_depot,HOM-951359,Roberts,Sierra Felt Underlayment,66.99,per_roll_sqft,100,,yes,2026-08-14,seed_estimate,,material=felt;thickness_mm=6;moisture_barrier=yes;sound_rating_iic=50;r_value=0.5
G0153,lowes,LOW-356515,Roberts,Sierra Felt Underlayment,0.69,per_sq_ft,,,yes,2026-08-14,seed_estimate,,material=felt;thickness_mm=6;moisture_barrier=yes;sound_rating_iic=50;r_value=0.5
G0153,menards,MEN-432373,Roberts,Sierra Felt Underlayment,124.98,per_roll_sqft,200,,yes,2026-08-14,seed_estimate,,material=felt;thickness_mm=6;moisture_barrier=yes;sound_rating_iic=50;r_value=0.5
G0154,floor_and_decor,FLO-693835,Roberts,Zermatt Foam Underlayment,76.99,per_roll_sqft,200,,yes,2026-08-14,seed_estimate,,material=felt;thickness_mm=3;moisture_barrier=no;sound_rating_iic=71;r_value=1.0
G0154,home_depot,HOM-342658,Roberts,Zermatt Foam Underlayment,87.99,per_roll_sqft,200,,yes,2026-08-14,seed_estimate,,material=felt;thickness_mm=6;moisture_barrier=no;sound_rating_iic=71;r_value=1.0
G0154,lowes,LOW-976717,Roberts,Zermatt Foam Underlayment,0.49,per_sq_ft,,,yes,2026-08-14,seed_estimate,,material=felt;thickness_mm=3;moisture_barrier=no;sound_rating_iic=71;r_value=1.0
G0154,menards,MEN-728345,Tuscany,Zermatt Foam Underlayment,234.98,per_roll_sqft,630,,yes,2026-08-14,seed_estimate,,material=felt;thickness_mm=3;moisture_barrier=no;sound_rating_iic=71;r_value=1.0
G0155,floor_and_decor,FLO-207083,Roberts,Yorkshire Felt Underlayment,99.98,per_roll_sqft,200,,yes,2026-08-14,seed_estimate,,material=rubber;thickness_mm=6;moisture_barrier=no;sound_rating_iic=71;r_value=1.5
G0155,home_depot,HOM-535642,Roberts,Yorkshire Felt Underlayment,99.98,per_roll_sqft,200,,yes,2026-08-14,seed_estimate,,material=rubber;thickness_mm=6;moisture_barrier=no;sound_rating_iic=71;r_value=1.5
G0155,lowes,LOW-591973,Roberts,Yorkshire Felt Underlayment,99.98,per_roll_sqft,200,,yes,2026-08-14,seed_estimate,,material=rubber;thickness_mm=6;moisture_barrier=no;sound_rating_iic=71;r_value=1.5
G0155,menards,MEN-466839,Roberts,Yorkshire Felt Underlayment,329.00,per_roll_sqft,630,,yes,2026-08-14,seed_estimate,,material=rubber;thickness_mm=6;moisture_barrier=no;sound_rating_iic=71;r_value=1.5
G0156,floor_and_decor,FLO-787440,MP Global,Tidewater Foam Underlayment,60.97,per_roll_sqft,100,,yes,2026-08-14,seed_estimate,,material=felt;thickness_mm=3;moisture_barrier=no;sound_rating_iic=71;r_value=1.5
G0156,home_depot,HOM-256975,MP Global,Tidewater Foam Underlayment,119.98,per_roll_sqft,200,,yes,2026-08-14,seed_estimate,,material=felt;thickness_mm=3;moisture_barrier=no;sound_rating_iic=71;r_value=1.5
G0156,lowes,LOW-500174,MP Global,Tidewater Foam Underlayment,0.69,per_sq_ft,,,yes,2026-08-14,seed_estimate,,material=felt;thickness_mm=3;moisture_barrier=no;sound_rating_iic=71;r_value=1.5
G0156,menards,MEN-722023,MP Global,Tidewater Foam Underlayment,399.00,per_roll_sqft,630,,no,2026-08-14,seed_estimate,,material=felt;thickness_mm=3;moisture_barrier=no;sound_rating_iic=71;r_value=1.5
G0157,floor_and_decor,FLO-711760,FloorMuffler,Saxony Cork Underlayment,89.98,per_roll_sqft,200,,yes,2026-08-14,seed_estimate,,material=felt;thickness_mm=6;moisture_barrier=no;sound_rating_iic=66;r_value=0.5
G0157,home_depot,HOM-812279,Roberts,Saxony Cork Underlayment,46.97,per_roll_sqft,100,,yes,2026-08-14,seed_estimate,,material=felt;thickness_mm=6;moisture_barrier=no;sound_rating_iic=66;r_value=0.5
G0157,lowes,LOW-431065,Roberts,Saxony Cork Underlayment,84.99,per_roll_sqft,200,76.98,yes,2026-08-14,seed_estimate,,material=felt;thickness_mm=6;moisture_barrier=no;sound_rating_iic=66;r_value=0.5
G0157,menards,MEN-184715,Tuscany,Saxony Cork Underlayment,309.00,per_roll_sqft,630,269.00,no,2026-08-14,seed_estimate,,material=felt;thickness_mm=6;moisture_barrier=no;sound_rating_iic=66;r_value=0.5
G0158,floor_and_decor,FLO-528197,MP Global,Carrara Felt Underlayment,37.98,per_roll_sqft,100,,yes,2026-08-14,seed_estimate,,material=felt;thickness_mm=2;moisture_barrier=no;sound_rating_iic=66;r_value=1.0
G0158,home_depot,HOM-621044,MP Global,Carrara Felt Underlayment,244.98,per_roll_sqft,630,194.98,yes,2026-08-14,seed_estimate,,material=felt;thickness_mm=2;moisture_barrier=no;sound_rating_iic=66;r_value=1.0
G0158,lowes,LOW-654140,MP Global,Carrara Felt Underlayment,74.97,per_roll_sqft,200,66.98,yes,2026-08-14,seed_estimate,,material=felt;thickness_mm=2;moisture_barrier=no;sound_rating_iic=66;r_value=1.0
G0158,menards,MEN-569555,MP Global,Carrara Felt Underlayment,224.98,per_roll_sqft,630,,yes,2026-08-14,seed_estimate,,material=felt;thickness_mm=2;moisture_barrier=no;sound_rating_iic=66;r_value=1.0
G0159,floor_and_decor,FLO-530338,Bostik,Onyx Unmodified Thinset,17.99,per_bag,50,,yes,2026-08-14,seed_estimate,,chemistry=epoxy mortar;grade=standard;color_family=gray;material=cement based
G0159,home_depot,HOM-504881,Bostik,Onyx Unmodified Thinset,18.99,per_bag,50,,yes,2026-08-14,seed_estimate,,chemistry=epoxy mortar;grade=standard;color_family=gray;material=cement based
G0159,lowes,LOW-762483,Bostik,Onyx Unmodified Thinset,8.69,per_bag,25,7.29,yes,2026-08-14,seed_estimate,,chemistry=epoxy mortar;grade=standard;color_family=gray;material=cement based
G0159,menards,MEN-980680,Bostik,Onyx Unmodified Thinset,8.39,per_bag,25,,yes,2026-08-14,seed_estimate,,chemistry=epoxy mortar;grade=standard;color_family=gray;material=cement based
G0160,floor_and_decor,FLO-856791,Laticrete,Greystone Unmodified Thinset,11.98,per_bag,25,10.99,yes,2026-08-14,seed_estimate,,chemistry=epoxy mortar;grade=premium;color_family=gray;material=epoxy
G0160,home_depot,HOM-154672,Laticrete,Greystone Unmodified Thinset,10.99,per_bag,25,,yes,2026-08-14,seed_estimate,,chemistry=epoxy mortar;grade=premium;color_family=gray;material=epoxy
G0160,lowes,LOW-852162,Laticrete,Greystone Unmodified Thinset,22.99,per_bag,50,20.99,yes,2026-08-14,seed_estimate,,chemistry=epoxy mortar;grade=premium;color_family=gray;material=epoxy
G0160,menards,MEN-998358,Laticrete,Greystone Unmodified Thinset,21.99,per_bag,50,17.99,yes,2026-08-14,seed_estimate,,chemistry=epoxy mortar;grade=premium;color_family=gray;material=epoxy
G0160,tile_shop,TIL-182238,Laticrete,Greystone Unmodified Thinset,22.97,per_bag,50,,no,2026-08-14,seed_estimate,,chemistry=epoxy mortar;grade=premium;color_family=gray;material=epoxy
G0161,floor_and_decor,FLO-271924,MAPEI,Tidewater Modified Thinset,10.98,per_bag,25,,yes,2026-08-14,seed_estimate,,chemistry=epoxy mortar;grade=standard;color_family=gray;material=cement based
G0161,home_depot,HOM-698922,MAPEI,Tidewater Modified Thinset,10.97,per_bag,25,,yes,2026-08-14,seed_estimate,,chemistry=epoxy mortar;grade=standard;color_family=gray;material=cement based
G0161,lowes,LOW-127740,MAPEI,Tidewater Modified Thinset,21.97,per_bag,50,,yes,2026-08-14,seed_estimate,,chemistry=epoxy mortar;grade=standard;color_family=gray;material=cement based
G0161,menards,MEN-436772,MAPEI,Tidewater Modified Thinset,21.98,per_bag,50,,yes,2026-08-14,seed_estimate,,chemistry=epoxy mortar;grade=standard;color_family=gray;material=cement based
G0161,tile_shop,TIL-404659,MAPEI,Tidewater Modified Thinset,22.97,per_bag,50,,yes,2026-08-14,seed_estimate,,chemistry=epoxy mortar;grade=standard;color_family=gray;material=cement based
G0162,floor_and_decor,FLO-472952,Laticrete,Cedar Point Modified Thinset,13.97,per_bag,25,,yes,2026-08-14,seed_estimate,,chemistry=large format mortar;grade=standard;color_family=gray;material=cement based
G0162,home_depot,HOM-446439,Laticrete,Cedar Point Modified Thinset,13.98,per_bag,25,,no,2026-08-14,seed_estimate,,chemistry=large format mortar;grade=standard;color_family=gray;material=cement based
G0162,lowes,LOW-470963,Laticrete,Cedar Point Modified Thinset,26.99,per_bag,50,,yes,2026-08-14,seed_estimate,,chemistry=large format mortar;grade=standard;color_family=gray;material=cement based
G0162,menards,MEN-867005,Laticrete,Cedar Point Modified Thinset,12.99,per_bag,25,,yes,2026-08-14,seed_estimate,,chemistry=large format mortar;grade=standard;color_family=gray;material=cement based
G0163,floor_and_decor,FLO-364279,Custom Building Products,Havana Epoxy Mortar,13.98,per_bag,25,,yes,2026-08-14,seed_estimate,,chemistry=epoxy mortar;grade=standard;color_family=white;material=epoxy
G0163,home_depot,HOM-970939,MAPEI,Havana Epoxy Mortar,26.97,per_bag,50,,yes,2026-08-14,seed_estimate,,chemistry=modified thinset;grade=standard;color_family=white;material=epoxy
G0163,lowes,LOW-420191,Custom Building Products,Havana Epoxy Mortar,13.98,per_bag,25,,yes,2026-08-14,seed_estimate,,chemistry=epoxy mortar;grade=standard;color_family=white;material=epoxy
G0163,menards,MEN-380243,Masterforce,Havana Epoxy Mortar,13.98,per_bag,25,,yes,2026-08-14,seed_estimate,,chemistry=epoxy mortar;grade=standard;color_family=gray;material=epoxy
G0163,tile_shop,TIL-420459,Superior,Havana Epoxy Mortar,29.98,per_bag,50,24.98,yes,2026-08-14,seed_estimate,,chemistry=epoxy mortar;grade=standard;color_family=white;material=epoxy
G0164,floor_and_decor,FLO-314286,Bostik,Riverbend Unmodified Thinset,14.97,per_bag,50,13.99,yes,2026-08-14,seed_estimate,,chemistry=unmodified thinset;grade=standard;color_family=gray;material=cement based
G0164,home_depot,HOM-680386,Bostik,Riverbend Unmodified Thinset,14.99,per_bag,50,,yes,2026-08-14,seed_estimate,,chemistry=unmodified thinset;grade=standard;color_family=gray;material=cement based
G0164,lowes,LOW-397257,Bostik,Riverbend Unmodified Thinset,7.49,per_bag,25,,yes,2026-08-14,seed_estimate,,chemistry=unmodified thinset;grade=standard;color_family=gray;material=cement based
G0164,menards,MEN-902390,Bostik,Riverbend Unmodified Thinset,6.89,per_bag,25,,yes,2026-08-14,seed_estimate,,chemistry=unmodified thinset;grade=standard;color_family=gray;material=cement based
G0164,tile_shop,TIL-542221,Bostik,Riverbend Unmodified Thinset,14.97,per_bag,50,,no,2026-08-14,seed_estimate,,chemistry=unmodified thinset;grade=standard;color_family=gray;material=cement based
G0165,floor_and_decor,FLO-446297,MAPEI,Windsor Epoxy Mortar,11.97,per_bag,25,,yes,2026-08-14,seed_estimate,,chemistry=unmodified thinset;grade=standard;color_family=gray;material=epoxy
G0165,home_depot,HOM-729137,MAPEI,Windsor Epoxy Mortar,11.98,per_bag,25,9.49,yes,2026-08-14,seed_estimate,,chemistry=unmodified thinset;grade=standard;color_family=gray;material=epoxy
G0165,lowes,LOW-590844,Custom Building Products,Windsor Epoxy Mortar,21.98,per_bag,50,18.99,yes,2026-08-14,seed_estimate,,chemistry=unmodified thinset;grade=premium;color_family=gray;material=epoxy
G0165,menards,MEN-757267,Tuscany,Windsor Epoxy Mortar,10.99,per_bag,25,,yes,2026-08-14,seed_estimate,,chemistry=unmodified thinset;grade=standard;color_family=white;material=epoxy
G0165,tile_shop,TIL-421121,Marmi,Windsor Epoxy Mortar,12.99,per_bag,25,,yes,2026-08-14,seed_estimate,,chemistry=unmodified thinset;grade=premium;color_family=gray;material=epoxy
G0166,floor_and_decor,FLO-737746,MAPEI,Alabaster Epoxy Mortar,30.99,per_bag,50,,yes,2026-08-14,seed_estimate,,chemistry=modified thinset;grade=standard;color_family=white;material=cement based
G0166,home_depot,HOM-636553,Custom Building Products,Alabaster Epoxy Mortar,31.97,per_bag,50,,yes,2026-08-14,seed_estimate,,chemistry=modified thinset;grade=standard;color_family=gray;material=cement based
G0166,lowes,LOW-569428,Custom Building Products,Alabaster Epoxy Mortar,32.99,per_bag,50,,yes,2026-08-14,seed_estimate,,chemistry=modified thinset;grade=standard;color_family=gray;material=cement based
G0166,menards,MEN-959075,Dakota,Alabaster Epoxy Mortar,28.99,per_bag,50,,yes,2026-08-14,seed_estimate,,chemistry=modified thinset;grade=standard;color_family=white;material=cement based
G0166,tile_shop,TIL-881368,Kismet,Alabaster Epoxy Mortar,35.97,per_bag,50,,yes,2026-08-14,seed_estimate,,chemistry=modified thinset;grade=standard;color_family=white;material=cement based
G0167,floor_and_decor,FLO-498366,Laticrete,Tidewater Sanded Grout,11.99,per_pail,9,,yes,2026-08-14,seed_estimate,,chemistry=unsanded;joint_width=0.5;color_family=bright white;stain_resistant=yes
G0167,home_depot,HOM-461646,Laticrete,Tidewater Sanded Grout,11.98,per_pail,9,10.97,yes,2026-08-14,seed_estimate,,chemistry=unsanded;joint_width=0.5;color_family=bright white;stain_resistant=yes
G0167,lowes,LOW-356066,Laticrete,Tidewater Sanded Grout,12.97,per_bag,10,,yes,2026-08-14,seed_estimate,,chemistry=unsanded;joint_width=0.5;color_family=bright white;stain_resistant=yes
G0167,menards,MEN-428129,Laticrete,Tidewater Sanded Grout,31.98,per_bag,25,,no,2026-08-14,seed_estimate,,chemistry=unsanded;joint_width=0.5;color_family=bright white;stain_resistant=yes
G0167,tile_shop,TIL-705194,Laticrete,Tidewater Sanded Grout,34.97,per_bag,25,,yes,2026-08-14,seed_estimate,,chemistry=unsanded;joint_width=0.5;color_family=bright white;stain_resistant=yes
G0168,floor_and_decor,FLO-383507,MAPEI,Umber Unsanded Grout,13.98,per_pail,9,11.99,yes,2026-08-14,seed_estimate,,chemistry=epoxy;joint_width=0.25;color_family=charcoal;stain_resistant=no
G0168,home_depot,HOM-303196,MAPEI,Umber Unsanded Grout,15.97,per_bag,10,,yes,2026-08-14,seed_estimate,,chemistry=epoxy;joint_width=0.25;color_family=charcoal;stain_resistant=no
G0168,lowes,LOW-970366,MAPEI,Umber Unsanded Grout,16.97,per_bag,10,,no,2026-08-14,seed_estimate,,chemistry=epoxy;joint_width=0.25;color_family=charcoal;stain_resistant=no
G0168,menards,MEN-124610,MAPEI,Umber Unsanded Grout,13.98,per_pail,9,,yes,2026-08-14,seed_estimate,,chemistry=epoxy;joint_width=0.25;color_family=charcoal;stain_resistant=no
G0168,tile_shop,TIL-716513,MAPEI,Umber Unsanded Grout,41.98,per_bag,25,,yes,2026-08-14,seed_estimate,,chemistry=epoxy;joint_width=0.25;color_family=charcoal;stain_resistant=no
G0169,floor_and_decor,FLO-394111,MAPEI,Charcoal Single Component Grout,10.99,per_pail,9,,yes,2026-08-14,seed_estimate,,chemistry=single component;joint_width=0.5;color_family=bright white;stain_resistant=no
G0169,home_depot,HOM-788241,MAPEI,Charcoal Single Component Grout,11.98,per_bag,10,,yes,2026-08-14,seed_estimate,,chemistry=single component;joint_width=0.5;color_family=bright white;stain_resistant=no
G0169,lowes,LOW-182918,MAPEI,Charcoal Single Component Grout,29.98,per_bag,25,,yes,2026-08-14,seed_estimate,,chemistry=single component;joint_width=0.5;color_family=bright white;stain_resistant=no
G0169,menards,MEN-403628,MAPEI,Charcoal Single Component Grout,28.97,per_bag,25,,yes,2026-08-14,seed_estimate,,chemistry=single component;joint_width=0.5;color_family=bright white;stain_resistant=no
G0169,tile_shop,TIL-765552,MAPEI,Charcoal Single Component Grout,12.97,per_bag,10,,yes,2026-08-14,seed_estimate,,chemistry=single component;joint_width=0.5;color_family=bright white;stain_resistant=no
G0170,floor_and_decor,FLO-794828,Custom Building Products,Linen Sanded Grout,24.98,per_bag,25,,yes,2026-08-14,seed_estimate,,chemistry=sanded;joint_width=0.125;color_family=linen;stain_resistant=yes
G0170,home_depot,HOM-156953,Custom Building Products,Linen Sanded Grout,8.99,per_pail,9,,yes,2026-08-14,seed_estimate,,chemistry=sanded;joint_width=0.125;color_family=linen;stain_resistant=yes
G0170,lowes,LOW-724552,Custom Building Products,Linen Sanded Grout,10.97,per_bag,10,,yes,2026-08-14,seed_estimate,,chemistry=sanded;joint_width=0.125;color_family=linen;stain_resistant=yes
G0170,menards,MEN-108884,Custom Building Products,Linen Sanded Grout,9.59,per_bag,10,,yes,2026-08-14,seed_estimate,,chemistry=sanded;joint_width=0.125;color_family=linen;stain_resistant=yes
G0170,tile_shop,TIL-232138,Custom Building Products,Linen Sanded Grout,10.97,per_bag,10,,yes,2026-08-14,seed_estimate,,chemistry=sanded;joint_width=0.125;color_family=linen;stain_resistant=yes
G0171,floor_and_decor,FLO-217936,MAPEI,Hillcrest Epoxy Grout,9.59,per_pail,9,,yes,2026-08-14,seed_estimate,,chemistry=epoxy;joint_width=0.125;color_family=linen;stain_resistant=no
G0171,home_depot,HOM-410998,MAPEI,Hillcrest Epoxy Grout,9.99,per_pail,9,8.29,yes,2026-08-14,seed_estimate,,chemistry=epoxy;joint_width=0.125;color_family=linen;stain_resistant=no
G0171,lowes,LOW-399858,MAPEI,Hillcrest Epoxy Grout,10.98,per_bag,10,8.69,yes,2026-08-14,seed_estimate,,chemistry=epoxy;joint_width=0.125;color_family=linen;stain_resistant=no
G0171,menards,MEN-584960,MAPEI,Hillcrest Epoxy Grout,9.99,per_pail,9,9.19,yes,2026-08-14,seed_estimate,,chemistry=epoxy;joint_width=0.125;color_family=linen;stain_resistant=no
G0171,tile_shop,TIL-520621,MAPEI,Hillcrest Epoxy Grout,10.98,per_bag,10,9.39,yes,2026-08-14,seed_estimate,,chemistry=epoxy;joint_width=0.125;color_family=linen;stain_resistant=no
G0172,floor_and_decor,FLO-294078,TEC,Riverbend Epoxy Grout,32.99,per_bag,25,,yes,2026-08-14,seed_estimate,,chemistry=single component;joint_width=0.25;color_family=charcoal;stain_resistant=no
G0172,home_depot,HOM-455843,TEC,Riverbend Epoxy Grout,12.99,per_bag,10,9.89,no,2026-08-14,seed_estimate,,chemistry=single component;joint_width=0.25;color_family=charcoal;stain_resistant=no
G0172,menards,MEN-803321,TEC,Riverbend Epoxy Grout,11.98,per_pail,9,,yes,2026-08-14,seed_estimate,,chemistry=single component;joint_width=0.25;color_family=charcoal;stain_resistant=no
G0172,tile_shop,TIL-332201,TEC,Riverbend Epoxy Grout,13.98,per_bag,10,,yes,2026-08-14,seed_estimate,,chemistry=single component;joint_width=0.25;color_family=charcoal;stain_resistant=no
G0173,floor_and_decor,FLO-212473,Custom Building Products,Vintage Elm Sanded Grout,11.97,per_pail,9,,yes,2026-08-14,seed_estimate,,chemistry=epoxy;joint_width=0.125;color_family=linen;stain_resistant=no
G0173,home_depot,HOM-876333,Custom Building Products,Vintage Elm Sanded Grout,12.97,per_pail,9,,yes,2026-08-14,seed_estimate,,chemistry=epoxy;joint_width=0.25;color_family=linen;stain_resistant=no
G0173,lowes,LOW-213134,MAPEI,Vintage Elm Sanded Grout,11.98,per_bag,10,,yes,2026-08-14,seed_estimate,,chemistry=epoxy;joint_width=0.125;color_family=linen;stain_resistant=no
G0173,menards,MEN-823451,Masterforce,Vintage Elm Sanded Grout,11.97,per_pail,9,,yes,2026-08-14,seed_estimate,,chemistry=epoxy;joint_width=0.125;color_family=linen;stain_resistant=no
G0174,floor_and_decor,FLO-174298,Laticrete,Fieldstone Single Component Grout,11.99,per_pail,9,,yes,2026-08-14,seed_estimate,,chemistry=sanded;joint_width=0.125;color_family=charcoal;stain_resistant=no
G0174,home_depot,HOM-943959,Laticrete,Fieldstone Single Component Grout,11.97,per_pail,9,,yes,2026-08-14,seed_estimate,,chemistry=sanded;joint_width=0.125;color_family=charcoal;stain_resistant=no
G0174,lowes,LOW-127724,Laticrete,Fieldstone Single Component Grout,31.99,per_bag,25,,yes,2026-08-14,seed_estimate,,chemistry=sanded;joint_width=0.125;color_family=charcoal;stain_resistant=no
G0174,menards,MEN-672225,Laticrete,Fieldstone Single Component Grout,10.98,per_pail,9,,yes,2026-08-14,seed_estimate,,chemistry=sanded;joint_width=0.125;color_family=charcoal;stain_resistant=no
G0174,tile_shop,TIL-922593,Laticrete,Fieldstone Single Component Grout,13.99,per_bag,10,12.99,yes,2026-08-14,seed_estimate,,chemistry=sanded;joint_width=0.125;color_family=charcoal;stain_resistant=no
G0175,floor_and_decor,FLO-751664,Sonoma,Westbury T-Molding,13.97,per_piece,8,12.97,yes,2026-08-14,seed_estimate,,profile=quarter round;material_trim=aluminum;length_ft=8.0;finish=matte
G0175,home_depot,HOM-227775,Zamma,Westbury T-Molding,16.99,per_piece,8,13.99,yes,2026-08-14,seed_estimate,,profile=quarter round;material_trim=aluminum;length_ft=8.0;finish=matte
G0175,lowes,LOW-653406,Project Source,Westbury T-Molding,1.69,per_lin_ft,,,yes,2026-08-14,seed_estimate,,profile=quarter round;material_trim=aluminum;length_ft=8.0;finish=matte
G0175,menards,MEN-598655,Patrician,Westbury T-Molding,13.99,per_piece,8,,yes,2026-08-14,seed_estimate,,profile=T-molding;material_trim=aluminum;length_ft=8.0;finish=matte
G0176,floor_and_decor,FLO-670914,Zamma,Willow Bend Stair Nose,25.97,per_piece,6.5,,yes,2026-08-14,seed_estimate,,profile=quarter round;material_trim=wood;length_ft=6.5;finish=matte
G0176,home_depot,HOM-913914,Zamma,Willow Bend Stair Nose,27.98,per_piece,6.5,21.98,yes,2026-08-14,seed_estimate,,profile=quarter round;material_trim=wood;length_ft=6.5;finish=matte
G0176,lowes,LOW-368292,Zamma,Willow Bend Stair Nose,27.98,per_piece,6.5,,yes,2026-08-14,seed_estimate,,profile=quarter round;material_trim=wood;length_ft=6.5;finish=matte
G0177,floor_and_decor,FLO-821992,DuraLux,Sierra Threshold,30.97,per_piece,6.5,,yes,2026-08-14,seed_estimate,,profile=quarter round;material_trim=wood;length_ft=6.5;finish=matte
G0177,home_depot,HOM-474121,Zamma,Sierra Threshold,32.99,per_piece,6.5,28.99,yes,2026-08-14,seed_estimate,,profile=quarter round;material_trim=wood;length_ft=6.5;finish=matte
G0177,lowes,LOW-247641,Style Selections,Sierra Threshold,4.69,per_lin_ft,,,no,2026-08-14,seed_estimate,,profile=quarter round;material_trim=wood;length_ft=6.5;finish=matte
G0177,menards,MEN-450107,Patrician,Sierra Threshold,34.98,per_piece,6.5,,yes,2026-08-14,seed_estimate,,profile=quarter round;material_trim=wood;length_ft=6.5;finish=matte
G0178,floor_and_decor,FLO-703607,Shaw,Hillcrest Quarter Round,31.98,per_piece,6.5,,yes,2026-08-14,seed_estimate,,profile=threshold;material_trim=MDF;length_ft=6.5;finish=embossed
G0178,home_depot,HOM-588131,Shaw,Hillcrest Quarter Round,34.99,per_piece,6.5,,yes,2026-08-14,seed_estimate,,profile=threshold;material_trim=MDF;length_ft=6.5;finish=embossed
G0179,floor_and_decor,FLO-688417,Sonoma,Pembroke Reducer,39.97,per_piece,8,,yes,2026-08-14,seed_estimate,,profile=T-molding;material_trim=vinyl;length_ft=8.0;finish=smooth
G0179,home_depot,HOM-105011,TrafficMaster,Pembroke Reducer,43.97,per_piece,7.5,,yes,2026-08-14,seed_estimate,,profile=T-molding;material_trim=vinyl;length_ft=7.5;finish=smooth
G0179,lowes,LOW-951551,SMARTCORE,Pembroke Reducer,36.98,per_piece,6.5,32.98,yes,2026-08-14,seed_estimate,,profile=T-molding;material_trim=vinyl;length_ft=6.5;finish=smooth
G0179,menards,MEN-723608,Patrician,Pembroke Reducer,43.99,per_piece,8,38.97,yes,2026-08-14,seed_estimate,,profile=T-molding;material_trim=vinyl;length_ft=8.0;finish=smooth
G0180,floor_and_decor,FLO-392265,Sonoma,Cedar Point Baseboard,11.99,per_piece,6.5,,yes,2026-08-14,seed_estimate,,profile=T-molding;material_trim=aluminum;length_ft=6.5;finish=smooth
G0180,home_depot,HOM-351402,Zamma,Cedar Point Baseboard,13.98,per_piece,7.5,,yes,2026-08-14,seed_estimate,,profile=T-molding;material_trim=aluminum;length_ft=7.5;finish=smooth
G0180,lowes,LOW-180810,Project Source,Cedar Point Baseboard,1.79,per_lin_ft,,,yes,2026-08-14,seed_estimate,,profile=T-molding;material_trim=aluminum;length_ft=6.5;finish=matte
G0180,menards,MEN-610581,Dakota,Cedar Point Baseboard,11.98,per_piece,6.5,,yes,2026-08-14,seed_estimate,,profile=T-molding;material_trim=aluminum;length_ft=6.5;finish=smooth
G0181,floor_and_decor,FLO-846835,Shaw,Maplewood Quarter Round,37.99,per_piece,6.5,33.98,yes,2026-08-14,seed_estimate,,profile=reducer;material_trim=wood;length_ft=6.5;finish=smooth
G0181,home_depot,HOM-717056,Shaw,Maplewood Quarter Round,41.99,per_piece,6.5,,yes,2026-08-14,seed_estimate,,profile=reducer;material_trim=wood;length_ft=6.5;finish=smooth
G0181,lowes,LOW-135777,Shaw,Maplewood Quarter Round,6.29,per_lin_ft,,5.39,yes,2026-08-14,seed_estimate,,profile=reducer;material_trim=wood;length_ft=6.5;finish=smooth
G0181,menards,MEN-285792,Shaw,Maplewood Quarter Round,38.97,per_piece,6.5,,yes,2026-08-14,seed_estimate,,profile=reducer;material_trim=wood;length_ft=6.5;finish=smooth
G0182,floor_and_decor,FLO-962172,DuraLux,Marbella Stair Nose,39.97,per_piece,7.5,,yes,2026-08-14,seed_estimate,,profile=T-molding;material_trim=vinyl;length_ft=7.5;finish=embossed
G0182,home_depot,HOM-547929,LifeProof,Marbella Stair Nose,41.98,per_piece,6.5,,yes,2026-08-14,seed_estimate,,profile=T-molding;material_trim=vinyl;length_ft=6.5;finish=embossed
G0182,lowes,LOW-590567,Style Selections,Marbella Stair Nose,5.39,per_lin_ft,,,yes,2026-08-14,seed_estimate,,profile=T-molding;material_trim=vinyl;length_ft=7.5;finish=smooth
G0182,menards,MEN-234101,Tuscany,Marbella Stair Nose,43.99,per_piece,7.5,,yes,2026-08-14,seed_estimate,,profile=T-molding;material_trim=vinyl;length_ft=7.5;finish=embossed
G0183,floor_and_decor,FLO-128555,Mohawk,Granite Peak Baseboard,17.99,per_piece,6.5,,yes,2026-08-14,seed_estimate,,profile=quarter round;material_trim=MDF;length_ft=6.5;finish=embossed
G0183,home_depot,HOM-691479,Mohawk,Granite Peak Baseboard,18.99,per_piece,6.5,,yes,2026-08-14,seed_estimate,,profile=quarter round;material_trim=MDF;length_ft=6.5;finish=embossed
G0183,lowes,LOW-875833,Mohawk,Granite Peak Baseboard,19.97,per_piece,6.5,,no,2026-08-14,seed_estimate,,profile=quarter round;material_trim=MDF;length_ft=6.5;finish=embossed
G0183,menards,MEN-338644,Mohawk,Granite Peak Baseboard,18.98,per_piece,6.5,,yes,2026-08-14,seed_estimate,,profile=quarter round;material_trim=MDF;length_ft=6.5;finish=embossed
G0184,floor_and_decor,FLO-515988,NuCore,Slate Creek Baseboard,16.99,per_piece,8,,yes,2026-08-14,seed_estimate,,profile=T-molding;material_trim=wood;length_ft=8.0;finish=matte
G0184,home_depot,HOM-669890,LifeProof,Slate Creek Baseboard,18.97,per_piece,8,14.99,yes,2026-08-14,seed_estimate,,profile=T-molding;material_trim=wood;length_ft=8.0;finish=matte
G0184,lowes,LOW-239415,SMARTCORE,Slate Creek Baseboard,2.29,per_lin_ft,,,yes,2026-08-14,seed_estimate,,profile=T-molding;material_trim=aluminum;length_ft=8.0;finish=matte
G0184,menards,MEN-317808,Patrician,Slate Creek Baseboard,17.99,per_piece,7.5,15.98,yes,2026-08-14,seed_estimate,,profile=T-molding;material_trim=wood;length_ft=7.5;finish=matte
G0185,floor_and_decor,FLO-323596,Custom Building Products,Riverbend Edge Profile,44.97,per_piece,8,37.99,yes,2026-08-14,seed_estimate,,profile=bullnose;material_trim=brushed brass;height_mm=8;length_ft=8.0
G0185,home_depot,HOM-328729,Custom Building Products,Riverbend Edge Profile,46.99,per_piece,8,,yes,2026-08-14,seed_estimate,,profile=bullnose;material_trim=brushed brass;height_mm=8;length_ft=8.0
G0185,lowes,LOW-791567,Custom Building Products,Riverbend Edge Profile,44.98,per_piece,8,,yes,2026-08-14,seed_estimate,,profile=bullnose;material_trim=brushed brass;height_mm=8;length_ft=8.0
G0185,menards,MEN-925242,Custom Building Products,Riverbend Edge Profile,44.97,per_piece,8,,yes,2026-08-14,seed_estimate,,profile=bullnose;material_trim=brushed brass;height_mm=8;length_ft=8.0
G0185,tile_shop,TIL-465588,Custom Building Products,Riverbend Edge Profile,45.99,per_piece,8,,yes,2026-08-14,seed_estimate,,profile=bullnose;material_trim=brushed brass;height_mm=8;length_ft=8.0
G0186,floor_and_decor,FLO-693159,Novalis,Maplewood Stair Nose Profile,87.97,per_piece,8.5,,yes,2026-08-14,seed_estimate,,profile=bullnose;material_trim=stainless steel;height_mm=8;length_ft=8.5
G0186,home_depot,HOM-438043,Schluter,Maplewood Stair Nose Profile,95.99,per_piece,8.5,83.98,yes,2026-08-14,seed_estimate,,profile=bullnose;material_trim=stainless steel;height_mm=8;length_ft=8.5
G0186,lowes,LOW-330364,Schluter,Maplewood Stair Nose Profile,91.98,per_piece,8.5,,no,2026-08-14,seed_estimate,,profile=bullnose;material_trim=stainless steel;height_mm=12.5;length_ft=8.5
G0186,menards,MEN-888834,Masterforce,Maplewood Stair Nose Profile,92.97,per_piece,8.5,,yes,2026-08-14,seed_estimate,,profile=bullnose;material_trim=stainless steel;height_mm=8;length_ft=8.5
G0186,tile_shop,TIL-955238,Kismet,Maplewood Stair Nose Profile,96.99,per_piece,8.5,,yes,2026-08-14,seed_estimate,,profile=bullnose;material_trim=stainless steel;height_mm=8;length_ft=8.5
G0187,floor_and_decor,FLO-458580,Schluter,Juniper Edge Profile,99.98,per_piece,8.5,,yes,2026-08-14,seed_estimate,,profile=bullnose;material_trim=PVC;height_mm=10;length_ft=8.5
G0187,home_depot,HOM-902974,Schluter,Juniper Edge Profile,109.98,per_piece,8.5,,yes,2026-08-14,seed_estimate,,profile=round edge;material_trim=PVC;height_mm=10;length_ft=8.5
G0187,lowes,LOW-909751,Blanke,Juniper Edge Profile,99.98,per_piece,8.5,,yes,2026-08-14,seed_estimate,,profile=bullnose;material_trim=PVC;height_mm=10;length_ft=8.5
G0187,menards,MEN-127944,Dakota,Juniper Edge Profile,99.98,per_piece,8.5,,yes,2026-08-14,seed_estimate,,profile=bullnose;material_trim=PVC;height_mm=10;length_ft=8.5
G0188,floor_and_decor,FLO-876094,Custom Building Products,Calacatta Transition Profile,60.99,per_piece,8.5,,yes,2026-08-14,seed_estimate,,profile=square edge;material_trim=stainless steel;height_mm=12.5;length_ft=8.5
G0188,home_depot,HOM-196899,Custom Building Products,Calacatta Transition Profile,61.97,per_piece,8.5,,yes,2026-08-14,seed_estimate,,profile=square edge;material_trim=stainless steel;height_mm=12.5;length_ft=8.5
G0188,lowes,LOW-317438,Custom Building Products,Calacatta Transition Profile,60.99,per_piece,8.5,47.99,yes,2026-08-14,seed_estimate,,profile=square edge;material_trim=stainless steel;height_mm=12.5;length_ft=8.5
G0188,menards,MEN-827159,Custom Building Products,Calacatta Transition Profile,61.97,per_piece,8.5,,yes,2026-08-14,seed_estimate,,profile=square edge;material_trim=stainless steel;height_mm=12.5;length_ft=8.5
G0189,floor_and_decor,FLO-877506,Novalis,Saxony Transition Profile,46.97,per_piece,8,,yes,2026-08-14,seed_estimate,,profile=square edge;material_trim=stainless steel;height_mm=8;length_ft=8.0
G0189,lowes,LOW-249696,Blanke,Saxony Transition Profile,48.97,per_piece,8,,yes,2026-08-14,seed_estimate,,profile=square edge;material_trim=stainless steel;height_mm=12.5;length_ft=8.0
G0189,menards,MEN-205009,Tuscany,Saxony Transition Profile,45.98,per_piece,8,,yes,2026-08-14,seed_estimate,,profile=stair nose;material_trim=stainless steel;height_mm=8;length_ft=8.0
G0189,tile_shop,TIL-419101,Rush River,Saxony Transition Profile,53.99,per_piece,8,,yes,2026-08-14,seed_estimate,,profile=square edge;material_trim=stainless steel;height_mm=8;length_ft=8.0
G0190,floor_and_decor,FLO-126467,Schluter,Amber Ridge Transition Profile,78.99,per_piece,8.5,,yes,2026-08-14,seed_estimate,,profile=bullnose;material_trim=brushed brass;height_mm=8;length_ft=8.5
G0190,lowes,LOW-907351,Schluter,Amber Ridge Transition Profile,77.97,per_piece,8.5,,yes,2026-08-14,seed_estimate,,profile=bullnose;material_trim=brushed brass;height_mm=8;length_ft=8.5
G0190,tile_shop,TIL-198718,Schluter,Amber Ridge Transition Profile,83.99,per_piece,8.5,,yes,2026-08-14,seed_estimate,,profile=bullnose;material_trim=brushed brass;height_mm=8;length_ft=8.5
G0191,floor_and_decor,FLO-564085,QEP,Fieldstone Hand Tool,164.98,per_each,,,yes,2026-08-14,seed_estimate,,tool_type=knee pads;power=manual;capacity=36;material=aluminum
G0191,home_depot,HOM-558891,QEP,Fieldstone Hand Tool,164.98,per_each,,,yes,2026-08-14,seed_estimate,,tool_type=knee pads;power=manual;capacity=36;material=aluminum
G0191,lowes,LOW-113528,QEP,Fieldstone Hand Tool,164.98,per_each,,124.98,yes,2026-08-14,seed_estimate,,tool_type=knee pads;power=manual;capacity=36;material=aluminum
G0191,menards,MEN-306984,QEP,Fieldstone Hand Tool,169.98,per_each,,,yes,2026-08-14,seed_estimate,,tool_type=knee pads;power=manual;capacity=36;material=aluminum
G0191,tile_shop,TIL-693543,QEP,Fieldstone Hand Tool,169.98,per_each,,,yes,2026-08-14,seed_estimate,,tool_type=knee pads;power=manual;capacity=36;material=aluminum
G0192,floor_and_decor,FLO-777150,Rubi,Bergamo Snap Cutter,104.98,per_each,,,yes,2026-08-14,seed_estimate,,tool_type=mixing paddle;power=manual;capacity=36;material=aluminum
G0192,lowes,LOW-700680,Rubi,Bergamo Snap Cutter,104.98,per_each,,,yes,2026-08-14,seed_estimate,,tool_type=mixing paddle;power=manual;capacity=36;material=aluminum
G0192,tile_shop,TIL-326793,Rubi,Bergamo Snap Cutter,109.98,per_each,,87.98,yes,2026-08-14,seed_estimate,,tool_type=mixing paddle;power=manual;capacity=36;material=aluminum
G0193,floor_and_decor,FLO-627239,DEWALT,Havana Wet Saw,164.98,per_each,,,yes,2026-08-14,seed_estimate,,tool_type=mixing paddle;power=electric;capacity=36;material=steel
G0193,home_depot,HOM-216390,DEWALT,Havana Wet Saw,169.98,per_each,,,yes,2026-08-14,seed_estimate,,tool_type=mixing paddle;power=electric;capacity=36;material=steel
G0193,lowes,LOW-449481,DEWALT,Havana Wet Saw,164.98,per_each,,,yes,2026-08-14,seed_estimate,,tool_type=mixing paddle;power=electric;capacity=36;material=steel
G0193,menards,MEN-974556,DEWALT,Havana Wet Saw,164.98,per_each,,,yes,2026-08-14,seed_estimate,,tool_type=mixing paddle;power=electric;capacity=36;material=steel
G0193,tile_shop,TIL-267756,DEWALT,Havana Wet Saw,174.98,per_each,,,yes,2026-08-14,seed_estimate,,tool_type=mixing paddle;power=electric;capacity=36;material=steel
G0194,floor_and_decor,FLO-321285,DEWALT,Copperfield Hand Tool,99.98,per_each,,,yes,2026-08-14,seed_estimate,,tool_type=leveling clips;power=electric;capacity=7;material=steel
G0194,home_depot,HOM-289074,DEWALT,Copperfield Hand Tool,99.98,per_each,,,yes,2026-08-14,seed_estimate,,tool_type=leveling clips;power=electric;capacity=7;material=steel
G0194,lowes,LOW-466369,DEWALT,Copperfield Hand Tool,99.98,per_each,,,yes,2026-08-14,seed_estimate,,tool_type=leveling clips;power=electric;capacity=7;material=steel
G0194,menards,MEN-318790,DEWALT,Copperfield Hand Tool,99.98,per_each,,,yes,2026-08-14,seed_estimate,,tool_type=leveling clips;power=electric;capacity=7;material=steel
G0194,tile_shop,TIL-310669,DEWALT,Copperfield Hand Tool,104.98,per_each,,,no,2026-08-14,seed_estimate,,tool_type=leveling clips;power=electric;capacity=7;material=steel
G0195,floor_and_decor,FLO-586148,Rubi,Oakmont Leveling System,88.98,per_each,,,yes,2026-08-14,seed_estimate,,tool_type=notched trowel;power=manual;capacity=36;material=aluminum
G0195,home_depot,HOM-966585,Rubi,Oakmont Leveling System,90.99,per_each,,68.98,yes,2026-08-14,seed_estimate,,tool_type=notched trowel;power=manual;capacity=36;material=aluminum
G0195,lowes,LOW-384358,Rubi,Oakmont Leveling System,86.97,per_each,,,yes,2026-08-14,seed_estimate,,tool_type=notched trowel;power=manual;capacity=36;material=aluminum
G0195,menards,MEN-921334,Rubi,Oakmont Leveling System,87.98,per_each,,80.99,yes,2026-08-14,seed_estimate,,tool_type=notched trowel;power=manual;capacity=36;material=aluminum
G0195,tile_shop,TIL-774916,Rubi,Oakmont Leveling System,89.99,per_each,,,yes,2026-08-14,seed_estimate,,tool_type=notched trowel;power=manual;capacity=36;material=aluminum
G0196,floor_and_decor,FLO-121729,Rubi,Willow Bend Hand Tool,129.98,per_each,,,yes,2026-08-14,seed_estimate,,tool_type=leveling clips;power=electric;capacity=10;material=composite
G0196,home_depot,HOM-353323,Rubi,Willow Bend Hand Tool,129.98,per_each,,,yes,2026-08-14,seed_estimate,,tool_type=leveling clips;power=electric;capacity=10;material=composite
G0196,lowes,LOW-157400,Rubi,Willow Bend Hand Tool,129.98,per_each,,,yes,2026-08-14,seed_estimate,,tool_type=leveling clips;power=electric;capacity=10;material=composite
G0196,menards,MEN-278108,Rubi,Willow Bend Hand Tool,124.98,per_each,,,yes,2026-08-14,seed_estimate,,tool_type=leveling clips;power=electric;capacity=10;material=composite
G0196,tile_shop,TIL-546905,Rubi,Willow Bend Hand Tool,134.98,per_each,,114.98,yes,2026-08-14,seed_estimate,,tool_type=leveling clips;power=electric;capacity=10;material=composite
G0197,floor_and_decor,FLO-492560,Foremost,Quarry Double Sink Vanity,739.00,per_each,,619.00,yes,2026-08-14,seed_estimate,,width_in=48;material=engineered stone top;sink=double;finish=natural oak
G0197,home_depot,HOM-156078,Foremost,Quarry Double Sink Vanity,739.00,per_each,,,yes,2026-08-14,seed_estimate,,width_in=48;material=engineered stone top;sink=double;finish=natural oak
G0197,lowes,LOW-950720,Foremost,Quarry Double Sink Vanity,719.00,per_each,,,yes,2026-08-14,seed_estimate,,width_in=48;material=engineered stone top;sink=double;finish=natural oak
G0197,menards,MEN-562083,Foremost,Quarry Double Sink Vanity,689.00,per_each,,,yes,2026-08-14,seed_estimate,,width_in=48;material=engineered stone top;sink=double;finish=natural oak
G0198,floor_and_decor,FLO-736224,Sonoma,Charcoal Double Sink Vanity,469.00,per_each,,,yes,2026-08-14,seed_estimate,,width_in=30;material=quartz top;sink=single;finish=espresso
G0198,home_depot,HOM-362597,Glacier Bay,Charcoal Double Sink Vanity,389.00,per_each,,,yes,2026-08-14,seed_estimate,,width_in=48;material=quartz top;sink=single;finish=espresso
G0198,lowes,LOW-524566,Origin 21,Charcoal Double Sink Vanity,419.00,per_each,,,yes,2026-08-14,seed_estimate,,width_in=30;material=quartz top;sink=single;finish=espresso
G0198,menards,MEN-268725,Dakota,Charcoal Double Sink Vanity,389.00,per_each,,,yes,2026-08-14,seed_estimate,,width_in=30;material=quartz top;sink=single;finish=espresso
G0199,floor_and_decor,FLO-956745,Sonoma,Sundance Double Sink Vanity,669.00,per_each,,,yes,2026-08-14,seed_estimate,,width_in=48;material=quartz top;sink=double;finish=grey
G0199,home_depot,HOM-347443,Home Decorators Collection,Sundance Double Sink Vanity,649.00,per_each,,,yes,2026-08-14,seed_estimate,,width_in=48;material=quartz top;sink=single;finish=grey
G0199,lowes,LOW-862407,Origin 21,Sundance Double Sink Vanity,619.00,per_each,,,yes,2026-08-14,seed_estimate,,width_in=36;material=quartz top;sink=double;finish=grey
G0199,menards,MEN-730744,Dakota,Sundance Double Sink Vanity,649.00,per_each,,,yes,2026-08-14,seed_estimate,,width_in=48;material=quartz top;sink=double;finish=white
G0200,floor_and_decor,FLO-946850,Sonoma,Amber Ridge Single Sink Vanity,879.00,per_each,,,yes,2026-08-14,seed_estimate,,width_in=24;material=engineered stone top;sink=single;finish=white
G0200,home_depot,HOM-254557,Home Decorators Collection,Amber Ridge Single Sink Vanity,869.00,per_each,,,yes,2026-08-14,seed_estimate,,width_in=24;material=cultured marble top;sink=single;finish=white
G0200,lowes,LOW-584218,Origin 21,Amber Ridge Single Sink Vanity,799.00,per_each,,,yes,2026-08-14,seed_estimate,,width_in=24;material=engineered stone top;sink=double;finish=white
G0200,menards,MEN-754412,Masterforce,Amber Ridge Single Sink Vanity,699.00,per_each,,,no,2026-08-14,seed_estimate,,width_in=36;material=engineered stone top;sink=single;finish=white
